edad,edad2,educ,horastrabj,nhogar,P21,PP04C,mujer,casado_unido,asalariado,tiene_cobertura_salud
46,2116,17.0,78.0,3,2800000.0,10.0,0,1,1,1
46,2116,17.0,78.0,3,2000000.0,10.0,1,1,1,1
55,3025,17.0,70.0,4,700000.0,3.0,0,1,0,1
52,2704,17.0,70.0,4,700000.0,3.0,1,1,0,1
41,1681,14.0,40.0,4,900000.0,8.0,1,1,1,1
43,1849,17.0,40.0,4,1000000.0,8.0,1,1,1,1
39,1521,12.0,72.0,4,3000000.0,6.0,0,1,0,0
38,1444,16.0,19.0,1,1500000.0,1.0,1,0,0,1
30,900,12.0,40.0,3,1100000.0,11.0,0,0,1,1
24,576,12.0,40.0,3,1200000.0,7.0,0,0,1,1
62,3844,17.0,16.0,2,300000.0,1.0,1,1,0,1
63,3969,17.0,16.0,2,600000.0,12.0,1,1,1,1
58,3364,17.0,45.0,3,2500000.0,11.0,1,0,1,1
25,625,17.0,45.0,3,900000.0,11.0,1,0,1,1
51,2601,10.0,60.0,4,1000000.0,11.0,0,0,1,1
40,1600,12.0,84.0,5,400000.0,1.0,1,1,0,0
40,1600,9.0,40.0,1,800000.0,4.0,0,0,1,0
52,2704,8.0,32.0,4,800000.0,9.0,0,0,1,1
34,1156,15.0,45.0,4,1100000.0,12.0,1,1,1,1
32,1024,15.0,45.0,4,892000.0,6.0,0,1,1,1
46,2116,12.0,36.0,4,0.0,3.0,1,1,0,1
45,2025,9.0,0.0,3,400000.0,2.0,1,0,0,0
42,1764,15.0,42.0,3,700000.0,2.0,1,1,1,1
40,1600,12.0,42.0,3,1400000.0,4.0,0,1,1,1
28,784,16.0,48.0,3,700000.0,1.0,1,0,0,1
37,1369,12.0,48.0,2,1300000.0,8.0,1,1,1,1
33,1089,12.0,48.0,2,890000.0,8.0,1,1,1,1
35,1225,12.0,76.0,4,880000.0,9.0,0,1,1,0
57,3249,6.0,43.0,2,480000.0,6.0,0,1,1,0
56,3136,6.0,40.0,3,720000.0,7.0,0,1,1,0
56,3136,17.0,40.0,5,1000000.0,1.0,1,0,0,1
25,625,16.0,40.0,5,1200000.0,5.0,1,0,1,0
35,1225,1.0,36.0,4,200000.0,1.0,1,0,0,0
58,3364,0.0,36.0,4,20000.0,1.0,1,0,0,0
49,2401,12.0,44.0,4,1500000.0,12.0,0,1,1,1
44,1936,12.0,42.0,1,1800000.0,9.0,0,0,1,1
24,576,12.0,30.0,5,500000.0,6.0,1,1,1,0
34,1156,12.0,35.0,3,900000.0,8.0,0,1,1,1
30,900,12.0,72.0,4,600000.0,1.0,0,1,0,0
36,1296,12.0,48.0,4,1600000.0,8.0,0,1,1,1
34,1156,14.0,40.0,5,1700000.0,9.0,1,1,1,1
26,676,8.0,40.0,5,1500000.0,6.0,0,1,1,1
37,1369,15.0,48.0,4,2800000.0,4.0,0,1,0,1
65,4225,6.0,4.0,5,80000.0,7.0,1,0,1,1
43,1849,6.0,4.0,5,700000.0,1.0,0,0,0,0
58,3364,6.0,48.0,3,900000.0,8.0,0,0,1,1
28,784,15.0,48.0,3,700000.0,6.0,1,0,1,0
62,3844,7.0,44.0,4,2000000.0,6.0,0,0,0,1
53,2809,17.0,40.0,4,1900000.0,2.0,0,1,0,1
50,2500,15.0,40.0,4,1900000.0,2.0,1,1,0,0
47,2209,17.0,50.0,3,1000000.0,11.0,0,1,1,1
49,2401,17.0,50.0,3,700000.0,7.0,1,1,1,1
24,576,15.0,12.0,2,135000.0,10.0,1,0,1,1
37,1369,15.0,12.0,2,1500000.0,12.0,1,0,1,1
26,676,17.0,40.0,1,1500000.0,8.0,1,0,1,1
32,1024,12.0,48.0,4,800000.0,8.0,0,1,1,1
30,900,11.0,48.0,4,800000.0,1.0,1,1,0,1
54,2916,15.0,30.0,2,820000.0,8.0,1,0,1,1
55,3025,15.0,30.0,5,750000.0,9.0,1,1,1,1
29,841,16.0,30.0,5,450000.0,2.0,1,0,1,0
20,400,12.0,30.0,5,250000.0,3.0,0,0,0,1
36,1296,17.0,72.0,4,3000000.0,10.0,1,1,1,1
45,2025,15.0,84.0,1,1000000.0,1.0,1,0,0,0
45,2025,15.0,44.0,4,1000000.0,8.0,1,1,1,1
43,1849,12.0,44.0,4,1250000.0,1.0,0,1,0,1
27,729,14.0,49.0,1,700000.0,1.0,1,0,0,1
45,2025,6.0,50.0,1,1800000.0,9.0,0,0,1,1
74,5476,10.0,70.0,2,400000.0,4.0,0,1,1,1
61,3721,6.0,70.0,2,100000.0,1.0,1,1,0,1
46,2116,12.0,45.0,4,900000.0,12.0,0,1,1,1
45,2025,15.0,45.0,4,1600000.0,8.0,1,1,1,1
56,3136,10.0,48.0,1,750000.0,6.0,0,0,1,0
44,1936,17.0,48.0,4,1000000.0,2.0,0,0,0,1
26,676,15.0,48.0,4,730000.0,7.0,1,0,1,1
55,3025,12.0,25.0,16,1200000.0,12.0,0,1,1,1
53,2809,12.0,25.0,16,700000.0,12.0,1,1,1,1
36,1296,12.0,25.0,16,2000000.0,12.0,1,0,1,1
32,1024,7.0,25.0,16,640000.0,3.0,1,0,1,1
25,625,8.0,25.0,16,660000.0,11.0,1,0,1,1
26,676,17.0,54.0,2,900000.0,9.0,1,0,1,0
30,900,17.0,45.0,1,1000000.0,12.0,1,0,1,1
27,729,12.0,56.0,4,230000.0,6.0,1,0,1,0
22,484,7.0,56.0,4,400000.0,7.0,0,0,1,0
51,2601,3.0,48.0,1,0.0,7.0,1,0,1,1
48,2304,10.0,40.0,4,1200000.0,5.0,0,1,1,0
25,625,12.0,40.0,4,1000000.0,5.0,0,0,1,1
49,2401,7.0,16.0,4,400000.0,1.0,0,1,0,0
35,1225,12.0,40.0,4,1700000.0,12.0,0,1,1,1
37,1369,12.0,40.0,4,1030000.0,9.0,1,1,1,1
53,2809,9.0,90.0,4,200000.0,2.0,1,1,0,1
28,784,15.0,90.0,4,0.0,2.0,1,0,0,1
43,1849,12.0,15.0,4,60000.0,1.0,1,0,0,0
44,1936,12.0,20.0,7,78000.0,6.0,1,1,1,1
41,1681,16.0,48.0,3,1200000.0,4.0,1,0,1,1
53,2809,9.0,48.0,2,1200000.0,1.0,0,1,0,1
56,3136,17.0,8.0,5,1000000.0,7.0,1,1,0,1
59,3481,12.0,8.0,5,2000000.0,8.0,0,1,1,1
58,3364,12.0,40.0,3,1300000.0,4.0,1,0,1,0
50,2500,12.0,40.0,3,1200000.0,2.0,1,1,1,1
37,1369,17.0,48.0,4,1800000.0,10.0,1,1,1,1
37,1369,12.0,40.0,6,1200000.0,8.0,0,1,1,1
38,1444,12.0,40.0,6,1600000.0,6.0,1,1,1,1
24,576,12.0,48.0,3,420000.0,1.0,1,1,0,0
25,625,9.0,48.0,3,650000.0,4.0,0,1,1,0
28,784,12.0,44.0,4,900000.0,6.0,0,0,1,0
21,441,12.0,44.0,4,800000.0,1.0,1,0,0,0
19,361,12.0,44.0,4,700000.0,6.0,1,0,1,0
35,1225,12.0,21.0,4,100000.0,1.0,1,1,0,1
49,2401,12.0,45.0,1,700000.0,12.0,0,0,1,1
58,3364,12.0,30.0,7,800000.0,11.0,0,1,1,1
52,2704,15.0,30.0,7,700000.0,9.0,1,1,1,1
39,1521,12.0,48.0,1,900000.0,6.0,0,0,0,0
70,4900,12.0,40.0,2,400000.0,1.0,0,1,0,1
63,3969,15.0,30.0,1,720000.0,9.0,0,0,1,1
54,2916,17.0,40.0,1,1100000.0,11.0,0,0,1,1
30,900,12.0,66.0,2,288000.0,4.0,0,0,1,0
34,1156,12.0,36.0,2,750000.0,2.0,1,1,1,1
34,1156,8.0,48.0,4,1300000.0,8.0,0,1,1,1
49,2401,17.0,40.0,4,1200000.0,9.0,0,1,1,1
46,2116,15.0,40.0,4,800000.0,10.0,1,1,1,1
64,4096,13.0,45.0,1,400000.0,1.0,1,0,0,1
30,900,8.0,40.0,2,1000000.0,5.0,0,1,1,1
46,2116,17.0,40.0,5,4500000.0,1.0,1,1,0,1
39,1521,17.0,50.0,3,1200000.0,12.0,1,1,1,1
43,1849,15.0,50.0,3,2000000.0,12.0,0,1,1,1
50,2500,6.0,44.0,2,720000.0,6.0,0,1,1,1
44,1936,9.0,48.0,4,1000000.0,2.0,0,1,0,0
43,1849,9.0,48.0,4,950000.0,6.0,1,1,1,1
27,729,15.0,48.0,4,950000.0,7.0,1,0,1,1
34,1156,15.0,36.0,1,1500000.0,11.0,1,0,1,1
48,2304,17.0,32.0,2,1500000.0,9.0,0,1,1,1
37,1369,17.0,32.0,2,1400000.0,12.0,1,1,1,1
53,2809,17.0,40.0,3,3000000.0,12.0,0,1,1,1
49,2401,12.0,40.0,3,1000000.0,6.0,1,1,1,1
54,2916,12.0,22.0,2,900000.0,1.0,0,1,0,1
49,2401,15.0,100.0,5,1000000.0,11.0,0,1,1,1
36,1296,12.0,54.0,5,900000.0,9.0,0,1,1,1
31,961,12.0,54.0,5,1600000.0,2.0,1,1,1,1
45,2025,12.0,43.0,1,1450000.0,11.0,0,0,1,1
46,2116,17.0,36.0,3,1000000.0,10.0,0,1,1,1
58,3364,17.0,30.0,3,1300000.0,12.0,1,0,1,1
32,1024,17.0,50.0,1,1800000.0,9.0,1,0,1,1
49,2401,8.0,50.0,5,900000.0,1.0,0,1,0,1
43,1849,9.0,50.0,5,1100000.0,7.0,1,1,1,1
23,529,8.0,50.0,5,950000.0,1.0,1,1,0,0
73,5329,6.0,2.0,11,20000.0,1.0,0,0,0,1
27,729,14.0,16.0,4,800000.0,4.0,1,0,0,0
45,2025,6.0,24.0,4,800000.0,3.0,0,1,0,0
58,3364,12.0,48.0,3,800000.0,1.0,0,0,0,0
45,2025,17.0,68.0,3,300000.0,2.0,1,1,0,1
43,1849,12.0,68.0,3,300000.0,2.0,0,1,0,1
22,484,15.0,42.0,1,800000.0,2.0,1,0,0,1
47,2209,17.0,40.0,4,1100000.0,12.0,1,1,1,1
50,2500,12.0,40.0,4,1100000.0,11.0,0,1,1,1
24,576,17.0,40.0,4,50000.0,12.0,1,0,1,1
24,576,10.0,16.0,10,1400000.0,10.0,0,1,1,1
49,2401,11.0,20.0,7,1000000.0,12.0,0,1,1,1
48,2304,12.0,40.0,5,1500000.0,1.0,0,1,0,1
25,625,11.0,40.0,5,150000.0,1.0,1,0,0,0
30,900,10.0,0.0,4,145000.0,12.0,0,1,1,1
42,1764,12.0,45.0,1,950000.0,8.0,0,0,1,1
41,1681,12.0,36.0,1,1700000.0,8.0,0,0,1,1
50,2500,10.0,48.0,1,900000.0,3.0,0,0,1,0
49,2401,17.0,40.0,4,1200000.0,7.0,1,1,1,1
59,3481,6.0,30.0,3,800000.0,8.0,0,1,1,1
29,841,12.0,60.0,4,1500000.0,9.0,0,1,1,1
36,1296,17.0,20.0,4,1100000.0,8.0,1,1,1,1
62,3844,12.0,35.0,2,1000000.0,1.0,0,1,0,1
33,1089,15.0,10.0,2,800000.0,1.0,1,0,0,1
24,576,12.0,30.0,7,800000.0,7.0,0,0,1,1
33,1089,15.0,30.0,2,550000.0,2.0,1,0,1,1
39,1521,15.0,100.0,5,650000.0,7.0,0,1,1,1
31,961,12.0,100.0,5,450000.0,6.0,1,1,1,1
56,3136,15.0,25.0,1,950000.0,7.0,0,0,1,1
39,1521,16.0,25.0,4,600000.0,10.0,0,0,1,1
32,1024,13.0,40.0,2,620000.0,6.0,0,0,1,1
29,841,13.0,40.0,2,700000.0,4.0,1,0,1,1
24,576,6.0,30.0,3,200000.0,6.0,0,1,1,0
59,3481,6.0,30.0,3,800000.0,11.0,0,1,1,1
55,3025,13.0,30.0,3,1000000.0,11.0,1,1,1,1
60,3600,9.0,66.0,3,1200000.0,6.0,1,1,1,1
35,1225,14.0,66.0,3,600000.0,1.0,1,0,0,1
60,3600,14.0,40.0,2,1400000.0,11.0,0,1,1,1
39,1521,14.0,40.0,2,1500000.0,8.0,1,1,1,1
66,4356,6.0,33.0,2,800000.0,1.0,0,1,0,1
63,3969,14.0,52.0,2,1600000.0,1.0,0,1,0,1
44,1936,15.0,10.0,4,350000.0,1.0,1,1,0,1
44,1936,17.0,10.0,4,1800000.0,12.0,0,1,1,1
27,729,8.0,12.0,4,240000.0,1.0,0,0,0,0
52,2704,13.0,40.0,1,1000000.0,5.0,0,0,1,1
43,1849,15.0,42.0,3,800000.0,1.0,0,0,0,1
46,2116,12.0,42.0,3,700000.0,6.0,0,0,1,1
23,529,12.0,44.0,6,650000.0,6.0,1,0,1,1
22,484,12.0,44.0,6,720000.0,4.0,0,0,1,0
33,1089,12.0,40.0,2,800000.0,3.0,1,0,1,0
40,1600,12.0,3.0,4,120000.0,1.0,0,1,0,0
38,1444,15.0,34.0,3,500000.0,1.0,1,0,0,0
44,1936,8.0,26.0,1,600000.0,3.0,0,0,1,0
21,441,8.0,46.0,4,200000.0,3.0,0,0,1,0
20,400,12.0,46.0,4,600000.0,7.0,1,0,1,0
47,2209,6.0,70.0,4,1120000.0,2.0,0,1,0,1
41,1681,8.0,70.0,4,1120000.0,2.0,1,1,0,1
34,1156,8.0,40.0,5,1200000.0,5.0,0,1,1,1
34,1156,14.0,40.0,5,500000.0,3.0,1,1,1,0
26,676,10.0,16.0,10,300000.0,1.0,1,1,0,1
48,2304,6.0,84.0,4,100000.0,1.0,1,1,0,0
39,1521,6.0,84.0,4,350000.0,1.0,0,1,0,0
28,784,8.0,26.0,8,500000.0,1.0,1,1,0,0
24,576,11.0,26.0,8,800000.0,6.0,0,1,1,0
59,3481,12.0,35.0,1,1200000.0,9.0,1,0,1,1
29,841,14.0,20.0,2,800000.0,7.0,1,0,1,1
26,676,15.0,20.0,2,800000.0,7.0,0,0,1,1
50,2500,12.0,40.0,2,2000000.0,7.0,0,1,1,1
50,2500,14.0,40.0,2,2800000.0,9.0,1,1,1,1
49,2401,17.0,52.0,4,2000000.0,3.0,0,1,1,1
47,2209,15.0,52.0,4,2000000.0,9.0,1,1,1,1
57,3249,17.0,25.0,4,800000.0,9.0,0,0,1,1
53,2809,13.0,45.0,2,1500000.0,9.0,0,1,1,1
48,2304,12.0,45.0,2,1100000.0,8.0,1,1,1,1
42,1764,12.0,48.0,4,750000.0,9.0,0,1,1,1
63,3969,12.0,30.0,3,1500000.0,11.0,0,1,1,1
60,3600,17.0,30.0,3,3700000.0,10.0,1,1,1,1
37,1369,12.0,30.0,3,1700000.0,11.0,0,0,1,1
29,841,17.0,30.0,1,700000.0,6.0,0,0,1,1
51,2601,5.0,30.0,4,600000.0,11.0,0,1,1,1
63,3969,2.0,56.0,7,200000.0,3.0,0,1,0,0
53,2809,6.0,56.0,7,200000.0,3.0,1,1,0,0
33,1089,12.0,56.0,7,600000.0,7.0,0,0,1,1
28,784,12.0,56.0,7,0.0,5.0,0,0,1,0
27,729,12.0,56.0,7,170000.0,6.0,0,0,1,0
26,676,12.0,56.0,7,200000.0,3.0,1,0,0,0
29,841,14.0,30.0,3,800000.0,11.0,1,0,1,1
55,3025,17.0,55.0,2,1200000.0,9.0,0,1,1,1
55,3025,15.0,55.0,2,1000000.0,3.0,1,1,0,1
59,3481,15.0,60.0,3,600000.0,2.0,1,1,0,1
23,529,11.0,58.0,2,840000.0,9.0,0,0,1,0
22,484,12.0,58.0,2,800000.0,4.0,0,0,1,0
38,1444,8.0,60.0,4,2800000.0,2.0,0,1,1,0
49,2401,7.0,12.0,4,400000.0,1.0,0,1,0,0
32,1024,15.0,40.0,1,1600000.0,6.0,1,0,1,1
24,576,17.0,20.0,1,320000.0,6.0,1,0,1,1
48,2304,14.0,60.0,4,1380000.0,12.0,0,1,1,1
45,2025,15.0,60.0,4,1500000.0,12.0,1,1,1,1
64,4096,17.0,49.0,4,2000000.0,2.0,0,1,0,1
52,2704,17.0,49.0,4,1300000.0,7.0,1,1,1,1
23,529,17.0,49.0,4,0.0,6.0,1,0,1,1
45,2025,19.0,50.0,3,1000000.0,1.0,1,1,0,1
42,1764,12.0,48.0,4,1300000.0,10.0,1,1,1,1
50,2500,12.0,32.0,1,1500000.0,1.0,0,0,0,1
49,2401,17.0,32.0,1,1000000.0,8.0,1,0,1,1
50,2500,15.0,45.0,1,1100000.0,6.0,1,0,1,1
45,2025,8.0,49.0,1,730000.0,12.0,1,0,1,1
23,529,12.0,30.0,1,650000.0,10.0,1,0,1,1
44,1936,12.0,40.0,3,900000.0,1.0,0,1,0,1
39,1521,15.0,40.0,2,5000000.0,12.0,0,1,1,1
17,289,7.0,70.0,4,30000.0,1.0,1,0,0,1
23,529,7.0,70.0,4,880000.0,1.0,0,0,0,0
54,2916,12.0,40.0,2,2000000.0,10.0,0,1,1,1
51,2601,12.0,40.0,2,800000.0,12.0,1,1,1,1
40,1600,17.0,36.0,4,2000000.0,9.0,0,1,1,1
40,1600,17.0,36.0,4,2500000.0,10.0,1,1,1,1
57,3249,12.0,40.0,2,900000.0,1.0,0,1,0,1
49,2401,17.0,40.0,2,1500000.0,9.0,1,1,1,1
44,1936,12.0,40.0,2,1500000.0,12.0,1,1,1,1
45,2025,12.0,40.0,2,900000.0,6.0,0,1,1,1
46,2116,14.0,33.0,2,830000.0,10.0,0,0,1,1
25,625,12.0,33.0,2,1000000.0,8.0,0,0,1,1
50,2500,15.0,12.0,2,400000.0,8.0,1,1,1,1
49,2401,6.0,16.0,3,450000.0,1.0,0,1,0,0
30,900,3.0,60.0,2,700000.0,10.0,0,1,0,1
33,1089,9.0,45.0,1,900000.0,10.0,0,0,1,1
43,1849,12.0,40.0,2,1100000.0,7.0,1,0,1,1
36,1296,12.0,30.0,4,900000.0,7.0,1,1,1,1
42,1764,12.0,48.0,4,2200000.0,1.0,0,1,0,1
41,1681,15.0,30.0,1,600000.0,9.0,0,0,1,1
63,3969,8.0,48.0,1,400000.0,3.0,0,0,1,0
42,1764,12.0,35.0,4,480000.0,9.0,0,1,1,0
42,1764,13.0,43.0,1,500000.0,9.0,0,0,1,1
42,1764,6.0,30.0,6,600000.0,9.0,1,0,1,1
28,784,2.0,30.0,6,400000.0,4.0,0,1,1,0
27,729,12.0,30.0,6,40000.0,1.0,1,1,0,0
41,1681,12.0,30.0,5,600000.0,9.0,0,1,1,1
40,1600,12.0,48.0,1,1000000.0,6.0,0,0,1,1
44,1936,15.0,48.0,1,1200000.0,6.0,0,0,1,1
45,2025,15.0,25.0,2,900000.0,1.0,1,1,0,1
45,2025,17.0,25.0,2,1300000.0,9.0,0,1,1,1
44,1936,12.0,30.0,2,850000.0,9.0,0,1,1,1
33,1089,12.0,30.0,2,100000.0,1.0,1,1,0,1
53,2809,6.0,45.0,4,800000.0,10.0,1,0,1,1
30,900,7.0,45.0,4,300000.0,2.0,0,0,1,0
25,625,8.0,45.0,4,700000.0,9.0,1,0,1,1
23,529,12.0,45.0,4,700000.0,5.0,1,0,1,1
43,1849,9.0,24.0,6,450000.0,6.0,0,1,1,1
69,4761,5.0,12.0,1,70000.0,1.0,1,0,0,1
60,3600,9.0,20.0,2,60000.0,1.0,1,1,0,1
59,3481,6.0,20.0,2,340000.0,3.0,0,1,1,0
36,1296,7.0,32.0,4,800000.0,1.0,0,1,0,0
45,2025,12.0,32.0,1,800000.0,3.0,0,0,1,0
26,676,15.0,35.0,2,400000.0,4.0,0,0,1,0
53,2809,15.0,45.0,2,1200000.0,11.0,1,0,1,1
21,441,12.0,45.0,2,800000.0,11.0,1,0,1,1
44,1936,17.0,60.0,3,3000000.0,12.0,0,1,1,1
30,900,12.0,9.0,4,1200000.0,8.0,0,0,1,1
41,1681,11.0,8.0,1,100000.0,1.0,0,0,0,0
57,3249,11.0,12.0,4,150000.0,5.0,0,1,1,0
55,3025,11.0,12.0,4,100000.0,1.0,1,1,0,0
43,1849,12.0,0.0,2,740000.0,10.0,1,1,1,1
42,1764,6.0,0.0,2,740000.0,10.0,1,1,1,1
36,1296,15.0,40.0,2,2000000.0,12.0,1,1,1,1
75,5625,10.0,48.0,1,500000.0,1.0,0,0,0,1
56,3136,17.0,40.0,2,2500000.0,11.0,1,0,1,1
39,1521,17.0,50.0,2,1500000.0,1.0,1,0,0,1
48,2304,10.0,84.0,5,2276000.0,7.0,1,0,1,1
17,289,8.0,84.0,5,400000.0,7.0,0,0,1,0
37,1369,8.0,24.0,4,0.0,3.0,0,1,1,0
32,1024,12.0,24.0,4,400000.0,2.0,1,1,0,0
53,2809,12.0,48.0,4,1600000.0,12.0,0,1,1,1
50,2500,12.0,48.0,4,2000000.0,1.0,1,1,0,1
36,1296,14.0,36.0,4,1200000.0,6.0,1,1,1,0
36,1296,17.0,24.0,3,750000.0,7.0,1,1,1,1
55,3025,12.0,50.0,5,2500000.0,1.0,0,1,1,0
39,1521,12.0,49.0,3,1800000.0,12.0,1,1,1,1
30,900,15.0,84.0,2,1400000.0,9.0,0,1,1,1
49,2401,12.0,45.0,4,2500000.0,12.0,0,1,1,1
50,2500,9.0,69.0,1,1300000.0,9.0,0,0,1,1
28,784,8.0,30.0,4,900000.0,6.0,0,1,1,1
38,1444,7.0,30.0,6,500000.0,1.0,0,1,0,0
32,1024,15.0,30.0,3,1500000.0,7.0,1,0,1,1
54,2916,12.0,0.0,2,1000000.0,9.0,1,0,1,1
51,2601,17.0,30.0,1,1200000.0,11.0,1,0,1,1
50,2500,6.0,72.0,4,400000.0,4.0,0,1,0,1
25,625,15.0,72.0,4,800000.0,11.0,1,0,1,1
30,900,15.0,20.0,3,600000.0,7.0,0,1,1,1
49,2401,12.0,30.0,2,600000.0,9.0,1,1,1,1
44,1936,17.0,61.0,3,1500000.0,7.0,0,1,1,1
57,3249,6.0,30.0,3,700000.0,9.0,0,0,1,1
31,961,15.0,24.0,1,350000.0,3.0,1,0,1,1
29,841,15.0,36.0,2,0.0,9.0,0,0,1,0
27,729,13.0,36.0,2,300000.0,7.0,1,0,1,1
35,1225,15.0,30.0,3,800000.0,9.0,1,0,1,1
51,2601,12.0,35.0,3,900000.0,11.0,1,0,1,1
21,441,12.0,35.0,3,1500000.0,8.0,0,0,1,1
64,4096,14.0,104.0,1,1000000.0,4.0,0,0,0,0
40,1600,7.0,45.0,2,700000.0,9.0,0,0,1,1
45,2025,12.0,56.0,1,400000.0,1.0,0,0,0,0
56,3136,12.0,80.0,3,1800000.0,6.0,0,0,1,1
62,3844,6.0,48.0,2,800000.0,3.0,0,1,1,1
29,841,17.0,26.0,2,500000.0,4.0,1,1,1,1
28,784,12.0,26.0,2,1612000.0,9.0,0,1,1,1
36,1296,17.0,30.0,2,2000000.0,1.0,0,1,0,1
34,1156,17.0,30.0,2,3000000.0,1.0,1,1,0,1
67,4489,19.0,25.0,1,800000.0,6.0,1,0,1,1
62,3844,8.0,20.0,2,400000.0,2.0,1,1,0,1
62,3844,10.0,20.0,2,400000.0,2.0,0,1,0,0
34,1156,11.0,40.0,4,1000000.0,10.0,0,1,1,1
34,1156,12.0,40.0,4,1145000.0,9.0,1,1,1,1
59,3481,17.0,44.0,3,600000.0,2.0,0,1,0,1
64,4096,6.0,24.0,5,400000.0,2.0,0,0,0,0
34,1156,7.0,24.0,5,700000.0,2.0,0,1,0,0
61,3721,6.0,24.0,4,560000.0,1.0,0,0,0,0
29,841,12.0,10.0,4,650000.0,7.0,0,1,1,0
65,4225,7.0,8.0,2,800000.0,2.0,0,1,0,0
30,900,12.0,60.0,4,540000.0,6.0,0,1,1,0
24,576,9.0,60.0,4,220000.0,1.0,1,1,1,0
42,1764,14.0,21.0,4,600000.0,1.0,0,1,0,0
46,2116,12.0,48.0,1,1100000.0,10.0,1,0,1,1
35,1225,9.0,42.0,5,4000000.0,6.0,0,1,0,1
28,784,12.0,42.0,5,4000000.0,6.0,1,1,0,1
55,3025,14.0,21.0,2,500000.0,2.0,1,1,1,1
48,2304,12.0,48.0,4,1800000.0,6.0,0,1,1,1
46,2116,12.0,48.0,4,1800000.0,6.0,1,1,1,1
30,900,8.0,44.0,3,1235000.0,7.0,1,0,1,1
26,676,15.0,50.0,5,630000.0,8.0,1,0,1,0
57,3249,15.0,35.0,3,504000.0,12.0,1,0,1,1
33,1089,15.0,35.0,3,400000.0,9.0,0,0,1,1
33,1089,17.0,35.0,3,916000.0,11.0,0,0,1,1
58,3364,6.0,12.0,2,50000.0,1.0,1,0,0,0
30,900,6.0,12.0,2,600000.0,3.0,0,0,1,0
35,1225,15.0,30.0,3,800000.0,9.0,1,1,1,1
70,4900,12.0,40.0,1,2500000.0,2.0,0,0,0,1
55,3025,12.0,46.0,2,1000000.0,2.0,0,1,0,1
43,1849,12.0,54.0,1,980000.0,10.0,0,0,1,1
33,1089,15.0,31.0,3,800000.0,9.0,1,0,1,1
45,2025,13.0,30.0,5,1500000.0,9.0,1,1,1,1
43,1849,12.0,30.0,5,1500000.0,9.0,0,1,1,1
50,2500,9.0,16.0,5,1400000.0,8.0,0,1,1,1
24,576,16.0,30.0,5,900000.0,2.0,0,1,1,1
26,676,15.0,30.0,5,400000.0,1.0,1,1,0,1
34,1156,12.0,30.0,4,800000.0,6.0,1,1,1,1
38,1444,6.0,30.0,4,900000.0,7.0,0,1,1,1
60,3600,6.0,36.0,3,1000000.0,6.0,0,0,1,0
25,625,8.0,36.0,3,600000.0,7.0,1,0,1,0
41,1681,12.0,48.0,3,1000000.0,5.0,0,1,1,1
49,2401,12.0,25.0,5,400000.0,2.0,0,1,0,1
49,2401,12.0,25.0,5,400000.0,2.0,1,1,0,1
20,400,13.0,25.0,5,160000.0,3.0,0,0,1,1
18,324,12.0,25.0,5,360000.0,4.0,0,0,1,1
16,256,10.0,25.0,5,160000.0,3.0,1,0,1,1
28,784,17.0,61.0,3,1000000.0,9.0,1,1,1,1
41,1681,12.0,48.0,8,400000.0,1.0,0,1,0,0
27,729,8.0,48.0,8,240000.0,2.0,0,0,1,0
62,3844,15.0,30.0,2,1100000.0,7.0,0,0,1,1
30,900,15.0,30.0,2,1700000.0,9.0,0,0,1,1
40,1600,12.0,56.0,6,800000.0,3.0,1,1,0,1
42,1764,12.0,56.0,6,550000.0,9.0,0,1,1,1
51,2601,5.0,40.0,3,400000.0,7.0,0,1,1,0
55,3025,12.0,40.0,3,600000.0,8.0,1,1,1,1
44,1936,7.0,48.0,6,280000.0,1.0,0,1,0,0
54,2916,12.0,48.0,6,300000.0,1.0,0,0,0,0
54,2916,12.0,56.0,3,700000.0,2.0,0,1,1,0
26,676,12.0,20.0,2,170000.0,6.0,1,0,1,0
57,3249,6.0,15.0,2,800000.0,1.0,0,1,0,0
37,1369,9.0,30.0,5,2000000.0,2.0,1,1,0,0
40,1600,8.0,30.0,5,2000000.0,2.0,0,1,0,0
30,900,13.0,41.0,1,300000.0,1.0,1,0,0,1
59,3481,15.0,90.0,1,980000.0,2.0,1,0,1,0
55,3025,19.0,44.0,3,400000.0,3.0,1,1,1,1
37,1369,14.0,52.0,2,900000.0,5.0,1,1,1,1
38,1444,17.0,52.0,2,700000.0,9.0,0,1,1,1
47,2209,15.0,42.0,1,1200000.0,9.0,1,0,1,1
60,3600,8.0,16.0,3,500000.0,1.0,1,1,0,1
61,3721,6.0,16.0,3,1000000.0,6.0,0,1,1,1
21,441,12.0,16.0,3,500000.0,7.0,1,0,1,0
43,1849,16.0,48.0,5,800000.0,1.0,0,1,0,0
38,1444,8.0,24.0,4,1600000.0,7.0,0,1,1,0
62,3844,12.0,40.0,2,800000.0,1.0,0,1,0,0
35,1225,12.0,36.0,1,800000.0,1.0,1,0,0,0
37,1369,11.0,30.0,1,650000.0,12.0,0,0,1,1
65,4225,6.0,12.0,1,150000.0,1.0,0,0,0,1
50,2500,12.0,48.0,5,0.0,1.0,1,0,0,0
25,625,12.0,48.0,5,800000.0,10.0,1,0,1,1
36,1296,12.0,66.0,5,1000000.0,12.0,0,1,1,1
34,1156,12.0,66.0,5,800000.0,8.0,1,1,1,1
59,3481,12.0,48.0,2,880000.0,10.0,1,0,1,1
61,3721,12.0,48.0,1,828000.0,10.0,1,0,1,1
30,900,8.0,40.0,1,800000.0,2.0,0,0,1,0
45,2025,13.0,40.0,4,820000.0,9.0,1,0,1,1
47,2209,12.0,56.0,4,960000.0,3.0,1,0,1,0
39,1521,15.0,48.0,3,1300000.0,3.0,0,1,1,0
33,1089,6.0,30.0,3,800000.0,5.0,0,0,1,0
25,625,12.0,48.0,2,1300000.0,6.0,1,0,1,1
58,3364,12.0,36.0,2,700000.0,1.0,0,1,0,0
49,2401,15.0,40.0,3,700000.0,1.0,0,1,0,0
38,1444,14.0,40.0,3,1500000.0,1.0,1,1,0,0
62,3844,17.0,33.0,5,1200000.0,11.0,0,1,1,1
47,2209,17.0,40.0,4,1800000.0,12.0,0,1,1,1
45,2025,17.0,40.0,4,2000000.0,11.0,1,1,1,1
42,1764,13.0,20.0,5,300000.0,1.0,0,1,0,1
34,1156,17.0,50.0,1,1100000.0,6.0,1,0,1,1
63,3969,12.0,35.0,4,800000.0,11.0,0,0,1,1
58,3364,12.0,35.0,4,780000.0,11.0,0,0,1,1
55,3025,12.0,35.0,4,800000.0,11.0,0,0,1,1
51,2601,12.0,35.0,4,200000.0,1.0,0,0,0,0
57,3249,8.0,40.0,5,600000.0,10.0,0,1,1,1
21,441,14.0,40.0,5,400000.0,1.0,0,0,0,0
55,3025,12.0,50.0,4,900000.0,12.0,0,1,1,1
51,2601,8.0,45.0,4,700000.0,8.0,1,1,1,1
28,784,12.0,45.0,4,400000.0,1.0,0,0,0,0
27,729,7.0,45.0,4,400000.0,3.0,0,1,1,0
48,2304,12.0,30.0,1,400000.0,10.0,0,0,1,1
22,484,15.0,42.0,6,450000.0,5.0,1,0,1,0
17,289,8.0,42.0,6,350000.0,5.0,1,0,1,0
47,2209,6.0,42.0,6,3000000.0,5.0,0,1,0,0
64,4096,6.0,20.0,5,86000.0,11.0,0,1,1,0
25,625,11.0,20.0,5,200000.0,5.0,0,1,1,0
36,1296,6.0,40.0,2,1200000.0,4.0,0,1,1,0
27,729,6.0,48.0,1,1000000.0,11.0,0,0,1,1
30,900,17.0,24.0,2,600000.0,9.0,0,0,1,1
24,576,14.0,35.0,1,750000.0,7.0,1,0,1,1
60,3600,12.0,38.0,2,1200000.0,12.0,0,1,1,1
42,1764,16.0,35.0,2,800000.0,12.0,1,0,1,1
43,1849,12.0,40.0,1,900000.0,3.0,0,0,1,0
26,676,17.0,40.0,1,700000.0,1.0,0,0,0,0
41,1681,12.0,88.0,3,1400000.0,9.0,0,1,1,1
35,1225,9.0,88.0,3,900000.0,2.0,1,1,0,1
37,1369,17.0,20.0,3,950000.0,7.0,1,1,1,1
29,841,11.0,20.0,3,2000000.0,3.0,0,1,0,1
52,2704,15.0,40.0,3,900000.0,6.0,0,1,1,1
36,1296,12.0,40.0,1,1700000.0,12.0,1,0,1,1
35,1225,11.0,42.0,3,400000.0,2.0,1,0,0,0
60,3600,12.0,30.0,3,500000.0,1.0,0,1,0,0
24,576,12.0,30.0,3,400000.0,5.0,1,0,1,0
53,2809,15.0,0.0,1,1500000.0,12.0,0,0,1,1
29,841,12.0,48.0,1,1500000.0,1.0,0,0,0,1
54,2916,15.0,50.0,3,1000000.0,7.0,0,0,1,1
23,529,13.0,50.0,3,900000.0,6.0,0,0,1,1
45,2025,15.0,48.0,5,1000000.0,2.0,0,1,0,0
49,2401,6.0,48.0,5,1000000.0,2.0,1,1,0,0
22,484,12.0,48.0,5,250000.0,3.0,0,0,1,1
36,1296,14.0,20.0,2,900000.0,12.0,1,0,1,1
23,529,12.0,41.0,4,400000.0,4.0,1,0,1,0
23,529,12.0,10.0,5,0.0,5.0,0,1,1,0
25,625,12.0,20.0,2,700000.0,5.0,1,0,1,0
33,1089,12.0,42.0,4,500000.0,2.0,1,1,1,0
63,3969,6.0,40.0,2,380000.0,8.0,0,0,1,1
52,2704,6.0,40.0,2,1400000.0,9.0,0,0,1,1
56,3136,10.0,24.0,2,400000.0,1.0,0,0,0,0
25,625,8.0,24.0,2,560000.0,1.0,0,0,0,0
30,900,15.0,46.0,2,1200000.0,9.0,1,0,1,1
30,900,15.0,46.0,2,1000000.0,10.0,1,0,1,1
31,961,12.0,48.0,3,700000.0,6.0,1,0,1,1
51,2601,15.0,48.0,2,1000000.0,6.0,1,1,1,0
58,3364,16.0,48.0,2,1400000.0,4.0,0,1,1,1
41,1681,15.0,30.0,4,600000.0,8.0,1,1,1,1
47,2209,6.0,40.0,1,1500000.0,2.0,0,0,0,0
49,2401,6.0,48.0,3,1500000.0,5.0,0,0,1,0
53,2809,8.0,24.0,2,600000.0,1.0,0,1,0,0
56,3136,4.0,20.0,4,200000.0,1.0,1,1,0,0
43,1849,9.0,70.0,1,1800000.0,1.0,0,0,0,1
55,3025,12.0,40.0,2,700000.0,1.0,0,1,0,0
35,1225,12.0,56.0,1,1500000.0,8.0,1,0,1,1
52,2704,7.0,35.0,2,1500000.0,6.0,0,1,1,1
32,1024,17.0,33.0,5,900000.0,10.0,0,0,1,1
27,729,12.0,33.0,5,600000.0,7.0,0,0,1,1
22,484,12.0,33.0,5,0.0,3.0,1,0,1,0
35,1225,15.0,20.0,5,300000.0,1.0,1,1,0,1
59,3481,15.0,28.0,2,800000.0,9.0,0,1,1,1
53,2809,15.0,28.0,2,1000000.0,9.0,1,1,1,1
26,676,12.0,48.0,4,830000.0,8.0,0,0,1,1
23,529,15.0,48.0,4,600000.0,7.0,1,0,1,1
29,841,15.0,48.0,4,460000.0,5.0,0,1,1,0
55,3025,14.0,24.0,1,1300000.0,9.0,0,0,1,1
37,1369,9.0,70.0,3,500000.0,1.0,1,0,0,0
39,1521,12.0,12.0,11,280000.0,1.0,0,0,0,0
38,1444,12.0,12.0,11,200000.0,12.0,1,0,1,0
46,2116,12.0,40.0,2,300000.0,7.0,1,0,1,1
44,1936,14.0,84.0,2,1200000.0,1.0,1,0,0,1
46,2116,9.0,35.0,4,800000.0,12.0,1,0,1,1
45,2025,7.0,42.0,6,3000000.0,5.0,1,1,0,1
22,484,13.0,7.0,1,45000.0,1.0,1,0,0,1
31,961,12.0,5.0,6,400000.0,5.0,0,1,1,0
29,841,12.0,48.0,2,800000.0,6.0,0,1,1,0
47,2209,17.0,6.0,4,250000.0,9.0,1,1,1,1
38,1444,17.0,35.0,1,900000.0,9.0,0,0,1,1
57,3249,17.0,48.0,5,2000000.0,7.0,0,1,0,1
52,2704,17.0,48.0,5,1000000.0,1.0,1,1,0,1
57,3249,17.0,60.0,1,4000000.0,1.0,0,0,0,1
25,625,12.0,48.0,2,80000.0,7.0,0,1,1,1
19,361,12.0,48.0,2,600000.0,6.0,1,1,1,1
33,1089,12.0,2.0,5,120000.0,1.0,1,0,0,0
41,1681,12.0,60.0,3,1000000.0,5.0,1,0,1,1
58,3364,2.0,40.0,2,700000.0,7.0,0,1,1,1
32,1024,17.0,50.0,1,3000000.0,9.0,1,0,1,1
21,441,14.0,20.0,1,400000.0,3.0,1,0,1,1
28,784,15.0,50.0,1,600000.0,12.0,0,0,1,1
26,676,17.0,40.0,2,1200000.0,6.0,1,0,1,1
48,2304,17.0,40.0,3,2000000.0,12.0,0,1,1,1
48,2304,17.0,40.0,3,2500000.0,10.0,1,1,1,1
44,1936,17.0,45.0,4,800000.0,12.0,1,1,1,1
23,529,14.0,46.0,3,500000.0,6.0,1,0,1,1
21,441,12.0,46.0,3,504000.0,6.0,1,0,1,1
32,1024,8.0,42.0,4,500000.0,1.0,0,1,0,0
48,2304,19.0,27.0,3,650000.0,12.0,1,0,1,1
28,784,16.0,32.0,1,1400000.0,6.0,1,0,1,1
23,529,14.0,36.0,1,850000.0,12.0,1,0,1,1
55,3025,15.0,29.0,1,1000000.0,1.0,0,0,0,1
55,3025,17.0,40.0,4,1500000.0,2.0,0,1,0,1
53,2809,17.0,40.0,4,500000.0,1.0,1,1,0,1
56,3136,15.0,18.0,2,800000.0,1.0,1,0,0,1
29,841,12.0,18.0,2,500000.0,1.0,1,0,0,1
32,1024,12.0,60.0,1,600000.0,6.0,0,0,1,0
62,3844,8.0,15.0,3,800000.0,1.0,0,1,0,1
58,3364,14.0,15.0,3,1700000.0,6.0,1,1,1,1
49,2401,14.0,44.0,3,2500000.0,2.0,0,1,0,1
50,2500,12.0,44.0,3,600000.0,5.0,1,1,1,1
54,2916,12.0,20.0,5,400000.0,1.0,1,1,0,0
53,2809,6.0,20.0,5,500000.0,1.0,0,1,0,0
31,961,7.0,20.0,5,900000.0,11.0,0,0,1,0
33,1089,14.0,38.0,3,1560000.0,11.0,0,1,1,1
57,3249,8.0,45.0,4,1100000.0,6.0,0,1,1,1
63,3969,9.0,45.0,2,800000.0,4.0,0,1,1,1
45,2025,10.0,70.0,3,500000.0,1.0,1,0,0,0
49,2401,12.0,48.0,5,1200000.0,3.0,1,0,1,1
62,3844,17.0,40.0,1,1500000.0,10.0,1,0,1,1
53,2809,12.0,40.0,2,1200000.0,3.0,1,0,1,1
48,2304,13.0,48.0,8,270000.0,6.0,1,1,1,0
51,2601,6.0,48.0,8,850000.0,11.0,0,1,1,1
30,900,6.0,48.0,8,980000.0,6.0,0,0,1,0
19,361,12.0,48.0,8,320000.0,2.0,0,0,1,0
28,784,12.0,48.0,8,0.0,1.0,0,1,0,0
51,2601,12.0,36.0,3,1800000.0,10.0,1,1,1,1
45,2025,12.0,36.0,3,900000.0,11.0,0,1,1,1
53,2809,12.0,32.0,5,900000.0,10.0,1,1,1,1
58,3364,12.0,32.0,5,1200000.0,2.0,0,1,0,1
31,961,12.0,3.0,3,800000.0,10.0,0,1,1,1
41,1681,15.0,36.0,1,780000.0,9.0,0,0,1,1
50,2500,12.0,48.0,4,2300000.0,1.0,0,1,0,1
39,1521,17.0,30.0,2,1500000.0,12.0,1,0,1,1
39,1521,17.0,84.0,3,2000000.0,9.0,0,1,1,1
28,784,12.0,12.0,11,800000.0,6.0,0,1,1,1
55,3025,15.0,50.0,3,1400000.0,11.0,1,1,1,1
57,3249,13.0,50.0,3,1200000.0,11.0,0,1,1,1
49,2401,12.0,16.0,2,800000.0,8.0,0,1,1,1
53,2809,12.0,25.0,5,500000.0,9.0,1,1,1,1
36,1296,12.0,60.0,5,620000.0,2.0,1,1,1,0
38,1444,12.0,60.0,5,500000.0,2.0,0,1,0,0
47,2209,12.0,0.0,3,600000.0,9.0,0,1,1,1
49,2401,12.0,0.0,3,800000.0,8.0,1,1,1,1
48,2304,15.0,20.0,2,160000.0,7.0,1,1,1,1
23,529,12.0,78.0,4,600000.0,2.0,0,0,1,0
20,400,8.0,78.0,4,480000.0,2.0,0,0,1,0
37,1369,6.0,32.0,1,320000.0,3.0,0,0,1,0
35,1225,14.0,42.0,4,1200000.0,6.0,0,1,1,1
33,1089,12.0,42.0,4,993000.0,6.0,1,1,1,1
31,961,15.0,40.0,1,1000000.0,12.0,0,0,1,1
37,1369,17.0,20.0,2,450000.0,9.0,1,1,1,1
35,1225,17.0,20.0,2,2000000.0,12.0,0,1,1,1
27,729,14.0,44.0,2,1000000.0,6.0,0,1,1,1
21,441,11.0,2.0,2,200000.0,1.0,1,1,0,0
27,729,12.0,2.0,2,300000.0,6.0,0,1,1,0
48,2304,6.0,19.0,4,350000.0,2.0,1,0,1,1
23,529,16.0,9.0,1,300000.0,3.0,0,0,1,0
57,3249,17.0,59.0,3,2300000.0,12.0,1,1,1,1
59,3481,18.0,59.0,3,1300000.0,5.0,0,1,1,1
37,1369,12.0,42.0,5,680000.0,1.0,0,1,0,1
68,4624,12.0,20.0,1,500000.0,6.0,1,0,1,1
57,3249,6.0,24.0,8,200000.0,5.0,0,1,1,0
20,400,13.0,36.0,2,460000.0,5.0,1,0,1,0
51,2601,15.0,30.0,3,1000000.0,12.0,1,1,1,1
50,2500,17.0,30.0,3,1000000.0,1.0,0,1,0,1
19,361,12.0,44.0,3,800000.0,1.0,0,0,0,1
36,1296,17.0,40.0,3,1400000.0,11.0,1,0,1,1
30,900,15.0,40.0,6,350000.0,6.0,0,0,0,1
56,3136,15.0,35.0,5,1000000.0,3.0,0,1,1,1
39,1521,8.0,44.0,3,1500000.0,11.0,0,1,1,1
39,1521,9.0,44.0,3,300000.0,1.0,1,1,0,1
63,3969,9.0,16.0,2,800000.0,1.0,0,1,0,0
63,3969,17.0,30.0,1,3000000.0,5.0,1,0,1,1
20,400,12.0,48.0,3,1000000.0,6.0,0,0,1,1
41,1681,12.0,40.0,1,1600000.0,9.0,0,0,1,1
100,10000,12.0,40.0,1,1100000.0,9.0,0,0,1,1
26,676,12.0,32.0,5,1000000.0,6.0,0,0,1,1
25,625,12.0,32.0,5,600000.0,1.0,0,1,0,0
26,676,12.0,32.0,5,400000.0,2.0,1,1,1,0
57,3249,15.0,44.0,4,900000.0,11.0,1,0,1,1
27,729,12.0,48.0,7,300000.0,4.0,0,0,1,0
22,484,12.0,48.0,7,350000.0,2.0,0,0,1,0
39,1521,15.0,84.0,3,1300000.0,7.0,1,1,1,1
23,529,12.0,84.0,3,392000.0,6.0,0,0,1,1
36,1296,12.0,48.0,4,1000000.0,2.0,1,1,0,1
41,1681,14.0,48.0,4,800000.0,9.0,0,1,1,1
41,1681,9.0,49.0,7,415000.0,6.0,0,0,1,0
48,2304,12.0,48.0,6,840000.0,10.0,0,1,1,1
53,2809,12.0,48.0,6,700000.0,1.0,1,1,0,1
26,676,9.0,48.0,6,400000.0,8.0,1,0,1,0
24,576,15.0,48.0,6,700000.0,1.0,1,0,0,0
43,1849,12.0,70.0,4,1500000.0,2.0,1,1,0,0
36,1296,7.0,20.0,2,700000.0,2.0,0,1,0,1
38,1444,17.0,24.0,2,1000000.0,4.0,0,0,1,1
39,1521,12.0,45.0,3,500000.0,7.0,0,0,1,0
48,2304,12.0,24.0,1,600000.0,1.0,1,0,0,1
31,961,12.0,0.0,3,900000.0,7.0,0,1,1,1
26,676,17.0,44.0,2,1200000.0,6.0,1,1,1,1
29,841,15.0,58.0,1,1400000.0,12.0,0,0,1,1
41,1681,14.0,45.0,3,1000000.0,7.0,1,0,1,1
73,5329,3.0,6.0,3,20000.0,1.0,0,0,0,1
64,4096,12.0,20.0,1,450000.0,2.0,0,0,0,0
49,2401,6.0,35.0,3,800000.0,5.0,0,1,1,0
27,729,9.0,19.0,4,600000.0,1.0,0,1,0,0
37,1369,12.0,28.0,4,300000.0,2.0,0,1,1,0
38,1444,12.0,42.0,3,1000000.0,1.0,0,1,0,0
59,3481,16.0,36.0,2,1420000.0,8.0,0,1,1,1
53,2809,9.0,36.0,2,1350000.0,1.0,1,1,0,1
63,3969,6.0,7.0,3,300000.0,3.0,0,1,0,1
33,1089,15.0,7.0,3,600000.0,1.0,1,0,0,1
58,3364,17.0,48.0,4,1800000.0,12.0,0,1,1,1
46,2116,16.0,28.0,3,1500000.0,1.0,1,0,0,0
38,1444,12.0,27.0,5,500000.0,6.0,0,1,1,0
37,1369,15.0,60.0,3,1000000.0,1.0,0,1,0,1
43,1849,17.0,40.0,4,900000.0,4.0,1,1,1,1
44,1936,16.0,40.0,4,800000.0,5.0,0,1,1,1
34,1156,15.0,20.0,2,550000.0,12.0,0,0,1,1
29,841,15.0,20.0,2,580000.0,10.0,0,0,1,1
27,729,12.0,35.0,5,850000.0,7.0,0,0,1,1
39,1521,12.0,70.0,3,800000.0,5.0,0,0,1,0
29,841,9.0,16.0,3,998000.0,7.0,0,1,1,1
71,5041,12.0,84.0,2,1000000.0,7.0,0,1,1,1
47,2209,12.0,35.0,2,1500000.0,7.0,1,0,1,1
35,1225,12.0,40.0,2,1200000.0,5.0,1,0,1,1
34,1156,15.0,44.0,2,1800000.0,9.0,0,1,1,1
45,2025,15.0,44.0,2,1500000.0,10.0,1,1,1,1
46,2116,12.0,52.0,4,700000.0,3.0,0,1,1,1
29,841,15.0,48.0,2,900000.0,10.0,0,1,1,1
25,625,12.0,48.0,2,1100000.0,10.0,1,1,1,1
45,2025,12.0,48.0,2,1700000.0,1.0,0,0,0,1
64,4096,6.0,30.0,2,600000.0,2.0,0,1,0,0
34,1156,12.0,30.0,1,900000.0,3.0,0,0,1,1
48,2304,9.0,40.0,1,600000.0,1.0,0,0,0,0
48,2304,17.0,47.0,2,2000000.0,11.0,1,0,1,1
58,3364,9.0,54.0,2,2000000.0,6.0,0,1,0,1
56,3136,12.0,54.0,2,2000000.0,6.0,1,1,0,1
49,2401,17.0,30.0,3,2500000.0,7.0,0,1,1,1
48,2304,17.0,30.0,3,400000.0,7.0,1,1,1,1
34,1156,15.0,48.0,1,1200000.0,9.0,1,0,1,1
50,2500,17.0,40.0,4,1900000.0,4.0,0,1,0,1
47,2209,17.0,40.0,4,2000000.0,8.0,1,1,1,1
33,1089,12.0,48.0,4,350000.0,1.0,0,0,0,0
34,1156,7.0,25.0,4,330000.0,7.0,1,0,1,0
47,2209,12.0,70.0,4,1500000.0,2.0,0,1,0,1
60,3600,12.0,32.0,6,870000.0,9.0,0,1,1,1
30,900,17.0,32.0,6,280000.0,9.0,1,0,1,1
28,784,9.0,32.0,6,280000.0,9.0,0,0,1,1
27,729,9.0,32.0,6,280000.0,7.0,0,0,1,1
23,529,12.0,32.0,6,450000.0,1.0,1,0,0,1
61,3721,17.0,33.0,5,1200000.0,10.0,0,1,1,1
59,3481,15.0,33.0,5,1800000.0,11.0,1,1,1,1
60,3600,12.0,48.0,3,3000000.0,3.0,0,1,0,1
39,1521,17.0,56.0,4,1500000.0,1.0,0,1,0,1
41,1681,12.0,56.0,4,800000.0,4.0,1,1,1,1
22,484,12.0,40.0,3,200000.0,3.0,0,1,1,0
52,2704,6.0,45.0,5,850000.0,9.0,0,1,1,1
63,3969,8.0,20.0,4,600000.0,12.0,1,0,1,1
41,1681,6.0,20.0,4,680000.0,12.0,1,0,1,1
22,484,12.0,20.0,4,912000.0,6.0,0,0,1,0
25,625,13.0,15.0,3,0.0,2.0,1,1,0,1
59,3481,17.0,38.0,2,2600000.0,6.0,0,1,1,1
58,3364,15.0,44.0,3,1100000.0,11.0,1,0,1,1
70,4900,12.0,60.0,2,500000.0,1.0,0,1,0,1
65,4225,12.0,60.0,2,600000.0,5.0,1,1,1,1
36,1296,17.0,50.0,2,880000.0,9.0,1,0,1,1
33,1089,12.0,42.0,3,600000.0,12.0,1,1,1,1
52,2704,12.0,48.0,3,800000.0,1.0,0,1,0,0
52,2704,15.0,48.0,3,500000.0,7.0,1,1,1,1
45,2025,12.0,70.0,4,800000.0,1.0,0,1,0,1
29,841,14.0,36.0,1,850000.0,6.0,0,0,1,0
39,1521,17.0,48.0,1,800000.0,1.0,0,0,0,1
44,1936,17.0,17.0,2,1000000.0,9.0,1,1,1,1
47,2209,15.0,17.0,2,380000.0,1.0,0,1,0,1
26,676,14.0,30.0,1,640000.0,11.0,0,0,1,1
25,625,15.0,54.0,1,1500000.0,9.0,0,0,1,1
65,4225,14.0,48.0,2,950000.0,2.0,0,1,1,1
60,3600,15.0,48.0,2,500000.0,1.0,1,1,0,1
39,1521,19.0,50.0,1,1200000.0,10.0,1,0,1,1
69,4761,6.0,30.0,4,240000.0,2.0,1,0,1,1
42,1764,6.0,24.0,3,500000.0,12.0,1,0,1,1
22,484,13.0,48.0,3,900000.0,6.0,0,0,1,0
45,2025,15.0,64.0,5,800000.0,1.0,1,0,0,0
32,1024,12.0,40.0,1,1600000.0,10.0,1,0,1,1
55,3025,16.0,54.0,1,800000.0,3.0,0,0,0,1
26,676,15.0,15.0,3,800000.0,6.0,1,0,1,1
48,2304,12.0,40.0,5,1600000.0,4.0,1,1,0,0
27,729,14.0,52.0,2,150000.0,2.0,1,0,1,0
41,1681,12.0,12.0,2,0.0,2.0,0,0,1,0
48,2304,12.0,12.0,2,0.0,2.0,0,0,1,1
34,1156,15.0,25.0,3,1700000.0,7.0,1,1,1,1
46,2116,17.0,40.0,4,1500000.0,1.0,0,1,0,1
43,1849,6.0,40.0,1,1600000.0,9.0,0,0,1,1
52,2704,12.0,40.0,3,1600000.0,4.0,1,0,1,1
30,900,12.0,40.0,3,1100000.0,6.0,1,0,1,1
22,484,8.0,24.0,6,600000.0,3.0,0,1,1,0
54,2916,6.0,36.0,7,400000.0,2.0,0,0,1,0
43,1849,6.0,36.0,7,300000.0,3.0,0,0,1,0
37,1369,12.0,36.0,7,300000.0,1.0,1,1,0,1
22,484,9.0,36.0,7,200000.0,1.0,0,0,0,0
60,3600,15.0,60.0,2,170000.0,1.0,1,1,0,0
51,2601,12.0,60.0,2,720000.0,1.0,0,1,0,0
24,576,12.0,20.0,2,480000.0,5.0,0,0,1,0
32,1024,14.0,20.0,2,860000.0,6.0,0,0,1,1
70,4900,9.0,63.0,1,200000.0,1.0,0,0,0,1
40,1600,12.0,30.0,5,750000.0,12.0,0,1,1,1
39,1521,12.0,30.0,5,800000.0,10.0,0,1,1,1
38,1444,12.0,30.0,5,800000.0,12.0,1,1,1,1
48,2304,6.0,24.0,3,360000.0,1.0,0,0,0,0
43,1849,2.0,24.0,3,300000.0,1.0,0,0,0,0
57,3249,12.0,48.0,3,4000000.0,3.0,1,1,0,1
27,729,16.0,35.0,3,900000.0,9.0,0,0,1,1
26,676,13.0,35.0,3,900000.0,8.0,0,0,1,1
20,400,13.0,35.0,3,800000.0,9.0,0,0,1,1
36,1296,17.0,49.0,2,1300000.0,12.0,0,1,1,1
38,1444,15.0,49.0,2,1200000.0,9.0,1,1,1,1
41,1681,7.0,48.0,4,1000000.0,7.0,0,1,1,1
46,2116,12.0,45.0,5,500000.0,9.0,1,1,1,1
44,1936,17.0,35.0,2,1500000.0,10.0,1,0,1,1
57,3249,6.0,30.0,2,970000.0,7.0,0,1,1,1
52,2704,7.0,30.0,2,850000.0,9.0,1,1,1,1
60,3600,6.0,2.0,2,50000.0,2.0,0,0,0,1
36,1296,6.0,2.0,2,120000.0,2.0,0,0,0,0
52,2704,9.0,70.0,3,980000.0,2.0,1,1,0,0
53,2809,6.0,70.0,3,600000.0,2.0,0,1,0,0
24,576,12.0,70.0,3,600000.0,7.0,0,0,1,1
53,2809,8.0,65.0,3,860000.0,6.0,0,1,1,1
39,1521,10.0,0.0,4,600000.0,1.0,1,1,0,1
41,1681,8.0,0.0,4,1500000.0,12.0,0,1,1,1
46,2116,7.0,35.0,3,400000.0,2.0,1,0,1,0
22,484,12.0,35.0,3,100000.0,1.0,1,0,0,0
31,961,15.0,45.0,2,850000.0,10.0,1,0,1,1
31,961,10.0,53.0,5,600000.0,5.0,0,1,1,0
29,841,12.0,53.0,5,500000.0,1.0,1,1,0,0
31,961,12.0,17.0,5,300000.0,12.0,1,0,1,1
49,2401,9.0,36.0,5,1000000.0,1.0,0,1,0,0
44,1936,12.0,36.0,5,800000.0,1.0,1,1,0,0
34,1156,17.0,30.0,2,900000.0,10.0,1,0,1,1
35,1225,17.0,45.0,1,2500000.0,3.0,1,0,1,1
40,1600,14.0,48.0,2,1150000.0,10.0,0,0,1,1
59,3481,12.0,54.0,1,900000.0,1.0,1,0,0,0
54,2916,8.0,14.0,4,1300000.0,2.0,0,1,0,1
49,2401,6.0,0.0,4,900000.0,4.0,0,1,1,1
45,2025,12.0,0.0,4,530000.0,7.0,1,1,1,1
28,784,12.0,0.0,4,100000.0,1.0,1,0,0,0
32,1024,15.0,30.0,2,1500000.0,2.0,0,1,0,0
26,676,12.0,30.0,2,5000000.0,1.0,1,1,0,1
21,441,13.0,30.0,3,900000.0,10.0,1,0,1,1
29,841,12.0,60.0,5,1200000.0,1.0,0,1,0,0
63,3969,6.0,45.0,2,1600000.0,2.0,0,1,0,0
51,2601,12.0,48.0,5,1000000.0,2.0,1,1,1,1
55,3025,12.0,48.0,5,1000000.0,2.0,0,1,0,1
56,3136,6.0,10.0,5,100000.0,1.0,1,0,0,0
25,625,17.0,36.0,1,700000.0,10.0,1,0,1,1
58,3364,12.0,40.0,1,1700000.0,12.0,1,0,1,1
48,2304,12.0,40.0,2,1600000.0,9.0,1,1,1,1
63,3969,14.0,40.0,2,1800000.0,11.0,0,1,1,1
60,3600,12.0,25.0,2,400000.0,1.0,1,0,0,0
49,2401,6.0,24.0,1,700000.0,1.0,0,0,0,0
33,1089,6.0,45.0,3,800000.0,6.0,0,1,1,1
39,1521,13.0,40.0,3,1000000.0,11.0,1,0,1,1
32,1024,15.0,50.0,2,690000.0,7.0,1,0,1,1
52,2704,15.0,30.0,3,800000.0,7.0,1,1,1,1
28,784,12.0,40.0,5,300000.0,2.0,0,0,1,0
41,1681,9.0,40.0,4,540000.0,2.0,0,1,0,0
40,1600,9.0,40.0,4,580000.0,8.0,1,1,1,0
33,1089,12.0,38.0,6,380000.0,6.0,0,1,1,0
32,1024,14.0,45.0,2,800000.0,10.0,1,0,1,1
46,2116,12.0,36.0,3,1800000.0,6.0,0,1,1,0
38,1444,17.0,30.0,2,3000000.0,12.0,0,1,1,1
37,1369,17.0,30.0,2,1000000.0,1.0,1,1,0,1
20,400,12.0,0.0,4,800000.0,11.0,1,0,1,1
49,2401,13.0,28.0,2,1120000.0,1.0,1,1,0,0
49,2401,6.0,4.0,5,50000.0,1.0,1,1,0,0
54,2916,6.0,4.0,5,500000.0,1.0,0,1,0,0
28,784,15.0,4.0,5,650000.0,12.0,1,0,1,1
54,2916,15.0,70.0,3,560000.0,1.0,1,1,0,0
53,2809,6.0,34.0,4,450000.0,1.0,0,1,0,1
42,1764,15.0,48.0,1,950000.0,7.0,1,0,1,1
70,4900,6.0,55.0,2,700000.0,1.0,0,1,0,1
51,2601,17.0,20.0,4,1500000.0,8.0,1,1,1,1
74,5476,13.0,18.0,6,0.0,1.0,0,1,0,1
43,1849,15.0,0.0,1,1400000.0,8.0,0,0,1,1
46,2116,17.0,16.0,3,1000000.0,2.0,1,0,0,1
76,5776,17.0,25.0,2,1800000.0,7.0,1,1,1,1
69,4761,6.0,14.0,5,380000.0,1.0,0,1,0,1
54,2916,12.0,14.0,4,900000.0,1.0,1,1,0,1
31,961,15.0,14.0,4,1000000.0,8.0,1,0,1,1
22,484,12.0,14.0,4,1000000.0,2.0,0,0,0,1
58,3364,12.0,13.0,2,0.0,1.0,0,1,0,1
44,1936,11.0,40.0,1,1280000.0,9.0,0,0,1,1
34,1156,8.0,4.0,3,350000.0,1.0,1,0,0,0
55,3025,15.0,20.0,2,250000.0,5.0,1,0,1,1
41,1681,12.0,8.0,3,70000.0,1.0,0,1,0,0
61,3721,12.0,8.0,3,320000.0,2.0,0,0,1,0
43,1849,12.0,36.0,7,662843.0,1.0,0,1,0,0
41,1681,15.0,36.0,7,430000.0,9.0,1,1,1,1
37,1369,15.0,45.0,2,1000000.0,9.0,1,1,1,1
37,1369,15.0,45.0,2,900000.0,2.0,0,1,0,1
28,784,12.0,48.0,5,1500000.0,8.0,0,0,1,1
24,576,12.0,48.0,5,600000.0,10.0,1,0,1,1
30,900,12.0,12.0,4,200000.0,1.0,1,0,0,0
35,1225,5.0,10.0,3,150000.0,1.0,0,0,0,0
48,2304,17.0,30.0,3,2000000.0,7.0,1,1,1,1
46,2116,12.0,30.0,3,1500000.0,8.0,0,1,1,1
38,1444,15.0,54.0,3,1800000.0,4.0,0,1,1,1
54,2916,12.0,30.0,2,1100000.0,10.0,1,0,1,1
40,1600,12.0,30.0,4,1100000.0,12.0,1,0,1,1
56,3136,15.0,32.0,4,800000.0,2.0,0,0,1,1
25,625,11.0,24.0,3,2000000.0,1.0,1,0,0,0
26,676,12.0,24.0,3,1200000.0,6.0,0,0,1,1
52,2704,12.0,30.0,3,300000.0,1.0,0,1,0,1
35,1225,17.0,40.0,2,900000.0,12.0,1,0,1,1
37,1369,17.0,40.0,5,3000000.0,6.0,0,1,0,1
87,7569,17.0,40.0,5,1500000.0,8.0,1,1,1,1
49,2401,17.0,30.0,2,2000000.0,11.0,1,1,1,1
49,2401,17.0,30.0,2,3000000.0,10.0,0,1,1,1
43,1849,12.0,40.0,2,1000000.0,6.0,0,1,1,1
52,2704,4.0,20.0,4,78000.0,5.0,1,0,1,0
40,1600,15.0,104.0,6,1260000.0,1.0,1,0,0,1
21,441,9.0,104.0,6,220000.0,6.0,0,0,1,0
49,2401,17.0,40.0,3,900000.0,9.0,1,0,1,1
51,2601,15.0,0.0,1,400000.0,1.0,1,0,0,1
65,4225,3.0,30.0,1,400000.0,1.0,0,0,0,1
55,3025,9.0,15.0,4,500000.0,6.0,0,1,1,1
29,841,14.0,45.0,1,1800000.0,10.0,0,0,1,1
65,4225,14.0,96.0,1,0.0,6.0,0,0,0,1
52,2704,12.0,84.0,5,1000000.0,12.0,0,1,1,1
45,2025,12.0,84.0,5,300000.0,1.0,1,1,0,1
54,2916,12.0,70.0,3,1200000.0,8.0,0,1,1,1
23,529,14.0,70.0,3,700000.0,8.0,0,0,1,1
42,1764,12.0,66.0,2,430000.0,3.0,1,1,1,1
39,1521,12.0,66.0,2,500000.0,6.0,0,1,1,0
38,1444,12.0,24.0,1,300000.0,1.0,1,0,0,0
39,1521,12.0,18.0,6,700000.0,12.0,1,1,1,1
34,1156,12.0,14.0,5,900000.0,2.0,0,1,0,1
50,2500,9.0,0.0,4,480000.0,4.0,0,1,1,1
21,441,13.0,0.0,4,48000.0,6.0,0,0,1,0
49,2401,17.0,84.0,3,800000.0,3.0,1,0,1,1
72,5184,6.0,35.0,2,500000.0,2.0,0,1,0,1
65,4225,9.0,35.0,2,500000.0,2.0,1,1,0,1
44,1936,17.0,76.0,3,2200000.0,12.0,0,1,1,1
39,1521,15.0,76.0,3,1400000.0,11.0,1,1,1,1
28,784,15.0,66.0,2,1800000.0,12.0,1,0,1,1
27,729,12.0,66.0,2,930000.0,6.0,0,0,1,1
29,841,9.0,18.0,5,400000.0,1.0,1,1,0,1
29,841,0.0,18.0,5,400000.0,1.0,0,1,0,1
49,2401,4.0,50.0,4,800000.0,4.0,0,1,1,0
65,4225,6.0,56.0,1,500000.0,1.0,1,0,1,1
54,2916,6.0,84.0,9,280000.0,1.0,1,0,0,1
37,1369,12.0,40.0,6,1060000.0,7.0,1,0,1,1
47,2209,6.0,40.0,2,500000.0,1.0,0,0,0,1
49,2401,8.0,25.0,2,1100000.0,7.0,1,0,1,1
58,3364,12.0,40.0,1,1900000.0,9.0,1,0,1,1
38,1444,15.0,32.0,5,1200000.0,9.0,1,1,1,1
29,841,6.0,45.0,4,500000.0,1.0,0,0,0,0
33,1089,12.0,40.0,3,950000.0,10.0,0,1,1,1
24,576,10.0,44.0,4,450000.0,4.0,1,0,1,0
44,1936,6.0,10.0,3,200000.0,3.0,1,0,1,0
41,1681,12.0,51.0,5,1100000.0,12.0,0,1,1,1
35,1225,17.0,30.0,2,2000000.0,6.0,0,1,1,1
27,729,17.0,30.0,2,800000.0,6.0,1,1,1,1
35,1225,6.0,40.0,5,700000.0,4.0,0,1,1,0
36,1296,15.0,48.0,2,1300000.0,12.0,1,0,1,1
37,1369,17.0,56.0,2,850000.0,7.0,1,0,1,1
34,1156,17.0,24.0,3,700000.0,3.0,1,1,0,1
24,576,12.0,30.0,2,300000.0,1.0,1,1,0,0
30,900,10.0,56.0,2,950000.0,3.0,0,1,1,0
45,2025,17.0,48.0,2,350000.0,1.0,1,1,0,0
47,2209,16.0,48.0,2,650000.0,6.0,0,1,1,1
40,1600,17.0,30.0,2,700000.0,1.0,1,1,0,1
41,1681,15.0,50.0,4,200000.0,1.0,1,1,0,1
46,2116,19.0,41.0,2,2500000.0,12.0,1,0,1,1
49,2401,16.0,20.0,5,1800000.0,8.0,1,1,1,1
47,2209,15.0,20.0,5,2800000.0,8.0,0,1,1,1
45,2025,15.0,51.0,5,1800000.0,4.0,0,1,1,1
46,2116,15.0,60.0,4,1500000.0,3.0,0,1,0,1
35,1225,9.0,24.0,3,700000.0,3.0,0,1,0,1
63,3969,12.0,45.0,4,1000000.0,1.0,0,1,0,1
57,3249,12.0,45.0,4,900000.0,8.0,1,1,1,1
51,2601,12.0,40.0,1,1650000.0,5.0,0,0,1,1
38,1444,15.0,51.0,5,1800000.0,6.0,1,1,1,1
40,1600,17.0,32.0,2,500000.0,1.0,1,1,0,1
36,1296,8.0,32.0,2,2200000.0,7.0,0,1,1,1
50,2500,14.0,42.0,4,1000000.0,6.0,1,1,1,0
42,1764,13.0,42.0,4,1000000.0,10.0,0,1,1,0
49,2401,19.0,38.0,1,950000.0,12.0,1,0,1,1
58,3364,6.0,40.0,1,950000.0,7.0,1,0,1,1
42,1764,17.0,30.0,4,500000.0,1.0,1,1,0,1
63,3969,17.0,35.0,2,2600000.0,12.0,0,1,1,1
27,729,17.0,45.0,4,2000000.0,1.0,0,0,0,1
25,625,12.0,8.0,3,300000.0,1.0,0,0,0,1
62,3844,15.0,48.0,1,400000.0,1.0,1,0,0,1
31,961,17.0,56.0,2,2000000.0,1.0,1,1,0,1
38,1444,17.0,56.0,2,1500000.0,8.0,0,1,1,1
37,1369,12.0,42.0,4,1600000.0,11.0,0,1,1,1
38,1444,17.0,42.0,4,3000000.0,3.0,1,1,0,1
58,3364,9.0,40.0,2,1200000.0,10.0,1,0,1,1
25,625,12.0,40.0,2,0.0,7.0,0,0,1,0
44,1936,12.0,45.0,1,700000.0,8.0,0,0,1,1
58,3364,12.0,16.0,3,300000.0,4.0,1,1,1,0
31,961,12.0,16.0,3,900000.0,6.0,1,0,1,1
43,1849,12.0,30.0,4,1000000.0,12.0,0,1,1,1
23,529,15.0,30.0,4,60000.0,3.0,1,0,1,1
47,2209,13.0,35.0,4,900000.0,2.0,1,1,0,1
44,1936,12.0,35.0,4,900000.0,2.0,0,1,0,1
40,1600,12.0,21.0,3,1000000.0,1.0,0,1,0,0
28,784,12.0,8.0,3,700000.0,5.0,0,0,1,1
37,1369,19.0,25.0,4,1400000.0,6.0,1,1,1,1
38,1444,10.0,25.0,4,1800000.0,1.0,0,1,0,1
37,1369,17.0,35.0,4,1200000.0,7.0,1,1,1,1
39,1521,17.0,35.0,4,950000.0,7.0,0,1,1,1
34,1156,6.0,40.0,1,1400000.0,4.0,0,0,1,0
46,2116,6.0,84.0,4,1000000.0,2.0,0,1,0,0
35,1225,6.0,84.0,4,1000000.0,2.0,1,1,0,0
66,4356,5.0,84.0,2,250000.0,2.0,1,1,0,1
65,4225,6.0,84.0,2,250000.0,2.0,0,1,0,0
33,1089,15.0,52.0,1,600000.0,1.0,0,0,0,1
49,2401,6.0,62.0,4,1000000.0,8.0,0,1,1,0
44,1936,15.0,62.0,4,150000.0,1.0,1,1,0,0
36,1296,15.0,20.0,4,1100000.0,8.0,0,1,1,1
66,4356,6.0,11.0,7,160000.0,4.0,0,1,1,1
58,3364,12.0,48.0,2,1200000.0,6.0,1,0,1,1
28,784,15.0,48.0,2,1100000.0,10.0,0,0,1,1
26,676,12.0,66.0,2,1200000.0,6.0,1,0,1,1
23,529,13.0,10.0,1,70000.0,1.0,1,0,0,0
43,1849,8.0,56.0,4,350000.0,1.0,1,1,0,0
46,2116,9.0,56.0,4,900000.0,7.0,0,1,1,1
60,3600,6.0,40.0,1,980000.0,2.0,0,0,1,1
51,2601,12.0,45.0,2,1000000.0,5.0,1,0,1,1
31,961,11.0,47.0,3,950000.0,3.0,1,0,1,1
47,2209,12.0,40.0,4,250000.0,1.0,1,0,0,1
33,1089,12.0,42.0,4,900000.0,12.0,0,1,1,1
31,961,12.0,42.0,4,544000.0,10.0,1,1,1,1
64,4096,9.0,40.0,2,1200000.0,8.0,1,0,1,1
56,3136,12.0,42.0,1,650000.0,8.0,1,0,1,1
38,1444,12.0,45.0,3,980000.0,12.0,1,1,1,1
33,1089,17.0,20.0,1,650000.0,5.0,0,0,1,0
28,784,12.0,56.0,3,1300000.0,7.0,0,1,1,1
54,2916,15.0,2.0,1,500000.0,1.0,0,0,0,0
65,4225,12.0,9.0,2,50000.0,1.0,1,0,0,1
40,1600,12.0,9.0,2,1000000.0,1.0,0,0,0,1
37,1369,12.0,40.0,4,700000.0,11.0,0,1,1,1
34,1156,17.0,40.0,4,700000.0,1.0,1,1,0,1
34,1156,17.0,0.0,2,1300000.0,12.0,1,0,1,1
34,1156,17.0,0.0,2,950000.0,12.0,1,0,1,1
27,729,17.0,40.0,2,1600000.0,12.0,0,1,1,1
25,625,17.0,40.0,2,800000.0,11.0,1,1,1,1
56,3136,17.0,45.0,4,800000.0,8.0,1,1,1,1
57,3249,15.0,45.0,4,1500000.0,6.0,0,1,1,1
25,625,17.0,56.0,3,2000000.0,7.0,0,0,1,1
59,3481,12.0,40.0,4,1500000.0,9.0,0,1,1,1
53,2809,12.0,40.0,4,1400000.0,11.0,1,1,1,1
26,676,12.0,40.0,4,1400000.0,5.0,0,1,0,1
38,1444,12.0,63.0,2,1500000.0,1.0,0,1,0,0
36,1296,9.0,0.0,1,1500000.0,1.0,0,0,0,1
37,1369,17.0,48.0,1,1300000.0,8.0,1,0,1,1
40,1600,17.0,44.0,3,1065000.0,7.0,1,1,1,1
42,1764,15.0,44.0,3,1100000.0,11.0,0,1,1,1
27,729,15.0,40.0,1,2900000.0,12.0,0,0,1,1
30,900,15.0,36.0,2,810000.0,11.0,0,1,1,1
28,784,15.0,36.0,2,1100000.0,12.0,1,1,1,1
35,1225,7.0,45.0,1,900000.0,6.0,0,0,1,1
54,2916,14.0,35.0,3,1000000.0,1.0,0,1,0,1
19,361,12.0,56.0,3,1300000.0,8.0,1,0,1,1
35,1225,12.0,84.0,5,1500000.0,2.0,1,1,0,0
39,1521,12.0,84.0,5,1300000.0,2.0,0,1,0,0
37,1369,15.0,63.0,2,1200000.0,1.0,1,1,0,1
25,625,12.0,35.0,2,800000.0,4.0,0,1,1,1
24,576,12.0,35.0,2,400000.0,2.0,1,1,1,1
55,3025,9.0,40.0,3,1200000.0,2.0,0,0,0,0
24,576,15.0,51.0,1,4200000.0,12.0,0,0,1,1
67,4489,12.0,40.0,1,600000.0,2.0,0,0,0,1
46,2116,17.0,52.0,5,1300000.0,8.0,1,1,1,1
48,2304,15.0,52.0,5,1600000.0,8.0,0,1,1,1
62,3844,12.0,30.0,1,900000.0,8.0,0,0,1,1
35,1225,9.0,30.0,1,500000.0,2.0,0,0,1,0
27,729,17.0,55.0,1,1200000.0,9.0,0,0,1,1
26,676,17.0,45.0,1,950000.0,1.0,0,0,0,1
52,2704,6.0,40.0,4,700000.0,7.0,0,1,1,1
38,1444,17.0,80.0,6,1800000.0,12.0,0,1,1,1
70,4900,15.0,40.0,2,1000000.0,4.0,0,1,0,1
66,4356,6.0,20.0,1,400000.0,4.0,1,0,1,1
55,3025,12.0,40.0,3,2700000.0,9.0,0,1,1,1
69,4761,8.0,30.0,1,500000.0,3.0,0,0,1,1
50,2500,6.0,70.0,4,7000000.0,6.0,0,1,0,1
48,2304,12.0,70.0,4,2000000.0,1.0,1,1,0,1
68,4624,6.0,25.0,2,350000.0,1.0,0,1,0,1
56,3136,17.0,40.0,3,2900000.0,10.0,1,1,1,1
55,3025,15.0,66.0,3,900000.0,8.0,0,1,1,1
26,676,16.0,66.0,3,400000.0,9.0,1,0,1,1
55,3025,6.0,40.0,2,800000.0,1.0,0,1,0,0
41,1681,6.0,40.0,2,800000.0,10.0,1,1,1,1
66,4356,3.0,12.0,1,50000.0,1.0,1,0,0,1
48,2304,12.0,48.0,4,700000.0,1.0,1,1,0,1
70,4900,4.0,18.0,3,120000.0,9.0,0,1,1,1
28,784,15.0,18.0,3,1200000.0,12.0,0,0,1,1
63,3969,6.0,40.0,2,200000.0,1.0,0,1,0,0
46,2116,12.0,45.0,2,3000000.0,7.0,0,1,0,1
28,784,12.0,45.0,2,1500000.0,3.0,1,1,0,1
36,1296,17.0,30.0,4,1100000.0,7.0,0,1,1,1
34,1156,17.0,30.0,4,1100000.0,11.0,1,1,1,1
40,1600,6.0,45.0,2,600000.0,4.0,0,1,1,0
70,4900,15.0,48.0,2,600000.0,2.0,1,0,0,1
45,2025,17.0,48.0,2,2000000.0,1.0,1,0,0,1
57,3249,9.0,40.0,2,600000.0,6.0,0,1,1,0
49,2401,15.0,25.0,1,600000.0,9.0,1,0,1,1
54,2916,12.0,40.0,1,750000.0,11.0,0,0,1,1
73,5329,12.0,84.0,1,1000000.0,5.0,1,0,0,1
40,1600,19.0,40.0,1,1500000.0,4.0,1,0,1,1
41,1681,14.0,50.0,3,450000.0,7.0,0,1,1,1
44,1936,14.0,50.0,3,1000000.0,2.0,1,1,0,1
35,1225,11.0,36.0,4,300000.0,1.0,1,1,0,0
33,1089,9.0,36.0,4,1000000.0,2.0,0,1,1,0
47,2209,12.0,44.0,4,200000.0,1.0,1,1,0,1
54,2916,19.0,49.0,3,1000000.0,1.0,1,1,0,1
39,1521,12.0,49.0,3,300000.0,1.0,0,1,0,0
65,4225,6.0,39.0,2,400000.0,1.0,0,0,0,1
23,529,12.0,39.0,2,720000.0,6.0,0,0,1,0
44,1936,12.0,40.0,2,2000000.0,3.0,0,1,0,1
40,1600,17.0,40.0,2,860000.0,8.0,1,1,1,1
51,2601,17.0,45.0,2,700000.0,1.0,1,0,0,1
22,484,13.0,45.0,2,300000.0,7.0,0,0,1,1
24,576,12.0,30.0,2,600000.0,12.0,0,1,1,1
29,841,19.0,40.0,1,1500000.0,5.0,0,0,1,1
44,1936,15.0,48.0,3,900000.0,5.0,1,0,1,1
47,2209,19.0,35.0,3,1900000.0,10.0,1,1,1,1
55,3025,19.0,35.0,3,4500000.0,9.0,0,1,1,1
21,441,15.0,32.0,4,500000.0,3.0,1,0,0,1
36,1296,15.0,20.0,5,600000.0,1.0,0,1,0,1
35,1225,12.0,30.0,2,500000.0,1.0,1,1,0,1
38,1444,6.0,30.0,2,1200000.0,4.0,0,1,1,1
36,1296,12.0,48.0,3,700000.0,4.0,1,0,1,0
31,961,6.0,40.0,6,300000.0,6.0,0,1,1,0
20,400,9.0,21.0,4,160000.0,1.0,1,0,0,0
51,2601,12.0,40.0,4,1000000.0,2.0,1,1,0,1
56,3136,12.0,40.0,4,1000000.0,2.0,0,1,0,1
46,2116,0.0,40.0,3,1000000.0,8.0,1,1,1,1
24,576,12.0,40.0,3,0.0,3.0,1,0,1,0
37,1369,17.0,48.0,5,1600000.0,11.0,0,1,1,1
33,1089,12.0,48.0,5,1500000.0,11.0,1,1,1,1
30,900,6.0,30.0,2,1600000.0,2.0,0,1,1,0
25,625,10.0,18.0,3,400000.0,1.0,0,0,0,0
45,2025,15.0,66.0,4,1000000.0,10.0,1,1,1,1
49,2401,15.0,66.0,4,2100000.0,6.0,0,1,0,1
58,3364,15.0,55.0,2,200000.0,1.0,0,1,0,1
40,1600,16.0,18.0,4,1100000.0,11.0,0,1,1,1
32,1024,10.0,30.0,5,500000.0,8.0,0,1,1,1
47,2209,17.0,0.0,3,4000000.0,12.0,1,1,1,1
55,3025,12.0,0.0,3,3000000.0,6.0,0,1,0,1
54,2916,17.0,39.0,3,2300000.0,11.0,1,0,1,1
66,4356,4.0,40.0,9,800000.0,5.0,0,1,1,0
69,4761,4.0,84.0,3,0.0,2.0,0,1,0,1
66,4356,3.0,84.0,3,0.0,2.0,1,1,0,1
22,484,15.0,42.0,2,0.0,12.0,0,1,1,1
23,529,13.0,42.0,2,1200000.0,7.0,1,1,1,1
45,2025,6.0,8.0,4,400000.0,2.0,0,1,1,0
35,1225,12.0,14.0,3,200000.0,1.0,1,0,0,0
71,5041,8.0,10.0,3,60000.0,1.0,1,0,0,1
39,1521,8.0,60.0,3,1500000.0,1.0,0,1,0,0
47,2209,12.0,42.0,5,2700000.0,10.0,0,1,1,1
40,1600,12.0,42.0,5,600000.0,9.0,1,1,1,1
49,2401,12.0,84.0,2,1500000.0,2.0,0,0,0,0
76,5776,8.0,84.0,2,300000.0,2.0,1,0,1,1
32,1024,9.0,40.0,3,1300000.0,10.0,0,1,1,1
27,729,6.0,24.0,2,680000.0,7.0,1,0,1,1
49,2401,6.0,74.0,6,1500000.0,6.0,0,1,1,0
56,3136,6.0,12.0,3,500000.0,1.0,0,1,0,0
53,2809,6.0,12.0,3,600000.0,1.0,1,1,0,0
72,5184,3.0,24.0,2,150000.0,1.0,0,0,0,0
21,441,12.0,32.0,8,700000.0,5.0,0,0,1,0
60,3600,6.0,30.0,5,400000.0,3.0,0,1,0,0
23,529,12.0,48.0,1,925000.0,6.0,1,0,1,1
64,4096,19.0,56.0,3,2500000.0,11.0,0,1,1,1
61,3721,17.0,56.0,3,3000000.0,1.0,1,1,0,1
49,2401,17.0,55.0,4,1300000.0,10.0,0,1,1,1
52,2704,15.0,55.0,4,1300000.0,11.0,1,1,1,1
23,529,12.0,0.0,3,1550000.0,8.0,0,0,1,1
38,1444,8.0,72.0,4,800000.0,6.0,0,1,1,0
22,484,12.0,36.0,2,800000.0,2.0,1,0,1,0
29,841,11.0,54.0,5,1000000.0,9.0,0,0,1,1
26,676,8.0,54.0,5,1500000.0,11.0,0,0,1,1
22,484,12.0,54.0,5,1000000.0,3.0,0,0,1,0
41,1681,17.0,50.0,2,1500000.0,3.0,0,1,0,0
63,3969,4.0,9.0,2,0.0,8.0,1,0,1,1
57,3249,12.0,24.0,3,200000.0,1.0,1,1,0,0
55,3025,9.0,35.0,10,280000.0,6.0,1,1,1,0
57,3249,6.0,35.0,10,60000.0,1.0,0,1,0,0
67,4489,12.0,35.0,10,70000.0,1.0,0,0,0,0
26,676,8.0,35.0,10,400000.0,2.0,1,0,1,0
38,1444,9.0,24.0,4,800000.0,6.0,1,1,1,1
56,3136,9.0,24.0,3,650000.0,1.0,0,1,0,0
57,3249,12.0,40.0,3,3000000.0,1.0,0,1,0,1
39,1521,15.0,27.0,2,550000.0,9.0,1,0,1,1
45,2025,6.0,42.0,4,0.0,2.0,1,1,0,1
25,625,11.0,42.0,4,500000.0,2.0,1,0,0,1
75,5625,3.0,42.0,1,840000.0,1.0,1,0,0,1
50,2500,6.0,40.0,4,0.0,2.0,1,1,0,0
52,2704,15.0,32.0,3,1200000.0,8.0,1,1,1,1
52,2704,12.0,32.0,3,1400000.0,12.0,0,1,1,1
24,576,12.0,22.0,5,1000000.0,5.0,1,0,1,1
36,1296,12.0,50.0,2,1200000.0,6.0,1,1,1,1
30,900,14.0,48.0,3,800000.0,7.0,0,1,1,1
48,2304,17.0,48.0,3,1600000.0,12.0,1,1,1,1
28,784,12.0,12.0,4,80000.0,1.0,1,0,1,0
52,2704,12.0,24.0,5,2000000.0,1.0,0,1,0,0
52,2704,4.0,40.0,6,900000.0,2.0,0,1,0,0
50,2500,12.0,70.0,2,1500000.0,10.0,0,1,1,1
26,676,11.0,45.0,1,900000.0,12.0,1,0,1,1
26,676,12.0,40.0,3,1800000.0,1.0,0,0,0,1
69,4761,6.0,9.0,2,100000.0,1.0,0,1,0,1
58,3364,15.0,40.0,3,1500000.0,6.0,1,1,1,1
50,2500,6.0,40.0,5,500000.0,1.0,0,1,0,0
55,3025,6.0,56.0,3,400000.0,1.0,1,1,0,0
32,1024,15.0,40.0,2,1800000.0,8.0,0,1,1,1
32,1024,19.0,40.0,2,2350000.0,9.0,1,1,1,1
62,3844,13.0,40.0,3,1400000.0,7.0,0,1,1,1
50,2500,6.0,12.0,3,600000.0,1.0,0,1,0,0
64,4096,12.0,60.0,2,2000000.0,1.0,0,1,0,1
19,361,10.0,14.0,1,200000.0,2.0,0,0,1,1
58,3364,12.0,41.0,1,500000.0,1.0,0,0,0,1
47,2209,12.0,48.0,5,600000.0,1.0,0,1,0,0
40,1600,12.0,40.0,4,500000.0,6.0,1,1,1,0
42,1764,6.0,40.0,4,500000.0,6.0,0,1,1,0
46,2116,7.0,12.0,3,400000.0,1.0,1,1,0,1
66,4356,12.0,40.0,1,700000.0,1.0,0,0,1,1
36,1296,12.0,36.0,3,700000.0,3.0,1,1,0,0
34,1156,13.0,36.0,3,1060000.0,9.0,0,1,1,1
51,2601,17.0,50.0,3,4000000.0,12.0,0,1,1,1
48,2304,15.0,50.0,3,700000.0,9.0,1,1,1,1
65,4225,6.0,8.0,1,200000.0,1.0,0,0,1,1
53,2809,10.0,36.0,4,800000.0,1.0,0,0,0,0
46,2116,7.0,0.0,4,1100000.0,7.0,0,1,1,1
47,2209,12.0,40.0,5,300000.0,5.0,1,1,1,1
22,484,15.0,40.0,5,600000.0,7.0,1,0,1,0
48,2304,6.0,52.0,6,500000.0,1.0,0,0,0,0
48,2304,12.0,36.0,6,1600000.0,8.0,0,1,1,1
21,441,12.0,36.0,6,2600000.0,11.0,0,0,1,1
62,3844,9.0,35.0,1,500000.0,3.0,0,0,1,1
43,1849,11.0,66.0,5,900000.0,4.0,0,1,1,0
45,2025,15.0,42.0,2,600000.0,8.0,0,0,1,1
23,529,12.0,42.0,2,650000.0,12.0,0,0,1,1
29,841,15.0,20.0,4,950000.0,11.0,1,1,1,1
38,1444,12.0,60.0,1,1500000.0,9.0,0,1,1,1
39,1521,9.0,40.0,1,1200000.0,11.0,0,0,1,1
64,4096,14.0,15.0,2,800000.0,1.0,0,1,0,1
59,3481,14.0,15.0,2,500000.0,2.0,1,1,0,1
26,676,13.0,48.0,2,800000.0,8.0,0,1,1,1
37,1369,12.0,63.0,2,400000.0,1.0,0,1,0,0
35,1225,12.0,63.0,2,700000.0,1.0,1,1,0,0
29,841,15.0,32.0,2,700000.0,1.0,1,0,0,1
52,2704,15.0,48.0,3,1300000.0,8.0,0,1,1,1
60,3600,17.0,42.0,1,2300000.0,7.0,1,0,1,1
36,1296,12.0,60.0,4,1700000.0,12.0,0,1,1,1
33,1089,15.0,60.0,4,250000.0,1.0,1,1,0,1
51,2601,7.0,36.0,3,500000.0,1.0,0,1,0,0
39,1521,12.0,12.0,3,400000.0,9.0,1,1,1,1
38,1444,12.0,48.0,2,1500000.0,5.0,1,1,0,1
31,961,17.0,48.0,2,2000000.0,2.0,0,1,0,1
72,5184,15.0,30.0,2,2500000.0,6.0,1,0,0,1
60,3600,12.0,30.0,2,1200000.0,10.0,1,0,1,1
24,576,15.0,40.0,2,1500000.0,12.0,0,1,1,1
23,529,16.0,40.0,2,500000.0,11.0,1,1,1,1
42,1764,12.0,48.0,2,1250000.0,8.0,0,0,1,1
30,900,10.0,50.0,4,500000.0,6.0,1,1,1,0
31,961,10.0,50.0,4,500000.0,6.0,0,1,1,1
59,3481,12.0,55.0,3,5000000.0,1.0,0,1,0,1
37,1369,17.0,13.0,4,1600000.0,1.0,1,1,0,1
33,1089,13.0,13.0,4,1400000.0,11.0,0,1,1,1
39,1521,11.0,16.0,1,1000000.0,1.0,0,0,0,0
45,2025,12.0,54.0,5,1560000.0,12.0,0,1,1,1
45,2025,15.0,54.0,5,1450000.0,7.0,1,1,1,1
33,1089,7.0,30.0,5,500000.0,4.0,0,1,0,0
32,1024,12.0,30.0,5,500000.0,4.0,1,1,0,0
56,3136,9.0,76.0,3,0.0,1.0,1,0,0,1
69,4761,17.0,30.0,2,1000000.0,2.0,0,1,0,1
51,2601,12.0,36.0,2,1200000.0,11.0,0,1,1,1
52,2704,12.0,36.0,2,1500000.0,8.0,1,1,1,1
34,1156,8.0,69.0,3,500000.0,1.0,1,0,0,0
72,5184,6.0,25.0,1,200000.0,1.0,1,0,0,1
54,2916,14.0,20.0,2,500000.0,5.0,1,0,1,1
23,529,15.0,30.0,2,1500000.0,6.0,0,0,1,1
32,1024,14.0,30.0,2,1000000.0,1.0,0,1,0,1
28,784,17.0,30.0,2,1000000.0,6.0,0,1,1,1
37,1369,12.0,0.0,7,450000.0,6.0,0,1,1,1
20,400,12.0,0.0,7,300000.0,6.0,0,0,1,1
60,3600,3.0,40.0,2,600000.0,6.0,1,1,1,1
48,2304,7.0,40.0,2,480000.0,4.0,0,1,1,0
41,1681,12.0,40.0,3,1700000.0,6.0,0,1,1,1
41,1681,14.0,40.0,4,880000.0,3.0,1,1,1,1
38,1444,12.0,40.0,4,900000.0,1.0,0,1,0,0
62,3844,12.0,30.0,3,1500000.0,8.0,0,1,1,1
33,1089,15.0,30.0,2,1600000.0,12.0,1,0,1,1
51,2601,12.0,45.0,6,1500000.0,12.0,0,0,1,1
26,676,17.0,40.0,5,400000.0,3.0,1,0,1,1
22,484,14.0,40.0,5,1100000.0,11.0,1,0,1,1
22,484,14.0,40.0,5,800000.0,9.0,1,0,1,1
59,3481,12.0,45.0,3,1900000.0,12.0,1,0,1,1
28,784,12.0,45.0,3,1600000.0,8.0,0,0,1,1
35,1225,12.0,28.0,4,1200000.0,12.0,1,1,1,1
37,1369,8.0,28.0,4,1000000.0,1.0,0,1,0,1
60,3600,6.0,24.0,4,800000.0,3.0,0,1,1,0
57,3249,9.0,24.0,4,500000.0,6.0,1,1,1,1
25,625,12.0,24.0,4,950000.0,6.0,1,0,1,1
50,2500,6.0,43.0,6,600000.0,2.0,0,1,1,0
24,576,12.0,43.0,6,200000.0,1.0,1,0,0,0
23,529,12.0,54.0,5,520000.0,8.0,1,0,1,1
41,1681,13.0,31.0,4,419000.0,12.0,1,0,1,1
20,400,12.0,31.0,4,980000.0,12.0,0,0,1,1
46,2116,12.0,48.0,4,400000.0,3.0,1,1,1,0
48,2304,12.0,43.0,4,2300000.0,7.0,0,1,1,1
30,900,17.0,40.0,2,1600000.0,11.0,1,1,1,1
34,1156,17.0,48.0,4,2000000.0,5.0,1,1,0,1
25,625,10.0,24.0,2,0.0,6.0,0,1,1,0
82,6724,12.0,25.0,1,800000.0,2.0,0,0,1,1
35,1225,12.0,40.0,2,800000.0,1.0,0,1,0,0
34,1156,10.0,40.0,2,2000000.0,1.0,1,1,0,1
46,2116,14.0,84.0,5,400000.0,2.0,0,1,0,0
49,2401,12.0,84.0,5,200000.0,2.0,1,1,0,0
35,1225,12.0,72.0,1,3000000.0,10.0,0,1,1,1
58,3364,15.0,30.0,1,1200000.0,12.0,1,0,1,1
42,1764,17.0,30.0,4,1000000.0,9.0,1,1,1,1
42,1764,6.0,40.0,5,600000.0,5.0,0,1,1,0
24,576,12.0,40.0,1,1000000.0,1.0,0,0,0,0
54,2916,6.0,36.0,4,130000.0,1.0,0,1,0,0
50,2500,12.0,36.0,4,80000.0,1.0,1,1,0,0
36,1296,9.0,36.0,4,750000.0,6.0,0,0,1,0
38,1444,15.0,20.0,6,1500000.0,7.0,1,1,1,1
46,2116,12.0,20.0,4,1100000.0,9.0,0,1,1,1
34,1156,17.0,44.0,2,2200000.0,7.0,0,1,1,1
29,841,16.0,44.0,2,1680000.0,6.0,1,1,1,1
50,2500,17.0,44.0,3,2500000.0,1.0,0,1,0,1
36,1296,12.0,40.0,5,700000.0,2.0,1,1,1,1
37,1369,12.0,12.0,4,360000.0,3.0,1,1,1,0
25,625,12.0,27.0,1,215000.0,7.0,0,0,1,0
77,5929,3.0,40.0,3,400000.0,1.0,0,1,0,1
43,1849,12.0,43.0,4,600000.0,7.0,1,1,1,1
20,400,15.0,43.0,4,250000.0,1.0,1,0,0,1
39,1521,12.0,48.0,1,500000.0,1.0,0,0,0,0
22,484,12.0,40.0,3,1200000.0,2.0,0,1,1,0
31,961,12.0,63.0,3,500000.0,1.0,0,1,0,0
26,676,12.0,40.0,4,100000.0,1.0,0,0,0,1
62,3844,15.0,40.0,4,1200000.0,8.0,0,1,1,1
52,2704,6.0,40.0,4,100000.0,1.0,1,1,0,1
40,1600,12.0,60.0,4,1200000.0,12.0,0,1,1,1
44,1936,17.0,40.0,3,1000000.0,2.0,0,1,0,1
45,2025,17.0,40.0,3,4000000.0,2.0,1,1,0,1
45,2025,12.0,48.0,6,1800000.0,10.0,0,1,1,1
41,1681,15.0,48.0,6,850000.0,9.0,1,1,1,1
22,484,12.0,48.0,6,0.0,2.0,0,0,1,1
40,1600,12.0,48.0,3,1800000.0,9.0,0,1,1,1
36,1296,12.0,48.0,3,800000.0,6.0,1,1,1,1
53,2809,8.0,48.0,1,800000.0,1.0,0,0,0,1
59,3481,17.0,48.0,1,2000000.0,5.0,0,0,0,1
51,2601,15.0,43.0,2,700000.0,8.0,1,0,1,1
55,3025,19.0,27.0,1,800000.0,1.0,1,0,0,1
43,1849,17.0,40.0,1,2100000.0,12.0,1,0,1,1
62,3844,9.0,70.0,2,1300000.0,1.0,0,1,0,1
46,2116,14.0,70.0,2,500000.0,9.0,1,0,1,1
51,2601,15.0,45.0,3,1700000.0,10.0,1,1,1,1
58,3364,15.0,44.0,2,800000.0,10.0,1,0,1,1
25,625,17.0,44.0,2,800000.0,9.0,1,1,1,1
44,1936,8.0,0.0,4,900000.0,7.0,1,1,1,1
27,729,11.0,48.0,1,335000.0,2.0,0,0,1,0
56,3136,12.0,16.0,3,300000.0,1.0,1,1,0,1
64,4096,6.0,30.0,3,600000.0,10.0,1,1,1,1
34,1156,19.0,45.0,1,2400000.0,12.0,0,0,1,1
44,1936,15.0,60.0,4,1800000.0,8.0,0,1,1,1
40,1600,16.0,60.0,4,1600000.0,12.0,1,1,1,1
35,1225,15.0,0.0,4,900000.0,12.0,0,1,1,1
41,1681,15.0,0.0,4,1000000.0,12.0,1,1,1,1
43,1849,9.0,84.0,7,1500000.0,1.0,0,1,0,0
60,3600,12.0,40.0,2,800000.0,9.0,0,0,1,1
51,2601,17.0,60.0,4,2500000.0,1.0,0,1,0,1
50,2500,15.0,60.0,4,1400000.0,6.0,1,1,1,1
36,1296,12.0,40.0,2,1000000.0,3.0,1,1,1,1
43,1849,12.0,40.0,2,800000.0,7.0,0,1,1,1
31,961,12.0,35.0,4,2000000.0,8.0,0,1,1,1
29,841,12.0,35.0,4,300000.0,1.0,1,1,0,1
62,3844,6.0,45.0,3,900000.0,8.0,0,1,1,1
46,2116,12.0,48.0,5,700000.0,2.0,0,1,1,1
30,900,12.0,48.0,5,1322000.0,6.0,1,1,1,1
59,3481,6.0,24.0,5,200000.0,1.0,0,1,0,0
45,2025,17.0,40.0,3,1000000.0,7.0,1,1,1,1
49,2401,12.0,40.0,3,1200000.0,7.0,0,1,1,1
40,1600,12.0,60.0,3,980000.0,11.0,0,1,1,1
40,1600,11.0,26.0,4,500000.0,6.0,1,0,1,0
36,1296,15.0,25.0,3,500000.0,10.0,1,1,1,1
38,1444,12.0,25.0,3,700000.0,7.0,0,1,1,1
56,3136,9.0,48.0,1,800000.0,6.0,0,0,1,1
64,4096,6.0,48.0,1,1200000.0,10.0,0,0,1,1
43,1849,6.0,60.0,4,400000.0,1.0,0,1,0,1
32,1024,8.0,36.0,7,200000.0,1.0,1,1,0,0
32,1024,12.0,48.0,6,384000.0,3.0,1,0,1,0
32,1024,12.0,84.0,5,2500000.0,7.0,0,1,1,1
49,2401,15.0,41.0,5,900000.0,7.0,1,1,1,1
52,2704,12.0,41.0,5,1000000.0,3.0,0,1,1,1
45,2025,15.0,40.0,4,1800000.0,10.0,0,1,1,1
37,1369,17.0,40.0,4,1500000.0,9.0,1,1,1,1
53,2809,15.0,25.0,2,2000000.0,7.0,1,0,1,1
78,6084,12.0,30.0,2,1000000.0,1.0,0,1,0,1
54,2916,17.0,26.0,5,850000.0,8.0,1,0,1,1
23,529,16.0,26.0,5,400000.0,8.0,1,0,1,1
20,400,12.0,26.0,5,550000.0,8.0,0,0,1,1
36,1296,17.0,60.0,3,1900000.0,7.0,1,1,1,1
36,1296,6.0,48.0,5,600000.0,7.0,0,1,1,1
54,2916,12.0,60.0,2,1500000.0,6.0,0,1,1,1
51,2601,12.0,24.0,4,320000.0,6.0,0,0,1,1
39,1521,17.0,42.0,2,1900000.0,6.0,1,1,1,1
47,2209,8.0,42.0,2,1700000.0,11.0,0,1,1,1
52,2704,7.0,60.0,5,1700000.0,10.0,0,1,1,1
52,2704,12.0,60.0,5,1300000.0,10.0,1,1,1,1
17,289,10.0,17.0,4,0.0,1.0,1,0,0,0
26,676,12.0,36.0,3,800000.0,6.0,1,0,1,1
49,2401,6.0,48.0,1,480000.0,1.0,0,0,0,0
47,2209,12.0,20.0,2,50000.0,1.0,1,0,0,0
23,529,12.0,60.0,1,1800000.0,9.0,0,0,1,1
38,1444,12.0,8.0,4,700000.0,1.0,0,1,0,1
29,841,12.0,32.0,1,700000.0,7.0,0,0,1,1
53,2809,8.0,45.0,2,400000.0,3.0,0,1,1,0
58,3364,9.0,5.0,2,150000.0,1.0,1,0,0,1
21,441,13.0,5.0,2,1200000.0,6.0,1,0,1,1
37,1369,15.0,40.0,1,1387000.0,1.0,0,0,0,1
50,2500,12.0,40.0,1,1700000.0,12.0,1,0,1,1
33,1089,17.0,20.0,3,1200000.0,8.0,0,0,1,1
55,3025,6.0,40.0,1,680000.0,1.0,0,0,0,1
40,1600,12.0,30.0,1,1400000.0,10.0,0,0,1,1
44,1936,15.0,40.0,3,1000000.0,10.0,1,0,1,1
58,3364,12.0,9.0,4,500000.0,1.0,1,0,1,1
42,1764,19.0,30.0,4,3000000.0,1.0,1,1,0,1
43,1849,19.0,30.0,4,3000000.0,10.0,0,1,1,1
52,2704,8.0,40.0,3,1500000.0,10.0,0,1,1,1
21,441,8.0,40.0,7,480000.0,6.0,0,0,1,0
40,1600,12.0,49.0,3,500000.0,7.0,0,1,1,1
39,1521,12.0,49.0,3,480000.0,7.0,1,1,1,1
48,2304,12.0,50.0,7,400000.0,1.0,0,1,0,0
20,400,10.0,50.0,7,360000.0,3.0,1,0,1,0
35,1225,6.0,101.0,5,600000.0,2.0,0,1,0,1
34,1156,13.0,60.0,5,150000.0,1.0,1,1,0,1
51,2601,6.0,20.0,5,78000.0,7.0,1,1,1,0
26,676,12.0,20.0,5,78000.0,7.0,1,0,1,0
57,3249,6.0,20.0,5,200000.0,1.0,0,1,1,0
29,841,10.0,60.0,5,1000000.0,5.0,0,1,1,0
28,784,12.0,60.0,5,480000.0,6.0,1,1,1,0
59,3481,15.0,70.0,2,300000.0,1.0,0,1,0,0
56,3136,11.0,48.0,3,2000000.0,3.0,0,1,0,0
56,3136,12.0,48.0,3,300000.0,1.0,1,1,0,0
58,3364,6.0,40.0,3,300000.0,1.0,1,1,0,1
39,1521,13.0,8.0,1,1000000.0,1.0,1,0,1,0
52,2704,15.0,47.0,2,1900000.0,6.0,0,0,1,1
62,3844,15.0,70.0,1,2800000.0,6.0,0,0,1,0
37,1369,12.0,24.0,4,450000.0,2.0,1,1,1,0
34,1156,9.0,40.0,4,600000.0,1.0,0,1,0,0
64,4096,12.0,30.0,1,1700000.0,11.0,0,0,1,1
62,3844,12.0,40.0,5,1700000.0,4.0,0,0,1,1
34,1156,12.0,30.0,2,2600000.0,9.0,0,0,1,1
50,2500,14.0,66.0,3,900000.0,10.0,0,1,1,1
69,4761,12.0,54.0,1,250000.0,1.0,0,0,0,1
45,2025,12.0,66.0,3,800000.0,9.0,1,1,1,1
64,4096,14.0,30.0,2,300000.0,1.0,0,0,0,1
26,676,12.0,62.0,1,1100000.0,7.0,0,0,1,1
39,1521,12.0,0.0,3,1010000.0,7.0,1,1,1,1
42,1764,12.0,0.0,3,1400000.0,7.0,0,1,1,1
35,1225,13.0,59.0,4,480000.0,3.0,1,0,1,0
49,2401,9.0,30.0,9,520000.0,11.0,1,0,1,1
33,1089,12.0,30.0,9,600000.0,6.0,0,1,0,0
54,2916,12.0,10.0,3,300000.0,1.0,1,0,0,0
38,1444,15.0,48.0,4,900000.0,2.0,1,1,1,1
36,1296,16.0,40.0,4,5000000.0,1.0,0,1,1,1
50,2500,12.0,32.0,2,560000.0,2.0,1,0,1,0
51,2601,12.0,40.0,2,1000000.0,6.0,1,1,1,1
42,1764,12.0,33.0,5,600000.0,1.0,0,1,0,0
36,1296,15.0,40.0,5,1600000.0,7.0,0,1,1,1
42,1764,17.0,40.0,4,2100000.0,11.0,0,0,1,1
51,2601,12.0,40.0,1,1200000.0,1.0,0,0,0,1
43,1849,12.0,40.0,4,1500000.0,8.0,0,1,1,1
40,1600,16.0,20.0,3,2000000.0,1.0,0,1,0,1
53,2809,15.0,34.0,2,2000000.0,12.0,1,1,1,1
28,784,15.0,20.0,3,1900000.0,1.0,1,1,0,1
32,1024,12.0,52.0,1,1830000.0,12.0,0,0,1,1
51,2601,17.0,60.0,2,6350000.0,10.0,0,0,1,1
57,3249,12.0,34.0,2,0.0,10.0,0,1,1,1
36,1296,12.0,40.0,4,0.0,1.0,1,1,0,0
44,1936,12.0,20.0,3,78000.0,9.0,1,0,1,1
43,1849,6.0,40.0,4,0.0,1.0,0,1,0,1
18,324,12.0,20.0,6,360000.0,3.0,0,0,1,0
66,4356,9.0,1.0,1,80000.0,1.0,1,0,0,1
40,1600,12.0,30.0,4,700000.0,6.0,1,1,1,1
38,1444,6.0,30.0,4,1000000.0,10.0,0,1,1,1
33,1089,16.0,28.0,1,1000000.0,11.0,0,0,1,1
23,529,13.0,48.0,2,420000.0,7.0,1,0,1,1
53,2809,7.0,45.0,3,1290000.0,11.0,1,1,1,1
68,4624,12.0,24.0,3,400000.0,5.0,0,1,1,1
34,1156,12.0,72.0,3,250000.0,2.0,1,1,0,0
51,2601,6.0,72.0,3,250000.0,2.0,0,1,0,0
26,676,12.0,48.0,2,600000.0,7.0,0,1,1,0
56,3136,6.0,60.0,6,700000.0,1.0,0,1,0,1
18,324,11.0,60.0,6,0.0,2.0,0,0,0,0
58,3364,12.0,46.0,2,150000.0,6.0,1,1,1,1
35,1225,14.0,30.0,5,200000.0,5.0,0,1,1,0
48,2304,12.0,44.0,4,900000.0,8.0,0,1,1,1
42,1764,15.0,48.0,2,900000.0,4.0,1,0,1,1
63,3969,6.0,56.0,2,1500000.0,11.0,0,1,1,1
55,3025,6.0,40.0,1,1400000.0,1.0,0,0,0,0
37,1369,12.0,60.0,1,900000.0,1.0,0,0,0,0
39,1521,14.0,28.0,2,1000000.0,10.0,0,0,1,1
43,1849,17.0,45.0,4,2500000.0,5.0,0,1,0,1
42,1764,17.0,45.0,4,2500000.0,12.0,1,1,1,1
58,3364,12.0,41.0,4,400000.0,6.0,1,1,1,1
20,400,11.0,47.0,3,800000.0,3.0,0,1,1,0
22,484,12.0,45.0,2,900000.0,6.0,0,0,1,0
63,3969,13.0,41.0,4,1400000.0,11.0,0,1,1,1
47,2209,13.0,44.0,1,600000.0,2.0,0,0,1,1
55,3025,10.0,45.0,6,1100000.0,6.0,1,1,1,1
56,3136,15.0,45.0,6,800000.0,4.0,0,1,1,1
31,961,9.0,45.0,6,1000000.0,6.0,0,0,1,1
52,2704,13.0,64.0,2,200000.0,1.0,1,0,0,0
19,361,12.0,45.0,4,160000.0,2.0,1,0,1,1
22,484,12.0,45.0,4,0.0,2.0,1,1,0,0
18,324,9.0,45.0,4,0.0,2.0,0,1,0,0
48,2304,6.0,48.0,4,1500000.0,10.0,0,1,1,1
45,2025,12.0,18.0,2,400000.0,11.0,0,0,1,0
63,3969,6.0,30.0,2,970000.0,7.0,0,1,1,1
26,676,12.0,48.0,2,1600000.0,9.0,0,1,1,0
25,625,15.0,48.0,2,1000000.0,6.0,1,1,1,1
51,2601,6.0,40.0,4,1400000.0,1.0,0,1,0,1
50,2500,12.0,50.0,5,1250000.0,9.0,0,1,1,1
48,2304,15.0,50.0,5,800000.0,9.0,1,1,1,1
62,3844,15.0,0.0,2,200000.0,2.0,1,0,1,1
26,676,12.0,24.0,2,1800000.0,12.0,0,1,1,1
34,1156,12.0,40.0,3,360000.0,8.0,0,1,1,1
30,900,14.0,40.0,3,800000.0,6.0,1,1,1,1
54,2916,17.0,50.0,2,1100000.0,9.0,1,0,1,1
25,625,15.0,48.0,2,1200000.0,9.0,0,1,1,1
39,1521,13.0,40.0,3,1100000.0,12.0,1,1,1,1
37,1369,15.0,40.0,3,1600000.0,12.0,0,1,1,1
51,2601,12.0,40.0,3,1500000.0,8.0,1,0,1,1
36,1296,12.0,48.0,1,1000000.0,12.0,0,0,1,1
50,2500,15.0,40.0,5,1800000.0,7.0,0,1,1,1
41,1681,12.0,33.0,7,800000.0,6.0,1,1,1,0
29,841,15.0,56.0,4,1200000.0,12.0,0,1,1,1
22,484,6.0,33.0,7,2000000.0,3.0,0,1,0,0
55,3025,12.0,21.0,5,1500000.0,2.0,0,1,0,0
44,1936,6.0,33.0,7,6000000.0,2.0,0,1,0,0
50,2500,15.0,45.0,2,600000.0,8.0,1,0,1,1
59,3481,6.0,60.0,4,2000000.0,2.0,0,1,0,0
23,529,10.0,40.0,4,1000000.0,12.0,0,0,1,1
66,4356,6.0,70.0,2,0.0,2.0,1,1,0,1
76,5776,6.0,70.0,2,0.0,2.0,0,1,0,1
39,1521,6.0,72.0,5,700000.0,10.0,0,1,1,1
17,289,8.0,72.0,5,0.0,1.0,0,0,1,1
53,2809,10.0,12.0,4,300000.0,1.0,0,1,0,1
36,1296,17.0,36.0,1,1900000.0,12.0,0,0,1,1
31,961,13.0,99.0,1,2700000.0,9.0,0,1,1,1
58,3364,12.0,40.0,1,410000.0,3.0,0,0,1,0
63,3969,17.0,32.0,2,1026000.0,9.0,1,1,1,1
59,3481,5.0,42.0,4,500000.0,2.0,0,1,1,1
43,1849,15.0,39.0,2,800000.0,8.0,1,0,1,1
27,729,15.0,48.0,2,1150000.0,10.0,1,1,1,1
42,1764,12.0,30.0,4,900000.0,8.0,1,1,1,1
44,1936,12.0,30.0,4,1100000.0,9.0,0,1,1,1
34,1156,15.0,20.0,1,1000000.0,8.0,0,0,1,1
45,2025,17.0,40.0,2,1900000.0,10.0,0,1,1,1
33,1089,17.0,40.0,2,600000.0,1.0,1,1,0,1
38,1444,15.0,72.0,3,1300000.0,8.0,0,1,1,1
44,1936,12.0,32.0,3,600000.0,1.0,0,0,0,0
44,1936,17.0,53.0,3,1200000.0,10.0,1,1,1,1
46,2116,15.0,53.0,3,1200000.0,9.0,0,1,1,1
37,1369,13.0,61.0,3,2280000.0,9.0,0,1,1,1
23,529,12.0,21.0,5,1000000.0,2.0,0,0,0,0
20,400,12.0,21.0,5,1000000.0,6.0,1,0,1,1
63,3969,8.0,48.0,7,1500000.0,1.0,0,0,0,0
33,1089,12.0,45.0,2,400000.0,2.0,0,0,1,0
56,3136,12.0,35.0,3,900000.0,1.0,0,1,0,0
53,2809,9.0,45.0,3,800000.0,3.0,1,1,1,1
48,2304,12.0,45.0,3,1200000.0,1.0,0,1,0,1
39,1521,15.0,72.0,4,700000.0,6.0,0,1,0,1
38,1444,15.0,72.0,4,700000.0,2.0,1,1,0,1
51,2601,12.0,60.0,4,1000000.0,5.0,1,0,1,1
57,3249,8.0,0.0,1,600000.0,7.0,0,0,1,1
47,2209,10.0,45.0,3,1200000.0,9.0,0,0,1,1
73,5329,6.0,10.0,3,160000.0,1.0,1,0,0,1
49,2401,6.0,10.0,3,400000.0,7.0,1,0,1,1
59,3481,9.0,37.0,2,400000.0,1.0,1,1,0,1
55,3025,12.0,30.0,3,150000.0,8.0,0,1,1,1
52,2704,12.0,30.0,3,1000000.0,10.0,1,1,1,1
42,1764,12.0,0.0,3,1000000.0,12.0,0,1,1,1
41,1681,12.0,40.0,5,1800000.0,7.0,0,1,1,1
49,2401,9.0,48.0,4,1600000.0,6.0,0,0,1,1
33,1089,12.0,48.0,2,1300000.0,11.0,1,0,1,1
31,961,17.0,61.0,3,2000000.0,12.0,1,1,1,1
61,3721,14.0,15.0,1,600000.0,1.0,1,0,0,1
37,1369,12.0,0.0,1,1300000.0,11.0,0,0,1,1
63,3969,17.0,45.0,2,5500000.0,12.0,0,1,1,1
39,1521,17.0,45.0,1,3200000.0,12.0,0,0,1,1
52,2704,12.0,45.0,6,1300000.0,6.0,0,1,1,1
28,784,14.0,45.0,6,1100000.0,7.0,0,0,1,1
22,484,12.0,48.0,2,76000.0,2.0,0,0,1,0
32,1024,15.0,40.0,4,1000000.0,9.0,1,1,1,1
25,625,12.0,45.0,6,1200000.0,6.0,0,0,1,1
23,529,12.0,45.0,6,550000.0,3.0,1,0,1,1
44,1936,12.0,45.0,4,1000000.0,9.0,0,1,1,1
45,2025,15.0,45.0,4,857000.0,10.0,1,1,1,1
24,576,12.0,45.0,4,1500000.0,11.0,0,0,1,1
73,5329,8.0,25.0,6,480000.0,1.0,1,1,0,1
43,1849,15.0,25.0,6,1300000.0,1.0,1,1,0,1
44,1936,6.0,25.0,6,1000000.0,1.0,0,1,0,1
21,441,14.0,25.0,6,528000.0,3.0,1,0,1,1
36,1296,12.0,45.0,4,900000.0,12.0,1,0,1,1
25,625,12.0,40.0,2,1000000.0,6.0,0,0,1,1
31,961,12.0,40.0,1,1200000.0,11.0,0,0,1,1
36,1296,12.0,40.0,4,1100000.0,9.0,0,1,1,1
40,1600,17.0,49.0,2,6000000.0,3.0,0,0,0,1
48,2304,9.0,72.0,6,400000.0,1.0,1,0,0,0
26,676,12.0,72.0,6,300000.0,8.0,1,0,1,0
27,729,15.0,60.0,4,1000000.0,6.0,0,1,0,0
58,3364,6.0,30.0,2,580000.0,4.0,0,1,1,1
38,1444,9.0,48.0,3,2400000.0,2.0,1,0,0,0
41,1681,11.0,40.0,2,800000.0,1.0,0,1,0,0
25,625,15.0,60.0,1,1300000.0,7.0,1,0,1,1
28,784,12.0,40.0,1,480000.0,4.0,0,0,1,0
34,1156,15.0,20.0,3,1100000.0,11.0,0,1,1,1
41,1681,12.0,40.0,3,1800000.0,8.0,1,0,1,1
60,3600,12.0,35.0,3,1500000.0,9.0,0,1,1,1
59,3481,12.0,35.0,3,1500000.0,9.0,1,1,1,1
24,576,14.0,48.0,4,600000.0,12.0,0,0,1,1
51,2601,12.0,16.0,4,1000000.0,7.0,0,1,1,1
39,1521,15.0,54.0,1,2000000.0,5.0,1,0,0,1
53,2809,17.0,12.0,1,1000000.0,1.0,1,0,0,1
20,400,12.0,70.0,5,700000.0,4.0,1,0,1,0
44,1936,6.0,39.0,3,800000.0,1.0,0,1,0,1
41,1681,6.0,32.0,3,1000000.0,6.0,0,1,1,0
43,1849,10.0,47.0,3,900000.0,6.0,0,1,1,1
35,1225,12.0,47.0,3,500000.0,7.0,1,1,1,1
74,5476,6.0,60.0,2,400000.0,3.0,0,1,0,1
38,1444,12.0,70.0,4,900000.0,1.0,0,1,0,0
38,1444,12.0,6.0,4,200000.0,1.0,1,1,0,0
37,1369,9.0,6.0,4,2000000.0,6.0,0,1,1,0
22,484,10.0,60.0,3,850000.0,1.0,1,1,0,0
23,529,10.0,60.0,3,720000.0,7.0,0,1,1,0
44,1936,12.0,55.0,5,2000000.0,11.0,0,1,1,1
52,2704,12.0,60.0,3,900000.0,12.0,1,0,1,1
24,576,6.0,40.0,5,400000.0,2.0,0,1,1,0
38,1444,9.0,40.0,1,1000000.0,2.0,0,0,1,0
35,1225,16.0,30.0,1,1200000.0,6.0,1,0,1,1
52,2704,15.0,30.0,1,2800000.0,7.0,1,0,1,1
55,3025,12.0,40.0,2,1800000.0,10.0,0,1,1,1
35,1225,18.0,20.0,1,460000.0,9.0,0,0,1,1
29,841,12.0,30.0,1,700000.0,1.0,1,0,0,0
30,900,17.0,40.0,1,1500000.0,9.0,1,0,1,1
63,3969,12.0,41.0,2,2000000.0,2.0,0,0,0,1
22,484,9.0,41.0,2,2000000.0,2.0,0,0,1,1
45,2025,6.0,50.0,4,700000.0,2.0,0,1,1,0
43,1849,10.0,50.0,4,350000.0,2.0,1,1,1,0
64,4096,12.0,18.0,1,500000.0,7.0,1,0,1,1
33,1089,12.0,45.0,4,1000000.0,6.0,0,1,1,1
34,1156,12.0,45.0,4,20000.0,1.0,1,1,0,0
41,1681,15.0,40.0,3,1600000.0,9.0,1,1,1,1
46,2116,16.0,40.0,3,1000000.0,10.0,0,1,1,1
40,1600,12.0,40.0,4,1400000.0,8.0,0,1,1,1
39,1521,12.0,40.0,4,700000.0,6.0,1,1,1,1
39,1521,12.0,3.0,4,60000.0,2.0,1,1,1,0
43,1849,6.0,3.0,4,400000.0,1.0,0,1,0,0
38,1444,8.0,40.0,6,1500000.0,1.0,0,1,0,0
43,1849,12.0,48.0,1,1200000.0,7.0,0,0,1,1
18,324,10.0,44.0,3,140000.0,7.0,0,0,1,1
29,841,15.0,25.0,2,1600000.0,8.0,1,0,1,1
29,841,15.0,25.0,2,800000.0,8.0,1,0,1,1
29,841,9.0,12.0,1,150000.0,4.0,0,0,1,0
27,729,14.0,48.0,2,850000.0,5.0,1,0,1,1
60,3600,17.0,30.0,4,1600000.0,9.0,0,1,1,1
56,3136,15.0,30.0,4,700000.0,8.0,1,1,1,1
22,484,14.0,30.0,4,500000.0,12.0,1,0,1,1
27,729,12.0,30.0,4,850000.0,8.0,1,0,1,1
47,2209,16.0,30.0,3,815000.0,6.0,1,0,1,1
63,3969,17.0,48.0,2,6000000.0,9.0,0,0,0,1
75,5625,17.0,12.0,1,2200000.0,1.0,0,0,1,1
73,5329,17.0,40.0,3,3500000.0,1.0,0,1,0,1
73,5329,17.0,40.0,3,3000000.0,12.0,1,1,1,1
36,1296,17.0,40.0,3,1800000.0,1.0,0,0,0,1
33,1089,17.0,40.0,3,1500000.0,1.0,0,1,0,1
54,2916,8.0,40.0,3,1000000.0,8.0,0,1,1,1
52,2704,15.0,32.0,4,800000.0,9.0,1,1,1,1
52,2704,16.0,23.0,1,400000.0,1.0,0,0,0,0
65,4225,12.0,30.0,1,400000.0,3.0,1,0,1,1
41,1681,19.0,20.0,1,1500000.0,9.0,1,0,1,1
70,4900,17.0,48.0,2,800000.0,2.0,1,1,1,1
74,5476,17.0,48.0,2,1500000.0,1.0,0,1,0,1
37,1369,17.0,40.0,5,2350000.0,12.0,1,1,1,1
36,1296,14.0,40.0,5,1300000.0,3.0,0,1,1,1
40,1600,19.0,40.0,1,1500000.0,12.0,1,0,1,1
64,4096,12.0,44.0,2,1200000.0,2.0,0,1,1,1
65,4225,8.0,48.0,2,1200000.0,7.0,0,1,1,1
29,841,13.0,40.0,2,800000.0,9.0,0,1,1,1
21,441,7.0,40.0,4,600000.0,8.0,1,0,1,1
29,841,13.0,40.0,2,1500000.0,11.0,1,1,1,1
43,1849,15.0,66.0,3,890000.0,12.0,1,0,1,0
55,3025,10.0,54.0,2,800000.0,2.0,0,1,1,1
46,2116,17.0,30.0,4,1500000.0,10.0,1,0,1,1
23,529,16.0,30.0,4,200000.0,9.0,1,0,1,1
40,1600,13.0,30.0,3,900000.0,9.0,1,0,1,1
23,529,12.0,24.0,4,1200000.0,7.0,1,0,1,1
44,1936,6.0,48.0,3,800000.0,12.0,1,1,1,1
48,2304,12.0,48.0,3,1000000.0,11.0,0,1,1,1
49,2401,12.0,30.0,2,630000.0,9.0,1,1,1,1
63,3969,15.0,40.0,4,2500000.0,8.0,0,1,1,1
57,3249,15.0,40.0,4,1400000.0,7.0,1,1,1,1
27,729,15.0,40.0,4,2000000.0,9.0,0,1,1,1
65,4225,15.0,16.0,4,340000.0,10.0,0,1,1,1
53,2809,9.0,16.0,4,800000.0,6.0,1,1,1,1
20,400,12.0,16.0,4,250000.0,5.0,1,0,1,1
68,4624,12.0,30.0,2,1500000.0,7.0,0,1,1,1
35,1225,17.0,34.0,1,1000000.0,9.0,0,0,1,1
45,2025,17.0,35.0,3,1400000.0,12.0,1,0,1,1
34,1156,15.0,45.0,1,1400000.0,12.0,1,0,1,1
34,1156,9.0,12.0,4,600000.0,1.0,0,1,0,0
26,676,17.0,50.0,6,1800000.0,12.0,0,0,1,1
26,676,12.0,40.0,2,1100000.0,12.0,1,1,1,1
26,676,17.0,40.0,2,700000.0,3.0,0,1,1,1
47,2209,17.0,40.0,4,2900000.0,12.0,1,1,1,1
54,2916,12.0,40.0,4,2000000.0,7.0,0,1,1,1
49,2401,12.0,49.0,1,700000.0,1.0,0,0,0,1
29,841,12.0,26.0,2,3000000.0,1.0,1,1,0,0
26,676,15.0,22.0,2,500000.0,1.0,1,1,0,1
28,784,15.0,22.0,2,800000.0,9.0,0,1,1,1
61,3721,19.0,40.0,2,1000000.0,10.0,0,1,1,1
49,2401,6.0,40.0,2,1100000.0,6.0,1,1,1,1
56,3136,15.0,30.0,2,850000.0,6.0,1,0,1,1
34,1156,17.0,84.0,1,1300000.0,7.0,0,0,1,1
79,6241,12.0,56.0,2,2000000.0,6.0,0,1,0,1
62,3844,17.0,30.0,2,1750000.0,8.0,0,1,1,1
33,1089,17.0,32.0,1,1400000.0,9.0,0,0,1,1
62,3844,19.0,40.0,2,1800000.0,7.0,1,1,0,1
56,3136,19.0,40.0,2,2200000.0,7.0,0,1,0,1
67,4489,19.0,50.0,2,1050000.0,9.0,1,1,1,1
57,3249,17.0,40.0,3,1800000.0,12.0,1,1,1,1
65,4225,17.0,40.0,3,210000.0,12.0,0,1,1,1
55,3025,12.0,15.0,5,400000.0,6.0,0,1,1,0
39,1521,12.0,15.0,5,400000.0,1.0,1,1,0,0
54,2916,12.0,50.0,1,1700000.0,6.0,0,0,1,1
42,1764,12.0,84.0,4,1400000.0,9.0,0,1,1,1
36,1296,12.0,84.0,4,1100000.0,11.0,1,1,1,1
47,2209,14.0,40.0,4,3500000.0,10.0,0,1,1,1
44,1936,17.0,40.0,4,2100000.0,12.0,1,1,1,1
86,7396,15.0,50.0,3,1600000.0,4.0,1,1,1,1
36,1296,17.0,45.0,2,2000000.0,7.0,0,1,1,1
29,841,17.0,45.0,2,900000.0,8.0,1,1,1,1
52,2704,12.0,35.0,2,700000.0,11.0,1,0,1,1
21,441,12.0,35.0,2,700000.0,10.0,1,0,1,1
58,3364,9.0,32.0,3,1200000.0,9.0,1,1,1,1
56,3136,19.0,50.0,1,900000.0,1.0,0,1,0,1
48,2304,14.0,28.0,2,850000.0,12.0,1,0,1,1
30,900,6.0,48.0,4,300000.0,2.0,0,1,1,1
32,1024,12.0,48.0,3,800000.0,10.0,0,0,1,1
36,1296,17.0,45.0,5,2000000.0,10.0,0,1,1,1
27,729,17.0,40.0,1,1700000.0,9.0,0,0,1,1
33,1089,17.0,40.0,2,2000000.0,10.0,0,1,1,1
25,625,16.0,40.0,2,1200000.0,12.0,1,1,1,1
50,2500,15.0,40.0,3,1500000.0,9.0,0,1,1,1
48,2304,12.0,40.0,3,1300000.0,9.0,1,1,1,1
61,3721,13.0,20.0,3,1400000.0,3.0,0,1,0,1
60,3600,17.0,20.0,3,1500000.0,12.0,1,1,1,1
60,3600,12.0,40.0,4,1630000.0,7.0,0,1,1,1
65,4225,12.0,22.0,1,180000.0,1.0,1,0,0,1
50,2500,13.0,36.0,5,1200000.0,7.0,0,1,1,0
51,2601,12.0,36.0,5,2000000.0,8.0,1,1,1,0
64,4096,12.0,45.0,1,1007000.0,1.0,1,0,1,1
24,576,15.0,30.0,4,400000.0,3.0,1,1,1,0
22,484,13.0,30.0,4,500000.0,5.0,0,1,1,1
42,1764,17.0,40.0,4,5000000.0,1.0,0,1,0,1
45,2025,17.0,0.0,2,1200000.0,10.0,1,0,1,1
29,841,14.0,40.0,2,300000.0,2.0,1,0,1,1
36,1296,15.0,40.0,2,900000.0,8.0,1,1,1,1
36,1296,15.0,40.0,2,500000.0,5.0,0,1,0,1
56,3136,6.0,40.0,3,900000.0,8.0,0,1,1,1
35,1225,12.0,40.0,3,2200000.0,7.0,0,1,1,1
34,1156,17.0,40.0,3,1000000.0,1.0,1,1,0,1
52,2704,6.0,24.0,4,840000.0,7.0,1,0,1,1
62,3844,17.0,30.0,1,5000000.0,12.0,0,0,1,1
67,4489,17.0,8.0,1,110000.0,5.0,0,0,0,1
30,900,12.0,45.0,1,1100000.0,10.0,1,0,1,1
32,1024,17.0,40.0,1,1800000.0,12.0,1,0,1,1
41,1681,17.0,40.0,1,2200000.0,12.0,0,0,1,1
34,1156,19.0,31.0,1,2600000.0,12.0,1,0,1,1
31,961,18.0,32.0,1,4000000.0,12.0,1,0,1,1
39,1521,17.0,28.0,4,8000000.0,12.0,0,1,1,1
36,1296,17.0,28.0,4,3500000.0,12.0,1,1,1,1
44,1936,13.0,62.0,1,2100000.0,12.0,1,0,1,1
49,2401,17.0,0.0,3,2500000.0,11.0,1,1,1,1
54,2916,17.0,0.0,3,2000000.0,1.0,0,1,0,1
50,2500,12.0,30.0,3,1150000.0,12.0,1,1,1,1
55,3025,12.0,30.0,3,2200000.0,12.0,0,1,1,1
35,1225,14.0,50.0,3,700000.0,1.0,0,0,0,0
43,1849,9.0,48.0,3,997000.0,1.0,1,1,1,1
53,2809,3.0,48.0,3,1200000.0,1.0,0,1,1,1
55,3025,19.0,32.0,3,10000000.0,11.0,0,1,1,1
57,3249,17.0,32.0,3,5000000.0,11.0,1,1,1,1
23,529,17.0,32.0,3,600000.0,10.0,1,0,1,1
24,576,15.0,32.0,1,480000.0,6.0,0,0,1,0
43,1849,6.0,40.0,2,800000.0,1.0,0,1,0,0
24,576,12.0,48.0,2,800000.0,5.0,1,1,1,1
48,2304,17.0,35.0,1,2000000.0,7.0,0,0,1,1
39,1521,12.0,50.0,4,4000000.0,6.0,0,1,1,1
38,1444,17.0,50.0,4,4000000.0,10.0,1,1,1,1
56,3136,15.0,40.0,1,0.0,7.0,1,0,1,1
70,4900,15.0,25.0,2,1000000.0,7.0,0,1,1,1
56,3136,12.0,39.0,4,800000.0,1.0,0,1,0,1
30,900,12.0,40.0,1,700000.0,4.0,0,0,1,1
29,841,17.0,36.0,1,1500000.0,6.0,1,0,1,1
51,2601,17.0,35.0,2,2255000.0,10.0,1,0,1,1
23,529,15.0,35.0,2,800000.0,8.0,0,0,1,1
39,1521,19.0,28.0,1,3000000.0,11.0,0,0,1,1
64,4096,17.0,40.0,3,2000000.0,11.0,0,1,1,1
24,576,16.0,40.0,3,3000000.0,12.0,1,0,1,1
51,2601,19.0,49.0,3,1000000.0,12.0,1,0,1,1
49,2401,17.0,40.0,4,4000000.0,7.0,0,1,1,1
44,1936,13.0,40.0,4,3000000.0,11.0,1,1,1,1
57,3249,12.0,20.0,3,500000.0,1.0,1,1,0,1
24,576,13.0,30.0,3,1300000.0,12.0,0,0,1,1
45,2025,17.0,30.0,3,3000000.0,8.0,1,1,1,1
72,5184,9.0,20.0,3,50000.0,1.0,0,1,0,1
30,900,12.0,0.0,3,800000.0,5.0,1,1,1,1
63,3969,19.0,35.0,3,6000000.0,7.0,0,1,1,1
61,3721,19.0,35.0,3,6000000.0,7.0,1,1,1,1
35,1225,13.0,40.0,1,1600000.0,11.0,0,0,1,1
59,3481,15.0,60.0,2,4000000.0,2.0,1,0,0,1
21,441,14.0,60.0,2,3000000.0,2.0,1,0,1,1
45,2025,15.0,36.0,3,1700000.0,12.0,0,1,1,1
38,1444,12.0,36.0,3,2000000.0,12.0,1,1,1,1
39,1521,15.0,49.0,1,800000.0,1.0,0,0,0,1
57,3249,15.0,40.0,3,5000000.0,2.0,0,0,0,1
61,3721,15.0,40.0,3,5000000.0,2.0,1,0,0,1
24,576,14.0,40.0,3,3200000.0,2.0,0,0,1,1
47,2209,17.0,30.0,2,800000.0,7.0,1,1,1,1
55,3025,9.0,30.0,2,800000.0,1.0,0,1,0,1
73,5329,17.0,45.0,1,3300000.0,8.0,0,0,0,1
63,3969,17.0,16.0,3,1200000.0,9.0,0,1,1,1
63,3969,17.0,16.0,3,3000000.0,1.0,1,1,0,1
44,1936,19.0,40.0,2,4300000.0,11.0,0,0,1,1
32,1024,12.0,21.0,1,1000000.0,1.0,0,0,0,1
54,2916,17.0,30.0,1,3200000.0,12.0,0,0,1,1
43,1849,15.0,30.0,4,2000000.0,11.0,1,1,1,1
30,900,17.0,32.0,2,650000.0,7.0,1,1,1,1
43,1849,17.0,32.0,2,2500000.0,11.0,0,1,1,1
37,1369,17.0,4.0,1,300000.0,1.0,0,0,0,0
41,1681,12.0,0.0,1,920000.0,8.0,0,0,1,1
32,1024,8.0,0.0,3,600000.0,1.0,0,1,0,1
50,2500,17.0,45.0,3,10000000.0,4.0,0,1,0,1
51,2601,15.0,45.0,3,1000000.0,7.0,1,1,1,1
56,3136,15.0,30.0,1,1500000.0,9.0,1,0,1,1
53,2809,18.0,60.0,5,5000000.0,7.0,0,1,0,1
50,2500,16.0,60.0,5,800000.0,9.0,1,1,1,1
43,1849,19.0,30.0,1,1100000.0,1.0,0,0,1,1
28,784,13.0,40.0,2,980000.0,1.0,0,0,0,0
41,1681,15.0,60.0,1,1200000.0,12.0,0,0,1,1
28,784,12.0,40.0,1,1400000.0,6.0,0,0,1,1
40,1600,15.0,0.0,3,800000.0,6.0,0,0,1,1
66,4356,6.0,48.0,2,1000000.0,1.0,1,0,1,1
42,1764,12.0,48.0,2,600000.0,6.0,0,0,1,1
32,1024,17.0,40.0,2,1000000.0,3.0,1,1,1,1
51,2601,17.0,43.0,2,3000000.0,1.0,1,0,0,1
62,3844,12.0,6.0,4,2800000.0,7.0,0,1,1,1
28,784,15.0,40.0,1,2600000.0,12.0,1,0,1,1
33,1089,17.0,30.0,1,1700000.0,11.0,0,0,1,1
32,1024,13.0,56.0,1,1300000.0,12.0,1,0,1,1
31,961,17.0,12.0,3,600000.0,1.0,1,1,0,1
36,1296,12.0,12.0,3,1000000.0,2.0,0,1,0,1
34,1156,17.0,40.0,3,1500000.0,4.0,1,1,0,1
40,1600,12.0,36.0,4,1000000.0,12.0,1,1,1,1
30,900,12.0,45.0,2,1200000.0,4.0,0,1,1,1
27,729,12.0,45.0,2,800000.0,9.0,1,1,1,1
38,1444,17.0,45.0,2,2600000.0,7.0,0,1,1,1
36,1296,19.0,52.0,1,1600000.0,12.0,0,0,1,1
40,1600,17.0,45.0,2,5000000.0,12.0,1,1,1,1
36,1296,15.0,35.0,1,1400000.0,12.0,0,0,1,1
67,4489,15.0,35.0,1,2000000.0,7.0,1,0,1,1
58,3364,15.0,10.0,2,500000.0,1.0,0,1,0,0
54,2916,15.0,10.0,2,800000.0,10.0,1,1,1,1
59,3481,17.0,48.0,2,2000000.0,1.0,0,1,0,1
46,2116,12.0,48.0,2,1200000.0,10.0,1,1,1,1
27,729,14.0,40.0,2,1400000.0,2.0,1,1,1,1
35,1225,13.0,50.0,1,2500000.0,2.0,0,0,0,1
56,3136,19.0,50.0,5,1220000.0,1.0,1,1,0,1
63,3969,15.0,50.0,5,1500000.0,7.0,0,1,1,1
24,576,12.0,50.0,5,1200000.0,3.0,0,0,1,1
26,676,15.0,32.0,1,550000.0,8.0,0,0,1,0
30,900,17.0,55.0,2,3500000.0,1.0,0,1,0,1
29,841,17.0,55.0,2,1700000.0,12.0,0,1,1,1
50,2500,17.0,48.0,1,3200000.0,10.0,0,0,1,1
42,1764,16.0,30.0,3,1400000.0,12.0,1,1,1,1
43,1849,13.0,30.0,3,1400000.0,8.0,0,1,1,1
25,625,12.0,36.0,2,1200000.0,2.0,0,1,0,1
54,2916,12.0,32.0,3,1500000.0,11.0,0,1,1,1
58,3364,12.0,32.0,3,1000000.0,1.0,1,1,0,1
53,2809,15.0,45.0,6,2000000.0,1.0,0,1,0,1
62,3844,13.0,40.0,1,1800000.0,4.0,1,0,1,1
52,2704,17.0,55.0,2,2350000.0,8.0,1,0,1,1
38,1444,17.0,65.0,1,2300000.0,10.0,0,0,1,1
30,900,15.0,48.0,3,1800000.0,12.0,1,1,1,1
30,900,17.0,48.0,3,2000000.0,11.0,0,1,1,1
55,3025,17.0,40.0,3,1300000.0,12.0,0,1,1,1
51,2601,17.0,40.0,3,1300000.0,12.0,1,1,1,1
41,1681,19.0,26.0,1,500000.0,12.0,0,0,1,1
46,2116,19.0,40.0,4,4000000.0,11.0,1,1,1,1
40,1600,17.0,57.0,2,4000000.0,12.0,0,1,1,1
45,2025,17.0,57.0,2,3500000.0,12.0,1,1,1,1
30,900,15.0,40.0,2,3000000.0,7.0,0,1,1,1
26,676,16.0,40.0,2,900000.0,9.0,1,1,1,1
34,1156,10.0,45.0,2,1000000.0,9.0,0,1,1,1
33,1089,17.0,48.0,5,500000.0,1.0,1,0,1,0
29,841,12.0,40.0,2,700000.0,5.0,0,1,1,1
25,625,15.0,40.0,2,700000.0,7.0,1,1,1,1
35,1225,14.0,48.0,2,900000.0,4.0,1,1,1,1
36,1296,15.0,45.0,2,1800000.0,1.0,0,1,0,1
30,900,16.0,45.0,2,800000.0,1.0,1,1,0,1
51,2601,17.0,91.0,2,2150000.0,6.0,1,1,1,1
43,1849,13.0,91.0,2,1450000.0,6.0,1,1,1,1
24,576,11.0,30.0,2,700000.0,11.0,0,1,1,1
24,576,12.0,30.0,2,900000.0,11.0,1,1,1,1
62,3844,14.0,40.0,3,1200000.0,3.0,0,1,1,1
35,1225,12.0,45.0,4,1000000.0,10.0,0,1,1,1
35,1225,12.0,45.0,4,250000.0,1.0,1,1,0,1
42,1764,13.0,35.0,5,1000000.0,12.0,1,0,1,1
39,1521,17.0,35.0,5,800000.0,12.0,1,0,1,1
51,2601,17.0,40.0,2,3000000.0,12.0,1,0,1,1
41,1681,17.0,45.0,1,2000000.0,12.0,0,0,1,1
49,2401,15.0,42.0,3,2500000.0,11.0,0,1,1,1
40,1600,15.0,42.0,3,400000.0,4.0,1,1,1,1
61,3721,12.0,40.0,2,1100000.0,2.0,0,1,1,1
36,1296,15.0,45.0,1,800000.0,8.0,0,0,1,1
29,841,15.0,40.0,6,100000.0,9.0,1,1,1,1
58,3364,12.0,18.0,2,500000.0,1.0,0,1,0,0
44,1936,17.0,40.0,2,1400000.0,11.0,0,1,1,1
36,1296,17.0,40.0,2,1200000.0,2.0,1,1,1,1
47,2209,19.0,35.0,1,1200000.0,10.0,1,0,1,1
64,4096,12.0,25.0,2,300000.0,6.0,0,1,1,1
44,1936,12.0,34.0,4,1700000.0,12.0,1,1,1,1
20,400,14.0,34.0,4,820000.0,11.0,0,0,1,1
49,2401,15.0,34.0,4,950000.0,1.0,0,1,0,0
44,1936,15.0,25.0,2,800000.0,1.0,1,1,0,1
54,2916,17.0,25.0,3,2000000.0,1.0,0,1,0,1
47,2209,19.0,44.0,2,4000000.0,4.0,1,0,1,1
40,1600,13.0,32.0,3,2500000.0,6.0,0,1,0,1
42,1764,15.0,32.0,3,2000000.0,5.0,1,1,0,1
41,1681,15.0,25.0,3,400000.0,1.0,0,1,1,1
47,2209,10.0,44.0,3,800000.0,2.0,0,1,1,1
22,484,11.0,30.0,2,670000.0,11.0,0,1,1,1
24,576,17.0,30.0,2,0.0,3.0,1,1,1,1
43,1849,17.0,40.0,3,1600000.0,12.0,1,1,1,1
45,2025,17.0,40.0,3,2400000.0,9.0,0,1,1,1
37,1369,16.0,35.0,3,1200000.0,12.0,0,1,1,1
34,1156,17.0,35.0,3,1300000.0,12.0,1,1,1,1
33,1089,8.0,15.0,4,200000.0,2.0,0,0,1,0
18,324,12.0,15.0,4,240000.0,7.0,0,0,1,0
26,676,17.0,34.0,2,1900000.0,6.0,1,1,1,1
28,784,15.0,34.0,2,1200000.0,7.0,1,1,1,1
54,2916,17.0,67.0,3,1250000.0,8.0,1,1,1,1
21,441,13.0,25.0,1,480000.0,6.0,1,0,1,1
59,3481,15.0,45.0,2,2000000.0,7.0,1,0,1,1
60,3600,17.0,0.0,4,7000000.0,2.0,1,0,0,1
43,1849,15.0,35.0,4,1100000.0,12.0,1,1,1,1
44,1936,15.0,35.0,4,1300000.0,12.0,0,1,1,1
46,2116,12.0,35.0,1,2000000.0,3.0,1,0,0,1
36,1296,12.0,53.0,2,550000.0,9.0,1,1,1,1
38,1444,17.0,53.0,2,1000000.0,7.0,0,1,0,1
64,4096,9.0,40.0,4,500000.0,1.0,0,0,0,1
60,3600,14.0,56.0,4,970000.0,1.0,0,1,1,1
50,2500,12.0,40.0,4,4000000.0,12.0,0,1,1,1
23,529,12.0,56.0,4,400000.0,2.0,0,0,1,0
21,441,12.0,56.0,4,400000.0,2.0,0,0,1,0
73,5329,15.0,8.0,2,1000000.0,1.0,0,1,0,1
27,729,12.0,40.0,3,1200000.0,7.0,0,1,1,1
22,484,14.0,45.0,1,1000000.0,6.0,0,1,1,1
23,529,12.0,48.0,5,1200000.0,1.0,0,0,1,1
57,3249,12.0,48.0,5,1800000.0,7.0,0,1,1,1
58,3364,13.0,48.0,2,980000.0,6.0,1,0,1,1
28,784,16.0,48.0,2,900000.0,8.0,1,0,1,1
21,441,10.0,12.0,2,600000.0,2.0,0,0,1,0
46,2116,19.0,59.0,4,1200000.0,12.0,1,1,1,1
46,2116,17.0,59.0,4,1000000.0,1.0,0,1,0,1
41,1681,14.0,60.0,2,600000.0,10.0,0,1,1,1
53,2809,15.0,63.0,4,500000.0,1.0,1,0,0,0
38,1444,17.0,48.0,3,1000000.0,2.0,0,1,1,0
46,2116,12.0,54.0,3,800000.0,4.0,1,0,1,1
46,2116,12.0,48.0,3,1000000.0,4.0,0,1,1,1
46,2116,12.0,48.0,3,900000.0,4.0,1,1,1,1
33,1089,17.0,36.0,2,2000000.0,9.0,1,1,1,1
33,1089,18.0,36.0,2,1500000.0,10.0,0,1,1,1
51,2601,17.0,15.0,2,1200000.0,1.0,1,1,0,1
65,4225,12.0,15.0,2,1000000.0,3.0,0,1,1,1
66,4356,17.0,27.0,1,1600000.0,6.0,1,0,1,1
63,3969,12.0,49.0,3,800000.0,1.0,0,1,0,1
54,2916,17.0,75.0,1,900000.0,6.0,1,0,1,1
31,961,12.0,40.0,1,1200000.0,12.0,0,0,1,1
56,3136,15.0,8.0,2,2000000.0,1.0,1,1,0,1
58,3364,15.0,8.0,2,30000000.0,1.0,0,1,0,1
26,676,15.0,28.0,1,600000.0,3.0,0,1,1,1
57,3249,17.0,40.0,2,4500000.0,9.0,0,1,1,1
26,676,17.0,32.0,1,3150000.0,6.0,1,0,1,1
35,1225,17.0,24.0,1,2500000.0,2.0,0,0,0,1
67,4489,15.0,30.0,3,1000000.0,11.0,0,1,1,1
37,1369,15.0,30.0,3,800000.0,8.0,1,0,1,1
71,5041,14.0,20.0,4,600000.0,2.0,1,0,1,1
38,1444,15.0,20.0,4,400000.0,3.0,0,1,1,0
45,2025,17.0,56.0,3,1500000.0,1.0,0,1,0,1
34,1156,17.0,56.0,3,307000.0,1.0,1,1,0,1
61,3721,12.0,36.0,3,100000.0,1.0,1,1,0,1
46,2116,15.0,52.0,4,1800000.0,3.0,0,1,1,1
50,2500,14.0,45.0,4,1100000.0,6.0,0,1,1,1
35,1225,17.0,50.0,1,1000000.0,10.0,1,0,1,1
59,3481,15.0,32.0,2,1200000.0,11.0,1,0,1,1
54,2916,19.0,64.0,3,2800000.0,12.0,0,1,1,1
42,1764,17.0,55.0,5,2400000.0,12.0,0,1,1,1
25,625,15.0,40.0,3,1800000.0,12.0,1,1,1,1
40,1600,12.0,40.0,1,1200000.0,3.0,1,0,1,1
52,2704,12.0,7.0,1,440000.0,6.0,0,0,1,0
30,900,16.0,84.0,1,5000000.0,1.0,1,0,0,1
57,3249,12.0,40.0,1,800000.0,7.0,1,0,1,1
40,1600,17.0,50.0,4,1500000.0,11.0,1,1,1,1
39,1521,17.0,50.0,4,2000000.0,11.0,0,1,1,1
50,2500,15.0,41.0,3,1200000.0,10.0,1,0,1,1
77,5929,19.0,35.0,2,2500000.0,1.0,0,1,0,1
69,4761,19.0,35.0,2,2000000.0,3.0,1,1,0,1
67,4489,15.0,70.0,1,4000000.0,1.0,0,0,0,1
43,1849,9.0,44.0,3,860000.0,3.0,0,1,1,1
43,1849,11.0,44.0,3,700000.0,3.0,1,1,1,1
21,441,12.0,44.0,3,470000.0,12.0,1,0,1,1
31,961,17.0,54.0,3,1000000.0,10.0,1,1,1,1
42,1764,17.0,54.0,3,800000.0,10.0,1,1,1,1
22,484,12.0,24.0,2,700000.0,1.0,0,0,0,1
39,1521,9.0,45.0,7,1000000.0,5.0,1,1,1,0
20,400,12.0,45.0,7,800000.0,6.0,0,0,1,0
25,625,12.0,16.0,2,430000.0,12.0,0,0,1,1
22,484,13.0,16.0,2,150000.0,1.0,1,0,0,1
60,3600,17.0,69.0,4,1400000.0,12.0,0,1,1,1
56,3136,17.0,69.0,4,2000000.0,12.0,1,1,1,1
36,1296,12.0,27.0,2,900000.0,5.0,1,0,1,1
41,1681,12.0,44.0,4,1000000.0,3.0,1,1,1,1
23,529,7.0,44.0,4,1000000.0,4.0,1,0,1,1
60,3600,9.0,4.0,2,700000.0,7.0,1,0,1,1
22,484,9.0,4.0,2,950000.0,7.0,0,0,1,1
39,1521,14.0,40.0,3,900000.0,5.0,1,1,1,1
40,1600,14.0,40.0,3,675000.0,7.0,0,1,1,1
50,2500,17.0,64.0,3,8000000.0,1.0,1,1,0,1
46,2116,17.0,43.0,1,4000000.0,9.0,1,0,1,1
28,784,15.0,3.0,1,200000.0,6.0,1,0,1,1
27,729,13.0,40.0,1,1150000.0,12.0,0,0,1,1
65,4225,19.0,35.0,1,3000000.0,9.0,1,0,1,1
27,729,17.0,40.0,1,1580000.0,8.0,1,0,1,1
34,1156,12.0,36.0,1,1500000.0,2.0,0,0,0,0
41,1681,12.0,45.0,3,900000.0,7.0,0,1,1,1
42,1764,7.0,40.0,2,1900000.0,3.0,0,1,1,1
61,3721,9.0,9.0,2,300000.0,1.0,1,1,0,1
55,3025,19.0,50.0,2,15000000.0,2.0,0,1,0,1
55,3025,19.0,50.0,2,200000.0,2.0,1,1,1,1
43,1849,15.0,30.0,3,1300000.0,8.0,1,0,1,1
63,3969,6.0,50.0,5,350000.0,2.0,1,0,0,0
34,1156,12.0,50.0,5,1000000.0,2.0,1,1,0,0
42,1764,13.0,35.0,1,700000.0,1.0,0,0,0,0
64,4096,19.0,45.0,2,2100000.0,12.0,0,0,1,1
81,6561,17.0,20.0,2,1000000.0,2.0,1,1,0,1
77,5929,17.0,20.0,2,1000000.0,2.0,1,1,0,1
49,2401,15.0,35.0,2,2120000.0,12.0,0,1,1,1
45,2025,17.0,35.0,2,2300000.0,9.0,1,1,1,1
35,1225,16.0,40.0,1,2000000.0,12.0,1,0,1,1
30,900,17.0,25.0,2,400000.0,12.0,1,0,1,1
47,2209,14.0,35.0,1,850000.0,12.0,0,0,1,1
38,1444,15.0,45.0,2,1600000.0,10.0,1,0,1,1
36,1296,13.0,24.0,2,400000.0,12.0,1,0,1,1
23,529,12.0,16.0,2,800000.0,4.0,1,0,1,1
47,2209,15.0,40.0,2,800000.0,8.0,1,0,1,1
27,729,17.0,15.0,2,900000.0,9.0,1,0,1,1
44,1936,15.0,46.0,2,900000.0,7.0,1,0,1,1
79,6241,17.0,6.0,2,0.0,1.0,0,1,1,1
29,841,17.0,40.0,1,1400000.0,8.0,1,0,1,1
48,2304,12.0,48.0,1,1800000.0,4.0,0,0,0,1
55,3025,17.0,40.0,1,1250000.0,6.0,1,0,1,1
58,3364,6.0,44.0,1,600000.0,1.0,0,0,1,1
25,625,16.0,18.0,1,400000.0,8.0,0,0,1,1
28,784,17.0,43.0,2,1200000.0,12.0,0,1,1,1
27,729,17.0,43.0,2,1200000.0,12.0,1,1,1,1
38,1444,15.0,25.0,4,4500000.0,7.0,1,1,1,1
30,900,17.0,25.0,4,5000000.0,7.0,0,1,1,1
31,961,15.0,50.0,2,1500000.0,10.0,1,1,1,1
31,961,12.0,50.0,2,1500000.0,7.0,0,1,1,1
46,2116,6.0,45.0,2,1500000.0,7.0,1,1,1,1
24,576,9.0,12.0,4,600000.0,3.0,0,0,1,0
47,2209,12.0,50.0,5,700000.0,6.0,0,1,1,0
45,2025,4.0,40.0,1,1000000.0,6.0,0,0,0,0
36,1296,17.0,35.0,2,2000000.0,1.0,1,1,0,1
38,1444,19.0,35.0,2,1300000.0,12.0,0,1,1,1
40,1600,17.0,35.0,3,600000.0,9.0,0,1,1,0
42,1764,17.0,35.0,3,2000000.0,1.0,1,1,0,1
39,1521,15.0,78.0,1,1200000.0,9.0,0,0,1,1
29,841,17.0,50.0,1,2000000.0,1.0,1,0,0,1
31,961,12.0,40.0,1,1300000.0,12.0,0,0,1,1
36,1296,12.0,40.0,1,7500000.0,7.0,0,0,1,0
29,841,12.0,45.0,1,1600000.0,7.0,1,0,1,1
44,1936,17.0,29.0,4,500000.0,6.0,0,1,1,0
29,841,12.0,40.0,1,1500000.0,3.0,0,0,0,1
41,1681,19.0,70.0,2,1200000.0,11.0,1,1,1,1
41,1681,12.0,70.0,2,700000.0,2.0,1,1,1,1
23,529,14.0,52.0,3,800000.0,1.0,1,0,0,1
56,3136,17.0,52.0,3,2000000.0,1.0,1,0,0,1
39,1521,9.0,45.0,1,1050000.0,2.0,0,0,1,1
61,3721,15.0,20.0,2,220500.0,1.0,1,0,0,0
58,3364,17.0,40.0,1,2000000.0,1.0,1,0,0,1
30,900,15.0,40.0,1,2500000.0,9.0,0,0,1,1
51,2601,17.0,30.0,2,850000.0,7.0,1,0,1,1
37,1369,6.0,45.0,3,1500000.0,12.0,1,1,1,1
41,1681,17.0,45.0,4,4000000.0,9.0,0,1,1,1
38,1444,12.0,45.0,4,2300000.0,7.0,1,1,1,1
54,2916,15.0,16.0,1,1000000.0,6.0,0,0,0,1
46,2116,15.0,25.0,2,1800000.0,9.0,0,0,1,1
54,2916,15.0,56.0,2,620000.0,7.0,1,0,1,1
41,1681,13.0,56.0,2,700000.0,7.0,0,0,1,1
58,3364,12.0,60.0,1,1500000.0,12.0,0,0,1,0
53,2809,12.0,48.0,5,1600000.0,8.0,0,1,1,1
48,2304,10.0,48.0,5,1300000.0,7.0,1,1,1,1
45,2025,15.0,25.0,2,1000000.0,1.0,0,0,0,1
61,3721,17.0,45.0,1,2000000.0,12.0,0,0,1,1
39,1521,12.0,48.0,3,5000000.0,1.0,1,1,0,1
39,1521,12.0,48.0,3,4000000.0,11.0,0,1,1,1
39,1521,12.0,59.0,4,1200000.0,11.0,0,1,1,1
29,841,12.0,118.0,5,2500000.0,6.0,0,1,1,1
28,784,17.0,40.0,2,800000.0,10.0,0,1,1,1
78,6084,15.0,43.0,2,2000000.0,6.0,0,1,0,1
61,3721,17.0,48.0,2,2000000.0,1.0,1,1,0,1
63,3969,17.0,48.0,2,2000000.0,1.0,0,1,0,1
48,2304,15.0,48.0,1,1300000.0,6.0,1,0,1,1
35,1225,17.0,40.0,1,1000000.0,5.0,1,0,1,1
27,729,15.0,48.0,1,1200000.0,3.0,0,0,1,0
34,1156,14.0,48.0,2,1500000.0,9.0,1,0,1,1
40,1600,18.0,57.0,4,1000000.0,7.0,1,1,1,1
41,1681,12.0,57.0,4,800000.0,11.0,0,1,1,1
37,1369,6.0,32.0,1,200000.0,1.0,0,0,0,0
32,1024,12.0,0.0,4,800000.0,12.0,0,1,1,1
61,3721,8.0,12.0,8,150000.0,3.0,1,0,0,1
44,1936,6.0,12.0,8,200000.0,3.0,1,0,0,0
42,1764,11.0,12.0,8,190000.0,3.0,1,0,0,0
12,144,5.0,12.0,8,100000.0,1.0,1,0,0,1
62,3844,6.0,48.0,2,120000.0,2.0,0,1,0,0
62,3844,6.0,48.0,2,120000.0,2.0,1,1,0,1
62,3844,7.0,13.0,2,280000.0,2.0,1,1,1,1
51,2601,15.0,13.0,2,400000.0,2.0,1,1,1,1
55,3025,12.0,40.0,3,620000.0,9.0,1,1,1,1
35,1225,12.0,40.0,5,1000000.0,9.0,0,1,1,1
32,1024,13.0,40.0,5,750000.0,6.0,1,1,1,1
32,1024,17.0,34.0,3,600000.0,10.0,1,0,1,1
45,2025,6.0,30.0,3,400000.0,3.0,1,0,1,0
57,3249,12.0,40.0,3,2500000.0,10.0,0,1,1,1
41,1681,8.0,21.0,4,1500000.0,1.0,0,1,0,1
42,1764,17.0,21.0,4,1600000.0,8.0,1,1,1,1
57,3249,6.0,36.0,1,144000.0,1.0,0,0,1,1
25,625,15.0,25.0,1,800000.0,9.0,0,0,1,1
41,1681,15.0,50.0,1,2000000.0,7.0,0,0,1,1
42,1764,15.0,36.0,3,1500000.0,12.0,0,1,1,1
42,1764,15.0,36.0,3,900000.0,8.0,1,1,1,1
31,961,17.0,39.0,1,3400000.0,12.0,1,0,1,1
29,841,16.0,46.0,3,1600000.0,7.0,0,1,1,1
27,729,16.0,46.0,3,1700000.0,9.0,1,1,1,1
30,900,12.0,30.0,3,1400000.0,7.0,1,0,1,1
39,1521,15.0,40.0,2,800000.0,12.0,0,0,1,1
35,1225,12.0,65.0,2,1000000.0,7.0,0,1,1,1
43,1849,15.0,40.0,1,2000000.0,4.0,0,0,1,1
47,2209,15.0,70.0,1,1300000.0,1.0,0,0,0,0
59,3481,15.0,40.0,2,1100000.0,11.0,1,0,1,1
28,784,11.0,44.0,2,1000000.0,9.0,0,1,1,1
54,2916,15.0,8.0,2,700000.0,12.0,1,0,1,1
59,3481,15.0,35.0,4,1500000.0,12.0,1,1,1,1
33,1089,15.0,35.0,4,700000.0,8.0,1,0,1,1
59,3481,15.0,35.0,4,900000.0,11.0,0,1,1,1
48,2304,15.0,72.0,2,1900000.0,9.0,0,1,1,1
54,2916,12.0,0.0,3,1500000.0,12.0,0,1,1,1
52,2704,12.0,40.0,2,1900000.0,11.0,0,1,1,1
48,2304,12.0,40.0,2,40000.0,2.0,1,1,1,1
31,961,17.0,45.0,1,2000000.0,1.0,0,0,0,1
49,2401,15.0,45.0,1,1100000.0,9.0,1,0,1,1
48,2304,12.0,59.0,3,800000.0,1.0,0,1,0,0
55,3025,17.0,41.0,2,1100000.0,10.0,1,1,1,1
45,2025,12.0,6.0,1,200000.0,1.0,0,0,0,0
37,1369,12.0,40.0,3,1500000.0,12.0,0,1,1,1
34,1156,17.0,40.0,3,1000000.0,1.0,1,1,0,1
35,1225,17.0,65.0,2,1300000.0,1.0,1,0,0,1
29,841,17.0,44.0,1,800000.0,2.0,1,0,0,1
27,729,12.0,48.0,1,900000.0,12.0,1,0,1,1
41,1681,17.0,60.0,2,1000000.0,11.0,0,1,1,1
40,1600,7.0,60.0,2,1700000.0,2.0,1,1,1,1
54,2916,19.0,40.0,4,5000000.0,12.0,0,1,1,1
47,2209,17.0,40.0,4,5000000.0,12.0,1,1,1,1
70,4900,17.0,12.0,1,700000.0,9.0,1,0,1,1
48,2304,12.0,50.0,5,1100000.0,12.0,0,1,1,1
51,2601,16.0,50.0,5,170000.0,12.0,1,1,1,1
58,3364,8.0,48.0,3,1000000.0,1.0,0,1,0,1
35,1225,15.0,48.0,3,1200000.0,7.0,1,1,1,1
31,961,12.0,48.0,3,900000.0,7.0,0,1,1,1
26,676,6.0,30.0,3,100000.0,2.0,0,0,1,0
20,400,11.0,16.0,3,80000.0,1.0,1,0,0,1
51,2601,7.0,60.0,6,800000.0,1.0,0,1,0,0
65,4225,6.0,25.0,1,800000.0,7.0,1,0,1,1
31,961,7.0,48.0,4,80000.0,1.0,1,1,0,0
34,1156,13.0,54.0,1,840000.0,7.0,1,0,1,1
38,1444,9.0,60.0,2,1400000.0,10.0,1,0,1,1
38,1444,12.0,35.0,3,500000.0,5.0,1,0,1,1
33,1089,15.0,36.0,1,1050000.0,1.0,0,0,0,1
48,2304,12.0,59.0,3,700000.0,12.0,1,1,1,1
44,1936,12.0,46.0,3,1000000.0,4.0,0,1,1,0
43,1849,17.0,46.0,3,800000.0,9.0,1,1,1,1
39,1521,12.0,40.0,1,1150000.0,5.0,1,0,1,1
54,2916,15.0,45.0,4,2000000.0,11.0,0,1,1,1
29,841,12.0,40.0,3,1250000.0,9.0,0,1,1,1
25,625,15.0,48.0,1,1200000.0,9.0,0,0,1,1
35,1225,17.0,54.0,1,2000000.0,9.0,0,0,1,1
41,1681,15.0,35.0,2,1500000.0,12.0,0,1,1,1
29,841,17.0,35.0,2,1200000.0,12.0,1,1,1,1
42,1764,12.0,35.0,4,1000000.0,12.0,0,1,1,1
42,1764,16.0,35.0,4,1000000.0,12.0,1,1,1,1
65,4225,15.0,20.0,1,7000000.0,8.0,0,0,0,1
24,576,15.0,58.0,1,0.0,1.0,1,0,0,1
55,3025,8.0,63.0,2,800000.0,1.0,1,0,0,1
37,1369,15.0,45.0,4,3000000.0,7.0,0,1,1,1
41,1681,17.0,45.0,3,1800000.0,11.0,0,1,1,1
46,2116,6.0,45.0,5,1000000.0,7.0,0,1,1,1
44,1936,12.0,48.0,5,500000.0,2.0,0,1,0,1
46,2116,12.0,48.0,5,500000.0,2.0,1,1,0,1
31,961,8.0,7.0,4,78000.0,3.0,1,0,1,0
33,1089,7.0,60.0,4,800000.0,1.0,1,0,0,0
25,625,11.0,3.0,2,300000.0,1.0,1,0,0,0
33,1089,12.0,30.0,5,550000.0,11.0,1,1,1,1
34,1156,17.0,42.0,2,600000.0,9.0,0,0,1,1
47,2209,17.0,16.0,4,700000.0,8.0,0,1,1,1
46,2116,19.0,40.0,4,1200000.0,12.0,1,0,1,1
25,625,16.0,40.0,2,1500000.0,12.0,0,1,1,1
28,784,13.0,40.0,2,0.0,1.0,1,1,0,1
41,1681,15.0,46.0,2,550000.0,10.0,1,0,1,1
44,1936,17.0,29.0,4,350000.0,9.0,1,1,1,1
25,625,17.0,45.0,3,1500000.0,11.0,0,0,1,1
79,6241,6.0,2.0,1,20000.0,1.0,1,0,0,1
45,2025,17.0,30.0,1,1300000.0,6.0,1,0,1,1
61,3721,9.0,18.0,1,300000.0,1.0,1,0,0,1
63,3969,6.0,0.0,2,700000.0,1.0,0,1,0,0
66,4356,12.0,0.0,2,300000.0,1.0,1,1,0,1
38,1444,15.0,28.0,4,1000000.0,6.0,0,1,1,1
41,1681,15.0,28.0,4,1500000.0,1.0,1,1,0,1
71,5041,15.0,20.0,1,3000000.0,1.0,0,0,0,1
34,1156,12.0,30.0,4,700000.0,6.0,1,0,1,1
31,961,12.0,42.0,4,500000.0,1.0,0,1,0,0
42,1764,12.0,56.0,5,600000.0,1.0,1,1,0,0
56,3136,13.0,40.0,4,1800000.0,10.0,0,1,1,1
73,5329,17.0,45.0,3,4000000.0,10.0,0,1,1,1
31,961,17.0,45.0,3,2000000.0,12.0,1,0,1,1
55,3025,6.0,30.0,1,900000.0,12.0,1,0,1,1
26,676,6.0,45.0,2,750000.0,4.0,0,1,1,0
23,529,12.0,45.0,2,600000.0,5.0,1,1,1,0
47,2209,12.0,48.0,4,1500000.0,11.0,0,1,1,1
50,2500,15.0,51.0,5,1000000.0,12.0,1,1,1,1
53,2809,12.0,60.0,5,800000.0,1.0,0,0,0,0
41,1681,16.0,25.0,1,500000.0,1.0,0,0,0,0
26,676,16.0,40.0,1,800000.0,12.0,0,0,1,1
52,2704,12.0,50.0,4,1300000.0,7.0,0,1,1,1
23,529,17.0,6.0,1,120000.0,1.0,0,0,0,1
36,1296,12.0,36.0,2,945000.0,7.0,1,0,1,1
28,784,17.0,35.0,1,1800000.0,12.0,1,0,1,1
58,3364,14.0,25.0,1,1600000.0,6.0,1,0,1,1
28,784,17.0,55.0,1,1100000.0,4.0,0,0,1,1
34,1156,6.0,30.0,5,1700000.0,6.0,1,0,1,1
63,3969,13.0,9.0,1,400000.0,1.0,0,0,0,0
52,2704,15.0,44.0,4,800000.0,8.0,1,1,1,1
51,2601,15.0,44.0,4,2000000.0,8.0,0,1,1,1
33,1089,12.0,45.0,4,400000.0,5.0,0,0,1,1
58,3364,13.0,45.0,2,3000000.0,7.0,0,1,1,1
41,1681,10.0,27.0,3,370000.0,9.0,1,1,1,1
59,3481,6.0,27.0,3,1000000.0,6.0,0,1,1,1
61,3721,12.0,60.0,1,600000.0,1.0,0,0,0,1
39,1521,12.0,40.0,1,600000.0,2.0,0,0,0,0
36,1296,17.0,45.0,1,500000.0,9.0,1,0,1,1
54,2916,17.0,50.0,2,3000000.0,12.0,0,0,1,1
33,1089,15.0,40.0,2,1500000.0,7.0,0,1,1,1
45,2025,12.0,45.0,3,600000.0,2.0,1,0,0,0
27,729,12.0,45.0,3,60000.0,1.0,1,0,0,0
45,2025,12.0,56.0,5,700000.0,3.0,0,1,1,0
45,2025,12.0,36.0,3,2000000.0,12.0,0,1,1,1
47,2209,15.0,36.0,3,1300000.0,7.0,1,1,1,1
27,729,14.0,35.0,4,120000.0,12.0,1,0,1,1
33,1089,17.0,50.0,1,1300000.0,6.0,0,0,1,1
19,361,12.0,67.0,1,850000.0,3.0,0,0,1,1
35,1225,19.0,50.0,5,4000000.0,12.0,0,1,1,1
38,1444,15.0,4.0,5,46000.0,2.0,1,1,1,1
41,1681,12.0,32.0,4,150000.0,8.0,1,1,1,0
43,1849,17.0,20.0,3,700000.0,9.0,1,0,1,1
46,2116,12.0,48.0,2,1000000.0,9.0,0,1,1,1
48,2304,15.0,30.0,4,350000.0,1.0,1,0,0,0
23,529,12.0,30.0,4,600000.0,3.0,0,1,1,0
56,3136,15.0,40.0,2,1800000.0,10.0,1,0,1,1
43,1849,15.0,53.0,4,900000.0,7.0,1,1,1,1
48,2304,12.0,53.0,4,1100000.0,6.0,0,1,1,1
48,2304,17.0,40.0,2,120000.0,1.0,1,0,0,1
23,529,16.0,25.0,2,1200000.0,1.0,0,1,0,1
29,841,17.0,25.0,2,600000.0,7.0,0,1,1,1
65,4225,12.0,36.0,4,800000.0,2.0,0,1,0,1
20,400,14.0,16.0,1,280000.0,9.0,0,0,1,1
64,4096,16.0,36.0,3,2500000.0,8.0,0,1,1,1
21,441,16.0,36.0,3,170000.0,10.0,0,0,1,1
37,1369,12.0,12.0,1,200000.0,1.0,0,0,0,1
52,2704,12.0,30.0,5,1500000.0,1.0,0,1,0,0
31,961,13.0,45.0,1,1200000.0,9.0,0,0,1,1
42,1764,17.0,48.0,3,1500000.0,11.0,0,1,1,1
45,2025,17.0,48.0,3,550000.0,10.0,1,1,1,1
61,3721,19.0,40.0,2,2000000.0,11.0,0,1,1,1
61,3721,19.0,40.0,2,2000000.0,3.0,1,1,0,1
47,2209,17.0,40.0,2,1200000.0,9.0,1,1,1,1
65,4225,6.0,45.0,2,500000.0,9.0,0,1,1,1
55,3025,6.0,40.0,1,1100000.0,10.0,0,0,1,1
41,1681,15.0,56.0,1,1800000.0,10.0,0,0,1,1
53,2809,12.0,40.0,5,950000.0,8.0,0,1,1,1
18,324,6.0,14.0,6,60000.0,2.0,0,0,1,0
56,3136,7.0,70.0,3,300000.0,2.0,0,1,1,1
53,2809,15.0,70.0,3,1000000.0,10.0,1,1,1,1
25,625,17.0,70.0,3,700000.0,10.0,1,0,1,1
34,1156,12.0,40.0,3,2500000.0,9.0,0,1,1,1
34,1156,12.0,40.0,3,1000000.0,5.0,1,1,1,1
50,2500,13.0,45.0,4,1200000.0,9.0,1,1,1,1
21,441,14.0,45.0,4,700000.0,12.0,0,0,1,1
70,4900,12.0,15.0,3,500000.0,1.0,0,1,0,1
45,2025,17.0,49.0,3,1500000.0,8.0,0,1,1,1
41,1681,17.0,49.0,3,2000000.0,1.0,1,1,0,1
28,784,12.0,56.0,4,200000.0,1.0,0,0,0,0
44,1936,13.0,40.0,4,3000000.0,12.0,0,1,1,1
58,3364,5.0,31.0,3,1600000.0,1.0,0,1,0,0
26,676,15.0,40.0,4,300000.0,5.0,1,0,1,1
60,3600,12.0,40.0,1,1000000.0,1.0,0,0,0,1
47,2209,17.0,50.0,4,850000.0,12.0,1,1,1,1
55,3025,15.0,36.0,2,0.0,6.0,0,1,0,1
56,3136,17.0,36.0,2,0.0,6.0,1,1,0,1
35,1225,17.0,45.0,2,1000000.0,5.0,1,0,1,1
44,1936,12.0,62.0,4,1500000.0,3.0,1,1,1,1
44,1936,6.0,62.0,4,2000000.0,7.0,0,1,1,0
62,3844,6.0,40.0,1,800000.0,9.0,0,0,1,1
30,900,14.0,4.0,2,0.0,2.0,0,1,0,0
29,841,12.0,4.0,2,200000.0,2.0,1,1,0,0
53,2809,6.0,60.0,3,1500000.0,5.0,0,1,1,1
62,3844,15.0,28.0,1,70000.0,1.0,1,0,0,1
58,3364,15.0,80.0,3,200000.0,8.0,1,1,1,1
67,4489,12.0,42.0,2,2000000.0,6.0,0,1,0,1
29,841,17.0,40.0,2,1000000.0,11.0,1,1,1,1
27,729,17.0,40.0,2,1000000.0,11.0,0,1,1,1
46,2116,6.0,84.0,5,2000000.0,9.0,0,1,1,1
43,1849,15.0,84.0,5,850000.0,12.0,1,1,1,1
21,441,12.0,84.0,5,900000.0,9.0,0,0,1,1
18,324,12.0,84.0,5,900000.0,9.0,0,0,1,1
33,1089,12.0,38.0,5,300000.0,1.0,1,0,0,0
30,900,12.0,36.0,3,1500000.0,12.0,0,1,1,1
33,1089,12.0,36.0,3,1500000.0,11.0,1,1,1,1
58,3364,6.0,32.0,4,850000.0,7.0,0,1,1,1
74,5476,17.0,40.0,1,3500000.0,12.0,0,0,1,1
45,2025,12.0,44.0,5,1250000.0,2.0,0,1,0,0
23,529,12.0,42.0,2,800000.0,1.0,0,0,0,0
23,529,8.0,42.0,2,600000.0,1.0,1,0,0,0
24,576,12.0,45.0,1,1300000.0,8.0,0,0,1,1
19,361,12.0,35.0,2,1100000.0,8.0,0,1,1,1
25,625,15.0,35.0,2,800000.0,1.0,1,1,0,1
44,1936,17.0,40.0,1,1500000.0,9.0,1,0,1,1
26,676,12.0,46.0,2,40000.0,1.0,1,1,0,1
29,841,7.0,46.0,2,1000000.0,11.0,0,1,1,1
20,400,12.0,12.0,1,1500000.0,6.0,0,0,1,1
46,2116,15.0,48.0,2,1106000.0,9.0,1,0,1,1
34,1156,15.0,40.0,3,800000.0,6.0,1,0,1,1
43,1849,7.0,25.0,4,1300000.0,2.0,0,1,0,1
46,2116,12.0,25.0,4,800000.0,2.0,1,1,0,1
44,1936,17.0,45.0,4,4000000.0,8.0,1,1,1,1
28,784,12.0,48.0,3,700000.0,7.0,1,0,1,1
20,400,12.0,9.0,2,78000.0,3.0,1,0,1,0
45,2025,12.0,48.0,2,1000000.0,11.0,1,0,1,1
43,1849,12.0,49.0,1,800000.0,6.0,0,0,1,0
29,841,8.0,15.0,5,70000.0,1.0,1,1,0,0
27,729,6.0,15.0,5,150000.0,1.0,0,1,0,0
41,1681,13.0,30.0,1,1900000.0,11.0,0,0,1,1
49,2401,14.0,57.0,5,2000000.0,8.0,0,1,1,1
37,1369,12.0,57.0,5,0.0,3.0,1,1,0,1
18,324,11.0,57.0,5,100000.0,3.0,0,0,1,1
40,1600,19.0,40.0,3,1300000.0,11.0,1,1,1,1
37,1369,17.0,40.0,3,2500000.0,8.0,0,1,1,1
48,2304,17.0,48.0,3,2800000.0,2.0,0,1,0,1
47,2209,17.0,48.0,3,750000.0,2.0,1,1,0,1
33,1089,12.0,48.0,1,1400000.0,9.0,0,0,1,1
45,2025,9.0,40.0,5,2000000.0,6.0,0,1,1,1
44,1936,17.0,20.0,2,790000.0,10.0,1,0,1,1
55,3025,6.0,40.0,2,600000.0,3.0,0,1,1,0
52,2704,17.0,40.0,2,650000.0,4.0,1,1,1,0
46,2116,6.0,8.0,2,0.0,2.0,1,0,0,1
55,3025,12.0,15.0,3,1500000.0,10.0,0,1,1,1
58,3364,15.0,15.0,3,1500000.0,10.0,1,1,1,1
24,576,15.0,15.0,3,150000.0,1.0,1,0,0,1
23,529,16.0,30.0,3,900000.0,1.0,1,0,0,0
47,2209,12.0,30.0,2,590000.0,7.0,1,0,1,1
43,1849,6.0,10.0,5,150000.0,4.0,1,0,1,0
48,2304,7.0,40.0,5,70000.0,7.0,1,1,1,1
42,1764,17.0,53.0,4,900000.0,2.0,1,0,0,1
47,2209,7.0,48.0,4,800000.0,6.0,1,0,1,0
26,676,12.0,48.0,4,1200000.0,12.0,1,1,1,1
24,576,12.0,48.0,4,1150000.0,6.0,0,0,1,1
27,729,12.0,48.0,4,1400000.0,12.0,0,1,1,1
35,1225,12.0,40.0,1,1000000.0,12.0,0,0,1,1
45,2025,16.0,0.0,2,800000.0,2.0,0,1,0,1
46,2116,17.0,40.0,1,800000.0,4.0,1,0,1,1
26,676,17.0,20.0,2,350000.0,11.0,1,0,1,0
47,2209,17.0,65.0,1,2000000.0,10.0,0,0,1,1
48,2304,12.0,48.0,1,750000.0,6.0,1,0,1,1
61,3721,9.0,45.0,4,800000.0,6.0,0,1,1,1
49,2401,6.0,4.0,8,0.0,8.0,1,1,1,0
48,2304,6.0,4.0,8,350000.0,1.0,0,1,0,0
45,2025,6.0,21.0,3,190000.0,1.0,0,1,0,0
69,4761,15.0,40.0,1,300000.0,1.0,0,0,0,1
47,2209,13.0,30.0,3,800000.0,6.0,1,1,1,1
62,3844,14.0,30.0,3,1200000.0,6.0,0,1,1,1
51,2601,15.0,45.0,3,1600000.0,6.0,1,1,1,1
54,2916,17.0,0.0,1,2000000.0,1.0,1,0,0,1
32,1024,15.0,40.0,2,1500000.0,11.0,0,0,1,1
62,3844,12.0,0.0,1,600000.0,10.0,1,0,1,1
20,400,12.0,10.0,3,60000.0,2.0,0,0,1,0
19,361,12.0,12.0,5,1500000.0,7.0,0,0,1,0
60,3600,17.0,50.0,1,900000.0,8.0,0,0,1,1
34,1156,9.0,72.0,3,900000.0,2.0,0,1,1,1
45,2025,17.0,40.0,1,2000000.0,9.0,1,0,1,1
64,4096,15.0,68.0,1,800000.0,7.0,0,0,1,1
42,1764,15.0,20.0,3,0.0,2.0,1,0,0,1
42,1764,17.0,40.0,3,2000000.0,12.0,0,1,1,1
39,1521,17.0,40.0,3,1300000.0,11.0,1,1,1,1
36,1296,6.0,48.0,4,500000.0,12.0,0,1,1,1
29,841,12.0,30.0,5,500000.0,1.0,1,0,0,1
46,2116,12.0,41.0,2,650000.0,7.0,1,1,1,1
39,1521,12.0,72.0,4,1500000.0,12.0,0,1,1,1
35,1225,17.0,72.0,4,260000.0,8.0,1,1,1,1
50,2500,14.0,45.0,3,500000.0,10.0,0,1,1,1
35,1225,17.0,35.0,3,5000000.0,11.0,1,1,1,1
50,2500,14.0,35.0,3,700000.0,1.0,0,1,0,1
44,1936,17.0,28.0,4,450000.0,11.0,0,1,1,1
47,2209,17.0,28.0,4,1500000.0,7.0,1,1,1,1
43,1849,17.0,60.0,3,1500000.0,12.0,0,1,1,1
40,1600,17.0,60.0,3,1000000.0,12.0,1,1,1,1
43,1849,14.0,24.0,2,320000.0,10.0,1,0,1,1
39,1521,12.0,6.0,4,400000.0,6.0,1,0,1,1
41,1681,8.0,40.0,4,2500000.0,12.0,0,1,1,1
42,1764,12.0,40.0,4,1000000.0,11.0,0,1,1,1
52,2704,16.0,40.0,4,960000.0,1.0,1,1,0,0
30,900,6.0,40.0,2,800000.0,1.0,0,1,0,1
35,1225,12.0,40.0,2,300000.0,4.0,1,1,1,1
37,1369,8.0,48.0,2,1100000.0,1.0,0,1,0,0
43,1849,12.0,72.0,2,1200000.0,10.0,0,1,1,1
35,1225,12.0,72.0,2,850000.0,10.0,1,1,1,1
56,3136,12.0,30.0,1,7000000.0,1.0,0,0,0,1
20,400,11.0,4.0,9,0.0,2.0,0,1,1,0
45,2025,17.0,48.0,4,1500000.0,12.0,0,1,1,1
51,2601,15.0,48.0,4,900000.0,11.0,1,1,1,1
35,1225,6.0,40.0,2,600000.0,7.0,0,1,1,0
56,3136,8.0,6.0,4,160000.0,1.0,0,1,0,0
43,1849,6.0,62.0,3,160000.0,1.0,1,1,0,0
34,1156,8.0,62.0,3,800000.0,6.0,0,1,1,0
36,1296,12.0,48.0,3,900000.0,7.0,1,0,1,1
51,2601,8.0,18.0,2,0.0,2.0,0,0,1,0
56,3136,17.0,102.0,5,1200000.0,11.0,0,1,1,1
53,2809,17.0,102.0,5,800000.0,9.0,1,1,1,1
49,2401,15.0,36.0,4,1200000.0,9.0,1,1,1,1
50,2500,17.0,36.0,4,4000000.0,9.0,0,1,1,1
40,1600,17.0,30.0,3,1100000.0,7.0,1,1,1,1
47,2209,15.0,30.0,3,900000.0,7.0,0,1,1,1
46,2116,8.0,60.0,2,800000.0,3.0,0,0,1,1
24,576,12.0,44.0,2,1300000.0,10.0,0,1,1,1
20,400,12.0,44.0,2,500000.0,2.0,1,1,1,1
49,2401,12.0,40.0,3,1500000.0,10.0,0,1,1,1
43,1849,12.0,40.0,3,600000.0,9.0,1,1,1,1
40,1600,12.0,44.0,3,1100000.0,8.0,1,0,1,1
57,3249,12.0,50.0,1,2400000.0,10.0,0,0,1,1
36,1296,11.0,4.0,2,0.0,1.0,0,0,0,1
23,529,12.0,30.0,2,2200000.0,6.0,0,0,1,1
24,576,12.0,90.0,4,200000.0,1.0,1,0,0,0
32,1024,14.0,51.0,2,700000.0,8.0,1,0,1,1
41,1681,15.0,30.0,3,1000000.0,11.0,1,0,1,1
38,1444,7.0,25.0,2,1700000.0,11.0,0,1,1,1
40,1600,13.0,25.0,2,1600000.0,11.0,0,1,1,1
45,2025,16.0,21.0,1,700000.0,11.0,0,0,1,1
31,961,7.0,8.0,1,80000.0,11.0,0,0,1,0
69,4761,19.0,25.0,1,1200000.0,12.0,1,0,1,1
31,961,11.0,30.0,4,100000.0,1.0,1,0,1,1
21,441,15.0,22.0,1,0.0,1.0,0,0,0,0
33,1089,12.0,37.0,4,1200000.0,1.0,0,1,0,0
25,625,17.0,19.0,2,400000.0,7.0,1,0,1,1
23,529,15.0,19.0,2,600000.0,6.0,1,0,1,1
40,1600,9.0,60.0,3,560000.0,2.0,1,1,1,0
27,729,12.0,38.0,4,600000.0,6.0,0,1,1,1
33,1089,15.0,38.0,4,80000.0,1.0,1,1,0,1
32,1024,6.0,56.0,6,750000.0,1.0,0,1,0,0
40,1600,17.0,55.0,5,2600000.0,12.0,0,1,1,1
40,1600,17.0,55.0,5,3000000.0,11.0,1,1,1,1
51,2601,16.0,52.0,3,670000.0,3.0,1,1,1,1
21,441,13.0,52.0,3,1000000.0,9.0,0,0,1,1
46,2116,6.0,12.0,5,300000.0,8.0,0,1,1,0
19,361,12.0,44.0,3,500000.0,11.0,0,0,1,1
28,784,12.0,51.0,4,300000.0,2.0,1,1,0,1
76,5776,15.0,30.0,2,300000.0,1.0,1,0,0,1
30,900,12.0,38.0,2,625000.0,8.0,0,0,1,1
65,4225,12.0,0.0,1,1800000.0,12.0,1,0,1,1
35,1225,12.0,51.0,5,1300000.0,9.0,0,1,1,0
51,2601,13.0,48.0,2,380000.0,6.0,0,0,1,1
38,1444,15.0,40.0,3,1200000.0,1.0,0,1,0,1
29,841,12.0,9.0,5,350000.0,1.0,0,0,0,0
26,676,13.0,38.0,1,900000.0,6.0,0,0,1,1
53,2809,15.0,40.0,1,1100000.0,11.0,0,0,1,1
23,529,15.0,20.0,1,770000.0,9.0,0,0,1,1
23,529,12.0,8.0,1,200000.0,1.0,0,0,0,1
57,3249,15.0,35.0,2,100000.0,1.0,1,1,0,1
41,1681,12.0,23.0,6,0.0,7.0,0,1,1,1
61,3721,15.0,20.0,2,200000.0,1.0,1,0,0,1
42,1764,12.0,72.0,5,1500000.0,7.0,0,1,1,1
40,1600,12.0,72.0,5,350000.0,1.0,1,1,0,1
61,3721,12.0,42.0,1,2000000.0,11.0,0,0,1,1
63,3969,12.0,8.0,3,1500000.0,1.0,0,1,0,1
38,1444,6.0,24.0,5,500000.0,1.0,0,1,0,0
48,2304,6.0,60.0,3,600000.0,7.0,0,1,1,1
37,1369,6.0,40.0,2,700000.0,5.0,0,1,1,1
47,2209,15.0,75.0,1,3000000.0,9.0,0,0,1,1
37,1369,17.0,40.0,4,1800000.0,8.0,0,0,1,1
33,1089,17.0,40.0,1,600000.0,6.0,1,0,1,1
39,1521,15.0,52.0,1,600000.0,1.0,0,0,0,1
60,3600,12.0,60.0,5,1300000.0,9.0,0,1,1,1
47,2209,17.0,48.0,2,2500000.0,12.0,0,0,1,1
22,484,14.0,9.0,1,300000.0,3.0,1,0,1,1
56,3136,17.0,55.0,5,3000000.0,1.0,0,1,1,1
21,441,12.0,72.0,5,220000.0,1.0,0,0,0,1
55,3025,9.0,40.0,1,700000.0,1.0,0,0,0,0
58,3364,17.0,50.0,2,3000000.0,4.0,1,1,0,1
45,2025,17.0,50.0,2,3000000.0,1.0,1,1,0,1
64,4096,17.0,72.0,3,1800000.0,8.0,1,0,1,0
42,1764,12.0,44.0,2,600000.0,1.0,0,0,0,0
59,3481,8.0,30.0,2,1300000.0,12.0,0,1,1,1
48,2304,13.0,60.0,2,2000000.0,12.0,0,0,1,1
43,1849,15.0,21.0,4,1000000.0,1.0,1,0,0,0
27,729,9.0,44.0,5,1000000.0,9.0,0,1,1,1
50,2500,12.0,45.0,1,1200000.0,11.0,0,0,1,1
26,676,10.0,44.0,2,1000000.0,4.0,0,1,1,1
26,676,12.0,44.0,2,400000.0,2.0,1,1,1,1
39,1521,17.0,30.0,2,3500000.0,10.0,0,1,1,1
39,1521,17.0,30.0,2,1800000.0,10.0,1,1,1,1
35,1225,15.0,40.0,3,1000000.0,1.0,0,1,0,0
34,1156,15.0,40.0,3,750000.0,6.0,1,1,1,1
48,2304,15.0,48.0,3,1200000.0,7.0,1,0,1,1
55,3025,15.0,40.0,4,2500000.0,12.0,0,1,1,1
54,2916,17.0,55.0,5,1500000.0,1.0,1,1,1,1
62,3844,15.0,18.0,2,1200000.0,6.0,1,0,1,1
26,676,14.0,18.0,2,575000.0,7.0,0,0,1,1
34,1156,12.0,42.0,1,1000000.0,1.0,0,0,0,1
29,841,17.0,41.0,1,900000.0,3.0,1,0,1,1
50,2500,15.0,0.0,3,0.0,1.0,1,0,0,0
49,2401,17.0,36.0,4,700000.0,2.0,1,0,0,1
39,1521,5.0,48.0,5,700000.0,6.0,0,1,1,0
18,324,12.0,48.0,5,0.0,2.0,1,0,1,0
18,324,12.0,48.0,5,600000.0,7.0,0,0,1,0
54,2916,12.0,42.0,4,600000.0,4.0,1,0,1,1
28,784,12.0,42.0,4,300000.0,5.0,0,0,1,1
28,784,15.0,40.0,1,810000.0,11.0,1,0,1,1
29,841,12.0,78.0,4,0.0,2.0,1,1,0,1
31,961,12.0,78.0,4,1000000.0,12.0,0,1,1,1
58,3364,14.0,20.0,5,400000.0,2.0,1,1,0,0
29,841,12.0,6.0,3,250000.0,9.0,1,0,1,1
50,2500,15.0,40.0,3,1300000.0,6.0,1,0,1,1
25,625,6.0,40.0,2,600000.0,2.0,0,1,1,0
24,576,12.0,40.0,2,800000.0,5.0,1,1,1,1
38,1444,12.0,40.0,6,1500000.0,9.0,0,1,1,1
38,1444,8.0,77.0,4,50000.0,1.0,1,1,0,1
51,2601,12.0,77.0,4,140000.0,2.0,1,1,1,0
57,3249,17.0,48.0,2,1500000.0,8.0,1,1,1,1
25,625,16.0,30.0,1,800000.0,9.0,1,0,1,1
33,1089,15.0,40.0,3,1700000.0,10.0,0,1,1,1
49,2401,17.0,40.0,4,1500000.0,12.0,1,1,1,1
51,2601,12.0,35.0,1,1100000.0,12.0,0,0,1,1
44,1936,15.0,32.0,3,920000.0,9.0,1,1,1,1
24,576,17.0,32.0,3,380000.0,9.0,1,0,1,1
65,4225,15.0,4.0,2,300000.0,1.0,1,1,0,1
62,3844,12.0,35.0,1,1800000.0,1.0,0,0,0,1
29,841,17.0,40.0,2,400000.0,1.0,1,1,0,1
32,1024,17.0,30.0,3,1000000.0,8.0,1,1,1,1
32,1024,14.0,30.0,3,1500000.0,11.0,0,1,1,1
83,6889,14.0,40.0,1,2000000.0,6.0,0,0,1,1
40,1600,14.0,77.0,4,8000000.0,6.0,0,0,0,1
39,1521,17.0,40.0,3,1300000.0,12.0,1,1,1,1
37,1369,17.0,40.0,3,1000000.0,12.0,0,1,1,1
52,2704,7.0,48.0,2,2500000.0,9.0,0,0,1,1
24,576,12.0,50.0,1,400000.0,4.0,0,0,1,0
56,3136,12.0,40.0,4,900000.0,12.0,0,1,1,1
24,576,13.0,40.0,4,600000.0,12.0,0,0,1,1
55,3025,6.0,20.0,5,200000.0,2.0,0,1,0,0
26,676,13.0,45.0,5,350000.0,4.0,1,0,1,0
24,576,13.0,45.0,5,290000.0,5.0,1,0,1,1
46,2116,19.0,45.0,1,1800000.0,6.0,1,0,1,1
25,625,15.0,66.0,4,80000.0,3.0,0,0,1,1
42,1764,6.0,40.0,5,700000.0,1.0,0,1,0,0
58,3364,9.0,60.0,3,1500000.0,9.0,0,1,1,1
19,361,12.0,60.0,3,1500000.0,9.0,0,0,1,1
37,1369,12.0,72.0,4,1000000.0,9.0,0,1,1,1
51,2601,12.0,40.0,3,1500000.0,10.0,0,1,1,1
62,3844,12.0,6.0,2,200000.0,1.0,0,1,0,1
46,2116,12.0,40.0,4,1020000.0,11.0,1,0,1,1
32,1024,10.0,50.0,1,1200000.0,6.0,0,0,1,1
55,3025,9.0,30.0,1,390000.0,8.0,1,0,1,1
47,2209,17.0,40.0,3,1400000.0,10.0,1,0,1,1
32,1024,15.0,25.0,2,160000.0,8.0,1,1,1,1
35,1225,15.0,25.0,2,80000.0,8.0,0,1,1,1
28,784,17.0,35.0,2,1300000.0,9.0,1,0,1,1
70,4900,15.0,1.0,3,0.0,1.0,1,1,0,0
69,4761,12.0,1.0,3,300000.0,1.0,0,1,0,1
35,1225,12.0,1.0,3,1000000.0,5.0,0,0,1,1
41,1681,12.0,45.0,4,1500000.0,11.0,0,1,1,1
36,1296,12.0,45.0,4,1000000.0,6.0,1,1,1,1
46,2116,13.0,60.0,2,7000000.0,4.0,0,0,0,1
25,625,12.0,60.0,2,600000.0,8.0,1,0,1,1
35,1225,12.0,40.0,2,1200000.0,9.0,0,0,1,1
62,3844,15.0,24.0,3,500000.0,2.0,1,0,0,1
28,784,9.0,24.0,3,0.0,2.0,0,0,0,0
54,2916,15.0,63.0,5,900000.0,11.0,0,1,1,1
19,361,13.0,40.0,2,1020000.0,5.0,0,0,1,1
51,2601,13.0,45.0,5,1800000.0,7.0,0,1,1,1
50,2500,12.0,45.0,5,1350000.0,7.0,1,1,1,1
27,729,12.0,45.0,5,1900000.0,7.0,0,0,1,1
35,1225,12.0,40.0,4,50000.0,1.0,1,1,0,0
62,3844,6.0,44.0,7,1300000.0,2.0,0,1,1,1
25,625,12.0,40.0,3,1500000.0,1.0,0,1,0,1
29,841,15.0,40.0,3,720000.0,8.0,1,1,1,1
61,3721,6.0,24.0,3,1600000.0,8.0,0,1,1,0
64,4096,6.0,63.0,3,1000000.0,1.0,0,0,0,0
31,961,12.0,14.0,4,300000.0,1.0,1,1,0,1
34,1156,6.0,14.0,4,800000.0,3.0,0,1,1,1
49,2401,9.0,60.0,2,1000000.0,4.0,1,1,1,1
42,1764,9.0,54.0,1,900000.0,6.0,0,0,1,1
40,1600,11.0,36.0,1,800000.0,2.0,1,0,1,0
52,2704,6.0,37.0,3,200000.0,2.0,1,1,0,0
57,3249,6.0,37.0,3,0.0,2.0,0,1,0,0
22,484,12.0,37.0,3,800000.0,7.0,0,0,1,1
55,3025,17.0,35.0,1,800000.0,5.0,0,0,0,0
55,3025,6.0,60.0,2,1000000.0,6.0,0,1,1,1
49,2401,10.0,66.0,3,800000.0,10.0,0,1,1,1
41,1681,12.0,60.0,3,1200000.0,12.0,0,1,1,1
34,1156,6.0,40.0,2,1500000.0,2.0,0,0,0,1
32,1024,6.0,48.0,1,1200000.0,6.0,0,0,1,1
44,1936,17.0,25.0,1,500000.0,8.0,1,0,1,1
67,4489,12.0,40.0,1,1000000.0,1.0,0,0,0,1
51,2601,17.0,40.0,4,1200000.0,5.0,1,1,1,1
42,1764,17.0,45.0,5,4000000.0,12.0,0,1,1,1
49,2401,15.0,48.0,3,1200000.0,12.0,1,1,1,1
34,1156,12.0,20.0,2,400000.0,3.0,1,0,1,0
29,841,6.0,40.0,2,1036000.0,6.0,0,0,1,1
30,900,15.0,40.0,2,1100000.0,9.0,0,0,1,1
37,1369,15.0,43.0,5,1500000.0,9.0,0,1,1,1
49,2401,15.0,50.0,1,1200000.0,4.0,1,0,0,1
28,784,12.0,96.0,4,570000.0,12.0,1,0,1,1
31,961,15.0,40.0,4,1500000.0,3.0,1,1,0,1
44,1936,15.0,80.0,4,900000.0,12.0,0,1,1,1
27,729,12.0,80.0,4,600000.0,9.0,0,1,1,1
44,1936,12.0,40.0,4,1000000.0,1.0,0,1,0,1
63,3969,6.0,12.0,2,950000.0,6.0,0,0,1,1
34,1156,6.0,9.0,6,2000000.0,1.0,0,1,0,0
64,4096,12.0,40.0,3,3000000.0,6.0,0,1,0,1
29,841,12.0,56.0,1,600000.0,6.0,0,0,1,1
56,3136,17.0,40.0,2,3000000.0,1.0,1,0,0,0
24,576,12.0,52.0,1,700000.0,6.0,0,0,1,1
34,1156,17.0,40.0,2,700000.0,9.0,1,1,1,1
35,1225,12.0,40.0,2,500000.0,12.0,0,1,1,1
59,3481,12.0,10.0,5,50000.0,1.0,1,1,0,1
49,2401,12.0,84.0,4,300000.0,1.0,1,1,0,0
19,361,12.0,50.0,5,575000.0,6.0,1,0,1,1
64,4096,12.0,0.0,4,1000000.0,12.0,1,0,1,1
26,676,10.0,72.0,2,350000.0,3.0,0,1,0,0
60,3600,12.0,36.0,1,700000.0,8.0,1,0,1,1
45,2025,12.0,56.0,3,300000.0,2.0,1,1,1,1
50,2500,6.0,35.0,4,600000.0,3.0,0,1,0,0
49,2401,8.0,35.0,4,600000.0,3.0,1,1,0,0
24,576,12.0,35.0,4,600000.0,3.0,0,0,0,1
30,900,12.0,45.0,1,1100000.0,1.0,0,0,1,1
59,3481,17.0,20.0,2,340000.0,8.0,1,0,1,1
23,529,12.0,35.0,6,300000.0,2.0,0,0,0,1
29,841,15.0,15.0,2,500000.0,8.0,1,1,1,1
35,1225,15.0,15.0,2,1000000.0,4.0,0,1,1,1
40,1600,12.0,48.0,4,900000.0,7.0,1,1,1,1
52,2704,15.0,35.0,3,40000.0,1.0,1,1,0,1
64,4096,15.0,57.0,2,600000.0,1.0,1,0,0,1
27,729,14.0,57.0,2,50000.0,1.0,0,0,0,1
44,1936,17.0,46.0,3,1000000.0,1.0,1,0,0,0
17,289,11.0,46.0,3,100000.0,1.0,0,0,0,0
38,1444,19.0,16.0,1,900000.0,7.0,1,0,1,1
60,3600,12.0,16.0,1,100000.0,1.0,1,0,0,1
57,3249,12.0,30.0,4,3000000.0,1.0,0,1,0,1
48,2304,12.0,40.0,5,950000.0,3.0,1,1,1,1
54,2916,12.0,42.0,4,1500000.0,10.0,0,1,1,1
28,784,17.0,42.0,4,800000.0,9.0,1,0,1,1
54,2916,12.0,54.0,4,500000.0,7.0,0,1,1,1
56,3136,12.0,40.0,5,3000000.0,8.0,0,1,0,1
53,2809,12.0,40.0,5,3000000.0,1.0,1,1,0,1
40,1600,17.0,43.0,4,6000000.0,1.0,1,1,0,1
63,3969,16.0,40.0,2,2000000.0,2.0,0,1,0,1
62,3844,17.0,40.0,2,2000000.0,2.0,1,1,0,1
25,625,12.0,18.0,2,600000.0,1.0,1,0,0,0
35,1225,15.0,30.0,4,1000000.0,8.0,1,1,1,1
44,1936,17.0,30.0,4,1200000.0,8.0,1,1,1,1
34,1156,14.0,45.0,3,2500000.0,5.0,0,1,0,1
30,900,16.0,45.0,3,2500000.0,5.0,1,1,0,1
63,3969,15.0,42.0,1,8000000.0,6.0,0,0,0,1
32,1024,12.0,8.0,3,300000.0,3.0,1,0,1,0
20,400,13.0,8.0,3,400000.0,7.0,1,0,1,1
56,3136,6.0,70.0,7,1260000.0,4.0,0,1,1,0
20,400,12.0,70.0,7,840000.0,2.0,1,0,1,0
68,4624,7.0,0.0,2,250000.0,1.0,0,0,0,1
27,729,14.0,0.0,2,1500000.0,12.0,0,0,1,1
67,4489,6.0,36.0,5,200000.0,4.0,0,1,1,1
75,5625,12.0,40.0,2,2000000.0,1.0,0,1,0,1
49,2401,17.0,40.0,4,470000.0,8.0,1,1,1,1
47,2209,19.0,40.0,4,1400000.0,12.0,0,1,1,1
26,676,15.0,50.0,1,900000.0,6.0,1,0,1,1
63,3969,19.0,24.0,1,800000.0,1.0,1,0,0,1
40,1600,13.0,50.0,6,2000000.0,2.0,0,1,0,1
63,3969,12.0,32.0,2,1500000.0,10.0,1,1,1,1
58,3364,12.0,32.0,2,1500000.0,10.0,0,1,1,1
49,2401,12.0,21.0,5,500000.0,2.0,0,1,0,0
46,2116,12.0,21.0,5,500000.0,2.0,1,1,0,0
35,1225,12.0,30.0,4,1300000.0,8.0,0,1,1,1
45,2025,6.0,60.0,2,1000000.0,8.0,0,1,1,0
50,2500,6.0,60.0,2,600000.0,1.0,1,1,0,0
46,2116,12.0,114.0,3,700000.0,9.0,1,0,1,1
62,3844,3.0,105.0,2,450000.0,2.0,1,1,0,0
62,3844,6.0,105.0,2,450000.0,2.0,0,1,0,0
75,5625,2.0,48.0,2,250000.0,2.0,0,0,1,0
29,841,8.0,48.0,2,700000.0,1.0,1,0,0,0
57,3249,6.0,32.0,2,240000.0,1.0,0,0,0,0
28,784,12.0,32.0,2,200000.0,1.0,1,0,1,0
42,1764,17.0,28.0,2,900000.0,1.0,0,0,0,1
75,5625,17.0,16.0,3,1400000.0,4.0,0,1,1,1
35,1225,15.0,16.0,3,450000.0,2.0,0,0,1,1
55,3025,17.0,24.0,2,500000.0,2.0,1,0,1,1
57,3249,7.0,48.0,1,1700000.0,8.0,0,0,1,1
22,484,13.0,4.0,2,150000.0,1.0,1,1,1,0
21,441,12.0,4.0,2,400000.0,1.0,0,1,1,0
28,784,12.0,60.0,3,1000000.0,7.0,1,1,1,0
34,1156,12.0,60.0,3,1800000.0,1.0,0,1,1,1
60,3600,17.0,0.0,2,5800000.0,9.0,0,0,1,1
22,484,17.0,0.0,2,1700000.0,6.0,1,0,1,1
23,529,10.0,30.0,2,820000.0,6.0,1,0,1,0
53,2809,12.0,30.0,4,1500000.0,3.0,1,1,0,1
34,1156,16.0,30.0,4,900000.0,3.0,0,0,1,1
51,2601,15.0,66.0,4,1500000.0,6.0,0,1,0,1
50,2500,15.0,66.0,4,1500000.0,7.0,1,1,1,1
38,1444,12.0,72.0,4,1500000.0,3.0,0,1,0,1
37,1369,15.0,72.0,4,0.0,3.0,1,1,0,1
49,2401,17.0,70.0,4,600000.0,8.0,0,1,1,1
52,2704,12.0,70.0,4,1000000.0,11.0,1,1,1,1
25,625,14.0,70.0,4,400000.0,10.0,1,0,1,1
20,400,14.0,70.0,4,500000.0,6.0,0,0,1,1
24,576,12.0,20.0,1,400000.0,7.0,0,0,1,0
32,1024,14.0,64.0,4,950000.0,12.0,0,1,1,1
27,729,12.0,64.0,4,500000.0,1.0,1,1,0,1
36,1296,12.0,24.0,6,600000.0,8.0,1,0,1,0
44,1936,12.0,30.0,4,500000.0,12.0,0,1,1,1
47,2209,12.0,30.0,4,300000.0,2.0,1,1,0,1
34,1156,12.0,70.0,7,840000.0,2.0,1,0,1,0
29,841,8.0,0.0,3,60000.0,1.0,0,0,0,0
35,1225,6.0,12.0,3,1000000.0,1.0,0,0,0,0
64,4096,6.0,30.0,1,500000.0,1.0,0,0,0,0
37,1369,6.0,36.0,5,200000.0,4.0,0,0,1,0
39,1521,9.0,36.0,5,100000.0,4.0,0,0,1,0
48,2304,6.0,56.0,5,900000.0,1.0,0,0,0,0
37,1369,12.0,43.0,4,900000.0,2.0,0,1,1,0
37,1369,15.0,43.0,4,900000.0,1.0,1,1,0,0
37,1369,6.0,16.0,4,1600000.0,4.0,0,1,0,0
38,1444,12.0,50.0,6,1200000.0,3.0,1,1,1,1
56,3136,12.0,48.0,4,600000.0,4.0,0,1,1,1
56,3136,9.0,45.0,2,800000.0,6.0,0,1,1,1
47,2209,13.0,28.0,1,78000.0,6.0,1,0,1,1
30,900,6.0,20.0,4,480000.0,2.0,0,0,1,0
52,2704,8.0,16.0,5,500000.0,1.0,0,1,0,1
37,1369,17.0,53.0,2,2500000.0,11.0,0,1,1,1
37,1369,17.0,48.0,1,1600000.0,5.0,0,1,1,1
54,2916,12.0,35.0,2,3625000.0,1.0,1,0,0,1
29,841,15.0,35.0,2,2900000.0,3.0,0,0,0,1
66,4356,12.0,30.0,2,3000000.0,1.0,0,1,0,1
21,441,12.0,40.0,2,200000.0,4.0,1,0,1,1
46,2116,12.0,84.0,4,1500000.0,7.0,1,1,1,1
20,400,9.0,31.0,3,900000.0,2.0,0,0,1,0
48,2304,10.0,48.0,3,4000000.0,5.0,0,1,0,1
52,2704,15.0,48.0,3,900000.0,3.0,1,1,1,1
44,1936,14.0,48.0,3,1200000.0,8.0,0,1,1,1
37,1369,15.0,16.0,2,150000.0,9.0,0,1,1,0
43,1849,6.0,36.0,3,576000.0,1.0,1,0,0,0
32,1024,11.0,30.0,4,600000.0,1.0,1,1,0,0
41,1681,12.0,45.0,3,1000000.0,3.0,1,0,1,1
32,1024,12.0,48.0,4,900000.0,11.0,1,1,1,1
66,4356,6.0,48.0,4,120000.0,1.0,1,0,0,1
58,3364,8.0,35.0,2,900000.0,2.0,0,1,0,0
59,3481,12.0,40.0,1,800000.0,12.0,0,0,1,1
36,1296,16.0,60.0,2,1300000.0,7.0,0,1,1,1
37,1369,17.0,60.0,2,1300000.0,11.0,1,1,1,1
52,2704,15.0,40.0,1,1600000.0,12.0,1,0,1,1
36,1296,12.0,24.0,4,800000.0,12.0,1,1,1,1
45,2025,12.0,24.0,4,2000000.0,12.0,0,1,1,1
19,361,12.0,24.0,4,900000.0,12.0,1,0,1,1
31,961,8.0,48.0,3,700000.0,6.0,0,0,1,1
42,1764,12.0,60.0,5,1500000.0,9.0,0,1,1,1
48,2304,7.0,51.0,4,800000.0,2.0,0,1,0,0
45,2025,12.0,51.0,4,700000.0,2.0,1,1,0,0
34,1156,12.0,48.0,2,600000.0,5.0,1,0,1,0
36,1296,12.0,84.0,1,900000.0,2.0,0,0,1,1
30,900,12.0,54.0,4,400000.0,4.0,0,0,1,1
26,676,17.0,54.0,4,500000.0,4.0,1,0,1,1
28,784,10.0,36.0,1,1700000.0,10.0,0,0,1,1
43,1849,12.0,48.0,3,1500000.0,8.0,1,0,1,1
21,441,10.0,48.0,3,650000.0,6.0,1,0,1,1
62,3844,15.0,48.0,4,200000.0,1.0,1,1,0,1
53,2809,17.0,20.0,5,2500000.0,2.0,1,1,0,1
64,4096,12.0,20.0,5,2500000.0,2.0,0,1,0,1
47,2209,19.0,30.0,4,8000000.0,5.0,1,0,0,1
37,1369,15.0,36.0,2,890000.0,4.0,0,1,1,0
37,1369,16.0,41.0,2,700050.0,7.0,1,1,1,1
38,1444,9.0,41.0,2,1300000.0,1.0,0,1,0,1
33,1089,15.0,35.0,1,2000000.0,1.0,1,0,1,1
23,529,15.0,30.0,2,800000.0,9.0,1,0,1,1
20,400,13.0,66.0,1,260000.0,8.0,0,0,1,1
38,1444,19.0,24.0,1,320000.0,1.0,0,0,0,1
44,1936,17.0,40.0,3,3500000.0,6.0,0,1,0,1
31,961,17.0,40.0,3,2500000.0,1.0,1,1,0,1
51,2601,14.0,30.0,2,3500000.0,9.0,0,1,1,1
47,2209,15.0,30.0,2,1200000.0,2.0,1,1,0,1
46,2116,12.0,36.0,5,600000.0,7.0,0,1,1,1
44,1936,14.0,36.0,5,600000.0,9.0,1,1,1,1
24,576,12.0,36.0,5,600000.0,9.0,1,0,1,1
50,2500,12.0,49.0,1,1500000.0,6.0,0,0,1,0
29,841,12.0,44.0,3,1400000.0,6.0,0,1,1,1
60,3600,12.0,4.0,1,0.0,2.0,1,0,0,0
26,676,15.0,44.0,4,700000.0,9.0,0,0,1,1
28,784,15.0,40.0,2,1500000.0,2.0,1,0,0,1
64,4096,15.0,52.0,2,1500000.0,7.0,0,0,1,1
30,900,14.0,52.0,2,1200000.0,6.0,0,0,0,1
52,2704,15.0,48.0,4,1500000.0,2.0,0,1,0,1
45,2025,12.0,48.0,4,1200000.0,2.0,1,1,0,1
54,2916,9.0,40.0,4,500000.0,1.0,0,1,0,0
58,3364,12.0,40.0,4,300000.0,1.0,1,1,0,0
47,2209,15.0,40.0,4,800000.0,8.0,1,0,1,1
21,441,15.0,40.0,4,400000.0,8.0,1,0,1,1
18,324,12.0,40.0,4,200000.0,8.0,1,0,1,1
16,256,10.0,40.0,4,30000.0,1.0,1,0,0,1
48,2304,6.0,61.0,2,900000.0,7.0,1,0,1,1
20,400,13.0,0.0,3,450000.0,6.0,1,0,1,0
26,676,16.0,36.0,1,1000000.0,2.0,0,0,0,0
54,2916,9.0,32.0,3,2000000.0,12.0,0,1,1,1
38,1444,16.0,48.0,3,1500000.0,12.0,1,1,1,1
43,1849,16.0,48.0,3,1500000.0,12.0,0,1,1,1
70,4900,6.0,12.0,2,380000.0,3.0,1,1,0,1
42,1764,12.0,24.0,3,1200000.0,10.0,0,0,1,1
32,1024,6.0,16.0,4,300000.0,5.0,1,0,1,0
56,3136,12.0,54.0,3,1000000.0,4.0,0,1,1,1
44,1936,14.0,40.0,3,1000000.0,2.0,1,1,1,1
78,6084,2.0,48.0,2,700000.0,2.0,0,1,0,1
70,4900,12.0,48.0,2,410000.0,2.0,1,1,0,1
46,2116,9.0,60.0,3,1900000.0,7.0,1,0,1,1
21,441,12.0,60.0,3,500000.0,2.0,1,0,1,1
34,1156,12.0,72.0,4,800000.0,7.0,0,1,1,1
49,2401,6.0,60.0,4,300000.0,2.0,1,1,0,0
27,729,12.0,60.0,4,300000.0,2.0,1,0,0,0
76,5776,6.0,18.0,2,0.0,2.0,0,1,0,1
32,1024,12.0,40.0,2,200000.0,1.0,1,0,0,1
45,2025,12.0,20.0,5,228000.0,6.0,1,0,1,0
24,576,15.0,54.0,3,1400000.0,1.0,0,0,0,1
58,3364,12.0,60.0,2,1800000.0,7.0,1,1,1,1
60,3600,15.0,60.0,2,1800000.0,7.0,1,1,1,1
51,2601,18.0,48.0,1,1300000.0,11.0,0,0,1,1
33,1089,15.0,48.0,4,1340000.0,10.0,0,1,1,1
54,2916,15.0,40.0,2,943000.0,7.0,1,1,1,1
53,2809,6.0,57.0,4,800000.0,7.0,0,1,1,1
23,529,6.0,57.0,4,900000.0,7.0,0,1,1,1
42,1764,6.0,40.0,3,600000.0,1.0,0,1,0,0
60,3600,12.0,40.0,2,1200000.0,7.0,0,1,1,1
35,1225,12.0,40.0,1,4000000.0,2.0,0,0,0,1
49,2401,14.0,52.0,3,100000.0,1.0,1,0,0,1
68,4624,17.0,40.0,2,3000000.0,7.0,0,1,0,1
40,1600,8.0,72.0,5,800000.0,2.0,0,1,1,1
35,1225,12.0,72.0,5,500000.0,1.0,1,1,0,1
60,3600,13.0,45.0,3,1300000.0,12.0,0,1,1,1
29,841,15.0,40.0,1,1500000.0,7.0,0,0,1,1
34,1156,15.0,48.0,3,700000.0,2.0,0,1,1,1
52,2704,12.0,72.0,1,2700000.0,2.0,0,0,1,1
32,1024,8.0,60.0,5,1700000.0,12.0,0,1,1,1
44,1936,12.0,24.0,4,200000.0,1.0,1,1,0,1
19,361,12.0,24.0,4,200000.0,4.0,1,0,1,1
53,2809,6.0,60.0,4,200000.0,2.0,1,1,0,1
61,3721,6.0,60.0,4,400000.0,2.0,0,1,0,1
29,841,6.0,60.0,4,200000.0,2.0,0,0,1,0
32,1024,17.0,40.0,2,2100000.0,9.0,1,1,1,1
33,1089,12.0,40.0,2,1600000.0,8.0,0,1,1,1
47,2209,15.0,40.0,4,600000.0,7.0,1,1,1,1
51,2601,12.0,40.0,4,1000000.0,1.0,0,1,0,1
35,1225,12.0,40.0,3,900000.0,12.0,1,1,1,1
52,2704,10.0,40.0,3,1000000.0,5.0,0,1,1,1
75,5625,6.0,35.0,1,800000.0,1.0,0,0,0,1
53,2809,12.0,30.0,1,650000.0,9.0,1,0,1,1
56,3136,6.0,36.0,3,300000.0,1.0,1,0,0,0
28,784,9.0,36.0,3,400000.0,1.0,0,0,0,0
56,3136,13.0,48.0,3,1000000.0,1.0,0,1,0,1
58,3364,6.0,24.0,1,665000.0,3.0,1,0,1,1
39,1521,12.0,40.0,5,1000000.0,9.0,0,1,1,1
72,5184,6.0,20.0,4,300000.0,2.0,0,1,1,1
63,3969,6.0,32.0,6,900000.0,2.0,0,1,1,1
40,1600,10.0,32.0,6,520000.0,8.0,1,0,1,0
34,1156,12.0,54.0,7,1500000.0,3.0,0,1,1,0
45,2025,17.0,40.0,5,1000000.0,4.0,1,1,0,1
28,784,17.0,25.0,1,1000000.0,1.0,0,0,0,1
41,1681,17.0,32.0,1,1200000.0,12.0,0,0,1,1
39,1521,17.0,45.0,3,1500000.0,10.0,1,0,1,1
52,2704,6.0,40.0,2,950000.0,7.0,0,1,1,1
46,2116,16.0,40.0,4,1500000.0,5.0,0,1,1,1
64,4096,6.0,79.0,1,900000.0,1.0,0,0,0,0
29,841,12.0,50.0,8,900000.0,5.0,0,1,1,0
55,3025,6.0,12.0,5,300000.0,1.0,0,1,0,0
27,729,17.0,86.0,2,1500000.0,5.0,1,1,1,1
33,1089,17.0,86.0,2,4000000.0,7.0,0,1,1,1
64,4096,17.0,60.0,1,3000000.0,1.0,0,1,0,1
25,625,15.0,48.0,1,1000000.0,7.0,1,0,1,1
36,1296,12.0,48.0,2,700000.0,1.0,1,1,1,1
43,1849,17.0,48.0,2,2000000.0,2.0,0,1,1,1
22,484,11.0,140.0,2,1000000.0,7.0,0,0,1,0
24,576,8.0,140.0,2,800000.0,7.0,0,0,1,0
62,3844,12.0,5.0,1,300000.0,1.0,1,0,0,1
55,3025,12.0,20.0,4,1000000.0,4.0,0,1,1,1
41,1681,15.0,63.0,5,1300000.0,8.0,1,1,1,1
48,2304,12.0,63.0,5,1300000.0,8.0,0,1,1,1
46,2116,17.0,48.0,3,1400000.0,9.0,1,0,1,1
25,625,12.0,48.0,2,850000.0,1.0,0,1,1,1
45,2025,12.0,30.0,4,950000.0,12.0,0,1,1,1
41,1681,12.0,44.0,4,800000.0,2.0,0,1,1,1
31,961,13.0,44.0,4,250000.0,1.0,1,1,0,1
26,676,14.0,8.0,1,100000.0,1.0,1,0,0,0
42,1764,9.0,50.0,4,800000.0,2.0,0,1,0,0
39,1521,12.0,25.0,4,200000.0,1.0,1,0,0,0
64,4096,12.0,45.0,2,5000000.0,7.0,0,1,1,1
62,3844,12.0,45.0,2,300000.0,1.0,1,1,0,1
47,2209,14.0,40.0,2,8500000.0,9.0,0,1,1,1
47,2209,15.0,40.0,2,1400000.0,9.0,1,1,1,1
45,2025,17.0,56.0,4,3000000.0,12.0,1,1,1,1
46,2116,15.0,56.0,4,0.0,6.0,0,1,1,1
61,3721,6.0,36.0,4,150000.0,1.0,1,0,0,1
65,4225,6.0,36.0,2,300000.0,1.0,0,1,0,1
57,3249,6.0,36.0,2,300000.0,1.0,1,1,0,1
37,1369,15.0,53.0,1,1500000.0,1.0,0,0,0,1
52,2704,17.0,16.0,4,600000.0,10.0,0,1,1,1
46,2116,19.0,16.0,4,700000.0,8.0,1,1,1,1
45,2025,6.0,19.0,3,1000000.0,3.0,0,1,1,0
61,3721,6.0,16.0,4,800000.0,2.0,0,1,1,1
60,3600,6.0,16.0,4,500000.0,6.0,1,1,1,1
35,1225,12.0,16.0,4,700000.0,6.0,1,0,1,1
38,1444,12.0,48.0,4,2000000.0,11.0,0,1,1,1
37,1369,15.0,45.0,2,1000000.0,12.0,1,1,1,1
30,900,13.0,45.0,2,1700000.0,12.0,0,1,1,1
30,900,15.0,47.0,1,1400000.0,8.0,0,0,1,1
32,1024,14.0,40.0,2,700000.0,2.0,1,1,1,1
62,3844,17.0,40.0,1,3000000.0,7.0,0,0,1,1
21,441,6.0,54.0,1,0.0,12.0,0,0,1,0
55,3025,7.0,0.0,2,450000.0,5.0,0,0,1,0
31,961,9.0,48.0,5,350000.0,1.0,0,1,0,0
44,1936,6.0,40.0,6,1200000.0,10.0,0,1,1,1
25,625,9.0,40.0,6,1200000.0,10.0,0,0,1,1
47,2209,17.0,32.0,5,1100000.0,8.0,1,1,1,1
28,784,14.0,32.0,5,1000000.0,4.0,1,0,1,1
27,729,12.0,32.0,5,1000000.0,6.0,0,0,1,1
44,1936,15.0,40.0,1,400000.0,1.0,1,0,0,1
28,784,12.0,60.0,2,1300000.0,8.0,0,1,1,1
24,576,4.0,60.0,2,300000.0,1.0,1,1,0,1
66,4356,6.0,40.0,2,1500000.0,1.0,0,1,0,1
35,1225,12.0,38.0,4,400000.0,3.0,0,1,1,0
42,1764,13.0,70.0,2,1200000.0,2.0,0,1,0,1
48,2304,12.0,70.0,2,1200000.0,2.0,0,1,0,1
40,1600,17.0,48.0,3,1600000.0,11.0,0,1,1,1
37,1369,15.0,49.0,2,2000000.0,1.0,0,1,0,1
36,1296,17.0,18.0,2,300000.0,8.0,1,1,1,1
42,1764,15.0,18.0,2,400000.0,1.0,0,1,0,1
31,961,15.0,28.0,2,1200000.0,1.0,1,0,0,0
48,2304,15.0,30.0,1,600000.0,1.0,1,0,0,0
61,3721,0.0,0.0,3,200000.0,1.0,0,1,0,0
49,2401,10.0,66.0,4,900000.0,9.0,0,1,1,1
53,2809,12.0,60.0,2,2000000.0,9.0,0,1,1,1
51,2601,17.0,20.0,2,500000.0,9.0,1,0,1,1
30,900,15.0,40.0,4,1000000.0,2.0,0,1,0,1
29,841,12.0,40.0,4,1500000.0,1.0,1,1,0,1
32,1024,6.0,20.0,4,350000.0,6.0,1,1,1,1
41,1681,12.0,40.0,1,800000.0,1.0,0,0,0,0
43,1849,14.0,40.0,3,2700000.0,12.0,0,1,1,1
44,1936,12.0,40.0,3,1000000.0,2.0,1,1,0,1
32,1024,12.0,46.0,2,1300000.0,7.0,1,0,1,1
37,1369,14.0,60.0,4,1400000.0,7.0,0,1,1,0
40,1600,17.0,45.0,4,3000000.0,11.0,0,1,1,1
43,1849,12.0,45.0,4,1300000.0,9.0,1,1,1,1
57,3249,9.0,20.0,3,1600000.0,9.0,0,1,1,1
22,484,12.0,20.0,3,1100000.0,7.0,0,0,1,1
30,900,12.0,54.0,4,900000.0,3.0,0,1,1,0
42,1764,6.0,40.0,4,800000.0,6.0,0,1,1,1
20,400,12.0,40.0,4,400000.0,2.0,0,0,1,1
36,1296,8.0,36.0,5,500000.0,2.0,0,0,1,0
36,1296,14.0,48.0,3,1200000.0,11.0,0,1,1,1
59,3481,12.0,36.0,2,1500000.0,9.0,0,0,1,1
48,2304,6.0,12.0,4,250000.0,1.0,1,1,0,0
23,529,8.0,12.0,4,400000.0,3.0,1,0,1,0
45,2025,15.0,40.0,2,1200000.0,8.0,1,0,1,1
25,625,12.0,40.0,1,1600000.0,11.0,0,1,1,1
60,3600,9.0,40.0,3,2500000.0,3.0,0,1,0,1
57,3249,12.0,40.0,3,1900000.0,7.0,1,1,1,1
50,2500,12.0,30.0,4,1800000.0,2.0,1,1,0,1
32,1024,15.0,60.0,5,400000.0,9.0,0,1,1,1
57,3249,12.0,28.0,3,730000.0,7.0,1,0,1,1
70,4900,9.0,15.0,1,0.0,1.0,1,0,0,1
29,841,11.0,40.0,1,3300000.0,6.0,0,0,0,1
43,1849,15.0,30.0,1,2200000.0,3.0,0,0,0,1
34,1156,17.0,32.0,1,1000000.0,8.0,1,0,1,1
51,2601,15.0,47.0,3,900000.0,1.0,0,1,0,1
51,2601,17.0,47.0,3,1400000.0,7.0,1,1,1,1
56,3136,16.0,45.0,4,3000000.0,9.0,0,1,1,1
32,1024,12.0,48.0,1,1500000.0,5.0,0,0,1,1
60,3600,6.0,48.0,1,900000.0,4.0,0,0,1,1
42,1764,14.0,63.0,2,1200000.0,1.0,1,0,0,1
54,2916,17.0,45.0,1,2200000.0,7.0,1,0,1,1
54,2916,16.0,40.0,5,1900000.0,1.0,0,1,1,1
49,2401,17.0,72.0,2,3000000.0,2.0,0,1,0,0
62,3844,12.0,72.0,2,0.0,2.0,1,1,0,0
30,900,12.0,40.0,2,1000000.0,6.0,0,1,1,0
36,1296,15.0,40.0,4,1300000.0,7.0,0,1,1,1
20,400,12.0,24.0,3,350000.0,3.0,1,1,1,1
22,484,12.0,24.0,3,1200000.0,9.0,0,1,1,1
51,2601,6.0,22.0,1,500000.0,4.0,0,0,1,0
30,900,15.0,35.0,1,700000.0,4.0,0,0,1,1
60,3600,6.0,35.0,5,700000.0,10.0,0,1,1,1
49,2401,6.0,40.0,1,500000.0,1.0,0,0,0,0
32,1024,6.0,56.0,3,1200000.0,2.0,0,1,1,0
31,961,12.0,56.0,3,1200000.0,5.0,1,1,1,0
40,1600,7.0,40.0,5,1200000.0,3.0,0,1,1,0
19,361,13.0,40.0,5,720000.0,2.0,1,0,1,0
52,2704,16.0,50.0,4,1300000.0,2.0,0,1,0,1
49,2401,17.0,50.0,4,0.0,2.0,1,1,0,0
51,2601,17.0,40.0,5,3000000.0,8.0,1,1,1,1
55,3025,12.0,40.0,3,1600000.0,5.0,0,1,1,1
53,2809,12.0,40.0,3,3000000.0,5.0,1,1,0,1
26,676,12.0,45.0,2,1200000.0,12.0,1,1,1,1
30,900,12.0,45.0,2,1200000.0,8.0,0,1,1,1
61,3721,6.0,50.0,3,1000000.0,1.0,0,1,0,0
33,1089,12.0,35.0,2,1000000.0,9.0,1,1,1,1
34,1156,12.0,35.0,2,1100000.0,6.0,1,1,1,1
33,1089,17.0,70.0,5,500000.0,6.0,1,0,0,0
67,4489,6.0,40.0,2,1150000.0,11.0,0,1,1,1
63,3969,14.0,8.0,1,150000.0,1.0,1,0,0,1
39,1521,17.0,45.0,3,3000000.0,8.0,0,1,1,1
40,1600,15.0,45.0,3,1100000.0,8.0,1,1,1,1
41,1681,15.0,45.0,1,1000000.0,8.0,0,0,1,1
43,1849,15.0,25.0,3,1000000.0,1.0,1,0,0,1
23,529,12.0,25.0,3,900000.0,1.0,0,0,0,1
30,900,12.0,45.0,3,1000000.0,3.0,0,1,1,1
26,676,12.0,45.0,3,600000.0,3.0,1,1,1,1
30,900,16.0,48.0,4,900000.0,2.0,0,0,1,1
51,2601,10.0,38.0,1,950000.0,1.0,0,0,0,0
55,3025,12.0,44.0,2,920000.0,1.0,0,1,1,1
62,3844,12.0,44.0,2,200000.0,1.0,1,1,0,1
31,961,12.0,36.0,1,1050000.0,6.0,0,0,1,1
67,4489,12.0,20.0,2,2200000.0,8.0,0,1,1,1
33,1089,14.0,44.0,2,1200000.0,7.0,1,0,0,1
54,2916,6.0,54.0,1,1000000.0,1.0,0,0,0,1
63,3969,5.0,36.0,4,800000.0,1.0,0,1,0,0
69,4761,8.0,10.0,5,800000.0,2.0,1,0,0,1
37,1369,15.0,10.0,5,800000.0,2.0,1,1,0,1
59,3481,12.0,1.0,3,200000.0,1.0,1,1,0,0
64,4096,6.0,1.0,3,250000.0,1.0,0,1,0,0
50,2500,6.0,54.0,2,1200000.0,11.0,0,1,1,1
38,1444,6.0,54.0,2,1200000.0,10.0,1,1,1,1
49,2401,12.0,50.0,1,2000000.0,1.0,0,0,0,1
43,1849,12.0,60.0,6,500000.0,2.0,1,1,0,0
44,1936,17.0,45.0,3,3500000.0,9.0,0,1,1,1
58,3364,8.0,44.0,1,1400000.0,7.0,0,0,1,1
63,3969,6.0,60.0,2,900000.0,2.0,1,1,1,1
67,4489,8.0,60.0,2,600000.0,1.0,0,1,0,1
52,2704,9.0,48.0,3,800000.0,1.0,0,1,0,0
50,2500,15.0,48.0,3,350000.0,1.0,1,1,0,0
45,2025,6.0,30.0,6,1000000.0,1.0,0,1,0,0
45,2025,6.0,42.0,7,100000.0,1.0,0,1,0,0
21,441,12.0,42.0,7,330000.0,10.0,1,0,1,0
19,361,12.0,42.0,7,200000.0,1.0,0,0,0,0
53,2809,6.0,21.0,2,800000.0,3.0,0,1,1,0
53,2809,6.0,21.0,2,300000.0,1.0,1,1,0,0
50,2500,19.0,28.0,2,200000.0,2.0,1,1,0,1
45,2025,17.0,40.0,3,930000.0,7.0,1,0,1,1
35,1225,15.0,36.0,3,2800000.0,12.0,0,1,1,1
51,2601,17.0,10.0,3,600000.0,11.0,1,1,1,1
56,3136,15.0,10.0,3,700000.0,1.0,0,1,0,1
50,2500,6.0,25.0,4,300000.0,1.0,0,1,0,0
40,1600,15.0,60.0,1,800000.0,1.0,0,0,0,0
48,2304,12.0,36.0,2,1000000.0,11.0,0,1,1,1
45,2025,12.0,56.0,3,500000.0,1.0,1,0,0,1
52,2704,9.0,48.0,3,1500000.0,6.0,1,0,1,1
39,1521,12.0,26.0,3,650000.0,6.0,1,0,1,1
36,1296,12.0,24.0,4,800000.0,7.0,1,0,1,0
44,1936,12.0,40.0,3,0.0,1.0,1,1,0,1
52,2704,8.0,6.0,1,500000.0,1.0,1,0,0,0
58,3364,6.0,54.0,10,300000.0,1.0,0,1,0,0
55,3025,5.0,45.0,5,0.0,6.0,1,0,1,1
22,484,14.0,56.0,3,800000.0,2.0,0,0,1,0
32,1024,9.0,8.0,10,0.0,1.0,1,1,0,0
26,676,0.0,8.0,10,1300000.0,9.0,0,1,1,0
67,4489,17.0,24.0,2,1700000.0,9.0,0,1,1,1
40,1600,17.0,45.0,2,2500000.0,7.0,0,0,1,1
56,3136,17.0,40.0,4,2400000.0,8.0,1,1,1,1
26,676,16.0,40.0,4,1500000.0,10.0,1,0,1,1
34,1156,12.0,50.0,1,1500000.0,7.0,0,0,1,1
39,1521,17.0,40.0,2,2000000.0,10.0,1,1,1,1
30,900,12.0,45.0,2,800000.0,8.0,0,1,1,1
25,625,12.0,45.0,2,400000.0,6.0,1,1,1,1
27,729,12.0,48.0,2,600000.0,6.0,1,0,1,0
57,3249,6.0,48.0,3,3000000.0,12.0,0,0,1,1
26,676,12.0,48.0,3,350000.0,3.0,1,0,1,1
35,1225,9.0,101.0,1,550000.0,1.0,0,0,0,0
72,5184,6.0,6.0,2,200000.0,1.0,0,0,0,1
29,841,17.0,18.0,1,4100000.0,1.0,0,0,0,1
40,1600,16.0,40.0,4,1500000.0,1.0,1,1,0,1
63,3969,11.0,24.0,1,600000.0,1.0,0,0,0,1
64,4096,8.0,6.0,3,0.0,1.0,1,1,0,1
63,3969,8.0,6.0,3,600000.0,1.0,0,1,0,1
50,2500,17.0,60.0,6,500000.0,2.0,0,1,0,0
29,841,12.0,20.0,3,700000.0,3.0,1,1,1,1
26,676,12.0,20.0,3,920000.0,7.0,0,1,1,1
39,1521,17.0,40.0,2,1200000.0,2.0,1,1,0,1
39,1521,12.0,40.0,2,2300000.0,12.0,0,1,1,1
49,2401,13.0,49.0,2,1100000.0,6.0,1,0,1,1
36,1296,12.0,45.0,4,800000.0,6.0,0,1,1,1
51,2601,17.0,36.0,5,2000000.0,7.0,0,1,1,1
48,2304,17.0,36.0,5,1000000.0,1.0,1,1,0,1
55,3025,19.0,32.0,2,200000.0,1.0,1,1,0,1
23,529,12.0,48.0,3,700000.0,11.0,1,0,1,1
22,484,12.0,45.0,2,200000.0,6.0,0,1,1,1
53,2809,6.0,44.0,3,1500000.0,1.0,0,1,0,1
44,1936,6.0,44.0,3,500000.0,1.0,1,1,0,1
19,361,7.0,44.0,3,700000.0,6.0,1,0,1,1
39,1521,13.0,20.0,3,400000.0,1.0,0,1,0,0
38,1444,15.0,20.0,3,700000.0,6.0,1,1,1,1
46,2116,9.0,0.0,3,1500000.0,12.0,0,1,1,1
61,3721,6.0,18.0,3,230000.0,7.0,1,1,1,1
54,2916,16.0,35.0,4,0.0,4.0,1,1,0,1
47,2209,12.0,45.0,2,1700000.0,10.0,0,1,1,1
45,2025,15.0,45.0,2,1800000.0,8.0,1,1,1,1
48,2304,12.0,45.0,4,1200000.0,7.0,0,1,1,1
43,1849,12.0,52.0,1,850000.0,5.0,0,0,1,0
39,1521,12.0,40.0,4,2000000.0,5.0,0,1,0,0
40,1600,10.0,40.0,4,1800000.0,1.0,1,1,0,1
14,196,8.0,40.0,4,500000.0,3.0,1,0,0,0
56,3136,6.0,40.0,3,1000000.0,1.0,0,1,0,0
26,676,11.0,48.0,1,450000.0,1.0,0,0,0,0
38,1444,12.0,40.0,5,1500000.0,11.0,1,0,1,1
20,400,13.0,40.0,5,1600000.0,11.0,0,0,1,1
45,2025,17.0,56.0,3,1700000.0,8.0,0,0,1,1
38,1444,15.0,100.0,3,1000000.0,10.0,0,1,1,1
30,900,14.0,100.0,3,120000.0,1.0,1,1,0,1
38,1444,15.0,40.0,2,2000000.0,2.0,0,1,1,1
50,2500,15.0,50.0,4,3000000.0,3.0,0,1,0,1
54,2916,15.0,40.0,2,1700000.0,7.0,1,0,1,1
41,1681,6.0,40.0,2,1000000.0,1.0,0,1,0,1
49,2401,15.0,32.0,5,500000.0,9.0,1,1,1,1
48,2304,12.0,32.0,5,500000.0,1.0,0,1,0,1
71,5041,12.0,44.0,1,600000.0,3.0,1,0,1,1
50,2500,12.0,60.0,4,800000.0,4.0,0,1,1,1
54,2916,15.0,60.0,4,800000.0,6.0,1,1,1,1
20,400,13.0,60.0,4,400000.0,5.0,1,0,1,1
52,2704,12.0,40.0,2,200000.0,1.0,0,1,0,0
65,4225,6.0,45.0,4,800000.0,3.0,0,1,1,1
55,3025,12.0,59.0,4,1000000.0,12.0,0,1,1,1
57,3249,12.0,45.0,3,0.0,2.0,0,1,0,0
25,625,12.0,45.0,3,400000.0,7.0,0,0,1,1
49,2401,12.0,48.0,3,50000.0,1.0,1,1,0,1
43,1849,14.0,60.0,2,900000.0,6.0,1,0,1,0
49,2401,17.0,56.0,1,1400000.0,9.0,0,0,0,1
46,2116,15.0,40.0,4,750000.0,8.0,1,1,1,1
45,2025,15.0,36.0,2,1000000.0,1.0,1,0,0,1
26,676,12.0,36.0,2,1200000.0,7.0,0,0,1,1
52,2704,8.0,37.0,3,1500000.0,12.0,0,1,1,1
38,1444,12.0,40.0,5,300000.0,1.0,1,1,0,1
69,4761,9.0,45.0,2,0.0,5.0,1,1,0,1
73,5329,19.0,40.0,2,6000000.0,10.0,0,1,0,1
63,3969,19.0,40.0,2,6000000.0,10.0,1,1,0,1
24,576,14.0,18.0,3,1000000.0,6.0,1,0,1,1
20,400,12.0,18.0,3,500000.0,6.0,0,0,1,0
43,1849,15.0,68.0,2,1300000.0,9.0,0,0,1,1
50,2500,9.0,23.0,5,1000000.0,1.0,0,1,0,0
34,1156,6.0,48.0,4,1000000.0,10.0,0,1,1,1
49,2401,7.0,40.0,5,1000000.0,11.0,0,1,1,1
46,2116,6.0,50.0,9,800000.0,3.0,0,1,1,0
26,676,10.0,50.0,9,1000000.0,2.0,0,0,1,0
24,576,12.0,50.0,9,700000.0,6.0,1,0,1,0
22,484,12.0,50.0,9,700000.0,6.0,1,0,1,1
20,400,10.0,50.0,9,700000.0,6.0,1,0,1,0
45,2025,9.0,30.0,4,650000.0,6.0,0,1,1,1
41,1681,15.0,30.0,4,800000.0,7.0,1,1,1,1
34,1156,12.0,48.0,1,1000000.0,7.0,0,0,1,1
22,484,11.0,40.0,4,700000.0,7.0,0,0,1,1
45,2025,15.0,40.0,3,1300000.0,9.0,1,1,1,1
48,2304,8.0,40.0,3,400000.0,12.0,0,1,1,1
47,2209,15.0,35.0,4,750000.0,2.0,0,1,0,1
35,1225,12.0,40.0,2,200000.0,9.0,1,1,1,1
39,1521,10.0,40.0,4,1600000.0,8.0,0,1,1,1
48,2304,6.0,0.0,2,600000.0,12.0,0,1,1,1
36,1296,12.0,30.0,4,600000.0,7.0,1,0,1,1
37,1369,15.0,36.0,1,800000.0,1.0,0,0,0,1
37,1369,17.0,46.0,2,2000000.0,6.0,0,1,0,1
32,1024,12.0,46.0,2,0.0,1.0,1,1,0,1
56,3136,12.0,14.0,1,1200000.0,1.0,0,0,0,0
26,676,16.0,55.0,1,1500000.0,6.0,0,0,1,1
50,2500,15.0,48.0,3,1500000.0,2.0,0,1,1,1
49,2401,15.0,48.0,2,1000000.0,6.0,1,0,1,1
27,729,17.0,48.0,2,800000.0,3.0,0,0,1,1
22,484,11.0,0.0,2,1000000.0,4.0,0,1,0,1
20,400,12.0,0.0,2,800000.0,6.0,1,1,1,1
38,1444,12.0,24.0,4,800000.0,7.0,1,0,1,0
48,2304,17.0,51.0,3,1700000.0,9.0,0,1,1,1
46,2116,14.0,45.0,1,1200000.0,10.0,1,0,1,1
47,2209,6.0,12.0,2,1300000.0,6.0,0,1,1,1
34,1156,12.0,42.0,3,2000000.0,1.0,1,1,0,0
37,1369,6.0,42.0,3,250000.0,1.0,0,1,0,0
47,2209,15.0,40.0,2,900000.0,8.0,1,0,1,1
40,1600,8.0,51.0,4,600000.0,12.0,0,1,1,1
38,1444,12.0,51.0,1,950000.0,7.0,0,0,1,1
59,3481,15.0,24.0,3,1800000.0,7.0,0,1,1,1
35,1225,8.0,24.0,3,220000.0,1.0,0,0,0,0
33,1089,12.0,96.0,6,1960000.0,8.0,0,1,1,1
16,256,8.0,96.0,6,700000.0,1.0,1,0,0,1
43,1849,12.0,40.0,4,2000000.0,2.0,0,1,0,1
40,1600,17.0,40.0,4,1000000.0,2.0,1,1,0,1
51,2601,12.0,65.0,5,4000000.0,4.0,0,1,0,1
46,2116,6.0,9.0,3,100000.0,1.0,1,0,0,0
70,4900,15.0,40.0,3,2500000.0,9.0,0,1,1,1
32,1024,12.0,40.0,3,1000000.0,2.0,0,0,1,1
40,1600,8.0,48.0,2,800000.0,1.0,1,0,0,0
60,3600,15.0,30.0,1,1000000.0,1.0,1,0,0,1
27,729,12.0,18.0,5,0.0,1.0,1,1,0,0
36,1296,12.0,45.0,1,1500000.0,7.0,0,0,1,1
55,3025,9.0,48.0,5,450000.0,1.0,0,1,0,0
40,1600,12.0,48.0,5,180000.0,4.0,1,1,1,0
18,324,11.0,48.0,5,240000.0,7.0,0,0,1,0
24,576,11.0,48.0,1,900000.0,4.0,0,0,1,0
42,1764,12.0,60.0,4,300000.0,1.0,0,1,0,1
30,900,17.0,60.0,4,1200000.0,9.0,1,1,1,1
24,576,12.0,30.0,3,400000.0,2.0,1,0,0,1
32,1024,17.0,48.0,2,800000.0,11.0,1,0,1,1
60,3600,6.0,45.0,2,800000.0,11.0,0,1,1,1
44,1936,12.0,35.0,3,1600000.0,12.0,0,1,1,1
45,2025,12.0,12.0,3,500000.0,10.0,1,0,1,0
30,900,8.0,55.0,4,1500000.0,3.0,0,1,1,0
31,961,8.0,55.0,4,50000.0,1.0,1,1,0,0
62,3844,3.0,55.0,4,200000.0,1.0,1,0,0,1
31,961,6.0,40.0,4,1120000.0,5.0,0,1,1,0
43,1849,6.0,35.0,4,750000.0,2.0,1,1,0,1
64,4096,14.0,40.0,3,2000000.0,10.0,0,1,1,1
32,1024,17.0,40.0,3,1200000.0,3.0,0,0,1,1
31,961,19.0,40.0,4,980000.0,9.0,0,1,1,1
41,1681,12.0,8.0,5,160000.0,4.0,1,1,1,0
60,3600,16.0,25.0,3,800000.0,7.0,1,0,1,1
31,961,15.0,25.0,3,1000000.0,8.0,0,0,1,1
47,2209,8.0,0.0,2,1200000.0,5.0,0,0,0,1
72,5184,15.0,10.0,2,200000.0,1.0,1,1,0,1
46,2116,6.0,20.0,2,1300000.0,1.0,0,1,1,1
45,2025,12.0,50.0,2,1200000.0,5.0,0,0,1,1
58,3364,12.0,43.0,1,1000000.0,1.0,0,0,0,1
35,1225,12.0,45.0,2,600000.0,7.0,1,0,1,1
54,2916,7.0,48.0,4,1200000.0,3.0,0,1,1,1
22,484,11.0,54.0,1,500000.0,2.0,0,0,1,0
46,2116,14.0,3.0,2,300000.0,1.0,1,1,0,1
38,1444,12.0,3.0,2,1000000.0,7.0,0,1,1,1
53,2809,15.0,40.0,2,900000.0,9.0,1,0,1,1
29,841,17.0,30.0,1,900000.0,3.0,1,0,1,1
50,2500,15.0,84.0,1,800000.0,3.0,0,1,1,1
40,1600,15.0,30.0,2,1500000.0,1.0,0,1,0,1
40,1600,17.0,30.0,2,4000000.0,6.0,1,1,1,1
26,676,12.0,42.0,1,1000000.0,1.0,1,0,0,0
34,1156,15.0,25.0,2,1500000.0,1.0,1,0,0,1
46,2116,15.0,40.0,4,2500000.0,9.0,0,1,1,1
26,676,14.0,48.0,1,1300000.0,8.0,0,0,1,0
63,3969,17.0,60.0,5,2000000.0,8.0,0,1,1,1
54,2916,17.0,60.0,5,1500000.0,1.0,1,1,0,1
33,1089,15.0,36.0,2,870000.0,8.0,0,1,1,1
63,3969,6.0,0.0,6,300000.0,1.0,0,1,0,0
36,1296,12.0,12.0,1,600000.0,1.0,0,0,0,0
35,1225,17.0,15.0,2,600000.0,1.0,0,0,0,1
37,1369,12.0,36.0,1,400000.0,9.0,0,0,1,1
38,1444,8.0,50.0,6,1500000.0,6.0,0,1,1,0
45,2025,6.0,48.0,6,1000000.0,2.0,0,1,0,0
39,1521,6.0,20.0,4,400000.0,2.0,0,1,0,1
35,1225,6.0,20.0,4,300000.0,2.0,1,1,0,0
41,1681,15.0,27.0,5,700000.0,7.0,1,1,1,1
41,1681,6.0,27.0,5,0.0,3.0,0,1,1,0
55,3025,14.0,45.0,2,1000000.0,7.0,1,0,1,1
27,729,17.0,45.0,2,450000.0,7.0,1,0,1,1
39,1521,17.0,45.0,2,3000000.0,1.0,1,0,0,1
61,3721,17.0,30.0,3,2500000.0,1.0,0,1,0,1
24,576,17.0,30.0,3,1200000.0,12.0,0,0,1,1
68,4624,3.0,45.0,1,400000.0,7.0,0,0,1,1
47,2209,6.0,48.0,4,1200000.0,12.0,0,1,1,1
41,1681,12.0,18.0,5,250000.0,1.0,1,1,0,0
65,4225,12.0,25.0,2,1500000.0,1.0,0,1,0,1
63,3969,12.0,25.0,2,1500000.0,11.0,1,1,1,1
60,3600,15.0,0.0,3,1200000.0,12.0,1,1,1,1
33,1089,12.0,35.0,3,800000.0,11.0,1,1,1,1
33,1089,12.0,35.0,3,900000.0,11.0,0,1,1,1
56,3136,12.0,44.0,4,1100000.0,6.0,0,1,1,1
36,1296,17.0,40.0,1,1500000.0,1.0,0,0,0,1
42,1764,12.0,68.0,1,1800000.0,1.0,0,0,0,0
62,3844,10.0,16.0,3,80000.0,1.0,0,1,0,1
32,1024,17.0,16.0,3,300000.0,1.0,0,0,1,1
37,1369,12.0,77.0,4,3000000.0,7.0,0,1,1,1
21,441,15.0,50.0,2,1500000.0,5.0,1,1,1,1
57,3249,17.0,56.0,3,1800000.0,12.0,0,1,1,1
58,3364,17.0,56.0,3,1500000.0,11.0,1,1,1,1
44,1936,12.0,31.0,2,900000.0,1.0,1,0,0,0
21,441,12.0,40.0,2,800000.0,9.0,0,0,1,1
22,484,7.0,44.0,4,150000.0,1.0,0,0,0,0
50,2500,12.0,70.0,4,1000000.0,3.0,1,1,0,0
56,3136,12.0,70.0,4,1000000.0,3.0,0,1,0,0
24,576,12.0,70.0,4,0.0,3.0,0,0,0,0
44,1936,15.0,40.0,4,1400000.0,12.0,0,1,1,1
42,1764,12.0,40.0,4,450000.0,8.0,1,1,1,1
45,2025,17.0,40.0,4,4000000.0,1.0,1,1,0,1
56,3136,15.0,32.0,3,1000000.0,12.0,0,1,1,1
50,2500,19.0,32.0,3,1000000.0,8.0,1,1,1,1
23,529,16.0,32.0,3,800000.0,9.0,1,0,1,1
66,4356,15.0,10.0,2,325000.0,1.0,1,0,0,1
26,676,17.0,45.0,1,1500000.0,3.0,0,0,0,1
33,1089,12.0,40.0,1,1000000.0,6.0,0,0,1,0
71,5041,14.0,30.0,2,500000.0,2.0,0,1,0,1
70,4900,15.0,30.0,2,500000.0,2.0,1,1,0,1
29,841,15.0,50.0,6,800000.0,6.0,0,1,1,1
40,1600,14.0,50.0,6,800000.0,5.0,1,1,1,1
30,900,11.0,50.0,6,625000.0,6.0,0,0,1,0
35,1225,11.0,50.0,6,900000.0,11.0,0,1,1,1
54,2916,10.0,30.0,4,1000000.0,7.0,1,1,1,1
60,3600,12.0,84.0,1,300000.0,1.0,0,0,0,0
65,4225,6.0,30.0,3,1200000.0,5.0,0,1,0,1
38,1444,9.0,0.0,4,600000.0,12.0,1,1,1,1
39,1521,17.0,40.0,4,3000000.0,1.0,0,1,0,1
40,1600,15.0,40.0,4,1000000.0,8.0,1,1,1,1
37,1369,17.0,40.0,3,900000.0,11.0,0,1,1,1
50,2500,17.0,34.0,1,3000000.0,1.0,0,0,0,1
62,3844,18.0,33.0,1,700000.0,6.0,1,0,1,1
62,3844,12.0,54.0,2,900000.0,1.0,1,1,0,1
58,3364,17.0,60.0,4,1000000.0,9.0,0,1,1,1
56,3136,15.0,60.0,4,2000000.0,9.0,1,1,1,1
26,676,17.0,60.0,4,700000.0,9.0,1,0,1,1
23,529,15.0,60.0,4,600000.0,7.0,1,0,1,1
53,2809,15.0,23.0,1,600000.0,9.0,1,0,1,1
43,1849,10.0,18.0,5,800000.0,3.0,0,1,1,0
59,3481,9.0,40.0,2,450000.0,6.0,1,0,1,0
50,2500,6.0,40.0,2,150000.0,5.0,1,0,1,0
25,625,7.0,40.0,2,400000.0,2.0,1,0,1,0
52,2704,4.0,48.0,7,700000.0,12.0,1,1,1,1
50,2500,12.0,40.0,4,1600000.0,10.0,0,1,1,1
35,1225,12.0,40.0,4,700000.0,10.0,1,1,1,1
30,900,0.0,2.0,3,80000.0,6.0,0,1,1,0
12,144,4.0,2.0,3,0.0,2.0,1,0,0,0
66,4356,1.0,0.0,4,1000000.0,2.0,0,1,0,1
56,3136,6.0,0.0,4,850000.0,7.0,1,1,1,1
30,900,15.0,40.0,4,700000.0,1.0,1,1,0,0
32,1024,9.0,40.0,4,800000.0,4.0,0,1,1,0
37,1369,12.0,40.0,4,600000.0,2.0,0,1,0,0
30,900,12.0,20.0,3,700000.0,1.0,0,1,1,1
34,1156,15.0,20.0,3,1200000.0,6.0,1,1,1,1
26,676,12.0,24.0,4,800000.0,1.0,1,1,0,1
50,2500,6.0,66.0,1,900000.0,1.0,0,0,1,0
71,5041,3.0,28.0,4,130000.0,5.0,1,0,1,1
43,1849,1.0,40.0,3,800000.0,9.0,0,1,1,1
62,3844,6.0,40.0,2,200000.0,1.0,1,1,0,1
40,1600,12.0,9.0,4,200000.0,1.0,1,1,0,0
46,2116,12.0,9.0,4,0.0,1.0,0,1,0,0
40,1600,12.0,40.0,4,1000000.0,12.0,0,1,1,1
51,2601,10.0,40.0,4,100000.0,1.0,1,1,0,1
42,1764,15.0,4.0,5,700000.0,1.0,0,1,0,1
42,1764,15.0,4.0,5,800000.0,8.0,1,1,1,1
51,2601,15.0,45.0,1,1200000.0,8.0,1,0,1,1
43,1849,17.0,45.0,1,1800000.0,9.0,1,0,1,1
34,1156,15.0,45.0,1,300000.0,1.0,1,0,0,1
33,1089,12.0,50.0,1,2100000.0,12.0,0,0,1,1
52,2704,17.0,15.0,3,1500000.0,1.0,1,1,0,1
53,2809,17.0,15.0,3,3500000.0,11.0,0,1,1,1
71,5041,7.0,48.0,1,1000000.0,2.0,0,0,1,1
32,1024,17.0,45.0,3,370000.0,6.0,1,1,1,1
35,1225,17.0,0.0,1,1500000.0,12.0,1,0,1,1
40,1600,19.0,36.0,2,3000000.0,12.0,0,1,1,1
37,1369,19.0,36.0,2,1200000.0,1.0,1,1,0,1
28,784,12.0,48.0,4,1359000.0,7.0,0,1,1,1
25,625,12.0,48.0,4,60000.0,1.0,1,1,0,1
60,3600,6.0,48.0,4,1200000.0,9.0,0,0,1,1
26,676,11.0,50.0,2,1300000.0,2.0,0,1,1,1
36,1296,13.0,30.0,2,650000.0,9.0,1,0,1,1
45,2025,11.0,40.0,3,1600000.0,7.0,0,1,1,1
41,1681,7.0,40.0,3,800000.0,4.0,1,1,1,1
47,2209,8.0,21.0,6,600000.0,1.0,0,1,0,0
47,2209,10.0,21.0,6,30000.0,1.0,0,1,0,0
33,1089,9.0,45.0,1,750000.0,6.0,0,0,1,0
54,2916,12.0,56.0,2,800000.0,6.0,1,0,1,1
40,1600,12.0,39.0,5,500000.0,9.0,0,1,1,0
39,1521,6.0,36.0,2,200000.0,2.0,1,1,0,1
57,3249,6.0,36.0,2,200000.0,2.0,0,1,0,1
48,2304,14.0,40.0,5,590000.0,6.0,1,1,1,1
53,2809,13.0,40.0,5,900000.0,1.0,0,1,0,1
25,625,14.0,40.0,5,100000.0,5.0,1,0,1,0
71,5041,12.0,40.0,4,1000000.0,7.0,0,1,1,1
61,3721,17.0,40.0,4,1000000.0,8.0,1,1,1,1
32,1024,17.0,40.0,4,1000000.0,7.0,1,0,1,1
52,2704,5.0,24.0,3,500000.0,1.0,0,1,0,0
54,2916,3.0,24.0,3,80000.0,1.0,1,1,0,0
29,841,12.0,36.0,2,800000.0,4.0,1,1,1,1
47,2209,12.0,36.0,2,2500000.0,10.0,0,1,1,1
48,2304,17.0,30.0,3,3500000.0,12.0,1,0,1,1
77,5929,16.0,14.0,1,250000.0,12.0,1,0,1,1
44,1936,13.0,45.0,3,300000.0,2.0,0,1,0,1
44,1936,15.0,45.0,3,750000.0,10.0,1,1,1,1
43,1849,17.0,40.0,1,1500000.0,9.0,1,0,1,1
46,2116,12.0,40.0,3,800000.0,12.0,0,1,1,1
50,2500,8.0,40.0,3,150000.0,1.0,1,1,0,1
66,4356,6.0,18.0,4,800000.0,1.0,0,1,0,0
36,1296,12.0,30.0,2,400000.0,10.0,1,0,1,1
23,529,12.0,24.0,4,1000000.0,1.0,1,1,0,0
29,841,15.0,24.0,3,800000.0,12.0,1,1,1,1
26,676,12.0,24.0,3,800000.0,12.0,1,1,1,1
38,1444,12.0,43.0,1,900000.0,9.0,0,0,1,1
28,784,12.0,24.0,4,900000.0,2.0,0,0,1,1
47,2209,10.0,40.0,3,1000000.0,9.0,0,1,1,1
48,2304,16.0,40.0,3,1000000.0,5.0,1,1,1,1
38,1444,12.0,48.0,4,1000000.0,6.0,0,1,1,1
43,1849,15.0,40.0,3,800000.0,6.0,1,0,1,1
19,361,12.0,57.0,4,0.0,2.0,1,0,0,0
56,3136,15.0,63.0,4,2100000.0,9.0,1,1,1,1
65,4225,6.0,63.0,4,900000.0,8.0,0,1,1,0
25,625,16.0,63.0,4,170000.0,3.0,0,0,1,0
43,1849,8.0,23.0,4,900000.0,2.0,0,1,1,0
45,2025,12.0,48.0,5,600000.0,8.0,0,1,1,1
36,1296,15.0,54.0,4,800000.0,9.0,0,1,1,1
40,1600,12.0,54.0,4,600000.0,9.0,1,1,1,1
65,4225,15.0,40.0,2,1500000.0,12.0,0,1,1,1
39,1521,12.0,60.0,3,4000000.0,2.0,0,1,0,0
63,3969,9.0,18.0,4,1000000.0,1.0,0,1,0,1
34,1156,12.0,18.0,4,900000.0,6.0,1,0,1,1
32,1024,12.0,18.0,4,1000000.0,1.0,0,0,0,0
39,1521,12.0,40.0,1,800000.0,7.0,0,0,1,0
57,3249,12.0,66.0,4,2000000.0,1.0,0,1,0,1
34,1156,17.0,32.0,3,750000.0,2.0,1,1,1,1
37,1369,12.0,32.0,3,880000.0,2.0,0,1,1,1
36,1296,17.0,45.0,3,870000.0,9.0,1,1,1,1
36,1296,17.0,45.0,3,1000000.0,11.0,0,1,1,1
61,3721,15.0,50.0,2,1130000.0,9.0,0,1,1,1
46,2116,15.0,8.0,2,300000.0,1.0,0,1,1,1
44,1936,17.0,40.0,2,2000000.0,7.0,1,1,1,1
38,1444,12.0,60.0,3,1500000.0,1.0,0,1,0,1
27,729,6.0,40.0,4,200000.0,2.0,0,0,0,0
62,3844,12.0,50.0,2,800000.0,7.0,0,1,1,1
38,1444,12.0,40.0,4,200000.0,2.0,1,0,0,0
32,1024,12.0,31.0,3,1000000.0,1.0,0,0,0,0
56,3136,19.0,48.0,2,2000000.0,1.0,1,0,0,1
40,1600,15.0,27.0,3,1300000.0,10.0,0,1,1,1
36,1296,15.0,27.0,3,1400000.0,2.0,1,1,1,1
44,1936,12.0,60.0,1,1100000.0,12.0,0,0,1,1
35,1225,17.0,36.0,1,3500000.0,1.0,0,0,0,1
56,3136,10.0,35.0,4,2000000.0,12.0,0,1,1,1
40,1600,17.0,30.0,1,1300000.0,7.0,0,0,1,1
32,1024,15.0,16.0,2,800000.0,9.0,1,0,1,1
46,2116,15.0,45.0,2,890000.0,7.0,1,0,1,1
27,729,15.0,45.0,2,700000.0,6.0,1,0,1,1
67,4489,5.0,40.0,1,1000000.0,3.0,0,0,1,0
57,3249,6.0,40.0,5,1400000.0,2.0,0,1,1,0
38,1444,6.0,66.0,5,500000.0,3.0,0,1,1,1
39,1521,13.0,68.0,6,900000.0,12.0,1,0,1,0
47,2209,9.0,28.0,5,450000.0,1.0,0,1,0,1
44,1936,15.0,45.0,3,700000.0,8.0,1,1,1,1
44,1936,12.0,45.0,3,900000.0,1.0,0,1,0,1
32,1024,12.0,44.0,4,1000000.0,7.0,0,1,1,1
32,1024,10.0,44.0,4,1000000.0,7.0,1,1,1,1
21,441,13.0,0.0,3,970000.0,6.0,0,0,1,1
54,2916,12.0,60.0,2,2500000.0,1.0,1,0,0,1
51,2601,9.0,48.0,2,1400000.0,9.0,0,0,1,1
61,3721,7.0,3.0,1,240000.0,1.0,0,0,0,0
42,1764,15.0,30.0,3,1400000.0,7.0,1,1,1,1
38,1444,15.0,40.0,3,1000000.0,8.0,1,0,1,1
72,5184,10.0,20.0,3,0.0,5.0,0,1,0,1
70,4900,12.0,20.0,3,400000.0,5.0,1,1,1,1
52,2704,6.0,45.0,3,1000000.0,10.0,1,0,1,1
33,1089,12.0,50.0,4,1000000.0,4.0,0,1,1,0
33,1089,17.0,50.0,4,1200000.0,12.0,1,1,1,1
60,3600,6.0,55.0,4,800000.0,8.0,0,0,1,1
53,2809,9.0,35.0,3,350000.0,8.0,1,1,1,1
58,3364,6.0,32.0,5,350000.0,7.0,1,0,1,1
49,2401,17.0,45.0,1,1810000.0,1.0,1,0,0,1
50,2500,15.0,40.0,3,1200000.0,10.0,1,1,1,1
64,4096,15.0,40.0,3,1700000.0,1.0,0,1,0,1
42,1764,12.0,45.0,4,850000.0,8.0,0,1,1,1
67,4489,6.0,60.0,3,250000.0,5.0,0,0,0,1
52,2704,8.0,45.0,5,1200000.0,2.0,0,1,1,0
62,3844,12.0,45.0,2,2500000.0,12.0,0,1,1,1
42,1764,17.0,54.0,5,900000.0,5.0,0,1,1,1
40,1600,15.0,54.0,5,600000.0,4.0,1,1,1,1
69,4761,6.0,60.0,3,600000.0,2.0,0,1,1,0
35,1225,8.0,25.0,5,600000.0,1.0,1,1,0,0
38,1444,6.0,25.0,5,1000000.0,1.0,0,1,0,0
48,2304,14.0,6.0,3,230000.0,6.0,1,0,1,0
34,1156,9.0,60.0,4,800000.0,2.0,0,1,1,0
65,4225,6.0,14.0,1,300000.0,1.0,0,0,0,0
66,4356,12.0,40.0,2,1500000.0,7.0,0,1,1,1
25,625,6.0,55.0,4,800000.0,1.0,0,1,0,1
20,400,12.0,8.0,4,500000.0,4.0,1,0,1,1
40,1600,12.0,27.0,3,400000.0,5.0,1,1,1,1
72,5184,12.0,40.0,4,1100000.0,3.0,0,1,1,1
66,4356,9.0,40.0,4,700000.0,7.0,1,1,1,1
36,1296,12.0,40.0,4,780000.0,6.0,0,0,1,1
63,3969,8.0,30.0,3,1500000.0,6.0,0,0,1,1
36,1296,7.0,40.0,4,700000.0,7.0,1,0,1,1
62,3844,10.0,49.0,1,1400000.0,2.0,1,0,1,1
35,1225,17.0,32.0,2,1000000.0,8.0,1,0,1,1
62,3844,8.0,108.0,4,200000.0,1.0,1,0,0,1
20,400,9.0,108.0,4,50000.0,1.0,1,1,0,0
72,5184,6.0,108.0,4,50000.0,1.0,1,0,0,1
56,3136,16.0,40.0,1,2100000.0,11.0,1,0,1,1
64,4096,6.0,57.0,3,1100000.0,5.0,0,1,1,1
52,2704,7.0,58.0,7,1100000.0,7.0,0,1,1,0
49,2401,12.0,32.0,2,1200000.0,6.0,0,1,1,1
24,576,12.0,8.0,4,400000.0,6.0,0,0,1,0
58,3364,8.0,40.0,4,280000.0,2.0,0,1,0,0
54,2916,7.0,40.0,4,280000.0,2.0,1,1,0,0
47,2209,17.0,40.0,2,2500000.0,8.0,0,0,1,1
52,2704,14.0,45.0,5,1800000.0,6.0,0,1,1,1
55,3025,12.0,45.0,5,1500000.0,6.0,1,1,1,1
44,1936,9.0,32.0,2,500000.0,1.0,0,1,0,0
47,2209,15.0,32.0,2,150000.0,1.0,1,1,0,0
34,1156,12.0,56.0,5,1500000.0,1.0,1,1,0,1
53,2809,12.0,40.0,2,800000.0,1.0,1,1,1,1
45,2025,17.0,0.0,2,600000.0,10.0,1,1,1,1
27,729,6.0,16.0,6,600000.0,1.0,1,0,0,0
55,3025,6.0,108.0,4,1100000.0,1.0,0,1,0,1
64,4096,17.0,40.0,2,1000000.0,9.0,1,0,1,1
32,1024,14.0,40.0,2,1200000.0,10.0,0,0,1,1
41,1681,18.0,47.0,1,2500000.0,11.0,1,0,1,1
72,5184,15.0,8.0,1,0.0,3.0,1,0,0,1
38,1444,12.0,20.0,4,150000.0,1.0,1,1,0,1
39,1521,9.0,20.0,4,900000.0,4.0,0,1,1,1
19,361,12.0,58.0,7,650000.0,8.0,1,0,1,0
31,961,12.0,48.0,5,800000.0,7.0,0,1,1,1
49,2401,6.0,48.0,6,1500000.0,1.0,0,1,0,1
22,484,14.0,48.0,6,800000.0,8.0,0,0,1,1
28,784,14.0,48.0,2,800000.0,5.0,0,1,1,0
35,1225,14.0,79.0,3,922000.0,12.0,1,0,1,1
40,1600,12.0,80.0,5,200000.0,2.0,0,1,1,1
38,1444,12.0,80.0,5,650000.0,5.0,1,1,1,1
32,1024,12.0,25.0,3,500000.0,2.0,0,0,0,1
48,2304,15.0,30.0,1,680000.0,8.0,0,0,1,1
63,3969,8.0,40.0,3,1000000.0,1.0,1,1,0,1
28,784,15.0,40.0,3,2000000.0,12.0,1,0,1,1
53,2809,12.0,60.0,3,1800000.0,11.0,0,1,1,1
52,2704,17.0,30.0,2,900000.0,7.0,1,1,1,1
53,2809,17.0,30.0,2,2500000.0,6.0,0,1,0,1
48,2304,15.0,42.0,3,780000.0,7.0,1,0,1,1
37,1369,17.0,50.0,4,1300000.0,6.0,1,1,1,1
44,1936,12.0,50.0,4,1600000.0,11.0,0,1,1,1
36,1296,8.0,36.0,6,600000.0,4.0,0,1,0,1
38,1444,6.0,36.0,6,600000.0,4.0,0,1,0,1
33,1089,12.0,48.0,4,1500000.0,1.0,0,1,0,1
36,1296,17.0,6.0,4,200000.0,6.0,1,1,1,1
34,1156,12.0,6.0,4,800000.0,2.0,0,1,0,1
61,3721,6.0,45.0,4,1000000.0,1.0,0,0,0,1
47,2209,6.0,32.0,4,100000.0,1.0,1,1,0,1
41,1681,11.0,48.0,3,750000.0,6.0,0,1,1,1
41,1681,14.0,55.0,2,600000.0,6.0,0,0,1,1
35,1225,15.0,45.0,3,1640000.0,8.0,1,1,1,1
39,1521,17.0,45.0,3,2000000.0,12.0,0,1,1,1
45,2025,12.0,18.0,5,1300000.0,12.0,0,1,1,1
63,3969,4.0,84.0,3,200000.0,1.0,0,1,0,0
56,3136,12.0,84.0,3,700000.0,11.0,1,1,1,1
37,1369,12.0,32.0,1,600000.0,12.0,1,0,1,1
30,900,15.0,60.0,3,1000000.0,1.0,1,1,0,1
29,841,15.0,60.0,3,1000000.0,1.0,0,1,0,0
44,1936,15.0,18.0,3,1700000.0,10.0,0,1,1,1
41,1681,17.0,18.0,3,1500000.0,12.0,1,1,1,1
28,784,12.0,63.0,4,780000.0,12.0,1,0,1,1
34,1156,16.0,48.0,2,1600000.0,9.0,0,1,1,1
35,1225,15.0,48.0,2,870000.0,12.0,1,1,1,1
58,3364,12.0,54.0,3,1500000.0,11.0,0,1,1,1
46,2116,15.0,25.0,2,950000.0,7.0,1,0,1,1
69,4761,6.0,16.0,2,150000.0,1.0,0,1,0,1
60,3600,6.0,60.0,2,1200000.0,9.0,0,1,1,1
53,2809,12.0,25.0,1,200000.0,1.0,1,0,0,1
53,2809,12.0,45.0,3,1000000.0,10.0,0,1,1,1
51,2601,17.0,45.0,3,1500000.0,11.0,1,1,1,1
47,2209,6.0,30.0,3,600000.0,12.0,0,1,1,1
21,441,12.0,40.0,4,900000.0,4.0,1,0,1,0
47,2209,2.0,18.0,2,150000.0,1.0,0,0,0,0
60,3600,5.0,0.0,2,30000.0,1.0,1,0,0,0
65,4225,9.0,30.0,2,400000.0,7.0,0,1,1,1
38,1444,12.0,60.0,6,800000.0,11.0,0,1,1,1
49,2401,12.0,37.0,3,1200000.0,1.0,0,1,0,1
23,529,12.0,74.0,5,0.0,4.0,1,0,0,0
14,196,7.0,74.0,5,0.0,4.0,1,0,0,0
43,1849,15.0,24.0,3,620000.0,8.0,1,1,1,1
49,2401,8.0,60.0,4,1800000.0,1.0,0,1,1,1
48,2304,12.0,60.0,4,620000.0,6.0,1,1,1,1
32,1024,12.0,41.0,7,1600000.0,12.0,1,1,1,0
30,900,6.0,16.0,3,670000.0,5.0,0,1,1,0
43,1849,12.0,30.0,4,800000.0,1.0,0,1,0,0
22,484,12.0,45.0,4,800000.0,12.0,0,0,1,1
48,2304,9.0,45.0,4,2000000.0,3.0,0,1,0,0
53,2809,14.0,40.0,1,800000.0,3.0,0,0,0,0
50,2500,12.0,51.0,2,1800000.0,8.0,0,1,1,1
35,1225,12.0,50.0,3,1500000.0,9.0,0,1,1,1
56,3136,8.0,50.0,2,750000.0,7.0,1,1,1,1
20,400,6.0,36.0,6,600000.0,4.0,0,0,1,0
76,5776,15.0,2.0,2,200000.0,7.0,0,0,1,1
73,5329,12.0,28.0,1,300000.0,1.0,1,0,0,1
47,2209,10.0,48.0,3,1500000.0,12.0,0,1,1,1
45,2025,14.0,48.0,3,1400000.0,8.0,1,1,1,1
18,324,12.0,48.0,3,250000.0,1.0,1,0,0,1
70,4900,17.0,21.0,2,2000000.0,6.0,0,1,0,1
66,4356,15.0,21.0,2,2000000.0,7.0,1,1,1,1
64,4096,12.0,46.0,2,3000000.0,7.0,0,1,1,1
40,1600,17.0,29.0,2,900000.0,9.0,1,0,1,1
20,400,12.0,40.0,4,900000.0,6.0,0,0,1,0
50,2500,17.0,40.0,4,900000.0,9.0,1,1,1,1
61,3721,12.0,40.0,3,1500000.0,12.0,0,1,1,1
64,4096,12.0,60.0,1,1700000.0,10.0,0,0,1,1
35,1225,12.0,66.0,2,800000.0,8.0,1,0,1,0
53,2809,12.0,27.0,4,1800000.0,11.0,0,1,1,1
49,2401,15.0,27.0,4,100000.0,1.0,1,1,0,1
50,2500,12.0,72.0,3,1300000.0,7.0,0,1,1,1
48,2304,7.0,72.0,3,300000.0,1.0,1,1,0,1
66,4356,16.0,36.0,3,500000.0,1.0,0,1,0,1
58,3364,15.0,36.0,3,20000.0,1.0,1,1,0,1
64,4096,12.0,0.0,3,750000.0,9.0,0,0,1,1
39,1521,12.0,0.0,3,700000.0,1.0,0,0,0,0
37,1369,12.0,48.0,4,1000000.0,7.0,0,1,1,1
43,1849,12.0,30.0,4,200000.0,1.0,1,1,0,0
58,3364,12.0,40.0,3,1500000.0,1.0,0,1,0,1
52,2704,17.0,39.0,3,500000.0,8.0,1,0,1,1
44,1936,15.0,51.0,5,2500000.0,12.0,0,1,1,1
54,2916,15.0,31.0,3,800000.0,9.0,0,1,1,1
48,2304,12.0,31.0,3,1000000.0,1.0,1,1,0,1
64,4096,9.0,30.0,1,700000.0,8.0,1,0,1,1
63,3969,12.0,45.0,1,600000.0,9.0,1,0,1,1
22,484,12.0,45.0,4,700000.0,5.0,1,0,1,0
28,784,12.0,54.0,4,737000.0,10.0,1,1,1,1
50,2500,19.0,45.0,2,1500000.0,12.0,1,0,1,1
52,2704,10.0,40.0,3,800000.0,8.0,1,1,1,1
34,1156,10.0,12.0,4,1500000.0,1.0,0,1,0,0
54,2916,12.0,12.0,4,500000.0,1.0,1,1,0,0
62,3844,6.0,1.0,2,80000.0,1.0,0,1,0,0
29,841,12.0,54.0,4,3500000.0,11.0,0,1,1,1
47,2209,19.0,64.0,1,2000000.0,1.0,0,0,0,1
59,3481,13.0,0.0,4,5500000.0,12.0,0,1,1,1
25,625,12.0,0.0,4,900000.0,10.0,0,0,1,1
36,1296,12.0,48.0,4,1000000.0,9.0,1,1,1,1
20,400,12.0,39.0,3,800000.0,3.0,0,0,1,1
41,1681,15.0,60.0,2,700000.0,1.0,0,1,0,1
47,2209,16.0,60.0,2,1500000.0,6.0,1,1,1,1
40,1600,15.0,20.0,2,960000.0,11.0,1,0,1,1
21,441,8.0,40.0,3,600000.0,4.0,0,1,1,0
41,1681,6.0,48.0,3,1500000.0,6.0,0,1,1,1
50,2500,13.0,12.0,2,200000.0,1.0,1,0,0,1
53,2809,6.0,16.0,1,200000.0,1.0,0,0,0,0
41,1681,12.0,40.0,3,1300000.0,1.0,0,1,0,1
28,784,12.0,40.0,3,1500000.0,10.0,0,0,1,1
61,3721,6.0,45.0,4,1100000.0,3.0,0,1,1,0
24,576,12.0,35.0,3,0.0,6.0,0,1,1,0
32,1024,16.0,32.0,2,1500000.0,12.0,1,1,1,1
39,1521,12.0,32.0,2,1500000.0,12.0,0,1,1,1
58,3364,12.0,45.0,2,1450000.0,9.0,1,0,1,1
57,3249,12.0,35.0,1,1200000.0,11.0,1,0,1,1
36,1296,15.0,40.0,2,800000.0,10.0,1,0,1,1
41,1681,12.0,55.0,4,40000.0,2.0,1,1,1,1
37,1369,6.0,48.0,2,1000000.0,12.0,0,0,1,1
25,625,12.0,10.0,5,200000.0,2.0,1,1,0,0
28,784,12.0,10.0,5,280000.0,2.0,0,1,0,0
58,3364,6.0,30.0,8,200000.0,1.0,0,1,0,1
34,1156,12.0,45.0,4,300000.0,4.0,1,0,1,0
50,2500,12.0,70.0,6,6000000.0,1.0,0,1,0,1
23,529,12.0,70.0,6,800000.0,1.0,1,0,0,1
21,441,14.0,70.0,6,900000.0,2.0,1,0,1,1
20,400,12.0,70.0,6,800000.0,1.0,1,0,0,1
57,3249,6.0,18.0,3,78000.0,5.0,1,0,1,0
34,1156,15.0,45.0,3,1500000.0,12.0,1,0,1,1
38,1444,12.0,50.0,1,3200000.0,12.0,0,0,1,1
40,1600,15.0,30.0,2,1000000.0,12.0,1,0,1,1
46,2116,15.0,24.0,4,3000000.0,9.0,0,1,1,1
44,1936,15.0,24.0,4,400000.0,1.0,1,1,0,1
45,2025,10.0,40.0,3,180000.0,9.0,0,1,1,1
33,1089,12.0,45.0,3,1000000.0,8.0,0,1,1,1
52,2704,0.0,30.0,1,1000000.0,6.0,0,0,1,0
44,1936,15.0,24.0,3,610000.0,9.0,1,0,1,1
35,1225,17.0,40.0,3,1700000.0,7.0,1,1,1,1
40,1600,12.0,40.0,3,1113000.0,11.0,0,1,1,1
38,1444,7.0,57.0,6,1500000.0,1.0,0,1,0,0
19,361,12.0,57.0,6,800000.0,6.0,0,0,1,0
54,2916,6.0,40.0,1,400000.0,12.0,0,0,1,1
34,1156,12.0,48.0,1,800000.0,7.0,0,0,1,1
42,1764,9.0,32.0,5,1400000.0,1.0,0,1,0,0
17,289,9.0,56.0,7,400000.0,5.0,0,0,1,0
45,2025,12.0,58.0,3,1100000.0,12.0,1,1,1,1
46,2116,6.0,0.0,2,300000.0,1.0,0,1,0,0
36,1296,12.0,60.0,4,850000.0,7.0,0,1,1,1
40,1600,14.0,8.0,4,412000.0,4.0,1,1,1,1
46,2116,15.0,25.0,2,1500000.0,11.0,1,0,1,1
48,2304,12.0,58.0,3,1500000.0,2.0,1,0,0,1
75,5625,15.0,58.0,3,1500000.0,2.0,0,0,0,1
48,2304,7.0,48.0,5,1500000.0,12.0,0,1,1,1
28,784,14.0,10.0,2,250000.0,9.0,1,1,1,1
28,784,12.0,10.0,2,1000000.0,7.0,0,1,1,1
20,400,14.0,61.0,3,300000.0,1.0,1,0,0,1
48,2304,6.0,56.0,6,1200000.0,1.0,0,1,0,0
24,576,12.0,56.0,6,800000.0,6.0,0,0,1,1
53,2809,10.0,18.0,4,500000.0,1.0,0,1,0,0
31,961,15.0,18.0,4,600000.0,5.0,1,0,1,0
31,961,6.0,48.0,4,700000.0,6.0,0,0,1,0
31,961,12.0,54.0,7,200000.0,1.0,1,1,0,0
29,841,6.0,54.0,7,800000.0,3.0,0,1,1,0
50,2500,6.0,40.0,8,150000.0,1.0,0,1,0,1
42,1764,12.0,45.0,4,900000.0,6.0,0,1,1,1
30,900,12.0,45.0,4,900000.0,11.0,1,1,1,1
52,2704,12.0,33.0,3,80000.0,3.0,1,0,0,1
37,1369,15.0,38.0,3,1800000.0,7.0,0,0,1,1
28,784,12.0,38.0,3,2700000.0,12.0,1,0,1,1
40,1600,17.0,37.0,2,1700000.0,12.0,0,1,1,1
37,1369,12.0,37.0,2,1500000.0,1.0,1,1,0,1
52,2704,17.0,29.0,3,1043000.0,8.0,1,0,1,1
24,576,17.0,8.0,3,475000.0,9.0,0,0,1,1
37,1369,17.0,48.0,1,1200000.0,12.0,0,0,1,1
40,1600,15.0,40.0,3,1300000.0,12.0,0,1,1,1
50,2500,12.0,45.0,2,1000000.0,12.0,1,0,1,1
21,441,12.0,45.0,2,200000.0,10.0,0,0,1,0
36,1296,12.0,45.0,2,800000.0,11.0,1,1,1,1
38,1444,6.0,45.0,2,1200000.0,11.0,0,1,1,1
24,576,14.0,60.0,5,400000.0,1.0,1,1,0,0
47,2209,17.0,40.0,2,3100000.0,12.0,0,0,1,1
68,4624,7.0,4.0,1,0.0,1.0,1,0,0,1
39,1521,15.0,36.0,4,790000.0,10.0,0,1,1,1
31,961,15.0,36.0,4,790000.0,10.0,1,1,1,1
56,3136,15.0,72.0,2,250000.0,1.0,0,0,0,0
24,576,12.0,0.0,3,800000.0,12.0,0,1,1,0
46,2116,12.0,0.0,3,1200000.0,10.0,0,0,1,1
25,625,12.0,48.0,1,350000.0,11.0,0,0,1,1
32,1024,6.0,55.0,4,1000000.0,8.0,0,1,1,1
23,529,9.0,24.0,4,800000.0,5.0,0,0,1,1
38,1444,12.0,40.0,5,1400000.0,9.0,1,0,1,1
41,1681,17.0,40.0,4,760000.0,6.0,1,1,1,1
26,676,16.0,35.0,1,3000000.0,11.0,0,0,1,1
47,2209,13.0,40.0,4,450000.0,1.0,1,1,0,0
49,2401,12.0,40.0,2,630000.0,8.0,0,0,1,1
34,1156,19.0,35.0,3,3000000.0,7.0,0,1,1,1
33,1089,17.0,35.0,3,2500000.0,6.0,1,1,1,1
47,2209,15.0,40.0,1,2500000.0,12.0,1,0,1,1
34,1156,10.0,40.0,3,800000.0,6.0,0,1,1,0
56,3136,13.0,42.0,1,1200000.0,1.0,0,0,0,1
57,3249,3.0,45.0,2,200000.0,1.0,0,1,0,0
59,3481,15.0,48.0,1,1500000.0,1.0,0,0,0,1
47,2209,12.0,48.0,3,1500000.0,12.0,1,1,1,1
54,2916,15.0,40.0,3,5000000.0,12.0,0,0,1,1
65,4225,6.0,20.0,2,350000.0,1.0,1,0,0,1
58,3364,12.0,0.0,4,1500000.0,10.0,0,1,1,1
49,2401,12.0,40.0,4,250000.0,1.0,1,1,0,1
72,5184,9.0,11.0,2,45000.0,7.0,0,1,1,1
31,961,12.0,73.0,2,1800000.0,11.0,0,1,1,1
44,1936,19.0,40.0,2,5000000.0,12.0,1,1,1,1
29,841,15.0,40.0,2,900000.0,3.0,1,1,1,1
47,2209,15.0,57.0,4,1200000.0,5.0,0,0,1,1
39,1521,12.0,70.0,3,1600000.0,1.0,0,1,0,1
72,5184,6.0,9.0,5,400000.0,5.0,0,0,1,1
68,4624,9.0,35.0,2,800000.0,1.0,0,1,0,1
56,3136,14.0,35.0,1,250000.0,1.0,1,0,0,0
37,1369,15.0,58.0,1,800000.0,1.0,0,0,0,1
61,3721,12.0,60.0,2,1200000.0,3.0,0,1,0,1
61,3721,12.0,60.0,2,600000.0,1.0,1,1,0,1
43,1849,12.0,42.0,8,400000.0,1.0,0,1,0,0
18,324,12.0,42.0,8,400000.0,4.0,0,0,1,0
38,1444,6.0,25.0,3,333000.0,8.0,1,0,1,0
60,3600,12.0,36.0,1,1200000.0,1.0,0,0,0,1
44,1936,19.0,44.0,1,1200000.0,12.0,0,0,1,1
54,2916,17.0,48.0,2,1560000.0,10.0,1,0,1,1
28,784,12.0,48.0,2,2200000.0,7.0,1,0,1,1
41,1681,15.0,0.0,1,600000.0,9.0,1,0,1,1
19,361,8.0,50.0,6,300000.0,3.0,1,0,1,0
34,1156,12.0,50.0,6,560000.0,3.0,1,1,0,1
34,1156,9.0,50.0,6,1500000.0,11.0,0,1,1,1
53,2809,15.0,40.0,1,650000.0,1.0,0,0,0,1
40,1600,6.0,15.0,4,300000.0,1.0,0,1,0,0
41,1681,12.0,84.0,4,900000.0,2.0,1,1,0,1
36,1296,12.0,84.0,4,800000.0,8.0,1,1,1,1
19,361,13.0,84.0,4,50000.0,2.0,1,0,0,1
40,1600,12.0,72.0,5,400000.0,1.0,1,0,0,0
23,529,12.0,72.0,5,600000.0,6.0,0,0,1,1
48,2304,6.0,15.0,4,500000.0,5.0,0,1,1,0
27,729,12.0,50.0,4,890000.0,9.0,0,1,1,0
45,2025,13.0,56.0,2,500000.0,5.0,1,0,1,0
24,576,12.0,72.0,5,400000.0,5.0,0,0,1,0
25,625,8.0,25.0,10,330000.0,8.0,0,1,1,0
23,529,6.0,25.0,10,330000.0,8.0,0,1,1,0
27,729,6.0,25.0,10,330000.0,8.0,0,1,1,0
22,484,12.0,25.0,10,150000.0,8.0,1,1,1,0
44,1936,5.0,30.0,4,700000.0,10.0,0,0,1,1
28,784,12.0,30.0,4,250000.0,8.0,1,1,1,0
29,841,6.0,30.0,4,400000.0,3.0,0,1,1,0
33,1089,12.0,20.0,2,200000.0,6.0,1,0,1,0
48,2304,6.0,48.0,8,600000.0,8.0,0,0,1,1
47,2209,4.0,48.0,8,180000.0,6.0,1,0,1,0
59,3481,7.0,30.0,4,400000.0,2.0,0,1,1,0
44,1936,14.0,30.0,7,610000.0,8.0,1,1,1,1
46,2116,13.0,30.0,7,800000.0,12.0,0,1,1,1
42,1764,12.0,10.0,5,150000.0,1.0,1,1,0,1
53,2809,15.0,10.0,5,1200000.0,8.0,0,1,1,1
25,625,7.0,10.0,5,240000.0,5.0,1,0,1,1
33,1089,14.0,30.0,4,400000.0,6.0,1,0,1,0
40,1600,15.0,40.0,4,1200000.0,7.0,0,1,1,1
35,1225,15.0,40.0,4,1000000.0,8.0,1,1,1,1
30,900,10.0,12.0,3,200000.0,4.0,1,0,1,0
66,4356,12.0,40.0,4,1200000.0,11.0,0,0,1,1
21,441,12.0,40.0,2,300000.0,2.0,0,0,1,0
38,1444,12.0,25.0,6,330000.0,7.0,1,0,1,0
22,484,12.0,25.0,6,1200000.0,4.0,0,0,1,0
67,4489,19.0,41.0,1,5000000.0,11.0,0,0,1,1
54,2916,12.0,68.0,4,1000000.0,10.0,0,1,1,1
50,2500,12.0,68.0,4,160000.0,3.0,1,1,1,1
50,2500,9.0,124.0,6,1600000.0,6.0,0,1,1,1
50,2500,12.0,124.0,6,1200000.0,5.0,1,1,1,1
64,4096,6.0,40.0,1,1000000.0,10.0,1,0,1,1
50,2500,9.0,35.0,3,900000.0,7.0,0,1,1,1
52,2704,12.0,52.0,4,400000.0,3.0,1,1,1,0
47,2209,12.0,25.0,4,600000.0,8.0,1,0,1,1
29,841,12.0,25.0,4,264000.0,2.0,0,0,1,0
59,3481,5.0,42.0,1,200000.0,1.0,1,0,0,1
28,784,12.0,40.0,2,1400000.0,9.0,1,1,1,1
28,784,12.0,40.0,2,700000.0,2.0,0,1,0,0
25,625,14.0,30.0,1,680000.0,12.0,1,0,1,1
69,4761,17.0,30.0,2,800000.0,5.0,0,0,0,1
30,900,15.0,30.0,2,1000000.0,5.0,0,0,1,1
40,1600,8.0,48.0,5,3000000.0,7.0,0,1,1,1
21,441,2.0,48.0,5,300000.0,3.0,0,0,1,1
58,3364,17.0,49.0,3,1300000.0,9.0,0,1,1,1
47,2209,12.0,35.0,3,1000000.0,8.0,1,1,1,1
45,2025,12.0,49.0,3,500000.0,1.0,0,0,0,0
56,3136,8.0,36.0,5,800000.0,3.0,0,1,0,0
55,3025,9.0,36.0,5,400000.0,2.0,1,1,0,0
22,484,7.0,36.0,5,400000.0,2.0,1,0,0,0
76,5776,4.0,3.0,7,40000.0,1.0,1,0,0,1
20,400,12.0,3.0,7,600000.0,6.0,0,0,1,0
39,1521,7.0,3.0,7,700000.0,7.0,0,1,1,0
45,2025,15.0,48.0,4,1000000.0,2.0,0,1,1,1
49,2401,15.0,40.0,3,1500000.0,9.0,1,0,1,1
57,3249,15.0,49.0,3,1500000.0,9.0,1,1,1,1
45,2025,17.0,38.0,1,1600000.0,8.0,1,0,1,1
57,3249,15.0,30.0,3,800000.0,12.0,0,1,1,1
55,3025,17.0,30.0,3,800000.0,12.0,1,1,1,1
26,676,12.0,45.0,1,1500000.0,11.0,0,0,1,1
33,1089,12.0,45.0,2,1500000.0,11.0,0,1,1,1
26,676,9.0,36.0,5,450000.0,5.0,0,0,1,0
23,529,9.0,36.0,5,450000.0,5.0,0,0,1,0
51,2601,12.0,40.0,5,1800000.0,11.0,0,1,1,1
44,1936,8.0,40.0,5,320000.0,1.0,1,1,0,1
24,576,17.0,40.0,5,600000.0,10.0,1,0,1,1
35,1225,12.0,54.0,4,1000000.0,7.0,0,1,1,1
54,2916,12.0,2.0,8,12800.0,7.0,1,0,1,0
34,1156,12.0,48.0,5,480000.0,4.0,1,0,1,0
47,2209,15.0,20.0,4,150000.0,4.0,1,1,1,0
52,2704,8.0,20.0,4,1700000.0,10.0,0,1,1,1
47,2209,17.0,40.0,4,2000000.0,8.0,1,1,1,1
49,2401,15.0,40.0,4,2500000.0,9.0,0,1,1,1
23,529,12.0,64.0,5,400000.0,1.0,1,1,0,0
23,529,12.0,64.0,5,250000.0,1.0,0,1,0,0
49,2401,8.0,25.0,6,800000.0,3.0,0,1,1,1
39,1521,12.0,25.0,6,400000.0,10.0,1,0,1,0
41,1681,19.0,40.0,4,1400000.0,6.0,0,1,1,1
38,1444,15.0,40.0,2,1000000.0,8.0,0,1,1,1
41,1681,17.0,40.0,2,1400000.0,10.0,1,1,1,1
40,1600,17.0,40.0,2,2300000.0,9.0,0,0,1,1
49,2401,19.0,25.0,1,1100000.0,3.0,1,0,1,1
46,2116,15.0,40.0,1,1800000.0,3.0,1,0,1,1
40,1600,10.0,30.0,3,1300000.0,6.0,1,0,1,1
21,441,8.0,2.0,8,690000.0,3.0,1,0,1,0
59,3481,6.0,2.0,8,400000.0,7.0,1,0,1,0
35,1225,10.0,2.0,8,460000.0,5.0,1,0,1,0
63,3969,3.0,18.0,2,200000.0,3.0,1,0,1,1
57,3249,12.0,30.0,3,1000000.0,1.0,0,1,0,0
49,2401,12.0,30.0,3,800000.0,10.0,1,1,1,1
51,2601,12.0,40.0,1,1500000.0,10.0,0,0,1,1
25,625,13.0,40.0,2,600000.0,5.0,1,0,1,0
22,484,12.0,40.0,2,600000.0,5.0,1,0,1,0
51,2601,8.0,25.0,6,400000.0,10.0,1,1,1,0
26,676,7.0,60.0,4,400000.0,8.0,1,0,1,0
34,1156,11.0,45.0,3,900000.0,9.0,0,1,1,1
38,1444,17.0,40.0,2,1100000.0,8.0,1,1,1,1
36,1296,14.0,40.0,2,1000000.0,2.0,0,1,0,1
28,784,17.0,24.0,2,600000.0,6.0,1,0,1,1
45,2025,17.0,52.0,3,1500000.0,12.0,0,1,1,1
46,2116,16.0,52.0,3,350000.0,3.0,1,1,0,1
50,2500,12.0,60.0,2,800000.0,1.0,0,0,0,0
35,1225,12.0,44.0,4,680000.0,9.0,1,0,1,1
42,1764,15.0,60.0,1,1200000.0,1.0,0,0,0,1
53,2809,12.0,43.0,1,2500000.0,12.0,0,0,1,1
35,1225,15.0,48.0,2,1200000.0,6.0,1,0,1,1
30,900,12.0,45.0,2,1550000.0,7.0,0,1,1,1
31,961,12.0,16.0,6,800000.0,10.0,0,1,1,1
31,961,17.0,20.0,1,700000.0,1.0,1,0,0,1
31,961,12.0,10.0,1,450000.0,8.0,1,0,1,0
37,1369,15.0,35.0,1,800000.0,8.0,0,0,1,1
61,3721,14.0,10.0,7,120000.0,1.0,0,1,0,0
34,1156,12.0,10.0,7,44000.0,1.0,0,0,0,0
31,961,9.0,10.0,7,300000.0,3.0,0,0,1,0
33,1089,12.0,10.0,7,500000.0,3.0,0,0,0,0
59,3481,12.0,10.0,7,280000.0,3.0,1,1,1,0
49,2401,15.0,20.0,4,750000.0,8.0,1,0,1,1
62,3844,17.0,55.0,3,700000.0,8.0,1,0,1,1
32,1024,15.0,55.0,3,700000.0,9.0,1,0,1,1
30,900,15.0,55.0,3,500000.0,9.0,1,0,1,1
31,961,12.0,16.0,6,500000.0,6.0,1,1,1,1
42,1764,14.0,30.0,3,840000.0,9.0,1,0,1,1
38,1444,12.0,42.0,2,1400000.0,12.0,1,0,1,1
36,1296,15.0,25.0,3,700000.0,2.0,1,0,0,1
41,1681,16.0,42.0,2,800000.0,6.0,1,1,1,1
36,1296,14.0,36.0,4,750000.0,12.0,0,1,1,1
31,961,17.0,36.0,4,450000.0,12.0,1,1,1,1
46,2116,17.0,45.0,1,1200000.0,8.0,0,0,1,1
52,2704,15.0,24.0,1,144000.0,1.0,1,0,0,1
55,3025,7.0,45.0,3,1000000.0,10.0,0,1,1,1
54,2916,7.0,45.0,3,250000.0,1.0,1,1,0,1
48,2304,15.0,30.0,6,900000.0,11.0,0,1,1,1
67,4489,6.0,15.0,6,300000.0,1.0,0,1,0,1
41,1681,11.0,42.0,2,2000000.0,6.0,0,1,0,1
35,1225,12.0,52.0,2,4500000.0,3.0,1,1,1,1
38,1444,17.0,52.0,2,2000000.0,12.0,0,1,1,1
31,961,17.0,45.0,2,1000000.0,4.0,1,1,1,1
35,1225,12.0,45.0,2,1000000.0,6.0,0,1,1,1
33,1089,16.0,90.0,3,1200000.0,1.0,0,1,0,1
19,361,12.0,24.0,2,70000.0,1.0,1,0,0,1
54,2916,15.0,82.0,4,1200000.0,11.0,0,1,1,1
34,1156,15.0,82.0,4,760000.0,11.0,1,1,1,0
38,1444,17.0,15.0,6,700000.0,11.0,0,0,1,1
36,1296,12.0,15.0,6,700000.0,10.0,1,0,1,1
36,1296,6.0,55.0,3,200000.0,1.0,0,1,0,0
60,3600,6.0,6.0,4,56000.0,1.0,0,1,0,0
38,1444,6.0,6.0,4,84000.0,6.0,1,1,1,0
50,2500,12.0,90.0,1,2000000.0,1.0,0,0,0,1
53,2809,17.0,20.0,5,1900000.0,8.0,0,1,1,1
45,2025,8.0,40.0,1,600000.0,6.0,0,0,1,0
63,3969,12.0,20.0,3,1500000.0,2.0,0,1,0,1
50,2500,15.0,20.0,3,1500000.0,2.0,1,1,0,1
49,2401,17.0,24.0,3,670000.0,1.0,1,1,0,1
48,2304,15.0,24.0,3,1800000.0,2.0,0,1,0,1
56,3136,8.0,42.0,8,500000.0,1.0,1,0,0,0
32,1024,17.0,42.0,8,800000.0,8.0,1,0,1,1
29,841,12.0,42.0,8,350000.0,6.0,0,0,1,0
26,676,12.0,42.0,8,300000.0,5.0,0,1,1,0
53,2809,12.0,48.0,5,500000.0,1.0,0,1,0,1
52,2704,17.0,20.0,5,1000000.0,8.0,1,1,1,1
23,529,13.0,20.0,5,300000.0,4.0,0,0,1,1
45,2025,6.0,24.0,4,800000.0,12.0,0,1,1,1
49,2401,12.0,48.0,2,700000.0,4.0,1,0,1,1
41,1681,13.0,50.0,3,600000.0,3.0,1,0,1,1
56,3136,13.0,45.0,2,1000000.0,2.0,1,1,0,1
56,3136,12.0,45.0,2,1000000.0,2.0,0,1,0,1
56,3136,15.0,18.0,3,1000000.0,8.0,1,0,1,1
22,484,14.0,18.0,3,480000.0,6.0,0,0,1,0
46,2116,12.0,24.0,5,800000.0,9.0,0,1,1,1
45,2025,12.0,24.0,5,200000.0,1.0,1,1,0,1
29,841,12.0,56.0,2,790000.0,7.0,0,1,1,1
24,576,11.0,56.0,2,500000.0,1.0,1,1,0,1
46,2116,15.0,36.0,2,800000.0,7.0,1,1,1,1
49,2401,12.0,36.0,2,1500000.0,9.0,0,1,1,1
28,784,12.0,40.0,2,500000.0,6.0,0,0,1,0
36,1296,15.0,36.0,2,1200000.0,10.0,1,0,1,1
35,1225,16.0,36.0,2,700000.0,10.0,1,0,1,1
46,2116,15.0,26.0,4,700000.0,8.0,1,1,1,1
39,1521,14.0,26.0,4,1000000.0,12.0,0,1,1,1
20,400,12.0,65.0,3,0.0,2.0,1,1,0,0
22,484,12.0,48.0,2,250000.0,1.0,0,1,0,0
50,2500,7.0,45.0,4,200000.0,1.0,1,1,0,1
40,1600,9.0,48.0,6,400000.0,2.0,1,1,1,1
66,4356,2.0,70.0,4,500000.0,2.0,0,0,1,0
27,729,12.0,48.0,3,4000000.0,1.0,0,1,0,0
26,676,12.0,48.0,3,500000.0,1.0,1,1,0,0
31,961,9.0,40.0,5,400000.0,1.0,0,1,0,0
34,1156,12.0,40.0,5,300000.0,1.0,1,1,0,0
36,1296,9.0,40.0,4,300000.0,6.0,0,1,1,0
52,2704,14.0,30.0,2,0.0,2.0,0,1,0,1
49,2401,17.0,30.0,2,800000.0,9.0,1,1,1,1
34,1156,17.0,24.0,2,1200000.0,1.0,1,0,0,1
31,961,17.0,40.0,1,2000000.0,8.0,0,0,1,1
39,1521,17.0,40.0,1,2000000.0,7.0,0,0,1,1
60,3600,6.0,54.0,2,1000000.0,3.0,0,0,1,1
34,1156,12.0,54.0,2,2500000.0,7.0,0,0,1,1
42,1764,12.0,48.0,1,1000000.0,9.0,0,0,1,1
49,2401,6.0,12.0,8,650000.0,2.0,0,1,0,0
46,2116,6.0,12.0,8,1000000.0,1.0,1,1,0,0
20,400,11.0,12.0,8,350000.0,2.0,0,0,1,0
61,3721,9.0,40.0,4,2000000.0,4.0,0,1,0,1
48,2304,6.0,40.0,4,1500000.0,1.0,1,1,0,1
28,784,12.0,40.0,4,1300000.0,8.0,0,0,1,1
25,625,12.0,40.0,4,1370000.0,7.0,0,0,1,0
51,2601,6.0,61.0,2,650000.0,9.0,0,0,1,1
48,2304,15.0,40.0,1,1300000.0,8.0,1,0,1,1
42,1764,12.0,40.0,3,600000.0,3.0,1,0,1,0
36,1296,6.0,36.0,4,224000.0,1.0,1,0,0,1
27,729,12.0,5.0,5,240000.0,1.0,0,1,0,0
28,784,12.0,5.0,5,200000.0,1.0,1,1,0,0
43,1849,12.0,84.0,6,800000.0,1.0,0,1,0,0
25,625,12.0,45.0,2,900000.0,6.0,0,1,1,1
24,576,15.0,45.0,2,900000.0,4.0,1,1,1,1
30,900,15.0,56.0,1,850000.0,10.0,1,0,1,1
41,1681,17.0,45.0,1,1000000.0,4.0,0,0,0,1
65,4225,17.0,30.0,6,500000.0,6.0,1,0,1,1
39,1521,17.0,30.0,6,650000.0,2.0,0,1,1,0
38,1444,12.0,30.0,6,390000.0,7.0,1,0,1,1
35,1225,15.0,48.0,4,1500000.0,9.0,0,1,1,1
37,1369,15.0,48.0,4,750000.0,9.0,1,1,1,1
43,1849,12.0,48.0,4,2500000.0,9.0,0,1,1,1
40,1600,15.0,60.0,4,380000.0,1.0,0,1,0,0
41,1681,12.0,60.0,4,280000.0,9.0,0,1,1,0
28,784,14.0,60.0,4,350000.0,1.0,0,0,0,0
33,1089,15.0,40.0,3,1000000.0,8.0,1,0,1,1
44,1936,9.0,40.0,6,300000.0,1.0,0,1,0,0
51,2601,6.0,48.0,6,1200000.0,1.0,0,1,0,0
63,3969,6.0,40.0,2,400000.0,1.0,0,0,0,1
63,3969,6.0,48.0,1,400000.0,2.0,0,0,1,0
30,900,8.0,48.0,4,1000000.0,3.0,0,1,1,1
25,625,8.0,48.0,4,600000.0,3.0,1,1,1,1
57,3249,6.0,24.0,1,700000.0,3.0,1,0,1,1
36,1296,12.0,44.0,4,1800000.0,9.0,0,1,1,1
51,2601,19.0,60.0,5,1800000.0,12.0,0,1,1,1
47,2209,19.0,60.0,5,1300000.0,12.0,1,1,1,1
39,1521,11.0,35.0,6,900000.0,1.0,0,1,0,0
27,729,8.0,40.0,4,720000.0,1.0,0,0,0,0
46,2116,6.0,45.0,1,1400000.0,6.0,0,0,1,1
53,2809,5.0,40.0,6,600000.0,2.0,0,1,0,0
17,289,9.0,40.0,6,350000.0,2.0,0,0,1,0
33,1089,11.0,72.0,5,1480000.0,4.0,0,1,1,0
63,3969,17.0,12.0,1,680000.0,10.0,1,0,1,1
36,1296,9.0,27.0,3,700000.0,2.0,0,1,0,1
65,4225,15.0,30.0,3,1000000.0,3.0,1,0,1,1
38,1444,17.0,30.0,3,100000.0,1.0,0,0,0,1
61,3721,12.0,72.0,2,900000.0,1.0,0,1,0,1
62,3844,6.0,54.0,2,300000.0,1.0,1,1,0,0
38,1444,17.0,40.0,4,1000000.0,2.0,0,1,0,1
36,1296,17.0,40.0,4,1000000.0,2.0,1,1,0,1
29,841,7.0,42.0,6,400000.0,1.0,0,1,0,0
59,3481,12.0,48.0,2,550000.0,1.0,0,1,0,1
61,3721,12.0,48.0,2,300000.0,1.0,1,1,0,1
35,1225,12.0,12.0,3,200000.0,4.0,1,0,1,0
47,2209,6.0,40.0,3,300000.0,1.0,0,1,0,0
47,2209,12.0,48.0,5,1500000.0,9.0,0,1,1,1
34,1156,17.0,48.0,5,1500000.0,9.0,1,1,1,1
38,1444,8.0,72.0,5,1800000.0,6.0,1,1,1,1
40,1600,19.0,48.0,4,1500000.0,12.0,1,1,1,1
40,1600,12.0,30.0,1,1500000.0,7.0,0,0,1,1
33,1089,12.0,48.0,1,2000000.0,1.0,0,0,0,1
54,2916,6.0,60.0,1,3800000.0,1.0,0,0,0,1
53,2809,12.0,43.0,1,800000.0,6.0,0,0,1,0
59,3481,12.0,35.0,6,700000.0,9.0,1,1,1,1
62,3844,9.0,35.0,6,1000000.0,1.0,0,1,0,0
30,900,9.0,35.0,6,612000.0,4.0,1,1,1,1
31,961,9.0,12.0,4,700000.0,1.0,0,1,0,0
65,4225,10.0,98.0,4,980000.0,4.0,0,1,0,0
52,2704,6.0,98.0,4,650000.0,4.0,1,1,0,0
22,484,9.0,98.0,4,850000.0,4.0,1,0,0,0
20,400,7.0,98.0,4,1000000.0,4.0,0,0,0,0
51,2601,10.0,40.0,1,5000000.0,3.0,0,0,0,1
32,1024,6.0,54.0,4,7000000.0,11.0,0,1,1,1
32,1024,9.0,54.0,4,1500000.0,1.0,1,1,0,1
31,961,6.0,44.0,1,1200000.0,5.0,0,0,1,1
66,4356,6.0,36.0,4,400000.0,1.0,0,1,0,1
30,900,12.0,36.0,4,100000.0,6.0,0,0,1,0
27,729,12.0,48.0,3,800000.0,3.0,0,1,1,1
32,1024,12.0,48.0,3,50000.0,1.0,1,1,0,1
61,3721,15.0,40.0,4,1200000.0,8.0,0,1,1,1
56,3136,12.0,30.0,3,500000.0,8.0,0,1,1,1
53,2809,15.0,30.0,3,250000.0,1.0,1,1,0,1
26,676,12.0,30.0,3,500000.0,8.0,0,0,1,1
45,2025,17.0,65.0,1,950000.0,9.0,1,0,1,1
25,625,17.0,40.0,2,1200000.0,10.0,1,1,1,1
26,676,14.0,40.0,2,800000.0,6.0,0,1,1,1
46,2116,15.0,48.0,2,1000000.0,6.0,0,1,1,1
33,1089,12.0,48.0,2,700000.0,1.0,1,1,0,1
45,2025,12.0,35.0,5,500000.0,1.0,1,1,0,1
20,400,13.0,35.0,5,500000.0,1.0,0,0,0,1
39,1521,12.0,40.0,5,2000000.0,6.0,0,1,1,1
69,4761,6.0,24.0,2,50000.0,1.0,0,1,0,1
41,1681,14.0,36.0,5,400000.0,6.0,1,1,1,1
58,3364,15.0,40.0,4,1200000.0,6.0,0,1,1,1
55,3025,17.0,48.0,1,1500000.0,1.0,1,0,0,1
34,1156,17.0,60.0,3,5800000.0,11.0,0,1,1,1
31,961,15.0,60.0,3,1800000.0,11.0,1,1,1,1
50,2500,6.0,48.0,8,800000.0,2.0,0,1,0,0
26,676,12.0,48.0,8,500000.0,1.0,1,0,0,0
21,441,12.0,48.0,8,600000.0,2.0,0,0,0,0
46,2116,6.0,44.0,4,1500000.0,8.0,0,1,1,1
48,2304,2.0,44.0,5,900000.0,9.0,1,1,1,0
21,441,13.0,21.0,1,200000.0,1.0,1,0,0,0
33,1089,12.0,60.0,1,1200000.0,10.0,0,0,1,1
23,529,12.0,36.0,1,900000.0,6.0,1,0,1,0
36,1296,6.0,12.0,2,600000.0,2.0,1,0,1,0
40,1600,12.0,84.0,2,2000000.0,3.0,1,1,0,1
32,1024,17.0,53.0,1,3000000.0,9.0,1,0,1,1
57,3249,15.0,48.0,2,1500000.0,4.0,1,0,1,1
30,900,6.0,21.0,6,200000.0,2.0,0,1,0,0
26,676,1.0,32.0,3,0.0,6.0,0,1,1,0
42,1764,6.0,40.0,1,350000.0,6.0,0,0,1,0
47,2209,12.0,37.0,4,1200000.0,8.0,0,1,1,1
42,1764,12.0,37.0,4,900000.0,4.0,1,1,1,1
33,1089,12.0,48.0,1,1000000.0,7.0,0,0,1,1
24,576,15.0,25.0,3,80000.0,1.0,0,0,0,0
76,5776,12.0,25.0,3,180000.0,1.0,0,1,0,1
61,3721,17.0,76.0,2,850000.0,8.0,0,0,1,1
54,2916,17.0,72.0,2,1550000.0,8.0,0,1,1,1
51,2601,15.0,72.0,2,350000.0,1.0,1,1,0,1
35,1225,15.0,48.0,1,1000000.0,6.0,0,0,1,1
30,900,14.0,60.0,4,2000000.0,3.0,0,1,0,1
30,900,12.0,60.0,4,2000000.0,2.0,1,1,0,1
32,1024,12.0,11.0,2,300000.0,1.0,0,1,0,1
34,1156,13.0,54.0,1,200000.0,1.0,0,0,0,0
41,1681,12.0,40.0,5,2000000.0,6.0,1,1,1,1
52,2704,6.0,30.0,1,300000.0,1.0,0,0,0,0
40,1600,15.0,40.0,3,2000000.0,7.0,1,0,1,1
65,4225,12.0,40.0,2,300000.0,1.0,1,0,0,1
50,2500,6.0,48.0,3,250000.0,6.0,1,1,1,1
55,3025,12.0,15.0,3,300000.0,2.0,0,1,0,0
25,625,12.0,40.0,4,1100000.0,6.0,1,0,1,1
22,484,12.0,40.0,4,750000.0,6.0,0,0,1,0
48,2304,14.0,12.0,3,300000.0,1.0,1,0,0,1
22,484,12.0,20.0,3,500000.0,4.0,1,0,1,1
35,1225,12.0,45.0,4,2000000.0,11.0,0,1,1,1
47,2209,6.0,44.0,5,800000.0,1.0,0,1,0,0
42,1764,14.0,72.0,5,1500000.0,1.0,0,1,0,1
42,1764,12.0,72.0,5,800000.0,1.0,1,1,0,1
61,3721,15.0,45.0,2,2000000.0,8.0,0,1,1,1
60,3600,12.0,49.0,4,600000.0,1.0,0,0,1,1
22,484,12.0,15.0,2,550000.0,8.0,1,0,1,0
60,3600,6.0,40.0,2,1000000.0,1.0,0,1,0,0
50,2500,17.0,45.0,2,1800000.0,11.0,0,1,1,1
53,2809,17.0,45.0,2,1300000.0,8.0,1,1,1,1
68,4624,17.0,40.0,2,3500000.0,5.0,0,1,0,1
65,4225,17.0,40.0,2,3500000.0,10.0,1,1,1,1
28,784,17.0,45.0,2,500000.0,3.0,0,1,0,1
27,729,17.0,45.0,2,1300000.0,10.0,1,1,1,1
31,961,12.0,40.0,6,600000.0,6.0,0,1,1,0
76,5776,6.0,72.0,5,900000.0,2.0,0,0,1,1
22,484,12.0,20.0,3,900000.0,7.0,0,0,1,1
27,729,9.0,48.0,3,1550000.0,3.0,0,1,1,0
57,3249,12.0,25.0,3,860000.0,8.0,0,1,1,1
47,2209,12.0,25.0,3,700000.0,1.0,1,1,0,1
72,5184,8.0,10.0,8,50000.0,1.0,0,1,0,1
38,1444,12.0,10.0,8,400000.0,1.0,0,0,0,0
34,1156,17.0,30.0,3,3000000.0,7.0,0,1,1,1
34,1156,17.0,30.0,3,650000.0,6.0,1,1,1,1
53,2809,12.0,48.0,2,1500000.0,2.0,1,0,0,0
26,676,12.0,48.0,2,0.0,2.0,1,0,0,1
48,2304,1.0,42.0,4,300000.0,2.0,1,1,0,0
52,2704,6.0,42.0,4,300000.0,2.0,0,1,0,0
36,1296,12.0,84.0,5,200000.0,1.0,1,1,0,1
30,900,7.0,25.0,3,800000.0,8.0,0,1,1,1
35,1225,11.0,48.0,4,250000.0,2.0,0,1,0,1
34,1156,10.0,48.0,4,250000.0,2.0,1,1,0,1
41,1681,12.0,30.0,6,500000.0,8.0,1,1,1,1
47,2209,12.0,30.0,6,1000000.0,8.0,0,1,1,1
20,400,6.0,48.0,5,250000.0,1.0,1,0,0,0
39,1521,12.0,50.0,4,1000000.0,6.0,0,1,1,1
40,1600,17.0,50.0,4,1650000.0,6.0,1,1,1,1
36,1296,12.0,32.0,2,300000.0,4.0,0,1,1,0
49,2401,12.0,35.0,2,650000.0,9.0,0,0,1,1
42,1764,16.0,45.0,2,3500000.0,9.0,0,1,1,1
39,1521,12.0,60.0,4,3000000.0,10.0,0,1,1,1
63,3969,8.0,40.0,4,400000.0,2.0,0,1,0,0
51,2601,12.0,50.0,2,900000.0,3.0,1,0,1,1
47,2209,12.0,60.0,4,1057000.0,10.0,0,1,1,1
72,5184,2.0,12.0,1,130000.0,1.0,0,0,0,1
48,2304,12.0,30.0,2,600000.0,1.0,1,0,0,0
63,3969,6.0,40.0,4,800000.0,1.0,0,1,0,0
37,1369,8.0,40.0,5,600000.0,7.0,0,1,1,0
40,1600,9.0,40.0,5,200000.0,1.0,1,1,0,0
31,961,17.0,40.0,1,800000.0,9.0,1,0,1,1
43,1849,17.0,97.0,4,1800000.0,8.0,0,1,1,1
47,2209,12.0,40.0,4,800000.0,7.0,0,1,1,0
45,2025,12.0,40.0,4,350000.0,8.0,1,1,1,0
37,1369,17.0,25.0,4,800000.0,8.0,1,1,1,1
58,3364,6.0,52.0,3,600000.0,6.0,0,1,1,0
32,1024,6.0,52.0,3,400000.0,6.0,0,1,1,1
25,625,6.0,52.0,3,400000.0,1.0,1,1,0,1
23,529,17.0,30.0,1,500000.0,7.0,1,0,1,1
58,3364,6.0,30.0,3,400000.0,8.0,0,1,1,1
40,1600,12.0,35.0,5,1500000.0,7.0,0,1,1,1
33,1089,12.0,35.0,5,500000.0,1.0,1,1,0,1
19,361,11.0,30.0,6,400000.0,5.0,0,0,1,1
39,1521,12.0,30.0,2,600000.0,7.0,1,0,1,1
29,841,12.0,24.0,6,1300000.0,7.0,0,1,1,1
42,1764,15.0,40.0,3,800000.0,4.0,0,1,0,1
53,2809,12.0,48.0,3,800000.0,4.0,0,0,1,1
35,1225,13.0,32.0,3,800000.0,9.0,0,1,1,1
31,961,15.0,32.0,3,1500000.0,9.0,1,1,1,1
37,1369,12.0,30.0,4,300000.0,1.0,0,1,0,1
38,1444,17.0,36.0,1,1500000.0,11.0,1,0,1,1
52,2704,8.0,35.0,2,950000.0,3.0,1,0,1,1
35,1225,7.0,48.0,5,1500000.0,10.0,0,1,1,1
38,1444,14.0,45.0,1,1500000.0,8.0,0,0,1,1
50,2500,8.0,45.0,4,1000000.0,1.0,1,0,0,0
28,784,9.0,66.0,4,850000.0,7.0,0,1,1,1
42,1764,12.0,40.0,1,950000.0,2.0,0,0,0,0
65,4225,12.0,30.0,4,1300000.0,12.0,0,1,1,1
32,1024,17.0,30.0,4,1500000.0,1.0,1,0,0,1
25,625,12.0,30.0,4,1000000.0,8.0,0,0,1,1
54,2916,12.0,64.0,2,750000.0,7.0,0,1,1,1
38,1444,12.0,44.0,2,960000.0,1.0,0,0,0,0
19,361,8.0,44.0,2,480000.0,4.0,1,0,1,0
57,3249,17.0,0.0,4,1800000.0,11.0,1,1,1,1
22,484,16.0,0.0,4,0.0,10.0,1,0,1,1
55,3025,15.0,60.0,1,100000.0,1.0,1,0,0,1
29,841,17.0,45.0,2,890000.0,8.0,1,0,1,1
61,3721,17.0,0.0,3,1600000.0,8.0,0,1,1,1
57,3249,15.0,0.0,3,1400000.0,9.0,1,1,1,1
70,4900,9.0,9.0,1,100000.0,1.0,0,0,0,1
33,1089,17.0,30.0,3,900000.0,4.0,1,0,0,1
33,1089,17.0,30.0,3,1200000.0,7.0,1,0,1,1
42,1764,19.0,50.0,3,500000.0,1.0,1,1,0,1
44,1936,15.0,50.0,3,400000.0,1.0,0,1,0,1
57,3249,15.0,24.0,3,250000.0,1.0,0,0,0,0
26,676,9.0,24.0,3,500000.0,3.0,0,0,1,0
29,841,9.0,24.0,3,800000.0,3.0,0,0,1,0
39,1521,11.0,28.0,5,900000.0,1.0,0,1,0,1
30,900,11.0,48.0,5,750000.0,6.0,1,0,1,1
43,1849,1.0,30.0,2,1300000.0,7.0,0,1,1,1
26,676,11.0,40.0,2,450000.0,5.0,0,1,1,0
28,784,12.0,40.0,2,250000.0,3.0,1,1,1,0
55,3025,9.0,70.0,2,900000.0,9.0,0,1,1,1
43,1849,12.0,50.0,5,1000000.0,7.0,0,1,1,1
45,2025,12.0,24.0,3,800000.0,9.0,0,1,1,1
27,729,15.0,24.0,3,200000.0,7.0,1,0,1,0
21,441,14.0,48.0,4,300000.0,1.0,1,0,0,1
44,1936,12.0,48.0,3,1300000.0,8.0,0,1,1,1
33,1089,12.0,48.0,3,600000.0,6.0,1,1,1,1
40,1600,15.0,30.0,4,600000.0,1.0,1,1,0,1
59,3481,15.0,40.0,3,1300000.0,7.0,1,0,1,1
38,1444,15.0,40.0,3,700000.0,8.0,1,0,1,1
42,1764,12.0,80.0,4,3000000.0,6.0,0,1,0,0
39,1521,17.0,40.0,4,1500000.0,9.0,1,0,1,1
48,2304,15.0,44.0,4,1000000.0,12.0,1,1,1,1
35,1225,14.0,20.0,3,1200000.0,7.0,1,0,1,1
41,1681,12.0,48.0,1,800000.0,6.0,0,0,1,1
42,1764,12.0,64.0,2,1000000.0,7.0,1,1,0,1
61,3721,5.0,12.0,5,1300000.0,7.0,0,0,1,1
62,3844,6.0,15.0,1,1500000.0,2.0,0,0,0,1
59,3481,6.0,40.0,3,1500000.0,1.0,0,1,0,1
49,2401,12.0,25.0,2,500000.0,2.0,0,0,1,0
40,1600,15.0,48.0,2,0.0,3.0,1,0,0,1
68,4624,6.0,2.0,2,40000.0,1.0,0,0,0,1
21,441,13.0,36.0,3,800000.0,5.0,1,0,1,1
41,1681,12.0,38.0,3,650000.0,10.0,1,0,1,1
58,3364,15.0,40.0,4,1200000.0,9.0,1,1,1,1
25,625,17.0,40.0,3,500000.0,8.0,1,0,1,1
34,1156,12.0,48.0,2,750000.0,5.0,0,0,1,1
31,961,12.0,48.0,2,400000.0,4.0,0,0,1,1
33,1089,17.0,30.0,2,800000.0,4.0,0,1,1,1
33,1089,17.0,30.0,2,850000.0,6.0,1,1,1,1
63,3969,12.0,48.0,1,1800000.0,6.0,0,0,0,1
54,2916,17.0,48.0,2,1200000.0,8.0,0,1,1,1
53,2809,10.0,48.0,2,600000.0,6.0,1,1,1,1
58,3364,15.0,30.0,2,690000.0,10.0,0,0,1,1
35,1225,12.0,56.0,2,600000.0,2.0,0,1,0,0
40,1600,12.0,56.0,2,200000.0,2.0,1,1,0,0
42,1764,12.0,45.0,3,740000.0,7.0,1,0,1,1
42,1764,12.0,50.0,5,200000.0,1.0,1,1,0,0
27,729,12.0,40.0,2,1600000.0,1.0,1,0,0,1
28,784,12.0,37.0,3,400000.0,8.0,0,1,1,1
30,900,12.0,37.0,3,200000.0,1.0,1,1,0,1
42,1764,12.0,40.0,5,700000.0,1.0,0,1,0,1
52,2704,6.0,30.0,4,790000.0,3.0,1,1,0,0
57,3249,10.0,30.0,4,400000.0,3.0,0,1,0,0
22,484,12.0,45.0,2,827000.0,3.0,0,0,1,1
37,1369,17.0,40.0,2,700000.0,6.0,1,0,1,0
51,2601,15.0,56.0,3,1200000.0,1.0,1,0,0,0
59,3481,12.0,36.0,4,130000.0,1.0,1,0,0,0
54,2916,12.0,40.0,3,1200000.0,4.0,1,0,1,1
29,841,12.0,40.0,3,594000.0,7.0,0,0,1,1
45,2025,12.0,60.0,4,1200000.0,6.0,1,1,1,1
24,576,12.0,48.0,3,800000.0,6.0,1,1,1,1
58,3364,2.0,72.0,1,750000.0,1.0,0,0,0,0
34,1156,12.0,40.0,4,1500000.0,6.0,1,0,1,1
55,3025,9.0,44.0,4,1800000.0,4.0,0,1,1,1
51,2601,8.0,44.0,4,1200000.0,3.0,1,1,0,1
50,2500,12.0,30.0,4,1100000.0,8.0,0,1,1,1
27,729,12.0,30.0,4,1100000.0,8.0,0,0,1,1
25,625,12.0,30.0,4,1100000.0,8.0,0,0,1,1
46,2116,8.0,31.0,3,200000.0,1.0,1,0,0,0
43,1849,12.0,48.0,4,1500000.0,7.0,0,1,1,1
45,2025,12.0,48.0,4,500000.0,1.0,1,1,0,0
48,2304,12.0,30.0,3,1500000.0,9.0,1,0,1,1
58,3364,6.0,26.0,5,50000.0,1.0,1,1,0,0
45,2025,12.0,50.0,5,3500000.0,11.0,0,1,1,1
61,3721,13.0,42.0,1,1000000.0,3.0,1,0,0,1
34,1156,14.0,44.0,3,600000.0,1.0,0,1,0,0
21,441,11.0,72.0,2,0.0,6.0,0,1,1,0
47,2209,9.0,60.0,3,1000000.0,6.0,0,1,1,1
44,1936,12.0,60.0,3,500000.0,10.0,1,1,1,0
55,3025,6.0,42.0,4,2100000.0,11.0,0,0,1,1
30,900,15.0,42.0,4,900000.0,7.0,1,0,1,1
38,1444,17.0,50.0,2,2500000.0,1.0,1,1,0,1
36,1296,17.0,50.0,2,1300000.0,8.0,0,1,1,1
59,3481,13.0,30.0,1,1200000.0,4.0,1,0,0,1
61,3721,8.0,44.0,2,1300000.0,8.0,0,1,1,1
56,3136,8.0,44.0,2,300000.0,1.0,1,1,0,1
63,3969,6.0,50.0,2,1300000.0,12.0,0,0,1,1
28,784,6.0,50.0,2,600000.0,2.0,0,0,0,0
59,3481,12.0,36.0,3,1200000.0,3.0,0,1,0,1
55,3025,6.0,36.0,3,500000.0,3.0,1,1,0,1
24,576,11.0,36.0,3,100000.0,3.0,0,0,0,1
44,1936,15.0,40.0,3,200000.0,8.0,1,1,1,1
37,1369,12.0,48.0,4,1000000.0,2.0,1,1,0,1
35,1225,12.0,48.0,4,1000000.0,2.0,0,1,0,1
48,2304,5.0,35.0,2,400000.0,1.0,0,0,0,0
45,2025,17.0,20.0,3,800000.0,10.0,0,1,1,1
49,2401,15.0,20.0,3,730000.0,10.0,1,1,1,1
37,1369,12.0,51.0,4,600000.0,3.0,0,1,1,0
46,2116,12.0,40.0,6,800000.0,1.0,1,0,0,1
54,2916,12.0,48.0,4,600000.0,1.0,1,0,0,1
34,1156,11.0,40.0,4,800000.0,5.0,1,1,1,1
45,2025,7.0,18.0,5,200000.0,12.0,0,1,1,1
27,729,10.0,30.0,4,200000.0,3.0,0,0,1,0
44,1936,7.0,42.0,5,700000.0,2.0,1,0,1,1
28,784,12.0,42.0,5,650000.0,9.0,1,1,1,1
42,1764,12.0,57.0,4,1038000.0,2.0,0,1,1,1
38,1444,12.0,57.0,4,400000.0,1.0,1,1,0,1
21,441,14.0,20.0,3,70000.0,1.0,1,0,0,1
43,1849,12.0,42.0,2,1000000.0,6.0,0,1,1,1
33,1089,12.0,42.0,2,1000000.0,6.0,1,1,1,1
47,2209,17.0,44.0,5,1500000.0,4.0,0,1,1,1
48,2304,17.0,30.0,2,1400000.0,6.0,1,0,1,1
44,1936,17.0,30.0,4,1200000.0,6.0,0,1,1,1
37,1369,14.0,35.0,1,1200000.0,12.0,0,0,1,1
60,3600,6.0,60.0,5,3000000.0,9.0,0,1,1,1
31,961,12.0,60.0,5,1200000.0,7.0,1,0,1,1
33,1089,12.0,60.0,5,1000000.0,10.0,0,0,1,1
36,1296,9.0,40.0,4,1000000.0,7.0,0,1,1,1
73,5329,15.0,26.0,1,400000.0,1.0,0,0,0,1
34,1156,12.0,44.0,2,1300000.0,6.0,0,1,1,1
34,1156,13.0,44.0,2,480000.0,8.0,1,1,1,1
51,2601,10.0,26.0,5,800000.0,1.0,0,1,0,0
27,729,12.0,26.0,5,400000.0,7.0,1,0,1,0
40,1600,15.0,50.0,5,1200000.0,11.0,1,1,1,1
49,2401,12.0,40.0,5,300000.0,11.0,1,0,1,1
34,1156,11.0,82.0,3,700000.0,9.0,0,1,1,1
21,441,12.0,82.0,3,500000.0,2.0,1,1,0,0
41,1681,6.0,24.0,2,0.0,1.0,0,1,0,0
35,1225,17.0,54.0,1,1500000.0,9.0,0,0,1,1
45,2025,17.0,60.0,4,2800000.0,11.0,0,1,1,1
41,1681,17.0,60.0,4,1300000.0,7.0,1,1,1,1
64,4096,12.0,44.0,2,3000000.0,2.0,0,1,0,1
57,3249,12.0,30.0,1,1600000.0,1.0,0,0,0,1
20,400,12.0,40.0,6,480000.0,3.0,1,0,1,1
51,2601,15.0,54.0,3,1150000.0,8.0,0,1,1,1
44,1936,16.0,54.0,3,250000.0,6.0,1,1,1,1
45,2025,15.0,54.0,6,1400000.0,10.0,0,1,1,1
56,3136,6.0,48.0,4,500000.0,1.0,0,1,0,1
41,1681,12.0,48.0,4,300000.0,1.0,1,1,0,1
39,1521,12.0,72.0,5,1500000.0,9.0,0,1,1,1
33,1089,12.0,72.0,5,1400000.0,1.0,1,1,0,1
54,2916,9.0,48.0,4,500000.0,1.0,0,1,0,1
32,1024,12.0,84.0,5,450000.0,1.0,1,1,0,1
67,4489,17.0,35.0,1,650000.0,9.0,0,0,1,1
32,1024,17.0,40.0,1,1500000.0,7.0,0,0,1,1
45,2025,12.0,68.0,4,1600000.0,8.0,0,1,1,1
30,900,14.0,48.0,5,400000.0,3.0,1,0,1,0
29,841,13.0,40.0,4,600000.0,1.0,0,0,0,1
40,1600,17.0,30.0,4,600000.0,1.0,1,1,0,1
50,2500,15.0,45.0,2,1500000.0,6.0,1,0,1,1
35,1225,16.0,30.0,1,200000.0,1.0,1,0,0,0
32,1024,12.0,36.0,2,1500000.0,1.0,1,1,0,1
43,1849,15.0,60.0,6,500000.0,7.0,0,1,1,0
45,2025,9.0,48.0,4,1200000.0,8.0,0,1,1,1
47,2209,12.0,48.0,4,1500000.0,1.0,1,1,0,1
19,361,12.0,42.0,1,600000.0,6.0,1,0,1,0
65,4225,15.0,40.0,3,2000000.0,4.0,0,1,0,1
65,4225,17.0,40.0,3,2000000.0,1.0,1,1,0,1
38,1444,8.0,32.0,2,200000.0,2.0,0,0,1,0
60,3600,12.0,45.0,5,1250000.0,2.0,0,1,0,0
31,961,12.0,45.0,5,250000.0,2.0,0,0,1,0
30,900,15.0,58.0,1,750000.0,10.0,1,0,1,1
41,1681,12.0,60.0,1,200000.0,1.0,1,0,0,1
63,3969,8.0,30.0,4,100000.0,9.0,0,1,1,1
32,1024,15.0,30.0,4,1200000.0,9.0,1,0,1,1
28,784,15.0,30.0,4,500000.0,1.0,1,0,0,1
68,4624,12.0,30.0,4,600000.0,7.0,0,1,1,1
66,4356,12.0,30.0,4,100000.0,1.0,1,1,0,1
38,1444,12.0,30.0,4,210000.0,7.0,1,0,1,0
19,361,12.0,30.0,4,200000.0,1.0,1,0,0,0
63,3969,6.0,48.0,2,800000.0,1.0,0,1,0,1
54,2916,17.0,51.0,4,2000000.0,1.0,1,0,0,1
49,2401,17.0,35.0,5,900000.0,1.0,1,1,0,1
42,1764,15.0,25.0,4,350000.0,4.0,1,1,1,1
47,2209,17.0,25.0,4,1800000.0,7.0,0,1,1,1
45,2025,17.0,40.0,4,950000.0,9.0,1,1,1,1
27,729,17.0,30.0,1,900000.0,8.0,1,0,1,1
36,1296,12.0,48.0,4,800000.0,1.0,0,1,0,0
53,2809,0.0,27.0,1,320000.0,1.0,0,0,0,0
27,729,17.0,34.0,2,650000.0,6.0,1,1,1,1
28,784,13.0,34.0,2,650000.0,7.0,0,1,1,1
59,3481,12.0,32.0,3,600000.0,6.0,1,0,1,1
27,729,12.0,45.0,6,980000.0,6.0,0,1,1,1
36,1296,15.0,45.0,6,400000.0,6.0,1,1,1,1
27,729,15.0,45.0,6,400000.0,3.0,1,1,0,0
34,1156,12.0,45.0,6,500000.0,1.0,0,1,0,1
46,2116,6.0,40.0,1,500000.0,1.0,0,0,0,0
65,4225,6.0,56.0,3,150000.0,1.0,0,1,0,1
60,3600,15.0,0.0,1,780000.0,7.0,1,0,1,1
49,2401,8.0,72.0,6,4200000.0,10.0,0,1,1,1
47,2209,6.0,72.0,6,400000.0,1.0,1,1,0,1
53,2809,9.0,53.0,3,950000.0,7.0,0,1,1,0
48,2304,9.0,53.0,3,400000.0,6.0,1,1,1,1
21,441,12.0,53.0,3,1500000.0,7.0,0,0,1,1
39,1521,12.0,56.0,4,1000000.0,3.0,1,0,0,0
21,441,12.0,56.0,4,650000.0,1.0,1,1,0,0
23,529,12.0,56.0,4,950000.0,3.0,0,1,0,0
61,3721,6.0,24.0,1,450000.0,2.0,1,0,0,0
53,2809,12.0,54.0,2,2000000.0,6.0,0,1,1,1
52,2704,12.0,54.0,2,1000000.0,7.0,1,1,1,1
66,4356,15.0,20.0,1,2000000.0,1.0,1,0,0,1
65,4225,6.0,30.0,2,1200000.0,11.0,0,0,1,1
36,1296,15.0,44.0,1,1000000.0,8.0,1,0,1,1
37,1369,17.0,45.0,1,3500000.0,3.0,1,0,1,1
35,1225,19.0,48.0,2,4000000.0,12.0,1,1,1,1
35,1225,17.0,45.0,1,3000000.0,7.0,1,0,1,1
50,2500,17.0,30.0,4,1000000.0,1.0,0,1,0,1
52,2704,15.0,30.0,4,400000.0,1.0,1,1,0,1
46,2116,12.0,54.0,5,1410000.0,8.0,0,1,1,1
34,1156,15.0,48.0,2,250000.0,2.0,1,0,1,0
27,729,12.0,48.0,2,300000.0,7.0,0,0,1,0
39,1521,17.0,41.0,1,1400000.0,8.0,1,0,1,1
58,3364,9.0,30.0,3,800000.0,8.0,0,1,1,1
55,3025,6.0,30.0,3,500000.0,1.0,1,1,0,1
25,625,6.0,32.0,1,350000.0,2.0,0,0,1,0
35,1225,12.0,40.0,4,700000.0,6.0,0,1,1,1
68,4624,6.0,40.0,2,600000.0,1.0,0,1,0,0
52,2704,6.0,40.0,8,600000.0,2.0,1,0,1,0
41,1681,12.0,72.0,9,4800000.0,10.0,0,1,1,1
23,529,12.0,72.0,9,500000.0,5.0,0,0,1,0
51,2601,12.0,40.0,3,1500000.0,10.0,1,1,1,1
52,2704,12.0,40.0,3,5000000.0,12.0,0,1,1,1
31,961,12.0,44.0,1,1200000.0,1.0,0,0,0,1
60,3600,14.0,40.0,6,2300000.0,7.0,0,1,1,1
53,2809,9.0,40.0,6,1000000.0,7.0,1,1,1,1
48,2304,15.0,45.0,4,1800000.0,9.0,0,1,1,1
40,1600,15.0,45.0,4,850000.0,9.0,1,1,1,1
48,2304,15.0,54.0,5,1000000.0,10.0,0,1,1,1
46,2116,17.0,54.0,5,500000.0,7.0,1,1,1,1
48,2304,16.0,35.0,2,2000000.0,1.0,1,0,0,1
47,2209,17.0,60.0,4,2500000.0,4.0,0,1,1,1
51,2601,7.0,40.0,1,1000000.0,1.0,0,0,0,0
42,1764,17.0,40.0,1,600000.0,1.0,1,0,0,0
26,676,15.0,48.0,1,750000.0,1.0,1,0,0,1
37,1369,12.0,48.0,2,1050000.0,6.0,1,0,1,1
50,2500,17.0,30.0,2,790000.0,10.0,0,1,1,1
50,2500,15.0,30.0,2,1000000.0,9.0,1,1,1,1
66,4356,15.0,30.0,4,700000.0,8.0,0,1,1,1
40,1600,15.0,63.0,2,1500000.0,2.0,1,1,0,1
36,1296,12.0,21.0,4,600000.0,9.0,0,0,1,1
57,3249,15.0,35.0,3,1200000.0,8.0,0,1,1,1
52,2704,15.0,35.0,3,1200000.0,8.0,1,1,1,1
41,1681,12.0,48.0,3,800000.0,8.0,0,1,1,1
38,1444,15.0,48.0,3,800000.0,8.0,1,1,1,1
39,1521,12.0,45.0,2,800000.0,8.0,0,1,1,1
61,3721,12.0,20.0,2,500000.0,1.0,0,0,0,1
60,3600,18.0,44.0,2,700000.0,5.0,0,1,1,1
43,1849,12.0,44.0,2,1600000.0,10.0,1,1,1,1
58,3364,6.0,35.0,4,700000.0,6.0,0,1,1,1
30,900,15.0,35.0,4,450000.0,5.0,1,0,1,0
27,729,12.0,35.0,4,500000.0,6.0,1,0,1,0
39,1521,12.0,48.0,5,400000.0,5.0,1,1,1,1
40,1600,15.0,48.0,5,800000.0,9.0,0,1,1,1
37,1369,12.0,72.0,3,1000000.0,6.0,1,0,1,1
58,3364,12.0,30.0,3,500000.0,1.0,0,1,0,1
66,4356,12.0,48.0,5,400000.0,1.0,0,1,0,1
24,576,12.0,48.0,5,500000.0,1.0,0,1,0,1
57,3249,15.0,40.0,2,3200000.0,10.0,0,0,1,1
37,1369,12.0,40.0,2,600000.0,2.0,0,0,1,0
32,1024,11.0,35.0,7,800000.0,6.0,0,1,1,0
54,2916,12.0,44.0,1,1250000.0,6.0,0,0,1,1
64,4096,17.0,45.0,3,2000000.0,12.0,1,0,1,1
68,4624,15.0,45.0,3,1800000.0,5.0,1,0,1,1
43,1849,12.0,48.0,3,700000.0,1.0,0,1,0,0
34,1156,17.0,54.0,2,1200000.0,11.0,1,1,1,1
33,1089,17.0,54.0,2,1200000.0,11.0,0,1,1,1
31,961,7.0,30.0,3,550000.0,10.0,0,1,1,1
35,1225,6.0,30.0,3,800000.0,10.0,1,1,1,1
34,1156,12.0,30.0,4,1100000.0,11.0,0,1,1,1
25,625,12.0,30.0,4,1100000.0,11.0,1,1,1,1
55,3025,12.0,63.0,2,0.0,2.0,0,1,0,1
53,2809,6.0,48.0,4,800000.0,7.0,1,0,1,1
32,1024,12.0,48.0,4,200000.0,1.0,1,0,0,1
33,1089,12.0,40.0,5,1500000.0,7.0,1,0,1,1
47,2209,17.0,30.0,5,900000.0,8.0,0,1,1,1
53,2809,17.0,30.0,5,198000.0,9.0,1,1,1,1
65,4225,12.0,42.0,6,150000.0,2.0,1,1,0,1
48,2304,15.0,20.0,4,600000.0,1.0,0,1,0,1
48,2304,17.0,20.0,4,1600000.0,8.0,1,1,1,1
78,6084,14.0,40.0,2,100000.0,1.0,0,1,0,1
46,2116,6.0,48.0,4,1600000.0,1.0,0,1,0,0
42,1764,16.0,30.0,2,400000.0,4.0,1,0,1,1
29,841,12.0,40.0,2,300000.0,9.0,0,1,1,1
35,1225,17.0,45.0,1,1500000.0,3.0,0,0,0,1
27,729,12.0,36.0,1,3000000.0,5.0,0,0,1,1
38,1444,17.0,30.0,4,500000.0,1.0,0,1,0,1
38,1444,15.0,30.0,4,1400000.0,6.0,1,1,1,1
47,2209,17.0,36.0,4,1200000.0,9.0,0,1,1,1
48,2304,17.0,36.0,4,1100000.0,6.0,1,1,1,1
55,3025,6.0,40.0,2,2000000.0,1.0,0,1,0,0
43,1849,14.0,44.0,4,1200000.0,8.0,1,1,1,1
41,1681,12.0,44.0,4,1380000.0,9.0,0,1,1,1
65,4225,6.0,40.0,2,800000.0,1.0,0,1,0,0
45,2025,12.0,40.0,5,800000.0,1.0,0,1,0,0
31,961,15.0,60.0,3,1100000.0,5.0,0,1,1,1
24,576,15.0,60.0,3,850000.0,8.0,1,1,1,1
43,1849,9.0,30.0,4,900000.0,1.0,0,0,0,0
28,784,12.0,30.0,4,1000000.0,6.0,1,0,1,1
40,1600,9.0,30.0,4,287000.0,7.0,0,0,1,1
42,1764,9.0,30.0,4,180000.0,6.0,0,0,1,0
53,2809,12.0,40.0,5,1010000.0,11.0,1,1,1,1
59,3481,6.0,40.0,5,800000.0,1.0,0,1,0,1
50,2500,1.0,0.0,5,250000.0,9.0,0,1,1,1
50,2500,15.0,60.0,4,2000000.0,7.0,0,1,0,1
43,1849,12.0,40.0,4,2000000.0,1.0,0,1,0,1
41,1681,17.0,40.0,4,1100000.0,9.0,1,1,1,1
45,2025,12.0,49.0,4,1300000.0,9.0,0,1,1,1
43,1849,17.0,49.0,4,2500000.0,7.0,1,1,1,1
33,1089,12.0,91.0,1,700000.0,1.0,0,0,0,0
47,2209,17.0,46.0,3,1200000.0,8.0,0,1,1,1
39,1521,15.0,40.0,4,1000000.0,8.0,0,1,1,1
43,1849,17.0,48.0,4,650000.0,8.0,1,1,1,1
37,1369,12.0,42.0,6,1500000.0,2.0,1,1,0,1
61,3721,14.0,54.0,1,450000.0,1.0,1,0,0,1
45,2025,12.0,48.0,1,450000.0,2.0,0,0,1,1
37,1369,9.0,66.0,4,300000.0,1.0,0,1,0,1
64,4096,9.0,36.0,7,900000.0,7.0,0,1,1,1
25,625,15.0,36.0,7,700000.0,9.0,0,1,1,1
56,3136,15.0,24.0,4,1500000.0,9.0,1,1,1,1
25,625,15.0,24.0,4,600000.0,2.0,0,0,0,1
45,2025,15.0,24.0,1,1100000.0,9.0,1,0,1,1
72,5184,15.0,20.0,2,1500000.0,8.0,0,1,1,1
57,3249,12.0,48.0,4,600000.0,6.0,0,1,1,0
67,4489,17.0,20.0,2,1600000.0,9.0,1,1,1,1
41,1681,15.0,30.0,2,1500000.0,9.0,0,1,1,1
28,784,12.0,20.0,7,620000.0,6.0,0,1,1,0
43,1849,12.0,30.0,2,600000.0,2.0,1,0,0,1
35,1225,4.0,24.0,1,150000.0,2.0,0,0,1,0
30,900,12.0,12.0,2,150000.0,2.0,0,1,0,0
25,625,12.0,12.0,2,150000.0,2.0,1,1,0,0
28,784,12.0,40.0,3,350000.0,3.0,0,1,1,0
44,1936,14.0,40.0,5,600000.0,1.0,1,1,0,0
29,841,15.0,2.0,4,100000.0,9.0,1,1,1,1
20,400,11.0,84.0,6,120000.0,2.0,0,0,1,0
26,676,9.0,72.0,7,480000.0,6.0,0,1,1,0
27,729,10.0,72.0,7,480000.0,2.0,1,1,1,0
39,1521,12.0,40.0,3,0.0,1.0,0,1,0,1
38,1444,17.0,40.0,3,1500000.0,7.0,1,1,1,1
63,3969,12.0,24.0,2,450000.0,9.0,1,0,1,1
47,2209,10.0,0.0,1,850000.0,8.0,1,0,1,1
42,1764,9.0,40.0,3,600000.0,5.0,0,1,1,0
45,2025,8.0,48.0,4,900000.0,6.0,0,1,1,1
40,1600,12.0,72.0,1,850000.0,7.0,0,0,1,1
61,3721,6.0,40.0,3,700000.0,8.0,0,1,1,1
62,3844,6.0,40.0,3,200000.0,1.0,1,1,0,1
43,1849,12.0,30.0,2,450000.0,8.0,0,1,1,1
42,1764,17.0,30.0,2,450000.0,8.0,1,1,1,1
70,4900,1.0,48.0,1,150000.0,1.0,1,0,0,1
45,2025,7.0,36.0,3,200000.0,1.0,1,1,0,1
45,2025,6.0,36.0,3,300000.0,1.0,0,1,0,1
52,2704,12.0,24.0,1,800000.0,10.0,1,0,1,1
51,2601,6.0,20.0,3,700000.0,1.0,0,1,0,0
59,3481,8.0,40.0,4,1450000.0,9.0,0,1,1,1
35,1225,6.0,58.0,1,700000.0,5.0,0,0,1,0
61,3721,12.0,48.0,2,1000000.0,1.0,0,1,0,1
63,3969,17.0,30.0,2,1200000.0,8.0,0,0,1,1
54,2916,12.0,62.0,2,514000.0,3.0,1,0,1,1
24,576,16.0,62.0,2,270000.0,9.0,1,0,1,1
39,1521,12.0,54.0,3,1000000.0,2.0,0,1,0,0
44,1936,8.0,48.0,5,600000.0,1.0,0,1,0,0
45,2025,12.0,60.0,4,4000000.0,12.0,0,1,1,1
39,1521,15.0,48.0,2,1200000.0,7.0,1,0,1,1
53,2809,15.0,30.0,2,4100000.0,6.0,1,0,1,1
48,2304,16.0,72.0,1,1900000.0,11.0,0,0,1,1
51,2601,17.0,48.0,2,2900000.0,11.0,1,0,1,1
23,529,14.0,48.0,2,1100000.0,9.0,0,0,1,1
37,1369,12.0,40.0,2,2400000.0,9.0,1,0,1,1
31,961,6.0,63.0,2,420000.0,1.0,0,0,0,0
38,1444,6.0,63.0,2,600000.0,1.0,0,0,0,1
46,2116,15.0,32.0,3,1700000.0,8.0,1,0,1,1
54,2916,15.0,0.0,2,1200000.0,10.0,1,1,1,1
53,2809,15.0,20.0,2,700000.0,7.0,1,1,1,1
34,1156,12.0,40.0,1,2000000.0,6.0,0,0,1,1
34,1156,12.0,70.0,5,400000.0,1.0,1,1,0,0
33,1089,12.0,70.0,5,500000.0,1.0,0,1,0,0
36,1296,12.0,34.0,1,500000.0,3.0,0,0,1,1
39,1521,15.0,32.0,2,1200000.0,8.0,0,1,1,1
36,1296,17.0,32.0,2,1300000.0,9.0,0,1,1,1
61,3721,9.0,36.0,3,600000.0,1.0,0,1,0,0
44,1936,15.0,30.0,2,850000.0,12.0,1,0,1,1
28,784,12.0,24.0,4,800000.0,9.0,1,0,1,1
46,2116,9.0,24.0,4,1000000.0,8.0,1,0,1,1
59,3481,6.0,39.0,1,1400000.0,12.0,1,0,1,1
47,2209,17.0,35.0,3,900000.0,12.0,1,1,1,1
38,1444,12.0,48.0,1,1400000.0,7.0,0,0,1,1
46,2116,12.0,36.0,5,380000.0,1.0,1,0,0,0
27,729,12.0,36.0,5,1000000.0,8.0,0,0,1,1
43,1849,12.0,60.0,4,1380000.0,8.0,0,1,1,1
48,2304,12.0,30.0,4,1300000.0,7.0,0,1,1,1
51,2601,15.0,30.0,4,1480000.0,7.0,1,1,1,1
44,1936,12.0,77.0,3,1000000.0,3.0,1,0,1,1
46,2116,6.0,64.0,3,6000000.0,3.0,0,1,0,1
46,2116,15.0,64.0,3,200000.0,1.0,1,1,0,1
58,3364,6.0,24.0,4,580000.0,11.0,1,0,1,1
49,2401,12.0,30.0,3,1500000.0,9.0,1,0,1,1
48,2304,9.0,80.0,4,2000000.0,11.0,1,1,1,1
51,2601,17.0,31.0,1,1300000.0,9.0,0,0,1,1
23,529,12.0,44.0,2,580000.0,3.0,0,0,1,1
22,484,12.0,24.0,1,1020000.0,1.0,0,0,0,1
71,5041,6.0,48.0,1,500000.0,7.0,0,0,1,1
61,3721,15.0,46.0,1,2000000.0,1.0,1,0,0,1
21,441,12.0,28.0,3,1400000.0,7.0,0,0,1,1
33,1089,12.0,54.0,4,2500000.0,9.0,0,1,1,1
34,1156,12.0,36.0,3,2000000.0,12.0,1,0,1,1
41,1681,7.0,48.0,4,1000000.0,1.0,0,1,0,1
36,1296,15.0,48.0,4,1500000.0,8.0,1,1,1,1
36,1296,14.0,30.0,2,2000000.0,8.0,1,0,1,1
43,1849,15.0,48.0,2,1500000.0,9.0,1,1,1,1
47,2209,17.0,48.0,2,900000.0,1.0,0,1,0,1
44,1936,13.0,40.0,3,1300000.0,6.0,1,1,1,1
31,961,6.0,0.0,5,1100000.0,9.0,0,1,1,1
29,841,10.0,0.0,5,780000.0,6.0,1,1,1,0
56,3136,9.0,32.0,2,300000.0,1.0,0,1,0,0
40,1600,12.0,44.0,1,3000000.0,1.0,0,0,0,0
45,2025,12.0,48.0,3,1500000.0,8.0,1,0,1,1
19,361,12.0,48.0,3,480000.0,3.0,0,0,1,0
35,1225,17.0,30.0,1,2000000.0,8.0,0,0,1,1
48,2304,6.0,70.0,2,0.0,2.0,0,1,0,1
40,1600,12.0,70.0,2,0.0,2.0,1,1,0,1
65,4225,2.0,36.0,2,260000.0,2.0,0,0,0,1
22,484,0.0,9.0,2,250000.0,1.0,0,0,0,0
31,961,12.0,40.0,4,1200000.0,12.0,1,1,1,1
30,900,9.0,40.0,3,1800000.0,8.0,0,0,1,1
26,676,17.0,44.0,1,980000.0,3.0,1,0,1,1
28,784,12.0,48.0,2,1200000.0,12.0,0,1,1,1
51,2601,7.0,40.0,2,900000.0,2.0,0,1,0,0
57,3249,6.0,40.0,2,800000.0,7.0,0,0,1,1
29,841,16.0,48.0,2,350000.0,1.0,1,1,0,1
56,3136,6.0,48.0,3,400000.0,1.0,1,0,0,1
25,625,16.0,48.0,3,700000.0,8.0,0,0,1,0
37,1369,12.0,48.0,5,1500000.0,8.0,0,1,1,1
44,1936,8.0,40.0,3,1500000.0,9.0,0,1,1,1
42,1764,6.0,54.0,5,2000000.0,2.0,0,1,0,0
22,484,10.0,54.0,5,700000.0,2.0,0,0,1,0
43,1849,12.0,45.0,1,0.0,2.0,0,0,1,1
59,3481,12.0,60.0,1,900000.0,1.0,1,0,0,0
64,4096,15.0,40.0,4,1800000.0,5.0,0,1,1,1
50,2500,6.0,12.0,4,200000.0,7.0,1,1,1,1
49,2401,12.0,12.0,4,900000.0,8.0,0,1,1,1
40,1600,12.0,40.0,4,1300000.0,12.0,0,1,1,1
34,1156,7.0,40.0,3,350000.0,1.0,0,0,0,0
31,961,8.0,60.0,3,1230000.0,2.0,0,1,1,0
49,2401,12.0,40.0,3,800000.0,9.0,0,1,1,1
23,529,12.0,48.0,1,1000000.0,2.0,1,0,1,1
64,4096,4.0,36.0,8,800000.0,1.0,0,0,0,0
29,841,9.0,36.0,8,1000000.0,3.0,0,1,0,0
16,256,11.0,36.0,8,150000.0,3.0,0,0,1,0
57,3249,6.0,48.0,5,1600000.0,9.0,1,0,1,1
47,2209,17.0,48.0,4,2100000.0,10.0,1,1,1,1
50,2500,15.0,48.0,4,1000000.0,1.0,0,1,0,1
51,2601,8.0,32.0,3,1400000.0,9.0,0,1,1,1
42,1764,8.0,40.0,6,2700000.0,9.0,0,1,1,1
29,841,10.0,50.0,3,1000000.0,2.0,0,0,0,0
30,900,14.0,40.0,4,1200000.0,5.0,0,0,1,1
40,1600,15.0,30.0,3,1300000.0,8.0,0,1,1,1
41,1681,17.0,30.0,3,1800000.0,11.0,1,1,1,1
32,1024,12.0,12.0,4,600000.0,8.0,0,0,1,1
46,2116,8.0,44.0,4,1500000.0,1.0,0,1,0,0
39,1521,6.0,60.0,4,900000.0,9.0,1,0,1,1
61,3721,4.0,54.0,2,1000000.0,1.0,0,1,0,0
29,841,12.0,48.0,3,1400000.0,3.0,1,0,1,1
31,961,7.0,55.0,3,1500000.0,1.0,0,1,0,0
29,841,13.0,32.0,3,350000.0,8.0,0,0,1,1
32,1024,12.0,48.0,4,980000.0,6.0,0,1,1,1
51,2601,15.0,25.0,2,850000.0,7.0,1,0,1,1
20,400,14.0,24.0,1,450000.0,4.0,1,0,1,1
40,1600,8.0,30.0,5,1000000.0,8.0,1,0,1,0
39,1521,17.0,30.0,2,1600000.0,10.0,1,0,1,1
34,1156,12.0,20.0,3,1000000.0,9.0,1,0,1,1
43,1849,7.0,70.0,1,2000000.0,1.0,1,0,0,0
48,2304,12.0,63.0,1,0.0,9.0,0,0,1,1
59,3481,7.0,56.0,2,4000000.0,1.0,0,0,0,1
61,3721,8.0,30.0,2,1300000.0,9.0,0,0,1,1
30,900,10.0,30.0,2,850000.0,6.0,0,0,1,1
37,1369,12.0,30.0,1,800000.0,8.0,1,0,1,1
39,1521,14.0,54.0,1,1000000.0,1.0,0,0,0,0
20,400,9.0,30.0,5,1000000.0,8.0,1,0,1,0
39,1521,12.0,48.0,4,1070000.0,8.0,0,1,1,1
57,3249,19.0,42.0,2,1800000.0,10.0,1,0,1,1
76,5776,17.0,36.0,2,2000000.0,4.0,0,1,0,1
70,4900,6.0,15.0,5,50000.0,1.0,1,0,0,1
30,900,12.0,40.0,2,1800000.0,8.0,1,0,1,1
33,1089,12.0,56.0,2,570000.0,2.0,1,0,1,1
29,841,17.0,20.0,1,500000.0,7.0,1,0,1,1
55,3025,8.0,48.0,3,900000.0,4.0,1,1,1,1
52,2704,12.0,54.0,4,3500000.0,11.0,0,1,1,1
47,2209,16.0,50.0,3,2500000.0,12.0,0,1,1,1
41,1681,15.0,50.0,3,2000000.0,12.0,1,1,1,1
44,1936,17.0,40.0,5,2500000.0,8.0,0,1,1,1
47,2209,6.0,51.0,3,850000.0,3.0,0,1,1,1
47,2209,2.0,47.0,1,950000.0,7.0,0,0,1,1
48,2304,8.0,48.0,4,1800000.0,8.0,0,1,1,1
25,625,12.0,52.0,2,1700000.0,12.0,0,0,1,1
72,5184,12.0,36.0,2,1000000.0,4.0,1,1,0,1
47,2209,15.0,30.0,2,2000000.0,12.0,1,0,1,1
46,2116,15.0,15.0,5,480000.0,11.0,1,0,1,1
59,3481,6.0,48.0,2,900000.0,1.0,0,1,0,0
36,1296,15.0,44.0,1,1400000.0,7.0,0,0,1,1
29,841,15.0,30.0,1,800000.0,6.0,1,0,1,1
39,1521,6.0,18.0,11,150000.0,4.0,1,1,1,0
47,2209,17.0,40.0,5,2500000.0,8.0,1,1,1,1
50,2500,15.0,60.0,2,1500000.0,1.0,0,0,0,1
27,729,12.0,60.0,2,2000000.0,1.0,0,0,0,1
59,3481,9.0,48.0,1,700000.0,1.0,0,0,0,1
56,3136,12.0,44.0,1,1200000.0,5.0,1,0,1,1
51,2601,9.0,48.0,1,1800000.0,9.0,0,0,1,1
61,3721,6.0,48.0,1,1300000.0,9.0,0,0,1,1
53,2809,12.0,48.0,1,1500000.0,1.0,0,0,0,1
48,2304,4.0,30.0,5,1100000.0,12.0,0,1,1,1
24,576,12.0,30.0,5,400000.0,12.0,0,0,1,1
30,900,10.0,30.0,1,600000.0,1.0,0,0,0,0
35,1225,12.0,46.0,3,200000.0,1.0,1,0,0,0
53,2809,12.0,44.0,2,1800000.0,6.0,0,1,1,1
31,961,12.0,52.0,2,64000.0,3.0,1,0,1,1
54,2916,15.0,98.0,3,1500000.0,8.0,1,1,0,1
52,2704,12.0,98.0,3,1500000.0,8.0,0,1,0,1
52,2704,6.0,20.0,3,800000.0,9.0,1,0,1,1
49,2401,17.0,24.0,1,3000000.0,10.0,0,0,1,1
60,3600,8.0,48.0,1,1400000.0,8.0,0,1,1,1
50,2500,12.0,40.0,5,1000000.0,1.0,1,1,0,1
50,2500,12.0,40.0,5,2500000.0,9.0,0,1,1,1
29,841,17.0,24.0,3,1200000.0,12.0,1,1,1,1
25,625,10.0,24.0,3,1200000.0,6.0,0,1,1,1
49,2401,6.0,42.0,1,0.0,6.0,0,0,1,0
21,441,8.0,18.0,11,0.0,1.0,0,1,0,0
20,400,8.0,18.0,11,0.0,5.0,0,0,0,0
37,1369,6.0,40.0,3,2000000.0,8.0,0,0,1,1
36,1296,15.0,0.0,4,700000.0,8.0,1,1,1,1
41,1681,12.0,0.0,4,900000.0,7.0,0,1,1,1
34,1156,14.0,24.0,1,200000.0,6.0,0,0,1,1
35,1225,9.0,60.0,6,1800000.0,7.0,0,1,1,1
40,1600,9.0,18.0,5,800000.0,11.0,0,1,1,1
40,1600,12.0,12.0,4,50000.0,1.0,1,1,0,1
50,2500,15.0,12.0,4,2000000.0,11.0,0,1,1,1
50,2500,19.0,80.0,3,6000000.0,7.0,0,1,0,1
49,2401,17.0,80.0,3,2500000.0,1.0,1,1,0,1
54,2916,12.0,24.0,4,120000.0,1.0,1,0,0,0
25,625,16.0,40.0,5,800000.0,5.0,1,0,1,1
58,3364,12.0,48.0,4,2500000.0,5.0,0,1,1,1
61,3721,5.0,20.0,2,500000.0,2.0,0,1,0,1
58,3364,6.0,20.0,2,520000.0,2.0,0,1,0,0
55,3025,6.0,48.0,2,1800000.0,9.0,0,0,1,1
52,2704,15.0,39.0,4,1000000.0,9.0,1,0,1,1
40,1600,15.0,60.0,5,2000000.0,7.0,0,1,1,1
39,1521,12.0,60.0,5,420000.0,1.0,1,1,0,1
48,2304,6.0,20.0,2,400000.0,1.0,0,0,0,0
54,2916,3.0,46.0,1,800000.0,1.0,0,0,0,0
54,2916,9.0,30.0,4,2000000.0,9.0,0,1,1,1
29,841,12.0,30.0,4,1000000.0,8.0,1,1,1,1
43,1849,15.0,30.0,3,1900000.0,7.0,1,1,1,1
42,1764,12.0,30.0,3,2500000.0,7.0,0,1,1,1
43,1849,13.0,44.0,2,600000.0,2.0,0,0,0,1
48,2304,15.0,30.0,1,1800000.0,11.0,1,0,1,1
34,1156,11.0,40.0,4,800000.0,3.0,0,1,1,1
33,1089,15.0,40.0,4,1492700.0,7.0,1,1,1,1
32,1024,12.0,24.0,4,1316000.0,6.0,1,0,1,1
52,2704,15.0,36.0,2,1100000.0,7.0,1,1,1,1
53,2809,12.0,45.0,2,2900000.0,6.0,0,1,1,1
54,2916,13.0,45.0,2,2500000.0,6.0,1,1,1,1
40,1600,12.0,40.0,4,1000000.0,10.0,1,1,1,1
44,1936,15.0,40.0,4,1800000.0,10.0,0,1,1,1
41,1681,17.0,40.0,3,2800000.0,11.0,0,1,1,1
56,3136,12.0,45.0,1,1900000.0,7.0,0,0,1,1
55,3025,15.0,30.0,3,4000000.0,9.0,1,1,1,1
55,3025,12.0,30.0,3,4000000.0,9.0,0,1,1,1
47,2209,19.0,50.0,4,1800000.0,7.0,0,1,1,1
50,2500,0.0,50.0,4,1800000.0,7.0,1,1,1,1
55,3025,12.0,36.0,4,4000000.0,10.0,0,1,1,1
56,3136,9.0,48.0,1,1800000.0,8.0,0,0,1,1
45,2025,17.0,40.0,2,3000000.0,9.0,0,1,1,1
41,1681,17.0,40.0,2,2800000.0,8.0,1,1,1,1
53,2809,9.0,54.0,5,800000.0,2.0,0,1,0,0
37,1369,12.0,24.0,4,800000.0,1.0,1,1,0,0
41,1681,8.0,24.0,4,1200000.0,1.0,0,1,0,0
20,400,11.0,35.0,3,100000.0,1.0,0,0,0,0
25,625,15.0,40.0,1,1300000.0,12.0,0,0,1,1
60,3600,6.0,30.0,2,1000000.0,12.0,0,1,1,1
50,2500,15.0,36.0,2,1500000.0,1.0,0,1,0,1
54,2916,8.0,16.0,3,320000.0,9.0,1,0,1,1
42,1764,14.0,48.0,1,1800000.0,8.0,0,0,1,1
54,2916,12.0,48.0,1,1170000.0,9.0,1,0,1,1
30,900,12.0,48.0,3,2500000.0,6.0,0,1,1,1
29,841,19.0,28.0,2,960000.0,2.0,1,1,1,1
29,841,13.0,28.0,2,950000.0,5.0,0,1,1,1
46,2116,15.0,40.0,5,1500000.0,11.0,1,1,1,1
48,2304,14.0,40.0,5,1500000.0,11.0,0,1,1,1
47,2209,12.0,48.0,2,1500000.0,9.0,0,1,1,1
45,2025,12.0,48.0,2,1700000.0,9.0,1,1,1,1
44,1936,15.0,60.0,2,1000000.0,1.0,0,0,0,0
62,3844,5.0,48.0,1,3000000.0,6.0,0,0,0,1
42,1764,6.0,72.0,2,1300000.0,9.0,0,0,1,1
18,324,7.0,72.0,2,1000000.0,9.0,0,1,1,1
52,2704,13.0,20.0,2,500000.0,4.0,1,1,1,0
45,2025,11.0,20.0,2,400000.0,1.0,0,1,0,0
28,784,12.0,35.0,2,1000000.0,2.0,0,1,0,0
38,1444,11.0,34.0,2,1900000.0,8.0,0,0,1,1
49,2401,17.0,24.0,2,1400000.0,10.0,1,0,1,1
47,2209,12.0,30.0,4,1300000.0,12.0,0,1,1,1
43,1849,12.0,30.0,4,1500000.0,9.0,1,1,1,1
30,900,12.0,16.0,3,500000.0,6.0,0,0,1,1
30,900,12.0,48.0,3,700000.0,7.0,1,1,1,1
35,1225,12.0,34.0,3,1500000.0,10.0,0,1,1,1
40,1600,11.0,96.0,5,2900000.0,8.0,0,1,1,1
36,1296,12.0,48.0,1,500000.0,3.0,0,0,1,0
38,1444,12.0,45.0,3,1200000.0,6.0,1,0,1,1
48,2304,15.0,0.0,2,900000.0,11.0,1,0,1,1
39,1521,18.0,32.0,2,3800000.0,7.0,0,1,1,1
39,1521,13.0,32.0,2,3800000.0,10.0,1,1,1,1
40,1600,12.0,30.0,3,1200000.0,9.0,1,1,1,1
49,2401,17.0,30.0,3,2000000.0,9.0,0,1,1,1
48,2304,12.0,39.0,1,900000.0,7.0,0,0,1,1
41,1681,12.0,50.0,1,2500000.0,3.0,0,0,0,1
28,784,13.0,35.0,2,1000000.0,2.0,1,1,0,1
29,841,7.0,56.0,3,1600000.0,10.0,1,0,1,0
47,2209,12.0,32.0,5,1100000.0,9.0,1,0,1,1
28,784,12.0,32.0,5,1000000.0,9.0,1,0,1,1
57,3249,12.0,40.0,4,700000.0,1.0,0,0,0,0
46,2116,6.0,45.0,3,1500000.0,9.0,0,1,1,1
42,1764,6.0,45.0,3,600000.0,7.0,1,1,1,1
32,1024,11.0,48.0,2,1500000.0,6.0,0,1,1,1
29,841,12.0,48.0,2,1800000.0,6.0,1,1,1,1
49,2401,12.0,48.0,1,1300000.0,7.0,0,0,1,1
55,3025,17.0,30.0,2,300000.0,9.0,0,1,1,1
39,1521,12.0,36.0,1,1800000.0,8.0,0,0,1,1
46,2116,12.0,30.0,4,1300000.0,7.0,1,1,1,1
24,576,12.0,30.0,4,500000.0,10.0,1,0,1,1
50,2500,14.0,84.0,3,800000.0,10.0,1,0,1,1
29,841,11.0,84.0,3,540000.0,10.0,0,0,1,0
44,1936,17.0,50.0,1,2100000.0,8.0,1,0,1,1
66,4356,9.0,20.0,2,290000.0,12.0,1,0,1,1
23,529,12.0,32.0,5,1300000.0,12.0,1,0,1,1
22,484,12.0,32.0,5,500000.0,3.0,1,0,1,0
39,1521,15.0,56.0,5,1200000.0,9.0,0,1,1,1
43,1849,8.0,40.0,4,3000000.0,9.0,0,1,1,1
39,1521,7.0,48.0,4,980000.0,2.0,0,1,1,1
38,1444,15.0,48.0,4,1200000.0,8.0,1,1,1,1
38,1444,15.0,24.0,1,2400000.0,8.0,0,0,1,1
61,3721,9.0,40.0,1,1200000.0,7.0,0,0,1,1
54,2916,17.0,50.0,2,1200000.0,10.0,1,1,1,1
58,3364,12.0,50.0,2,2000000.0,12.0,0,1,1,1
54,2916,9.0,40.0,1,1700000.0,7.0,0,0,1,1
54,2916,6.0,40.0,1,800000.0,1.0,0,0,0,1
30,900,12.0,0.0,2,1300000.0,12.0,1,0,1,1
41,1681,12.0,48.0,1,1000000.0,8.0,0,0,1,1
28,784,17.0,6.0,1,230000.0,12.0,1,0,1,1
43,1849,12.0,30.0,1,800000.0,1.0,0,0,0,0
30,900,12.0,60.0,1,500000.0,2.0,0,0,1,0
41,1681,9.0,48.0,1,200000.0,1.0,0,0,1,1
34,1156,8.0,40.0,1,1000000.0,8.0,0,0,1,0
52,2704,12.0,40.0,3,600000.0,2.0,0,1,0,1
19,361,7.0,40.0,3,2000000.0,2.0,0,0,1,1
58,3364,7.0,25.0,3,800000.0,1.0,0,1,0,1
30,900,13.0,50.0,2,500000.0,9.0,1,1,1,1
23,529,12.0,40.0,2,1000000.0,9.0,0,0,1,1
25,625,12.0,20.0,3,800000.0,3.0,0,0,1,0
20,400,12.0,20.0,3,580000.0,3.0,0,0,1,0
18,324,12.0,15.0,2,1000000.0,1.0,1,0,0,0
53,2809,6.0,45.0,4,700000.0,1.0,0,1,0,1
33,1089,15.0,35.0,2,1100000.0,6.0,0,1,1,1
30,900,15.0,35.0,2,980000.0,7.0,1,1,1,1
59,3481,6.0,35.0,2,600000.0,9.0,0,1,1,1
67,4489,6.0,30.0,1,200000.0,1.0,0,0,0,1
57,3249,12.0,45.0,5,850000.0,5.0,1,1,1,1
38,1444,15.0,45.0,5,850000.0,8.0,1,0,1,1
30,900,17.0,48.0,2,1600000.0,7.0,0,1,1,1
28,784,15.0,48.0,2,800000.0,6.0,1,1,1,1
27,729,17.0,30.0,1,1300000.0,1.0,1,0,0,1
38,1444,17.0,40.0,1,3000000.0,5.0,1,0,0,1
56,3136,12.0,40.0,2,1000000.0,2.0,0,1,0,1
55,3025,12.0,40.0,2,950000.0,8.0,1,1,1,1
39,1521,17.0,40.0,3,1200000.0,1.0,0,1,0,1
39,1521,14.0,40.0,3,1300000.0,5.0,1,1,1,1
47,2209,17.0,70.0,3,1400000.0,12.0,0,1,1,1
43,1849,17.0,70.0,3,1600000.0,12.0,1,1,1,1
30,900,15.0,21.0,2,550000.0,2.0,1,1,0,0
36,1296,15.0,21.0,2,550000.0,2.0,0,1,0,0
46,2116,12.0,60.0,6,800000.0,1.0,0,1,0,0
39,1521,15.0,40.0,1,1600000.0,12.0,0,0,1,1
58,3364,6.0,60.0,3,1500000.0,10.0,0,1,1,1
50,2500,12.0,60.0,3,800000.0,12.0,1,1,1,1
28,784,15.0,60.0,3,900000.0,8.0,0,0,1,1
39,1521,12.0,20.0,6,500000.0,3.0,0,1,0,0
45,2025,12.0,48.0,5,600000.0,11.0,1,1,1,1
46,2116,6.0,48.0,7,1200000.0,7.0,0,1,1,0
47,2209,12.0,30.0,4,900000.0,8.0,0,1,1,1
52,2704,15.0,40.0,4,600000.0,8.0,1,1,1,1
22,484,12.0,35.0,10,448000.0,4.0,0,0,1,0
47,2209,8.0,30.0,2,80000.0,1.0,1,1,0,1
60,3600,15.0,35.0,2,1200000.0,9.0,1,1,1,1
42,1764,16.0,40.0,3,1200000.0,9.0,0,1,1,1
40,1600,12.0,40.0,3,580000.0,8.0,1,1,1,1
37,1369,17.0,55.0,4,11000000.0,1.0,1,1,0,1
40,1600,12.0,55.0,4,11000000.0,6.0,0,1,0,1
21,441,11.0,40.0,1,400000.0,1.0,0,0,0,0
59,3481,15.0,40.0,3,2000000.0,10.0,0,1,1,1
73,5329,10.0,30.0,3,2400000.0,2.0,0,1,0,1
26,676,14.0,30.0,3,320000.0,1.0,1,0,0,0
56,3136,12.0,40.0,5,580000.0,8.0,0,1,1,1
46,2116,12.0,56.0,5,400000.0,2.0,0,1,0,0
43,1849,15.0,56.0,5,700000.0,7.0,1,0,1,1
58,3364,17.0,50.0,3,2000000.0,3.0,0,1,0,1
50,2500,12.0,50.0,3,200000.0,1.0,1,1,0,1
23,529,16.0,16.0,1,256000.0,6.0,1,0,1,0
41,1681,12.0,40.0,3,950000.0,6.0,0,1,1,1
29,841,10.0,7.0,5,60000.0,1.0,1,0,0,0
32,1024,11.0,7.0,5,500000.0,5.0,1,0,1,0
27,729,10.0,12.0,1,200000.0,1.0,0,0,0,0
38,1444,17.0,45.0,2,1900000.0,9.0,0,1,1,1
34,1156,17.0,45.0,2,2400000.0,7.0,1,1,1,1
50,2500,12.0,36.0,3,700000.0,1.0,0,0,0,0
49,2401,13.0,20.0,9,78000.0,6.0,1,0,1,0
35,1225,10.0,52.0,7,1000000.0,6.0,0,1,1,0
54,2916,6.0,0.0,4,1500000.0,10.0,0,1,1,1
38,1444,17.0,60.0,5,600000.0,7.0,1,1,1,1
44,1936,17.0,60.0,3,2000000.0,1.0,0,1,0,0
43,1849,17.0,60.0,3,980000.0,8.0,1,1,1,1
49,2401,12.0,0.0,3,1500000.0,7.0,0,1,1,1
36,1296,15.0,0.0,5,450000.0,9.0,1,1,1,1
40,1600,15.0,0.0,5,750000.0,7.0,0,1,1,1
52,2704,16.0,60.0,3,350000.0,7.0,0,0,1,0
35,1225,8.0,54.0,4,500000.0,3.0,1,1,0,0
39,1521,12.0,54.0,4,500000.0,3.0,0,1,0,0
59,3481,12.0,48.0,2,700000.0,9.0,1,0,1,1
64,4096,9.0,50.0,2,1100000.0,4.0,0,0,1,1
19,361,12.0,50.0,2,480000.0,4.0,0,0,1,1
43,1849,12.0,30.0,3,400000.0,1.0,0,1,0,0
36,1296,12.0,12.0,5,160000.0,6.0,1,0,1,0
23,529,6.0,48.0,3,900000.0,7.0,0,1,1,0
48,2304,7.0,54.0,5,980000.0,6.0,0,1,1,1
63,3969,12.0,54.0,9,1000000.0,6.0,0,1,1,1
38,1444,12.0,56.0,5,1500000.0,2.0,0,1,0,1
32,1024,12.0,56.0,5,1500000.0,2.0,1,1,0,0
57,3249,17.0,35.0,3,1885000.0,6.0,1,1,1,1
50,2500,14.0,35.0,3,1000000.0,6.0,1,1,1,1
44,1936,0.0,42.0,4,240000.0,1.0,0,1,0,0
35,1225,12.0,25.0,5,400000.0,1.0,0,0,0,0
52,2704,12.0,48.0,5,1200000.0,2.0,0,0,1,1
24,576,12.0,48.0,5,400000.0,2.0,1,0,1,0
53,2809,9.0,32.0,1,600000.0,1.0,0,0,0,0
48,2304,15.0,84.0,3,480000.0,1.0,0,1,0,1
37,1369,15.0,42.0,2,900000.0,10.0,0,1,1,1
35,1225,15.0,42.0,2,800000.0,9.0,1,1,1,1
50,2500,15.0,40.0,1,900000.0,10.0,0,0,1,1
55,3025,12.0,44.0,4,200000.0,1.0,0,0,0,1
51,2601,12.0,44.0,4,800000.0,1.0,0,1,0,1
28,784,14.0,40.0,3,450000.0,1.0,0,0,0,0
41,1681,19.0,57.0,4,1300000.0,10.0,0,1,1,1
45,2025,15.0,45.0,2,800000.0,8.0,0,0,1,1
56,3136,9.0,28.0,2,700000.0,8.0,1,0,1,1
23,529,12.0,90.0,1,1000000.0,1.0,0,0,0,1
27,729,8.0,54.0,3,800000.0,6.0,0,1,1,0
54,2916,9.0,63.0,7,900000.0,6.0,0,1,1,1
50,2500,12.0,63.0,7,650000.0,9.0,1,1,1,1
46,2116,10.0,36.0,1,600000.0,1.0,0,0,0,1
47,2209,15.0,30.0,4,1370000.0,9.0,1,1,1,1
49,2401,8.0,30.0,4,870000.0,8.0,0,1,1,1
39,1521,9.0,48.0,1,680000.0,3.0,0,0,1,0
63,3969,15.0,0.0,1,900000.0,2.0,0,0,1,1
47,2209,17.0,40.0,3,1000000.0,1.0,0,1,0,1
43,1849,17.0,40.0,3,900000.0,3.0,1,1,1,1
38,1444,12.0,48.0,4,350000.0,2.0,0,1,0,0
42,1764,12.0,48.0,4,350000.0,2.0,1,1,0,0
35,1225,8.0,45.0,3,750000.0,7.0,0,0,1,1
54,2916,6.0,45.0,3,750000.0,7.0,0,0,1,1
46,2116,8.0,54.0,4,1100000.0,3.0,0,1,0,0
27,729,15.0,54.0,4,550000.0,8.0,1,0,1,1
54,2916,8.0,45.0,3,700000.0,4.0,0,1,1,0
66,4356,15.0,30.0,2,1200000.0,7.0,1,0,1,1
33,1089,12.0,30.0,2,120000.0,1.0,1,0,0,1
25,625,12.0,54.0,9,1200000.0,8.0,0,1,1,0
22,484,12.0,54.0,9,700000.0,9.0,0,0,1,1
51,2601,6.0,36.0,2,1600000.0,9.0,0,0,1,1
62,3844,15.0,48.0,2,800000.0,11.0,0,1,1,1
34,1156,12.0,30.0,2,800000.0,2.0,0,0,1,1
58,3364,12.0,30.0,2,600000.0,1.0,1,0,0,1
58,3364,15.0,30.0,6,800000.0,6.0,0,1,1,1
30,900,12.0,40.0,3,300000.0,7.0,0,1,1,1
27,729,12.0,40.0,3,800000.0,7.0,1,1,1,1
40,1600,6.0,48.0,4,1200000.0,1.0,0,1,0,0
42,1764,15.0,49.0,5,1120000.0,1.0,0,1,0,0
35,1225,15.0,49.0,5,700000.0,1.0,1,1,0,0
65,4225,6.0,55.0,4,200000.0,1.0,0,0,0,0
23,529,12.0,55.0,4,200000.0,1.0,0,0,0,0
26,676,12.0,50.0,1,1200000.0,6.0,0,0,0,0
24,576,9.0,105.0,3,400000.0,6.0,0,0,1,0
25,625,12.0,105.0,3,1000000.0,1.0,1,0,0,0
35,1225,12.0,24.0,1,200000.0,1.0,1,0,0,0
58,3364,12.0,20.0,3,450000.0,1.0,0,1,0,0
31,961,9.0,60.0,5,100000.0,1.0,1,1,0,1
39,1521,12.0,60.0,4,700000.0,1.0,0,1,0,1
44,1936,12.0,60.0,4,480000.0,2.0,1,1,1,1
38,1444,12.0,45.0,2,1000000.0,1.0,0,0,0,1
39,1521,17.0,35.0,2,1400000.0,12.0,1,0,1,1
48,2304,17.0,35.0,2,1000000.0,11.0,1,1,1,1
36,1296,9.0,54.0,3,1300000.0,8.0,0,1,1,1
35,1225,6.0,60.0,3,1000000.0,2.0,0,1,0,1
34,1156,12.0,60.0,3,800000.0,2.0,1,1,0,1
56,3136,6.0,20.0,4,100000.0,2.0,0,1,0,0
54,2916,6.0,20.0,4,300000.0,2.0,1,1,0,0
23,529,12.0,48.0,3,800000.0,1.0,1,0,0,0
61,3721,7.0,20.0,2,250000.0,1.0,1,1,0,1
64,4096,12.0,20.0,2,0.0,2.0,0,1,0,1
47,2209,17.0,24.0,4,1000000.0,10.0,1,1,1,1
19,361,8.0,20.0,3,60000.0,1.0,1,0,0,1
56,3136,6.0,60.0,1,300000.0,1.0,1,0,0,1
40,1600,12.0,48.0,1,2000000.0,1.0,0,0,0,1
32,1024,17.0,50.0,3,1200000.0,7.0,0,1,1,1
28,784,17.0,50.0,3,2000000.0,1.0,1,1,0,1
55,3025,9.0,45.0,2,1200000.0,12.0,0,1,1,1
48,2304,12.0,32.0,5,420000.0,8.0,0,1,1,1
47,2209,6.0,32.0,5,600000.0,9.0,1,1,1,1
53,2809,12.0,48.0,4,1800000.0,6.0,0,1,1,1
44,1936,7.0,72.0,4,600000.0,8.0,0,1,1,1
33,1089,6.0,30.0,2,800000.0,8.0,0,0,1,1
52,2704,6.0,56.0,5,620000.0,7.0,1,1,1,0
30,900,9.0,56.0,5,950000.0,7.0,0,0,1,0
53,2809,6.0,63.0,2,1200000.0,9.0,0,1,1,1
53,2809,12.0,35.0,2,900000.0,9.0,0,1,1,1
48,2304,15.0,35.0,2,800000.0,9.0,1,1,1,1
43,1849,15.0,112.0,2,200000.0,1.0,0,1,0,0
39,1521,15.0,112.0,2,440000.0,10.0,1,1,1,1
60,3600,12.0,30.0,1,800000.0,5.0,1,0,1,1
31,961,17.0,40.0,1,1500000.0,1.0,1,0,0,1
53,2809,12.0,40.0,3,3000000.0,2.0,0,1,0,0
50,2500,9.0,45.0,2,1000000.0,9.0,0,1,1,1
55,3025,15.0,30.0,6,750000.0,8.0,1,1,1,1
37,1369,12.0,48.0,4,1600000.0,8.0,0,1,1,1
34,1156,8.0,18.0,3,450000.0,7.0,1,1,1,1
31,961,9.0,18.0,3,650000.0,8.0,0,1,1,1
63,3969,11.0,30.0,2,600000.0,3.0,1,0,1,1
41,1681,15.0,35.0,4,2000000.0,9.0,1,1,1,1
38,1444,12.0,35.0,4,900000.0,2.0,0,1,1,1
34,1156,12.0,35.0,1,700000.0,1.0,0,0,0,1
73,5329,6.0,32.0,8,500000.0,6.0,0,1,0,1
39,1521,12.0,32.0,8,700000.0,1.0,0,0,0,0
29,841,5.0,40.0,6,600000.0,4.0,0,0,1,0
28,784,12.0,40.0,4,950000.0,7.0,0,1,1,1
32,1024,12.0,9.0,4,120000.0,1.0,1,1,0,0
50,2500,12.0,40.0,6,900000.0,4.0,0,1,1,1
22,484,16.0,20.0,1,160000.0,10.0,1,0,1,1
69,4761,17.0,20.0,1,1000000.0,2.0,1,0,0,1
52,2704,12.0,20.0,4,1000000.0,2.0,0,1,0,1
22,484,9.0,0.0,3,490000.0,2.0,0,0,1,0
57,3249,15.0,0.0,3,150000.0,1.0,1,0,0,1
29,841,8.0,6.0,3,280000.0,1.0,1,0,0,0
47,2209,8.0,16.0,3,400000.0,5.0,1,0,1,1
42,1764,13.0,4.0,2,380000.0,7.0,0,0,1,1
37,1369,12.0,4.0,2,80000.0,2.0,1,0,1,0
30,900,12.0,45.0,4,400000.0,7.0,0,1,1,1
57,3249,12.0,58.0,2,500000.0,2.0,0,1,0,1
53,2809,6.0,58.0,2,500000.0,2.0,1,1,0,1
28,784,12.0,45.0,3,900000.0,8.0,0,1,1,1
29,841,15.0,45.0,3,200000.0,1.0,1,1,0,0
34,1156,9.0,48.0,4,900000.0,7.0,1,1,1,0
35,1225,8.0,48.0,4,1400000.0,7.0,0,1,1,1
68,4624,15.0,44.0,1,300000.0,1.0,0,0,0,1
64,4096,9.0,30.0,3,1200000.0,1.0,0,1,0,1
33,1089,15.0,30.0,3,300000.0,7.0,1,0,1,1
28,784,9.0,56.0,5,560000.0,1.0,0,1,0,0
27,729,15.0,48.0,2,987000.0,7.0,0,0,1,1
52,2704,15.0,20.0,1,500000.0,1.0,1,0,0,0
42,1764,12.0,48.0,4,9500000.0,3.0,0,1,0,1
40,1600,15.0,48.0,4,9500000.0,3.0,1,1,0,1
39,1521,14.0,40.0,4,1400000.0,3.0,1,1,1,1
61,3721,17.0,40.0,4,450000.0,9.0,0,1,1,1
50,2500,9.0,48.0,5,700000.0,1.0,0,1,0,1
43,1849,17.0,40.0,4,950000.0,1.0,0,1,0,1
60,3600,15.0,62.0,3,1000000.0,1.0,0,1,0,1
34,1156,12.0,48.0,3,800000.0,8.0,0,1,1,1
34,1156,17.0,48.0,3,2500000.0,12.0,0,1,1,1
35,1225,17.0,48.0,3,1000000.0,2.0,1,1,1,1
63,3969,12.0,48.0,3,1000000.0,6.0,0,1,1,1
51,2601,12.0,35.0,2,1000000.0,9.0,0,0,1,1
51,2601,12.0,35.0,2,350000.0,6.0,0,0,1,0
28,784,9.0,30.0,5,400000.0,1.0,0,1,0,0
27,729,9.0,30.0,5,200000.0,1.0,1,1,0,0
34,1156,6.0,70.0,8,500000.0,8.0,0,1,1,1
51,2601,10.0,60.0,1,600000.0,7.0,1,0,1,0
58,3364,9.0,40.0,1,1000000.0,6.0,1,0,1,1
29,841,17.0,48.0,1,2200000.0,6.0,0,0,1,1
45,2025,6.0,12.0,5,300000.0,2.0,1,0,1,1
29,841,9.0,12.0,5,380000.0,2.0,0,0,1,0
27,729,10.0,35.0,2,900000.0,6.0,0,1,1,0
43,1849,15.0,30.0,3,900000.0,8.0,1,0,1,1
34,1156,12.0,48.0,4,1200000.0,5.0,0,1,1,1
26,676,12.0,15.0,4,250000.0,7.0,1,1,1,1
32,1024,6.0,15.0,4,400000.0,4.0,0,1,1,1
33,1089,12.0,105.0,3,1500000.0,6.0,1,1,1,1
53,2809,14.0,30.0,3,2000000.0,7.0,1,1,1,1
35,1225,15.0,30.0,3,1000000.0,6.0,0,0,1,1
25,625,7.0,30.0,2,500000.0,7.0,0,1,1,0
23,529,12.0,30.0,2,200000.0,1.0,1,1,0,0
50,2500,6.0,48.0,3,1200000.0,3.0,0,1,1,1
48,2304,7.0,48.0,3,280000.0,1.0,1,1,0,1
26,676,12.0,21.0,4,950000.0,2.0,1,1,1,1
52,2704,6.0,35.0,4,400000.0,1.0,0,1,0,0
32,1024,12.0,35.0,4,400000.0,7.0,1,0,1,0
56,3136,6.0,48.0,8,1000000.0,2.0,0,1,0,0
22,484,6.0,48.0,8,500000.0,2.0,0,1,1,0
38,1444,6.0,44.0,1,350000.0,1.0,0,0,0,0
49,2401,8.0,28.0,3,200000.0,1.0,1,0,0,0
40,1600,17.0,30.0,5,850000.0,9.0,1,1,1,1
51,2601,17.0,30.0,5,850000.0,9.0,0,1,1,1
29,841,12.0,54.0,4,180000.0,1.0,1,0,0,1
28,784,12.0,63.0,3,1200000.0,7.0,0,1,1,1
46,2116,8.0,45.0,5,1100000.0,8.0,0,1,1,1
48,2304,6.0,40.0,5,500000.0,1.0,0,1,0,0
36,1296,12.0,40.0,5,250000.0,1.0,1,1,0,0
47,2209,17.0,48.0,4,1000000.0,5.0,1,1,1,1
39,1521,14.0,48.0,4,1500000.0,1.0,0,1,1,1
77,5929,10.0,30.0,1,1100000.0,8.0,0,0,1,1
72,5184,6.0,14.0,3,800000.0,1.0,0,1,0,1
31,961,15.0,14.0,3,650000.0,1.0,0,0,0,1
72,5184,6.0,40.0,2,1200000.0,8.0,0,1,1,1
44,1936,13.0,18.0,4,800000.0,7.0,0,1,1,1
28,784,8.0,55.0,3,600000.0,2.0,0,1,0,0
34,1156,12.0,25.0,4,50000.0,1.0,1,0,0,0
29,841,17.0,45.0,2,2500000.0,12.0,0,1,1,1
49,2401,13.0,48.0,3,900000.0,9.0,0,1,1,1
48,2304,12.0,48.0,3,350000.0,1.0,1,1,0,1
38,1444,9.0,40.0,5,300000.0,1.0,0,1,0,0
37,1369,12.0,40.0,5,300000.0,1.0,1,1,0,0
38,1444,8.0,48.0,4,1100000.0,6.0,0,1,1,1
23,529,6.0,3.0,4,200000.0,1.0,1,0,0,0
34,1156,12.0,40.0,3,1100000.0,7.0,0,1,1,1
27,729,15.0,36.0,2,900000.0,11.0,0,1,1,1
30,900,12.0,12.0,4,500000.0,3.0,1,1,1,1
41,1681,12.0,12.0,4,1000000.0,3.0,1,1,1,1
53,2809,12.0,30.0,4,800000.0,8.0,0,1,1,1
43,1849,12.0,30.0,4,900000.0,8.0,1,1,1,1
48,2304,9.0,40.0,4,1200000.0,8.0,0,1,1,1
45,2025,12.0,40.0,4,1000000.0,8.0,1,1,1,1
53,2809,7.0,40.0,2,1300000.0,8.0,0,1,1,1
35,1225,6.0,40.0,4,250000.0,3.0,0,1,1,0
26,676,17.0,40.0,2,900000.0,2.0,1,0,1,0
54,2916,12.0,40.0,4,1500000.0,7.0,0,0,1,1
20,400,12.0,40.0,4,480000.0,5.0,1,0,1,1
32,1024,6.0,21.0,4,560000.0,6.0,0,1,1,1
28,784,12.0,44.0,1,950000.0,3.0,0,0,1,1
57,3249,14.0,40.0,4,1500000.0,8.0,0,1,1,1
61,3721,17.0,40.0,4,900000.0,1.0,1,1,0,1
33,1089,14.0,40.0,4,1000000.0,7.0,0,0,1,1
60,3600,17.0,30.0,3,1500000.0,10.0,0,1,1,1
54,2916,17.0,30.0,3,900000.0,10.0,1,1,1,1
42,1764,10.0,60.0,4,800000.0,2.0,1,1,0,1
48,2304,12.0,40.0,2,780000.0,6.0,1,0,1,1
35,1225,12.0,35.0,8,300000.0,1.0,0,0,0,0
41,1681,12.0,52.0,3,500000.0,1.0,1,0,0,0
66,4356,12.0,48.0,5,1500000.0,1.0,0,1,0,0
22,484,12.0,48.0,5,60000.0,1.0,1,0,0,0
62,3844,12.0,35.0,1,1200000.0,9.0,0,0,1,1
51,2601,12.0,48.0,4,950000.0,8.0,0,1,1,1
44,1936,17.0,48.0,4,230000.0,1.0,1,1,0,1
22,484,12.0,48.0,4,850000.0,7.0,0,0,1,1
53,2809,12.0,45.0,1,1450000.0,11.0,1,0,1,1
53,2809,1.0,30.0,4,800000.0,9.0,1,0,1,1
35,1225,12.0,36.0,3,600000.0,4.0,0,1,0,0
24,576,12.0,36.0,3,600000.0,4.0,1,1,0,0
36,1296,7.0,84.0,6,1200000.0,1.0,1,1,0,0
36,1296,6.0,84.0,6,620000.0,1.0,0,1,0,0
35,1225,16.0,35.0,3,800000.0,3.0,1,1,1,1
66,4356,3.0,8.0,1,200000.0,1.0,1,0,0,1
55,3025,15.0,44.0,3,600000.0,1.0,1,0,0,1
51,2601,14.0,44.0,3,300000.0,1.0,1,1,0,0
60,3600,17.0,60.0,2,1500000.0,1.0,1,1,0,1
55,3025,17.0,60.0,2,2500000.0,9.0,0,1,1,1
54,2916,15.0,44.0,1,1300000.0,6.0,0,0,1,1
31,961,15.0,40.0,3,600000.0,2.0,1,1,1,1
52,2704,11.0,40.0,5,900000.0,2.0,0,1,0,0
20,400,11.0,40.0,5,250000.0,2.0,0,0,0,0
26,676,12.0,66.0,2,500000.0,3.0,1,1,1,1
66,4356,2.0,70.0,2,1600000.0,6.0,0,1,1,1
41,1681,8.0,48.0,5,350000.0,8.0,0,1,1,1
43,1849,9.0,44.0,3,1900000.0,7.0,0,1,1,1
29,841,15.0,60.0,3,400000.0,6.0,1,1,1,1
54,2916,17.0,49.0,3,1100000.0,9.0,1,0,1,1
56,3136,6.0,30.0,2,1000000.0,8.0,1,0,1,1
36,1296,15.0,30.0,2,1200000.0,9.0,0,0,1,1
46,2116,12.0,48.0,3,1000000.0,9.0,1,0,1,1
35,1225,7.0,30.0,5,700000.0,5.0,1,1,1,1
33,1089,12.0,30.0,5,1000000.0,1.0,0,1,0,1
55,3025,6.0,40.0,4,800000.0,2.0,0,1,1,0
47,2209,6.0,48.0,2,400000.0,7.0,1,0,1,0
45,2025,12.0,48.0,5,1100000.0,6.0,0,1,1,1
36,1296,10.0,60.0,4,800000.0,2.0,0,1,0,0
55,3025,6.0,9.0,3,200000.0,2.0,0,1,1,0
36,1296,9.0,64.0,4,480000.0,8.0,0,1,1,1
66,4356,6.0,105.0,2,400000.0,1.0,0,1,0,1
51,2601,12.0,72.0,5,250000.0,1.0,1,1,0,0
34,1156,12.0,48.0,3,500000.0,3.0,0,0,1,0
33,1089,12.0,48.0,3,500000.0,3.0,0,0,1,0
60,3600,17.0,30.0,1,800000.0,5.0,0,0,1,1
33,1089,9.0,35.0,8,500000.0,1.0,0,0,0,0
59,3481,12.0,131.0,1,3000000.0,1.0,0,0,0,1
47,2209,6.0,44.0,3,800000.0,1.0,0,1,0,0
59,3481,17.0,25.0,1,1500000.0,1.0,1,0,0,1
34,1156,12.0,54.0,3,350000.0,1.0,0,1,0,0
31,961,12.0,40.0,3,45000.0,1.0,1,1,0,0
24,576,3.0,40.0,3,400000.0,1.0,0,1,0,0
35,1225,15.0,48.0,4,1200000.0,12.0,1,1,1,1
53,2809,17.0,40.0,5,2000000.0,1.0,0,1,0,1
51,2601,17.0,40.0,5,1500000.0,1.0,1,1,0,1
27,729,7.0,40.0,1,600000.0,4.0,0,0,1,0
28,784,15.0,40.0,1,800000.0,1.0,1,0,0,0
43,1849,17.0,45.0,3,240000.0,6.0,1,0,1,0
20,400,11.0,45.0,3,200000.0,6.0,1,0,1,0
61,3721,12.0,40.0,1,900000.0,9.0,1,0,1,1
40,1600,12.0,35.0,4,1500000.0,10.0,0,1,1,1
36,1296,15.0,35.0,4,600000.0,8.0,1,1,1,1
59,3481,5.0,12.0,2,500000.0,7.0,0,1,1,1
46,2116,6.0,30.0,5,400000.0,7.0,0,1,1,0
30,900,12.0,30.0,5,430000.0,7.0,1,1,1,0
55,3025,6.0,84.0,4,800000.0,2.0,1,1,0,0
51,2601,17.0,50.0,5,1000000.0,8.0,0,1,1,1
24,576,15.0,24.0,2,600000.0,6.0,0,0,1,1
62,3844,2.0,9.0,2,400000.0,1.0,0,0,0,0
22,484,9.0,24.0,3,300000.0,2.0,0,0,1,0
33,1089,12.0,48.0,3,1000000.0,1.0,1,0,0,0
52,2704,12.0,77.0,2,1000000.0,2.0,0,1,0,0
50,2500,14.0,77.0,2,800000.0,2.0,1,1,0,0
43,1849,17.0,48.0,3,1500000.0,1.0,0,1,0,1
40,1600,17.0,48.0,3,200000.0,1.0,1,1,0,1
44,1936,17.0,40.0,1,3000000.0,7.0,1,0,1,1
32,1024,15.0,48.0,1,900000.0,7.0,1,0,1,1
37,1369,12.0,72.0,5,800000.0,9.0,0,1,1,1
35,1225,15.0,34.0,1,1000000.0,7.0,0,0,1,1
56,3136,0.0,30.0,2,700000.0,2.0,1,1,1,1
58,3364,7.0,30.0,2,600000.0,1.0,0,1,0,1
35,1225,12.0,42.0,2,1400000.0,6.0,0,0,1,1
50,2500,12.0,54.0,4,1000000.0,5.0,0,1,1,1
48,2304,17.0,54.0,4,1000000.0,6.0,1,1,1,1
38,1444,3.0,84.0,3,400000.0,1.0,0,1,0,0
33,1089,7.0,20.0,14,320000.0,1.0,0,1,0,0
28,784,9.0,60.0,5,1440000.0,2.0,0,1,1,0
48,2304,19.0,25.0,4,800000.0,10.0,0,1,1,1
36,1296,6.0,12.0,4,20000.0,1.0,1,1,0,0
43,1849,6.0,12.0,4,820000.0,7.0,0,1,1,1
20,400,8.0,12.0,4,80000.0,1.0,0,0,0,1
30,900,12.0,40.0,2,1000000.0,12.0,1,0,1,1
42,1764,14.0,40.0,2,1100000.0,8.0,0,1,1,1
44,1936,16.0,40.0,2,1200000.0,9.0,1,1,1,1
42,1764,15.0,49.0,3,900000.0,8.0,1,0,1,1
24,576,12.0,30.0,2,930000.0,6.0,1,1,1,1
53,2809,12.0,54.0,2,850000.0,3.0,1,1,1,0
48,2304,12.0,30.0,3,600000.0,1.0,0,1,0,0
37,1369,12.0,70.0,3,600000.0,1.0,1,0,0,0
54,2916,9.0,40.0,4,1200000.0,10.0,0,1,1,1
25,625,7.0,40.0,4,700000.0,4.0,0,0,1,0
39,1521,12.0,48.0,3,1000000.0,2.0,1,1,1,1
38,1444,10.0,48.0,3,500000.0,7.0,0,1,1,1
57,3249,12.0,60.0,3,1800000.0,7.0,1,1,1,1
38,1444,6.0,72.0,6,1060000.0,8.0,0,1,1,1
37,1369,10.0,72.0,6,800000.0,1.0,1,1,0,1
53,2809,4.0,56.0,2,600000.0,7.0,0,1,1,1
42,1764,12.0,48.0,5,400000.0,1.0,0,1,0,0
64,4096,6.0,30.0,3,880000.0,7.0,0,1,1,1
66,4356,6.0,50.0,6,1200000.0,6.0,0,0,1,1
35,1225,4.0,50.0,6,880000.0,3.0,1,0,1,1
62,3844,15.0,32.0,3,1500000.0,6.0,0,1,1,1
52,2704,12.0,30.0,2,1400000.0,7.0,1,1,1,1
30,900,14.0,18.0,3,180000.0,1.0,1,0,0,0
34,1156,15.0,72.0,5,300000.0,2.0,1,1,0,1
46,2116,9.0,65.0,6,800000.0,6.0,0,1,1,1
39,1521,7.0,65.0,6,80000.0,2.0,1,1,1,1
58,3364,6.0,10.0,1,80000.0,2.0,0,0,1,0
28,784,8.0,42.0,4,400000.0,2.0,0,1,0,0
24,576,8.0,42.0,4,400000.0,2.0,1,1,0,0
45,2025,12.0,9.0,1,120000.0,1.0,1,0,0,1
40,1600,9.0,20.0,9,150000.0,1.0,1,0,0,0
22,484,12.0,20.0,9,700000.0,5.0,0,0,1,0
30,900,7.0,20.0,14,200000.0,1.0,0,0,0,0
35,1225,9.0,50.0,4,600000.0,1.0,0,1,0,0
31,961,9.0,50.0,4,250000.0,1.0,1,1,0,0
34,1156,12.0,40.0,4,1000000.0,1.0,0,0,0,0
70,4900,6.0,30.0,2,800000.0,8.0,1,1,1,1
48,2304,1.0,18.0,3,25000.0,1.0,1,0,0,0
51,2601,5.0,56.0,2,700000.0,1.0,1,0,0,0
21,441,12.0,48.0,2,400000.0,1.0,1,1,0,0
45,2025,15.0,16.0,3,1400000.0,7.0,1,1,1,1
45,2025,15.0,40.0,4,800000.0,9.0,1,1,1,1
50,2500,17.0,40.0,4,1600000.0,1.0,0,1,0,1
47,2209,17.0,40.0,4,900000.0,1.0,1,1,0,1
47,2209,6.0,35.0,3,200000.0,1.0,0,1,0,1
52,2704,17.0,50.0,1,1000000.0,9.0,1,0,1,1
41,1681,4.0,30.0,2,480000.0,1.0,0,0,0,0
18,324,12.0,30.0,2,800000.0,4.0,0,0,1,0
42,1764,15.0,40.0,6,600000.0,1.0,1,1,0,1
65,4225,12.0,35.0,2,1200000.0,7.0,1,0,1,1
68,4624,17.0,40.0,4,1600000.0,4.0,0,1,1,1
29,841,17.0,40.0,4,1200000.0,4.0,0,0,1,1
46,2116,12.0,40.0,3,1000000.0,6.0,0,1,1,1
46,2116,17.0,40.0,3,1000000.0,1.0,1,1,0,1
44,1936,15.0,40.0,1,1300000.0,5.0,0,0,1,1
56,3136,9.0,48.0,2,600000.0,1.0,0,1,0,1
55,3025,15.0,48.0,2,900000.0,1.0,1,1,0,1
56,3136,15.0,28.0,1,800000.0,8.0,1,0,1,1
54,2916,15.0,23.0,3,430000.0,8.0,1,1,1,1
41,1681,12.0,40.0,5,2200000.0,7.0,1,1,1,1
37,1369,12.0,40.0,5,2200000.0,7.0,0,1,1,1
43,1849,6.0,44.0,3,800000.0,1.0,0,1,0,0
27,729,13.0,48.0,2,450000.0,2.0,0,1,1,0
48,2304,3.0,40.0,4,350000.0,2.0,0,1,1,0
57,3249,8.0,36.0,3,300000.0,1.0,0,1,0,0
36,1296,10.0,36.0,3,700000.0,2.0,1,1,1,1
17,289,8.0,40.0,5,300000.0,7.0,0,0,1,0
25,625,7.0,24.0,7,500000.0,1.0,0,1,0,0
67,4489,15.0,6.0,2,800000.0,7.0,0,1,1,1
45,2025,12.0,63.0,6,250000.0,2.0,0,1,0,1
40,1600,12.0,63.0,6,250000.0,2.0,1,1,0,1
21,441,12.0,63.0,6,400000.0,1.0,0,0,0,1
18,324,12.0,63.0,6,350000.0,1.0,0,0,0,1
57,3249,12.0,6.0,4,96000.0,2.0,1,1,1,0
24,576,12.0,30.0,2,500000.0,1.0,0,1,0,0
58,3364,6.0,24.0,1,350000.0,1.0,0,0,0,0
41,1681,9.0,52.0,4,500000.0,2.0,1,1,0,0
43,1849,12.0,52.0,4,490000.0,1.0,0,1,0,0
32,1024,12.0,50.0,5,100000.0,1.0,1,1,0,1
48,2304,12.0,40.0,4,1200000.0,6.0,0,1,1,1
46,2116,12.0,112.0,5,2600000.0,9.0,0,1,1,1
31,961,14.0,50.0,3,500000.0,6.0,1,1,1,1
30,900,14.0,50.0,3,1012000.0,10.0,0,1,1,1
52,2704,15.0,6.0,1,350000.0,8.0,1,0,1,1
45,2025,7.0,30.0,4,600000.0,2.0,0,1,1,0
52,2704,12.0,50.0,4,1000000.0,1.0,0,1,0,1
51,2601,17.0,50.0,4,500000.0,1.0,1,1,0,1
24,576,12.0,50.0,4,250000.0,1.0,0,0,0,0
42,1764,12.0,48.0,4,1000000.0,7.0,0,1,1,1
42,1764,12.0,48.0,4,800000.0,7.0,1,1,1,1
42,1764,12.0,36.0,1,300000.0,1.0,0,0,0,0
61,3721,7.0,45.0,4,700000.0,4.0,0,1,1,0
23,529,12.0,45.0,4,350000.0,6.0,1,0,1,1
59,3481,12.0,30.0,4,900000.0,2.0,0,0,0,0
59,3481,9.0,48.0,5,1300000.0,1.0,0,1,0,1
54,2916,8.0,48.0,5,380000.0,3.0,1,1,1,1
31,961,17.0,48.0,5,600000.0,6.0,1,0,1,1
54,2916,12.0,44.0,3,1200000.0,6.0,1,1,1,1
31,961,12.0,44.0,2,900000.0,7.0,1,1,1,1
26,676,12.0,44.0,2,470000.0,7.0,0,1,1,1
27,729,17.0,30.0,1,900000.0,7.0,1,0,1,1
37,1369,15.0,46.0,4,630000.0,10.0,0,1,1,1
64,4096,12.0,44.0,2,1500000.0,8.0,0,1,1,1
60,3600,15.0,48.0,4,1500000.0,2.0,1,1,0,0
61,3721,12.0,48.0,4,1500000.0,2.0,0,1,0,0
27,729,13.0,48.0,4,1000000.0,7.0,0,0,1,0
23,529,14.0,84.0,2,2000000.0,1.0,0,1,0,0
50,2500,17.0,48.0,1,1000000.0,6.0,0,0,1,1
37,1369,15.0,20.0,5,800000.0,8.0,1,1,1,1
19,361,10.0,24.0,2,300000.0,7.0,0,1,1,0
19,361,12.0,24.0,2,100000.0,1.0,1,1,0,1
50,2500,2.0,48.0,3,300000.0,2.0,1,0,1,0
61,3721,14.0,35.0,5,1600000.0,9.0,0,1,1,1
47,2209,6.0,24.0,3,500000.0,1.0,0,0,0,0
75,5625,17.0,40.0,2,2000000.0,1.0,0,1,0,1
71,5041,17.0,40.0,2,12000000.0,2.0,1,1,0,1
56,3136,12.0,40.0,3,1500000.0,7.0,1,1,1,1
54,2916,15.0,25.0,3,1000000.0,6.0,1,1,1,1
55,3025,15.0,25.0,3,1000000.0,1.0,0,1,0,1
54,2916,12.0,56.0,1,400000.0,1.0,0,0,0,1
27,729,12.0,48.0,3,240000.0,3.0,1,0,1,0
51,2601,8.0,43.0,7,200000.0,1.0,1,1,0,0
28,784,8.0,43.0,7,600000.0,1.0,1,1,0,0
30,900,8.0,43.0,7,600000.0,1.0,0,1,0,0
21,441,11.0,43.0,7,200000.0,8.0,0,0,1,0
39,1521,12.0,48.0,4,700000.0,6.0,0,1,1,0
56,3136,15.0,40.0,2,0.0,1.0,1,1,0,1
32,1024,12.0,56.0,3,1000000.0,6.0,0,1,1,1
33,1089,15.0,56.0,3,1200000.0,6.0,1,1,1,1
31,961,15.0,40.0,3,700000.0,7.0,0,1,1,1
31,961,15.0,40.0,3,700000.0,6.0,1,1,1,1
48,2304,15.0,36.0,4,1400000.0,8.0,1,1,1,1
29,841,12.0,36.0,4,600000.0,1.0,0,0,0,0
50,2500,17.0,0.0,2,1500000.0,9.0,0,1,1,1
45,2025,12.0,0.0,2,1000000.0,1.0,1,1,0,1
33,1089,17.0,30.0,3,900000.0,8.0,1,1,1,1
47,2209,12.0,56.0,3,500000.0,1.0,1,1,0,1
55,3025,12.0,56.0,3,1000000.0,7.0,0,1,1,1
60,3600,17.0,48.0,3,1500000.0,6.0,1,1,1,1
57,3249,12.0,48.0,3,800000.0,1.0,0,1,0,1
65,4225,12.0,24.0,2,1200000.0,11.0,1,0,1,1
50,2500,12.0,24.0,4,600000.0,1.0,0,1,0,0
60,3600,6.0,70.0,1,800000.0,1.0,1,0,0,1
55,3025,8.0,30.0,3,700000.0,1.0,0,1,0,0
29,841,12.0,84.0,2,900000.0,9.0,0,1,1,1
33,1089,12.0,40.0,4,1300000.0,9.0,0,1,1,1
52,2704,13.0,64.0,1,800000.0,1.0,0,0,0,0
59,3481,6.0,35.0,3,930000.0,10.0,0,1,1,1
61,3721,12.0,35.0,3,200000.0,1.0,1,1,0,1
62,3844,12.0,45.0,3,600000.0,1.0,0,1,0,1
45,2025,12.0,40.0,2,1100000.0,7.0,0,0,1,1
21,441,12.0,40.0,2,800000.0,7.0,0,0,1,0
53,2809,12.0,54.0,5,350000.0,3.0,0,1,0,1
53,2809,12.0,54.0,5,350000.0,3.0,1,1,0,0
30,900,12.0,54.0,5,300000.0,3.0,1,0,0,0
48,2304,15.0,20.0,5,2500000.0,7.0,0,1,1,1
30,900,12.0,24.0,2,450000.0,4.0,1,0,1,1
39,1521,8.0,91.0,4,400000.0,3.0,0,1,1,0
31,961,6.0,91.0,4,240000.0,1.0,1,1,0,0
39,1521,12.0,4.0,4,400000.0,4.0,0,1,1,0
55,3025,8.0,48.0,4,600000.0,7.0,0,0,1,0
39,1521,8.0,35.0,4,1200000.0,7.0,0,1,1,0
32,1024,16.0,20.0,2,400000.0,2.0,0,1,1,1
54,2916,17.0,63.0,4,3000000.0,1.0,0,1,0,0
53,2809,12.0,63.0,4,0.0,2.0,1,1,0,0
23,529,15.0,25.0,2,300000.0,7.0,1,0,1,1
35,1225,12.0,56.0,1,1500000.0,9.0,1,0,1,1
67,4489,7.0,40.0,2,1200000.0,7.0,0,1,1,1
45,2025,14.0,84.0,5,1000000.0,1.0,0,1,0,0
60,3600,6.0,48.0,6,800000.0,8.0,0,1,1,0
34,1156,6.0,48.0,6,800000.0,8.0,0,0,1,0
36,1296,6.0,48.0,6,800000.0,8.0,0,0,1,0
30,900,9.0,48.0,5,400000.0,8.0,1,1,1,0
34,1156,15.0,48.0,2,890000.0,2.0,1,0,1,1
28,784,15.0,40.0,1,880000.0,7.0,0,0,1,1
48,2304,15.0,24.0,1,400000.0,1.0,0,0,0,0
66,4356,15.0,48.0,2,1000000.0,9.0,0,1,1,1
32,1024,17.0,40.0,1,700000.0,9.0,0,0,1,1
49,2401,17.0,40.0,3,900000.0,8.0,0,0,1,1
41,1681,9.0,50.0,4,700000.0,5.0,0,1,1,0
46,2116,8.0,40.0,1,700000.0,1.0,0,0,0,0
43,1849,17.0,26.0,2,800000.0,8.0,1,0,1,1
63,3969,9.0,46.0,1,1500000.0,1.0,0,0,0,1
45,2025,15.0,30.0,3,500000.0,1.0,0,1,0,0
42,1764,12.0,30.0,3,800000.0,9.0,1,1,1,1
30,900,12.0,70.0,4,700000.0,2.0,0,1,0,1
28,784,12.0,70.0,4,500000.0,2.0,1,1,0,1
48,2304,15.0,48.0,3,1200000.0,6.0,0,1,1,1
47,2209,17.0,48.0,3,900000.0,8.0,1,1,1,1
61,3721,12.0,45.0,3,360000.0,2.0,1,1,1,1
57,3249,8.0,48.0,3,1500000.0,6.0,0,1,1,1
33,1089,12.0,48.0,3,200000.0,2.0,0,0,1,0
56,3136,15.0,35.0,4,900000.0,10.0,1,1,1,1
43,1849,9.0,35.0,4,1200000.0,10.0,0,1,1,1
48,2304,12.0,30.0,4,900000.0,9.0,1,1,1,1
50,2500,12.0,30.0,4,1800000.0,7.0,0,1,1,1
25,625,12.0,30.0,4,300000.0,2.0,0,0,1,1
20,400,12.0,30.0,4,300000.0,2.0,0,0,1,1
50,2500,15.0,25.0,5,800000.0,7.0,1,1,1,1
49,2401,17.0,35.0,2,900000.0,7.0,0,0,1,1
76,5776,17.0,35.0,2,600000.0,1.0,1,0,0,1
35,1225,12.0,48.0,4,1200000.0,10.0,0,1,1,1
67,4489,12.0,44.0,3,1500000.0,3.0,0,1,0,1
36,1296,12.0,42.0,1,800000.0,6.0,0,0,1,0
69,4761,12.0,24.0,1,600000.0,6.0,0,0,1,1
47,2209,15.0,56.0,2,2000000.0,6.0,1,0,0,1
68,4624,12.0,36.0,2,600000.0,7.0,0,0,1,1
52,2704,8.0,25.0,4,400000.0,8.0,0,1,1,1
39,1521,10.0,48.0,4,2000000.0,2.0,0,1,0,1
42,1764,12.0,12.0,4,80000.0,1.0,0,1,0,0
43,1849,12.0,12.0,4,360000.0,4.0,1,1,1,0
44,1936,12.0,40.0,2,1800000.0,6.0,1,0,1,1
45,2025,15.0,54.0,3,900000.0,1.0,1,0,0,1
45,2025,15.0,44.0,4,1800000.0,9.0,1,1,1,1
41,1681,12.0,40.0,3,1100000.0,8.0,1,1,1,1
43,1849,7.0,40.0,3,1300000.0,6.0,0,1,1,1
40,1600,15.0,84.0,5,1000000.0,1.0,1,1,0,0
38,1444,15.0,44.0,4,900000.0,7.0,1,1,1,1
35,1225,15.0,48.0,3,1000000.0,2.0,0,1,0,0
35,1225,12.0,48.0,5,800000.0,7.0,1,1,1,0
44,1936,6.0,14.0,4,80000.0,1.0,1,0,0,0
19,361,8.0,14.0,4,200000.0,8.0,0,0,1,0
48,2304,17.0,31.0,1,1000000.0,6.0,1,0,1,1
59,3481,17.0,40.0,2,1000000.0,7.0,1,0,1,1
47,2209,15.0,40.0,1,960000.0,1.0,0,1,0,0
52,2704,12.0,50.0,5,1000000.0,9.0,0,1,1,1
63,3969,15.0,44.0,3,1000000.0,6.0,1,1,1,1
42,1764,15.0,30.0,5,900000.0,7.0,1,1,1,1
41,1681,8.0,25.0,3,200000.0,1.0,1,0,0,1
43,1849,9.0,30.0,6,150000.0,1.0,0,1,0,0
40,1600,7.0,25.0,6,200000.0,1.0,0,1,0,0
40,1600,7.0,25.0,6,60000.0,2.0,1,1,0,0
21,441,8.0,25.0,6,60000.0,2.0,1,0,0,1
57,3249,12.0,40.0,3,300000.0,1.0,1,1,0,1
54,2916,6.0,40.0,6,600000.0,2.0,0,1,0,0
27,729,6.0,40.0,6,500000.0,2.0,0,0,0,0
23,529,13.0,25.0,5,700000.0,5.0,0,0,1,1
50,2500,15.0,40.0,2,1300000.0,10.0,0,1,1,1
48,2304,15.0,40.0,2,800000.0,10.0,1,1,1,1
45,2025,12.0,40.0,4,800000.0,4.0,0,0,1,0
19,361,6.0,40.0,4,600000.0,4.0,0,0,1,0
48,2304,6.0,40.0,7,400000.0,6.0,0,1,1,0
44,1936,12.0,48.0,1,1200000.0,7.0,0,0,1,1
39,1521,12.0,44.0,4,1000000.0,8.0,0,1,1,1
38,1444,17.0,44.0,4,800000.0,7.0,1,1,1,1
46,2116,15.0,48.0,4,800000.0,7.0,1,1,1,1
43,1849,12.0,50.0,6,1800000.0,8.0,0,1,1,1
29,841,15.0,40.0,1,600000.0,5.0,1,0,1,0
38,1444,6.0,30.0,3,800000.0,5.0,0,1,1,0
37,1369,15.0,42.0,5,400000.0,6.0,1,1,1,1
57,3249,17.0,40.0,1,2800000.0,8.0,1,0,1,1
30,900,16.0,48.0,3,600000.0,7.0,1,1,1,1
49,2401,17.0,50.0,1,700000.0,7.0,1,0,1,1
53,2809,3.0,36.0,3,800000.0,7.0,0,1,1,1
22,484,12.0,36.0,3,500000.0,1.0,0,0,0,1
42,1764,15.0,40.0,3,1200000.0,4.0,1,0,1,1
40,1600,15.0,28.0,2,400000.0,1.0,1,1,0,1
42,1764,12.0,40.0,8,600000.0,8.0,0,0,1,1
18,324,11.0,50.0,5,500000.0,2.0,0,1,1,0
34,1156,17.0,45.0,2,3000000.0,11.0,1,1,1,1
25,625,17.0,25.0,1,650000.0,8.0,1,0,1,1
40,1600,12.0,72.0,4,500000.0,4.0,1,1,1,1
31,961,15.0,46.0,3,780000.0,3.0,0,1,1,1
29,841,12.0,46.0,3,1000000.0,3.0,1,1,1,1
41,1681,15.0,42.0,1,1000000.0,12.0,0,0,1,1
19,361,13.0,10.0,3,150000.0,1.0,0,0,0,1
21,441,12.0,24.0,7,750000.0,3.0,1,0,1,1
22,484,12.0,24.0,7,350000.0,5.0,0,0,0,0
24,576,12.0,24.0,7,350000.0,5.0,0,0,1,0
39,1521,6.0,36.0,4,850000.0,12.0,0,1,1,1
38,1444,12.0,36.0,4,300000.0,1.0,1,1,0,1
22,484,14.0,42.0,4,0.0,4.0,1,0,0,0
43,1849,6.0,40.0,2,440000.0,2.0,0,1,1,0
48,2304,12.0,15.0,5,700000.0,1.0,0,1,0,0
69,4761,15.0,40.0,2,2000000.0,1.0,0,1,0,1
38,1444,6.0,25.0,4,200000.0,1.0,0,1,0,0
65,4225,17.0,42.0,1,900000.0,7.0,1,0,1,1
63,3969,6.0,36.0,2,800000.0,9.0,0,0,1,1
37,1369,8.0,48.0,4,250000.0,2.0,0,1,0,1
36,1296,12.0,48.0,4,250000.0,2.0,1,1,0,1
44,1936,9.0,84.0,5,600000.0,1.0,0,0,0,0
34,1156,12.0,50.0,5,1500000.0,9.0,0,1,1,1
50,2500,6.0,32.0,3,1200000.0,7.0,0,0,1,0
74,5476,17.0,60.0,2,2400000.0,1.0,0,1,0,1
52,2704,14.0,48.0,4,1600000.0,7.0,0,1,1,1
53,2809,10.0,48.0,4,300000.0,1.0,1,1,0,1
27,729,12.0,48.0,4,800000.0,1.0,1,0,0,1
29,841,12.0,16.0,2,300000.0,5.0,1,0,1,0
27,729,12.0,60.0,2,900000.0,5.0,0,1,1,1
27,729,15.0,60.0,2,800000.0,7.0,1,1,1,1
40,1600,15.0,30.0,1,500000.0,6.0,0,0,1,1
48,2304,6.0,30.0,4,750000.0,8.0,1,0,1,1
33,1089,8.0,30.0,4,800000.0,8.0,0,0,1,1
24,576,12.0,30.0,4,450000.0,3.0,0,1,1,0
22,484,13.0,30.0,4,650000.0,3.0,1,1,1,1
37,1369,12.0,40.0,2,1200000.0,7.0,0,1,1,1
57,3249,15.0,30.0,2,800000.0,7.0,0,1,1,1
50,2500,12.0,72.0,5,200000.0,2.0,0,0,0,0
28,784,11.0,72.0,5,200000.0,2.0,0,0,0,0
22,484,9.0,72.0,5,200000.0,2.0,0,1,1,0
39,1521,15.0,42.0,3,600000.0,1.0,1,0,0,0
41,1681,12.0,48.0,4,1100000.0,9.0,0,1,1,1
40,1600,15.0,48.0,4,1500000.0,9.0,1,1,1,1
51,2601,6.0,40.0,2,450000.0,1.0,0,0,0,0
34,1156,12.0,72.0,4,250000.0,1.0,1,1,0,0
75,5625,3.0,56.0,5,400000.0,2.0,0,1,0,1
48,2304,9.0,56.0,3,2240000.0,1.0,0,1,0,0
56,3136,17.0,40.0,1,8000000.0,11.0,1,0,1,1
33,1089,12.0,40.0,3,1000000.0,8.0,0,1,1,1
26,676,12.0,40.0,1,900000.0,4.0,1,0,1,1
44,1936,17.0,40.0,1,1000000.0,1.0,0,0,0,1
53,2809,17.0,35.0,3,1200000.0,8.0,1,0,1,1
58,3364,6.0,10.0,4,370000.0,1.0,1,0,0,1
54,2916,12.0,30.0,5,3000000.0,12.0,0,1,1,1
52,2704,17.0,30.0,5,1600000.0,12.0,1,1,1,1
27,729,16.0,0.0,1,180000.0,4.0,1,0,1,1
38,1444,17.0,40.0,1,1500000.0,9.0,0,0,1,1
53,2809,15.0,23.0,2,700000.0,1.0,1,1,0,1
72,5184,14.0,54.0,1,1000000.0,4.0,1,0,0,1
45,2025,14.0,35.0,3,300000.0,3.0,1,0,1,0
43,1849,12.0,30.0,4,500000.0,2.0,1,0,1,0
27,729,12.0,30.0,4,350000.0,1.0,1,0,0,0
24,576,12.0,30.0,4,250000.0,1.0,1,0,0,0
48,2304,9.0,20.0,5,100000.0,1.0,1,0,0,0
56,3136,15.0,48.0,2,900000.0,10.0,1,1,1,1
24,576,12.0,48.0,7,300000.0,1.0,0,0,0,1
57,3249,12.0,48.0,2,750000.0,6.0,0,1,1,0
56,3136,12.0,30.0,9,1000000.0,9.0,0,1,1,1
39,1521,12.0,60.0,2,1200000.0,3.0,1,0,1,0
62,3844,15.0,35.0,2,1500000.0,11.0,1,0,1,1
34,1156,15.0,35.0,2,560000.0,1.0,0,0,0,0
54,2916,17.0,30.0,3,1600000.0,9.0,1,0,1,1
51,2601,8.0,47.0,4,160000.0,1.0,1,0,0,0
19,361,8.0,47.0,4,400000.0,2.0,0,0,1,0
43,1849,12.0,15.0,5,150000.0,1.0,1,1,0,1
53,2809,10.0,48.0,1,1000000.0,5.0,0,0,1,1
57,3249,6.0,96.0,4,450000.0,1.0,1,1,0,1
65,4225,10.0,96.0,4,800000.0,7.0,0,1,1,1
46,2116,12.0,30.0,1,300000.0,5.0,0,0,1,1
63,3969,6.0,10.0,3,400000.0,1.0,1,1,0,0
44,1936,15.0,54.0,2,550000.0,8.0,1,0,1,1
48,2304,14.0,60.0,4,500000.0,6.0,0,1,1,0
44,1936,15.0,60.0,4,300000.0,1.0,1,1,0,0
56,3136,6.0,48.0,5,900000.0,7.0,1,0,1,1
47,2209,15.0,25.0,1,250000.0,1.0,1,0,0,1
48,2304,14.0,55.0,3,500000.0,1.0,1,1,0,1
31,961,12.0,32.0,2,300000.0,1.0,1,0,0,0
43,1849,6.0,60.0,2,1800000.0,9.0,0,0,1,1
41,1681,10.0,48.0,3,450000.0,9.0,0,1,1,1
40,1600,14.0,48.0,3,650000.0,9.0,0,1,1,1
30,900,12.0,48.0,7,900000.0,7.0,0,1,1,1
50,2500,6.0,30.0,4,200000.0,1.0,1,0,0,1
53,2809,12.0,30.0,9,800000.0,8.0,1,1,1,1
30,900,10.0,30.0,9,200000.0,7.0,1,0,1,1
22,484,12.0,60.0,2,750000.0,3.0,0,0,1,0
57,3249,15.0,45.0,2,1700000.0,7.0,1,0,1,1
32,1024,6.0,72.0,2,1000000.0,1.0,1,1,0,0
42,1764,9.0,72.0,2,800000.0,2.0,0,1,1,0
29,841,11.0,56.0,2,1200000.0,1.0,0,1,0,0
30,900,12.0,56.0,2,640000.0,6.0,1,1,1,0
45,2025,12.0,48.0,4,1600000.0,10.0,0,1,1,1
43,1849,15.0,48.0,4,600000.0,1.0,1,1,0,1
45,2025,12.0,48.0,6,1300000.0,9.0,0,1,1,1
37,1369,12.0,48.0,6,700000.0,10.0,1,1,1,1
42,1764,15.0,48.0,3,900000.0,6.0,0,0,1,1
32,1024,12.0,48.0,5,400000.0,2.0,1,1,0,0
36,1296,15.0,48.0,5,900000.0,11.0,0,1,1,1
30,900,9.0,48.0,5,400000.0,4.0,0,0,1,0
55,3025,12.0,54.0,6,800000.0,1.0,0,1,0,1
62,3844,17.0,55.0,3,1000000.0,9.0,0,1,1,1
49,2401,12.0,40.0,2,700000.0,9.0,1,0,1,1
22,484,13.0,40.0,2,300000.0,1.0,0,0,0,1
37,1369,12.0,48.0,4,800000.0,4.0,0,1,1,1
34,1156,12.0,48.0,4,1000000.0,7.0,1,1,1,1
47,2209,10.0,36.0,3,450000.0,9.0,1,0,1,1
28,784,12.0,30.0,9,1000000.0,8.0,1,0,1,1
35,1225,15.0,6.0,9,200000.0,5.0,1,0,1,0
38,1444,12.0,6.0,9,800000.0,5.0,0,0,1,1
34,1156,15.0,40.0,3,2300000.0,9.0,1,1,1,1
32,1024,15.0,40.0,3,1200000.0,6.0,1,1,1,1
59,3481,16.0,20.0,3,400000.0,1.0,0,1,0,0
54,2916,12.0,20.0,3,100000.0,1.0,1,1,0,0
19,361,12.0,20.0,1,300000.0,1.0,1,0,0,1
34,1156,12.0,40.0,2,900000.0,2.0,1,0,1,1
33,1089,17.0,20.0,3,300000.0,1.0,1,0,0,0
50,2500,12.0,30.0,1,800000.0,9.0,0,0,1,1
25,625,12.0,40.0,2,2000000.0,3.0,0,1,0,0
26,676,17.0,40.0,2,1200000.0,8.0,0,1,1,1
24,576,17.0,40.0,2,1500000.0,1.0,1,1,0,1
27,729,15.0,68.0,1,600000.0,2.0,1,0,1,1
55,3025,15.0,30.0,2,1500000.0,9.0,0,0,1,1
49,2401,11.0,54.0,6,500000.0,1.0,1,1,0,1
29,841,15.0,54.0,6,300000.0,3.0,1,0,1,1
26,676,16.0,54.0,6,250000.0,1.0,1,0,0,1
35,1225,9.0,60.0,4,980000.0,9.0,0,1,1,1
50,2500,17.0,58.0,3,1800000.0,5.0,0,1,0,0
57,3249,12.0,40.0,2,280000.0,7.0,1,0,1,0
42,1764,9.0,29.0,5,800000.0,1.0,0,1,0,0
42,1764,12.0,6.0,9,200000.0,2.0,0,0,1,0
33,1089,15.0,6.0,9,200000.0,5.0,1,0,1,0
51,2601,14.0,40.0,3,600000.0,5.0,0,1,1,1
42,1764,12.0,40.0,3,750000.0,3.0,1,1,1,1
59,3481,17.0,48.0,4,1000000.0,9.0,1,0,1,1
33,1089,17.0,48.0,4,1200000.0,9.0,0,0,1,1
36,1296,15.0,48.0,1,900000.0,9.0,1,0,1,1
48,2304,17.0,40.0,1,2700000.0,9.0,1,0,1,1
61,3721,15.0,40.0,1,1200000.0,4.0,0,0,1,1
55,3025,12.0,30.0,5,700000.0,9.0,1,0,1,1
53,2809,15.0,44.0,3,692000.0,7.0,1,0,1,1
51,2601,12.0,60.0,5,450000.0,9.0,0,1,1,1
47,2209,15.0,60.0,5,700000.0,9.0,1,1,1,1
54,2916,15.0,72.0,1,2000000.0,2.0,0,0,0,1
33,1089,17.0,55.0,1,1400000.0,9.0,0,0,1,1
44,1936,17.0,48.0,2,600000.0,5.0,0,1,1,0
38,1444,10.0,48.0,2,78000.0,3.0,1,1,1,0
47,2209,15.0,30.0,2,1200000.0,9.0,0,1,1,1
38,1444,12.0,30.0,2,610000.0,9.0,1,1,1,1
43,1849,12.0,78.0,5,1000000.0,1.0,0,1,0,1
23,529,12.0,29.0,5,400000.0,9.0,0,0,1,0
21,441,12.0,29.0,5,300000.0,3.0,0,0,1,0
75,5625,6.0,15.0,6,400000.0,1.0,0,1,0,1
35,1225,10.0,10.0,3,360000.0,1.0,1,0,0,0
46,2116,17.0,40.0,3,2000000.0,6.0,0,1,1,1
42,1764,17.0,48.0,1,2500000.0,10.0,0,0,1,1
61,3721,14.0,48.0,5,780000.0,10.0,0,1,1,1
56,3136,15.0,48.0,5,900000.0,8.0,1,1,1,1
37,1369,11.0,48.0,5,600000.0,10.0,0,0,1,1
25,625,12.0,36.0,4,500000.0,5.0,0,0,1,0
28,784,12.0,36.0,4,600000.0,1.0,1,0,0,0
34,1156,12.0,36.0,4,800000.0,10.0,1,0,1,1
48,2304,12.0,30.0,6,800000.0,9.0,1,0,1,1
29,841,14.0,60.0,5,2500000.0,8.0,0,0,1,1
71,5041,17.0,30.0,4,800000.0,10.0,1,0,1,1
40,1600,15.0,30.0,4,700000.0,10.0,1,0,1,1
51,2601,14.0,48.0,3,700000.0,1.0,1,0,0,0
51,2601,12.0,56.0,6,950000.0,9.0,1,0,1,1
19,361,10.0,15.0,4,320000.0,3.0,0,0,1,1
24,576,12.0,15.0,4,340000.0,3.0,1,0,1,0
41,1681,12.0,15.0,6,300000.0,1.0,0,0,0,0
35,1225,15.0,15.0,6,400000.0,9.0,1,0,1,1
50,2500,15.0,15.0,6,600000.0,9.0,1,0,1,1
40,1600,6.0,48.0,1,800000.0,1.0,0,0,0,1
54,2916,17.0,55.0,2,2400000.0,12.0,1,1,1,1
36,1296,17.0,40.0,3,1000000.0,7.0,1,1,1,1
34,1156,12.0,30.0,2,1000000.0,4.0,0,0,0,1
34,1156,15.0,40.0,2,1500000.0,10.0,0,1,1,1
37,1369,15.0,40.0,2,800000.0,10.0,1,1,1,1
34,1156,17.0,56.0,3,1200000.0,9.0,1,1,1,1
38,1444,6.0,56.0,3,600000.0,5.0,0,0,1,0
35,1225,12.0,47.0,3,1400000.0,10.0,0,1,1,1
24,576,12.0,30.0,6,200000.0,5.0,0,0,1,0
35,1225,15.0,30.0,6,600000.0,9.0,0,1,1,1
49,2401,15.0,30.0,2,200000.0,5.0,1,0,1,1
46,2116,12.0,48.0,4,2000000.0,8.0,0,1,1,1
51,2601,12.0,80.0,4,1000000.0,1.0,0,1,0,1
51,2601,15.0,80.0,4,800000.0,8.0,1,1,1,1
44,1936,12.0,98.0,4,800000.0,1.0,1,0,0,1
59,3481,12.0,30.0,3,700000.0,9.0,1,0,1,1
32,1024,12.0,30.0,3,650000.0,9.0,1,0,1,1
62,3844,12.0,30.0,3,890000.0,10.0,0,0,1,1
50,2500,10.0,30.0,3,900000.0,9.0,1,1,1,1
65,4225,12.0,30.0,3,1000000.0,7.0,0,1,1,1
57,3249,17.0,40.0,2,3500000.0,9.0,1,0,1,1
33,1089,7.0,80.0,7,900000.0,6.0,0,1,1,0
46,2116,12.0,15.0,6,250000.0,2.0,0,0,1,0
49,2401,10.0,60.0,4,600000.0,6.0,0,1,1,0
56,3136,15.0,40.0,3,1000000.0,7.0,1,0,1,1
51,2601,12.0,48.0,4,1600000.0,7.0,1,1,1,1
75,5625,6.0,48.0,4,700000.0,8.0,1,0,1,1
49,2401,12.0,55.0,2,1800000.0,1.0,0,1,0,1
36,1296,17.0,47.0,3,1400000.0,10.0,1,1,1,1
54,2916,12.0,30.0,3,550000.0,9.0,0,1,1,1
42,1764,8.0,49.0,6,300000.0,2.0,0,1,0,0
44,1936,9.0,49.0,6,300000.0,2.0,1,1,0,0
26,676,10.0,49.0,6,400000.0,6.0,0,0,1,0
24,576,12.0,49.0,6,400000.0,6.0,0,0,1,0
20,400,10.0,49.0,6,200000.0,1.0,0,0,0,0
22,484,12.0,10.0,6,250000.0,4.0,0,0,1,0
47,2209,2.0,48.0,6,450000.0,7.0,0,0,1,1
49,2401,9.0,68.0,3,700000.0,7.0,0,1,1,1
60,3600,16.0,30.0,5,1300000.0,7.0,1,1,1,1
57,3249,15.0,30.0,5,2000000.0,9.0,0,1,1,1
51,2601,15.0,30.0,2,1100000.0,8.0,1,1,1,1
52,2704,12.0,30.0,2,800000.0,9.0,0,1,1,1
63,3969,12.0,25.0,3,200000.0,1.0,0,1,0,1
37,1369,15.0,25.0,3,2500000.0,10.0,1,0,1,1
34,1156,15.0,48.0,2,1000000.0,7.0,1,0,1,1
42,1764,9.0,60.0,4,500000.0,2.0,1,1,0,0
23,529,12.0,60.0,4,240000.0,6.0,0,0,1,0
58,3364,12.0,45.0,6,750000.0,10.0,1,1,1,1
56,3136,6.0,45.0,6,1000000.0,10.0,0,1,1,1
53,2809,12.0,48.0,4,1900000.0,7.0,0,1,1,1
61,3721,8.0,50.0,3,1200000.0,1.0,0,1,0,0
57,3249,8.0,50.0,3,1010000.0,10.0,1,1,1,1
34,1156,9.0,50.0,3,350000.0,1.0,0,0,0,1
33,1089,9.0,84.0,5,700000.0,10.0,0,1,1,0
44,1936,12.0,70.0,4,700000.0,1.0,1,0,0,0
46,2116,12.0,84.0,5,600000.0,1.0,1,1,0,0
39,1521,15.0,43.0,6,2000000.0,9.0,0,1,1,1
41,1681,15.0,40.0,3,1000000.0,9.0,0,1,1,1
52,2704,9.0,35.0,5,1500000.0,9.0,0,1,1,1
33,1089,12.0,35.0,5,600000.0,9.0,0,0,1,1
24,576,8.0,39.0,3,320000.0,5.0,1,0,1,0
48,2304,12.0,12.0,5,160000.0,1.0,1,0,0,0
29,841,12.0,24.0,1,500000.0,1.0,0,0,0,0
46,2116,6.0,60.0,4,500000.0,2.0,0,1,0,0
50,2500,12.0,54.0,4,1000000.0,2.0,0,1,1,1
73,5329,6.0,54.0,4,1000000.0,3.0,1,0,1,1
50,2500,15.0,54.0,4,800000.0,12.0,1,1,1,1
44,1936,6.0,44.0,2,600000.0,1.0,0,0,0,0
51,2601,15.0,54.0,1,350000.0,1.0,1,0,0,1
36,1296,6.0,84.0,5,300000.0,1.0,1,1,0,1
22,484,12.0,84.0,5,200000.0,4.0,0,0,1,0
33,1089,12.0,40.0,5,1200000.0,6.0,0,1,1,1
26,676,12.0,35.0,5,600000.0,9.0,0,0,1,1
27,729,14.0,56.0,1,600000.0,5.0,1,0,0,0
28,784,14.0,12.0,5,0.0,2.0,1,0,0,0
25,625,12.0,12.0,5,300000.0,3.0,0,0,1,0
49,2401,12.0,30.0,4,650000.0,10.0,1,0,1,1
34,1156,12.0,16.0,2,300000.0,2.0,1,0,1,0
45,2025,12.0,6.0,6,100000.0,1.0,1,1,0,0
52,2704,15.0,25.0,1,1000000.0,9.0,1,0,1,1
43,1849,17.0,15.0,2,650000.0,9.0,0,1,1,1
63,3969,6.0,40.0,1,760000.0,6.0,0,0,1,0
38,1444,17.0,44.0,3,2000000.0,7.0,1,1,1,1
50,2500,12.0,44.0,3,1500000.0,1.0,0,1,0,0
63,3969,12.0,16.0,4,300000.0,6.0,0,0,1,1
40,1600,15.0,16.0,4,850000.0,8.0,0,1,1,1
48,2304,16.0,30.0,1,600000.0,8.0,1,0,1,1
44,1936,7.0,18.0,2,360000.0,1.0,1,0,0,0
33,1089,15.0,70.0,3,1300000.0,5.0,0,1,1,1
30,900,14.0,70.0,3,300000.0,1.0,1,1,0,0
38,1444,12.0,24.0,5,600000.0,7.0,0,1,1,0
31,961,13.0,24.0,5,384000.0,2.0,1,1,1,0
41,1681,17.0,40.0,2,1500000.0,1.0,0,1,0,1
33,1089,6.0,6.0,6,1000000.0,10.0,0,1,1,1
49,2401,15.0,63.0,3,800000.0,10.0,1,1,1,1
49,2401,12.0,63.0,3,3000000.0,10.0,0,1,1,1
41,1681,12.0,48.0,5,700000.0,1.0,0,1,0,0
45,2025,9.0,48.0,5,360000.0,1.0,1,1,0,1
56,3136,2.0,48.0,5,360000.0,2.0,0,1,0,0
23,529,12.0,48.0,5,360000.0,6.0,1,0,1,0
49,2401,12.0,56.0,2,1000000.0,5.0,1,0,1,1
56,3136,12.0,56.0,6,1400000.0,1.0,0,1,0,1
56,3136,6.0,56.0,2,900000.0,1.0,0,1,0,0
59,3481,15.0,40.0,3,300000.0,1.0,0,1,0,0
25,625,14.0,48.0,1,700000.0,5.0,1,0,1,0
43,1849,15.0,48.0,3,1000000.0,7.0,0,1,1,1
60,3600,12.0,30.0,3,600000.0,9.0,1,0,1,1
27,729,12.0,30.0,3,700000.0,7.0,1,0,1,0
21,441,12.0,12.0,4,350000.0,1.0,0,0,0,0
47,2209,12.0,40.0,5,1000000.0,1.0,0,1,0,0
45,2025,12.0,30.0,2,600000.0,9.0,1,0,1,1
25,625,12.0,30.0,2,300000.0,2.0,1,0,1,0
37,1369,17.0,40.0,2,1800000.0,1.0,1,1,0,1
67,4489,17.0,48.0,2,3000000.0,1.0,0,1,0,1
64,4096,17.0,48.0,2,3000000.0,1.0,1,1,0,1
37,1369,12.0,48.0,4,500000.0,1.0,0,1,0,0
62,3844,17.0,29.0,3,1000000.0,10.0,1,0,1,1
35,1225,17.0,29.0,3,860000.0,10.0,1,0,1,1
60,3600,12.0,40.0,3,900000.0,8.0,0,1,1,1
21,441,8.0,48.0,5,280000.0,6.0,0,0,1,0
55,3025,9.0,48.0,4,250000.0,1.0,0,0,0,0
29,841,12.0,48.0,4,160000.0,1.0,1,0,0,0
46,2116,12.0,56.0,1,350000.0,1.0,0,0,0,0
47,2209,17.0,40.0,4,2500000.0,7.0,1,1,1,1
47,2209,15.0,40.0,4,2500000.0,7.0,0,1,1,1
46,2116,7.0,9.0,6,100000.0,1.0,1,0,0,0
24,576,7.0,9.0,6,56000.0,2.0,0,0,1,0
32,1024,12.0,56.0,6,600000.0,1.0,0,1,0,0
30,900,6.0,8.0,5,80000.0,4.0,1,0,1,0
41,1681,15.0,8.0,3,500000.0,1.0,1,0,0,0
64,4096,4.0,30.0,5,600000.0,1.0,0,0,0,0
30,900,12.0,30.0,5,350000.0,2.0,1,0,1,0
25,625,15.0,40.0,5,600000.0,5.0,0,0,1,0
23,529,12.0,40.0,5,500000.0,1.0,0,0,0,0
48,2304,6.0,40.0,4,1200000.0,9.0,0,0,1,1
40,1600,15.0,40.0,2,700000.0,3.0,0,1,1,0
26,676,15.0,40.0,2,400000.0,2.0,1,1,1,0
51,2601,6.0,34.0,4,900000.0,6.0,0,1,1,1
44,1936,12.0,18.0,4,40000.0,1.0,1,0,0,0
20,400,12.0,18.0,4,192000.0,2.0,1,0,1,0
65,4225,17.0,70.0,2,6000000.0,4.0,0,1,0,1
55,3025,17.0,70.0,2,4000000.0,1.0,1,1,0,1
51,2601,15.0,15.0,1,800000.0,8.0,0,0,1,1
44,1936,12.0,42.0,4,600000.0,5.0,0,1,1,1
38,1444,12.0,40.0,2,350000.0,1.0,1,0,0,0
22,484,10.0,48.0,4,200000.0,3.0,1,0,1,0
42,1764,15.0,30.0,5,880000.0,7.0,1,1,1,1
45,2025,12.0,30.0,5,500000.0,9.0,0,1,1,1
22,484,12.0,30.0,5,300000.0,8.0,0,0,1,1
59,3481,12.0,40.0,4,1000000.0,9.0,0,0,1,1
35,1225,12.0,40.0,4,400000.0,1.0,1,0,0,1
57,3249,15.0,49.0,2,1000000.0,1.0,1,1,0,1
57,3249,17.0,49.0,2,2000000.0,3.0,0,1,0,1
47,2209,17.0,40.0,4,2000000.0,2.0,0,1,0,1
49,2401,17.0,40.0,4,2000000.0,2.0,1,1,0,1
55,3025,17.0,60.0,4,5000000.0,9.0,0,1,1,1
47,2209,17.0,60.0,4,5000000.0,1.0,1,1,0,1
28,784,12.0,30.0,5,300000.0,1.0,0,0,0,0
47,2209,15.0,30.0,2,600000.0,8.0,1,0,1,1
50,2500,12.0,30.0,3,500000.0,9.0,1,0,1,1
32,1024,15.0,30.0,3,380000.0,9.0,1,0,1,1
42,1764,6.0,60.0,6,600000.0,8.0,0,1,1,1
17,289,10.0,60.0,6,80000.0,2.0,1,0,1,0
35,1225,16.0,20.0,2,300000.0,1.0,1,0,0,0
25,625,17.0,42.0,4,120000.0,1.0,0,0,0,0
40,1600,15.0,30.0,3,870000.0,7.0,1,1,1,1
57,3249,15.0,20.0,3,1000000.0,8.0,1,0,1,1
60,3600,6.0,84.0,4,500000.0,1.0,1,1,0,1
34,1156,12.0,84.0,4,500000.0,2.0,0,0,1,0
29,841,15.0,84.0,4,800000.0,7.0,1,0,1,1
64,4096,6.0,84.0,4,500000.0,2.0,0,1,0,1
52,2704,15.0,15.0,2,120000.0,1.0,1,0,0,1
56,3136,17.0,35.0,3,3000000.0,8.0,1,1,1,1
61,3721,6.0,24.0,4,150000.0,1.0,1,1,0,0
58,3364,12.0,24.0,4,200000.0,1.0,0,1,0,0
27,729,12.0,24.0,4,200000.0,1.0,1,0,0,0
25,625,12.0,24.0,4,1300000.0,6.0,0,0,1,1
33,1089,12.0,16.0,2,100000.0,2.0,1,0,0,1
38,1444,12.0,52.0,5,1800000.0,8.0,0,1,1,1
52,2704,15.0,72.0,4,500000.0,3.0,1,0,0,0
23,529,15.0,30.0,2,500000.0,5.0,0,0,1,0
25,625,12.0,16.0,3,100000.0,5.0,1,1,1,0
58,3364,8.0,20.0,1,300000.0,1.0,0,0,0,0
45,2025,15.0,50.0,5,900000.0,8.0,0,1,1,1
14,196,7.0,60.0,6,72000.0,2.0,1,0,1,0
45,2025,9.0,30.0,3,600000.0,3.0,0,1,1,0
61,3721,8.0,36.0,6,480000.0,1.0,1,0,0,0
29,841,14.0,36.0,6,560000.0,4.0,0,0,1,0
53,2809,12.0,30.0,4,900000.0,8.0,1,1,1,1
63,3969,12.0,30.0,4,800000.0,9.0,0,1,1,1
56,3136,15.0,30.0,5,450000.0,9.0,1,1,1,1
42,1764,12.0,30.0,5,600000.0,1.0,0,1,0,0
40,1600,16.0,10.0,1,100000.0,3.0,1,0,0,0
34,1156,15.0,72.0,4,180000.0,1.0,1,0,0,0
29,841,12.0,92.0,5,1400000.0,7.0,0,1,1,1
55,3025,6.0,45.0,5,150000.0,1.0,1,1,0,0
53,2809,6.0,45.0,5,150000.0,1.0,0,1,0,0
30,900,9.0,16.0,3,1000000.0,6.0,0,1,1,0
59,3481,15.0,30.0,2,900000.0,9.0,1,0,1,1
25,625,14.0,30.0,2,550000.0,8.0,0,0,1,0
41,1681,8.0,50.0,5,300000.0,2.0,1,1,1,0
57,3249,12.0,48.0,2,1200000.0,6.0,0,1,1,1
52,2704,9.0,48.0,7,800000.0,2.0,0,1,1,1
25,625,8.0,36.0,6,200000.0,1.0,1,0,0,0
24,576,14.0,30.0,4,200000.0,2.0,1,0,1,0
26,676,15.0,42.0,1,800000.0,6.0,1,0,1,1
48,2304,14.0,40.0,2,1000000.0,5.0,1,0,1,1
36,1296,15.0,45.0,5,200000.0,6.0,1,0,1,0
32,1024,12.0,45.0,5,300000.0,1.0,0,0,0,0
23,529,15.0,45.0,5,370000.0,1.0,1,0,0,0
61,3721,6.0,65.0,6,350000.0,3.0,0,1,1,0
55,3025,6.0,65.0,6,350000.0,10.0,1,1,1,1
29,841,12.0,65.0,6,432000.0,3.0,1,0,1,0
28,784,9.0,65.0,6,432000.0,3.0,1,0,1,0
77,5929,10.0,70.0,1,600000.0,4.0,0,0,0,1
43,1849,12.0,25.0,3,360000.0,2.0,1,0,1,0
42,1764,15.0,40.0,1,1000000.0,2.0,1,0,0,1
30,900,12.0,42.0,3,150000.0,1.0,1,0,0,0
51,2601,9.0,48.0,5,1000000.0,8.0,0,1,1,1
62,3844,8.0,63.0,3,1500000.0,6.0,0,1,1,1
47,2209,6.0,42.0,1,900000.0,2.0,0,0,0,0
39,1521,8.0,40.0,4,450000.0,1.0,0,1,0,0
47,2209,12.0,40.0,5,350000.0,8.0,0,1,1,1
67,4489,12.0,25.0,6,420000.0,9.0,0,1,1,1
41,1681,15.0,25.0,6,850000.0,10.0,0,0,1,1
33,1089,9.0,30.0,3,600000.0,7.0,1,1,1,1
39,1521,9.0,30.0,3,500000.0,7.0,0,1,1,1
31,961,12.0,24.0,9,280000.0,7.0,1,0,1,0
27,729,12.0,24.0,9,300000.0,2.0,0,0,0,0
23,529,6.0,24.0,9,500000.0,1.0,0,0,0,0
43,1849,12.0,44.0,1,2000000.0,4.0,0,0,1,1
37,1369,17.0,30.0,3,3500000.0,3.0,1,0,1,1
62,3844,17.0,60.0,4,5000000.0,10.0,0,1,1,1
56,3136,8.0,21.0,2,800000.0,1.0,0,0,0,0
25,625,12.0,52.0,2,1200000.0,1.0,0,1,0,0
22,484,12.0,52.0,2,500000.0,1.0,1,1,0,0
41,1681,12.0,60.0,6,1000000.0,3.0,1,1,0,1
38,1444,8.0,60.0,6,1000000.0,3.0,0,1,0,1
30,900,8.0,40.0,4,600000.0,2.0,0,1,1,0
53,2809,12.0,48.0,2,400000.0,2.0,1,1,0,0
39,1521,15.0,48.0,3,2000000.0,1.0,0,0,0,0
28,784,12.0,40.0,2,900000.0,7.0,0,1,1,1
27,729,15.0,40.0,2,350000.0,3.0,1,1,1,1
49,2401,16.0,30.0,2,800000.0,12.0,0,1,1,1
51,2601,15.0,30.0,2,1000000.0,7.0,1,1,1,1
28,784,15.0,36.0,2,600000.0,8.0,0,0,1,1
31,961,17.0,36.0,2,1000000.0,9.0,1,0,1,1
46,2116,17.0,40.0,4,1500000.0,9.0,0,1,1,1
45,2025,15.0,40.0,4,300000.0,1.0,1,1,0,1
62,3844,17.0,40.0,4,1000000.0,8.0,0,1,1,1
60,3600,17.0,40.0,4,2000000.0,9.0,1,1,1,1
50,2500,16.0,40.0,3,1100000.0,8.0,0,1,1,1
48,2304,17.0,40.0,3,1000000.0,8.0,1,1,1,1
39,1521,17.0,40.0,3,1500000.0,9.0,1,1,1,1
40,1600,17.0,40.0,3,1500000.0,7.0,0,1,1,1
59,3481,6.0,8.0,3,400000.0,6.0,0,1,1,1
46,2116,12.0,48.0,2,1200000.0,12.0,1,1,1,1
51,2601,12.0,24.0,3,200000.0,1.0,0,1,0,0
26,676,12.0,24.0,3,900000.0,6.0,0,0,1,1
45,2025,8.0,20.0,4,460000.0,6.0,1,0,1,1
38,1444,6.0,40.0,4,1000000.0,8.0,1,1,1,1
49,2401,6.0,40.0,4,600000.0,1.0,0,1,0,0
36,1296,6.0,40.0,3,750000.0,9.0,0,1,1,1
40,1600,12.0,40.0,3,800000.0,9.0,1,1,1,1
30,900,17.0,50.0,2,3000000.0,12.0,0,1,1,1
27,729,17.0,50.0,2,2000000.0,6.0,1,1,1,1
60,3600,11.0,6.0,1,400000.0,2.0,1,0,1,1
59,3481,14.0,0.0,2,850000.0,6.0,1,0,1,1
21,441,12.0,45.0,1,172000.0,8.0,1,0,1,1
35,1225,15.0,48.0,1,800000.0,6.0,1,0,1,1
43,1849,15.0,35.0,1,1500000.0,9.0,1,0,1,1
41,1681,12.0,30.0,2,480000.0,8.0,1,0,1,1
42,1764,15.0,48.0,4,600000.0,10.0,0,1,1,1
36,1296,13.0,40.0,4,320000.0,7.0,1,1,1,0
35,1225,17.0,25.0,4,350000.0,8.0,1,0,1,1
31,961,15.0,25.0,4,500000.0,1.0,0,0,0,0
27,729,17.0,25.0,4,500000.0,4.0,1,0,1,0
25,625,15.0,25.0,4,350000.0,4.0,1,0,1,0
46,2116,12.0,54.0,2,1200000.0,8.0,0,1,1,1
46,2116,15.0,54.0,2,400000.0,1.0,1,1,1,1
40,1600,12.0,48.0,6,1000000.0,8.0,0,1,1,1
24,576,15.0,48.0,6,500000.0,8.0,0,0,1,1
50,2500,17.0,25.0,3,1100000.0,9.0,1,0,1,1
33,1089,12.0,25.0,3,600000.0,8.0,0,0,1,1
34,1156,12.0,40.0,4,950000.0,10.0,0,1,1,1
33,1089,14.0,20.0,2,480000.0,9.0,1,0,1,1
26,676,12.0,40.0,2,870000.0,10.0,0,0,1,1
27,729,12.0,40.0,2,850000.0,10.0,0,0,1,1
31,961,15.0,37.0,5,520000.0,9.0,0,1,1,1
50,2500,17.0,45.0,5,2500000.0,8.0,0,1,1,1
47,2209,12.0,40.0,2,600000.0,7.0,1,0,1,1
21,441,13.0,32.0,4,800000.0,8.0,0,0,1,1
26,676,15.0,0.0,2,150000.0,1.0,1,0,0,0
22,484,12.0,12.0,6,800000.0,7.0,0,0,1,1
42,1764,6.0,28.0,5,450000.0,6.0,1,0,1,0
53,2809,12.0,36.0,3,350000.0,1.0,0,0,0,0
42,1764,12.0,40.0,4,400000.0,9.0,1,1,1,1
26,676,6.0,47.0,4,500000.0,2.0,0,0,1,0
54,2916,12.0,70.0,6,1000000.0,9.0,0,1,1,1
49,2401,10.0,70.0,6,1000000.0,7.0,1,1,1,1
25,625,10.0,70.0,6,1000000.0,4.0,0,1,1,0
30,900,10.0,70.0,6,500000.0,2.0,0,1,0,0
59,3481,6.0,28.0,1,35000.0,1.0,0,0,0,0
65,4225,6.0,20.0,2,50000.0,1.0,1,0,0,1
28,784,13.0,20.0,2,500000.0,2.0,0,0,1,0
35,1225,6.0,40.0,5,200000.0,4.0,0,1,1,0
36,1296,17.0,43.0,2,1700000.0,9.0,1,1,1,1
38,1444,17.0,43.0,2,1700000.0,1.0,0,1,0,1
31,961,12.0,30.0,4,600000.0,7.0,1,0,1,1
60,3600,12.0,30.0,6,700000.0,10.0,1,0,1,1
39,1521,12.0,30.0,6,50000.0,1.0,1,0,0,0
19,361,10.0,30.0,6,360000.0,4.0,0,0,1,0
18,324,8.0,30.0,6,250000.0,3.0,0,0,1,0
53,2809,12.0,48.0,2,400000.0,1.0,0,0,0,0
32,1024,12.0,48.0,2,350000.0,1.0,0,0,0,0
38,1444,15.0,20.0,2,1200000.0,3.0,0,1,0,0
32,1024,15.0,20.0,2,1100000.0,9.0,0,1,1,1
58,3364,15.0,40.0,6,980000.0,10.0,1,0,1,1
55,3025,6.0,40.0,6,500000.0,1.0,0,0,0,0
25,625,12.0,40.0,6,300000.0,3.0,1,0,1,0
64,4096,8.0,30.0,1,1200000.0,9.0,0,0,1,1
40,1600,14.0,30.0,4,780000.0,9.0,0,1,1,1
48,2304,15.0,40.0,3,1400000.0,3.0,1,0,1,1
50,2500,17.0,42.0,1,1500000.0,8.0,0,0,1,1
27,729,14.0,38.0,2,500000.0,1.0,1,1,0,0
28,784,13.0,38.0,2,600000.0,2.0,0,1,1,0
28,784,12.0,51.0,3,1100000.0,7.0,1,0,1,1
25,625,12.0,51.0,3,1480000.0,5.0,0,0,1,0
54,2916,13.0,42.0,3,510000.0,2.0,1,0,0,0
46,2116,15.0,0.0,5,820000.0,6.0,1,1,1,1
45,2025,15.0,0.0,5,1600000.0,1.0,0,1,0,1
31,961,17.0,40.0,1,370000.0,3.0,0,0,0,1
63,3969,0.0,49.0,3,1000000.0,12.0,0,1,1,1
38,1444,10.0,49.0,3,900000.0,12.0,0,0,1,1
43,1849,10.0,0.0,4,1400000.0,9.0,0,1,1,1
31,961,12.0,0.0,4,1200000.0,1.0,1,1,0,0
25,625,11.0,40.0,1,1345000.0,8.0,0,0,1,1
75,5625,6.0,30.0,2,3000000.0,2.0,0,1,0,1
44,1936,15.0,48.0,4,650000.0,10.0,1,1,1,1
44,1936,12.0,48.0,4,900000.0,10.0,0,1,1,1
54,2916,12.0,48.0,4,900000.0,7.0,0,1,1,1
42,1764,6.0,48.0,4,800000.0,7.0,1,1,1,1
20,400,12.0,48.0,4,0.0,7.0,0,0,0,1
50,2500,12.0,20.0,3,380000.0,9.0,0,1,1,0
55,3025,14.0,33.0,3,450000.0,8.0,1,0,1,1
66,4356,12.0,25.0,3,420000.0,9.0,1,0,1,1
36,1296,12.0,25.0,3,410000.0,8.0,0,0,1,1
29,841,16.0,25.0,3,300000.0,7.0,1,0,1,1
51,2601,17.0,49.0,4,1200000.0,4.0,0,1,1,1
44,1936,12.0,16.0,5,1000000.0,4.0,1,0,1,1
28,784,17.0,16.0,5,500000.0,3.0,1,0,1,1
51,2601,14.0,72.0,5,1300000.0,8.0,0,1,1,1
50,2500,12.0,26.0,4,550000.0,8.0,0,1,1,1
50,2500,12.0,26.0,4,480000.0,7.0,1,1,1,1
52,2704,17.0,40.0,2,700000.0,1.0,0,1,0,1
43,1849,12.0,30.0,3,500000.0,1.0,0,0,0,1
60,3600,12.0,24.0,1,650000.0,1.0,0,1,0,1
45,2025,17.0,30.0,4,1000000.0,9.0,1,1,1,1
44,1936,17.0,30.0,4,1100000.0,9.0,0,1,1,1
18,324,12.0,28.0,5,250000.0,7.0,0,0,1,0
40,1600,6.0,44.0,4,350000.0,6.0,1,0,1,1
30,900,9.0,44.0,1,0.0,8.0,0,0,1,0
49,2401,12.0,56.0,8,800000.0,6.0,0,1,1,1
42,1764,15.0,56.0,8,850000.0,9.0,1,1,1,1
62,3844,15.0,56.0,8,400000.0,1.0,1,1,0,1
67,4489,6.0,56.0,8,0.0,2.0,0,1,0,1
63,3969,6.0,12.0,2,400000.0,1.0,0,1,0,1
61,3721,9.0,12.0,2,150000.0,1.0,1,1,0,1
40,1600,15.0,48.0,4,900000.0,8.0,0,1,1,1
38,1444,14.0,48.0,4,50000.0,1.0,1,1,0,1
58,3364,16.0,30.0,3,600000.0,9.0,1,0,1,1
30,900,13.0,30.0,3,450000.0,8.0,0,0,1,0
37,1369,15.0,30.0,4,650000.0,10.0,1,1,1,1
56,3136,15.0,42.0,1,350000.0,1.0,0,0,0,1
74,5476,12.0,48.0,1,1500000.0,1.0,0,0,0,1
31,961,15.0,108.0,5,1850000.0,10.0,0,1,1,1
53,2809,17.0,30.0,1,1900000.0,10.0,0,0,1,1
24,576,12.0,42.0,3,200000.0,2.0,1,0,0,0
40,1600,19.0,46.0,1,4600000.0,11.0,0,0,1,1
51,2601,17.0,21.0,1,400000.0,1.0,1,0,0,1
42,1764,2.0,3.0,6,250000.0,1.0,0,1,0,1
29,841,17.0,48.0,2,1000000.0,3.0,1,1,0,1
32,1024,17.0,48.0,2,1200000.0,12.0,0,1,1,1
37,1369,15.0,24.0,2,400000.0,4.0,1,1,1,1
37,1369,15.0,24.0,2,800000.0,2.0,0,1,0,0
58,3364,17.0,7.0,1,0.0,1.0,1,0,0,1
28,784,10.0,44.0,3,700000.0,11.0,0,1,1,1
37,1369,12.0,48.0,2,3000000.0,1.0,1,0,0,0
26,676,14.0,57.0,1,900000.0,2.0,0,0,1,1
29,841,15.0,45.0,3,2320000.0,12.0,0,1,1,1
30,900,15.0,45.0,3,500000.0,1.0,1,1,0,1
26,676,11.0,35.0,3,700000.0,11.0,1,1,1,1
27,729,12.0,35.0,3,900000.0,11.0,0,1,1,1
53,2809,8.0,35.0,3,600000.0,3.0,0,1,1,1
24,576,12.0,35.0,3,100000.0,2.0,0,0,1,1
43,1849,15.0,36.0,4,1500000.0,7.0,0,1,1,1
43,1849,12.0,36.0,4,3300000.0,11.0,1,1,1,1
59,3481,16.0,25.0,4,560000.0,9.0,0,1,1,1
44,1936,17.0,25.0,4,650000.0,9.0,1,1,1,1
46,2116,9.0,36.0,6,500000.0,3.0,1,1,1,1
20,400,12.0,36.0,6,250000.0,4.0,0,0,1,0
43,1849,6.0,48.0,5,400000.0,2.0,0,1,0,0
51,2601,6.0,40.0,4,700000.0,6.0,0,1,1,1
42,1764,12.0,40.0,1,950000.0,9.0,0,0,1,1
37,1369,12.0,60.0,4,700000.0,1.0,1,1,0,1
38,1444,16.0,60.0,4,900000.0,1.0,0,1,0,1
46,2116,9.0,48.0,4,750000.0,4.0,0,1,1,0
58,3364,12.0,48.0,2,900000.0,9.0,0,1,1,1
26,676,13.0,48.0,2,800000.0,9.0,0,0,1,1
29,841,13.0,48.0,2,460000.0,3.0,1,0,1,0
59,3481,15.0,29.0,3,900000.0,8.0,0,1,1,1
57,3249,15.0,29.0,3,1100000.0,7.0,1,1,1,1
27,729,12.0,44.0,2,1200000.0,4.0,0,1,1,1
25,625,12.0,44.0,2,550000.0,4.0,0,1,1,0
27,729,12.0,25.0,1,420000.0,2.0,0,0,0,1
59,3481,6.0,25.0,3,600000.0,7.0,1,0,1,1
58,3364,15.0,30.0,1,500000.0,1.0,0,0,0,0
52,2704,15.0,32.0,2,1000000.0,1.0,0,0,0,1
56,3136,12.0,32.0,2,1300000.0,8.0,0,0,1,1
54,2916,6.0,32.0,5,1250000.0,9.0,0,1,1,1
60,3600,12.0,40.0,3,1500000.0,1.0,0,1,0,1
29,841,15.0,40.0,3,800000.0,5.0,0,0,1,1
39,1521,12.0,42.0,4,2000000.0,1.0,0,1,0,0
39,1521,12.0,24.0,4,380000.0,5.0,1,1,1,0
48,2304,12.0,24.0,4,400000.0,5.0,0,1,1,0
67,4489,16.0,25.0,1,150000.0,1.0,0,0,0,1
52,2704,6.0,72.0,5,2000000.0,12.0,0,1,1,1
28,784,12.0,72.0,5,2000000.0,12.0,0,1,1,1
45,2025,7.0,32.0,6,400000.0,1.0,0,1,0,0
46,2116,12.0,18.0,6,350000.0,1.0,0,1,0,0
45,2025,15.0,18.0,6,650000.0,8.0,1,1,1,1
25,625,13.0,18.0,6,450000.0,7.0,0,1,1,1
49,2401,9.0,50.0,3,750000.0,7.0,0,1,1,1
45,2025,15.0,40.0,5,900000.0,8.0,1,1,1,1
38,1444,15.0,30.0,1,1000000.0,9.0,0,0,1,1
55,3025,12.0,30.0,2,500000.0,9.0,1,0,1,1
36,1296,8.0,48.0,6,600000.0,1.0,0,1,0,0
41,1681,15.0,48.0,6,800000.0,9.0,1,1,1,1
34,1156,17.0,184.0,1,1300000.0,2.0,1,0,1,1
50,2500,12.0,48.0,3,800000.0,2.0,1,1,1,1
32,1024,17.0,44.0,2,2800000.0,11.0,0,1,1,1
32,1024,17.0,44.0,2,1000000.0,4.0,1,1,1,1
28,784,12.0,54.0,2,1240000.0,6.0,0,1,1,1
25,625,12.0,54.0,2,649000.0,4.0,1,1,1,1
38,1444,16.0,40.0,4,400000.0,1.0,1,1,0,1
42,1764,15.0,40.0,4,1500000.0,8.0,0,1,1,1
48,2304,15.0,40.0,2,1300000.0,6.0,1,1,1,1
61,3721,6.0,30.0,2,200000.0,1.0,0,1,0,1
50,2500,8.0,12.0,3,400000.0,2.0,0,0,0,0
17,289,9.0,12.0,3,0.0,2.0,1,0,0,0
37,1369,12.0,56.0,4,1100000.0,11.0,0,1,1,1
36,1296,12.0,56.0,4,1100000.0,6.0,1,1,1,1
48,2304,12.0,45.0,4,1080000.0,7.0,0,1,1,1
50,2500,15.0,20.0,1,600000.0,8.0,1,0,1,1
37,1369,12.0,40.0,1,420000.0,7.0,0,0,1,1
58,3364,15.0,20.0,1,500000.0,8.0,1,0,1,1
28,784,14.0,40.0,3,600000.0,1.0,1,1,0,1
39,1521,17.0,20.0,3,550000.0,6.0,1,1,1,1
44,1936,17.0,20.0,3,650000.0,8.0,0,1,1,1
48,2304,12.0,25.0,6,450000.0,6.0,0,1,1,1
48,2304,12.0,25.0,6,500000.0,8.0,1,1,1,1
26,676,12.0,25.0,6,800000.0,7.0,0,0,1,1
25,625,15.0,25.0,6,450000.0,5.0,1,0,1,1
48,2304,17.0,48.0,5,500000.0,6.0,1,1,1,1
52,2704,12.0,24.0,3,500000.0,1.0,0,1,0,1
29,841,10.0,40.0,3,400000.0,6.0,0,1,1,1
26,676,12.0,40.0,3,700000.0,5.0,1,1,1,1
31,961,12.0,48.0,2,800000.0,9.0,1,1,1,1
25,625,12.0,48.0,2,780000.0,9.0,0,1,1,1
26,676,15.0,20.0,1,760000.0,6.0,1,1,1,1
18,324,10.0,32.0,5,240000.0,3.0,1,0,1,1
37,1369,15.0,56.0,1,2000000.0,1.0,0,0,0,1
45,2025,12.0,32.0,6,150000.0,1.0,1,1,0,0
52,2704,6.0,36.0,1,500000.0,1.0,0,0,0,0
46,2116,15.0,60.0,4,840000.0,8.0,1,1,1,1
43,1849,12.0,60.0,4,720000.0,6.0,0,1,1,0
45,2025,15.0,40.0,5,1000000.0,8.0,0,1,1,1
27,729,15.0,8.0,6,30000.0,1.0,1,0,0,0
29,841,15.0,8.0,6,1500000.0,9.0,0,0,1,1
57,3249,12.0,8.0,6,30000.0,1.0,0,1,0,1
51,2601,17.0,63.0,3,1700000.0,9.0,1,0,1,1
29,841,15.0,40.0,1,1200000.0,6.0,0,0,1,0
42,1764,6.0,40.0,2,850000.0,7.0,1,0,1,1
31,961,11.0,48.0,5,200000.0,1.0,1,1,0,0
36,1296,11.0,48.0,5,1600000.0,8.0,0,1,1,1
48,2304,6.0,40.0,3,1200000.0,6.0,1,1,1,1
32,1024,17.0,40.0,2,930000.0,6.0,1,1,1,1
45,2025,12.0,40.0,2,1500000.0,8.0,0,1,1,1
36,1296,12.0,76.0,4,1100000.0,9.0,0,1,1,1
34,1156,12.0,76.0,4,360000.0,3.0,1,1,1,1
32,1024,9.0,40.0,1,2000000.0,5.0,0,0,1,1
36,1296,12.0,56.0,1,3000000.0,2.0,1,0,0,1
31,961,12.0,55.0,3,1600000.0,9.0,0,1,1,1
28,784,12.0,55.0,3,700000.0,9.0,1,1,1,1
38,1444,15.0,25.0,3,1000000.0,7.0,1,0,1,1
19,361,11.0,25.0,3,250000.0,4.0,0,0,1,0
30,900,13.0,48.0,2,1000000.0,6.0,1,0,1,0
29,841,9.0,48.0,2,840000.0,4.0,0,0,1,0
23,529,12.0,24.0,2,540000.0,2.0,0,0,1,0
58,3364,15.0,27.0,3,200000.0,1.0,0,1,0,1
54,2916,12.0,27.0,3,1400000.0,7.0,1,1,1,1
38,1444,15.0,14.0,3,1200000.0,8.0,1,1,1,1
36,1296,19.0,47.0,3,2600000.0,7.0,0,1,1,1
34,1156,18.0,47.0,3,2500000.0,7.0,1,1,1,1
42,1764,17.0,46.0,3,1450000.0,10.0,0,1,1,1
40,1600,19.0,46.0,3,1800000.0,10.0,1,1,1,1
31,961,14.0,48.0,3,580000.0,1.0,1,0,0,0
56,3136,9.0,20.0,4,450000.0,9.0,1,0,1,1
36,1296,15.0,20.0,4,400000.0,3.0,1,0,1,0
23,529,17.0,60.0,6,600000.0,3.0,1,0,1,1
25,625,16.0,24.0,2,400000.0,8.0,1,0,1,1
27,729,15.0,48.0,5,350000.0,8.0,0,0,1,0
48,2304,10.0,44.0,3,700000.0,6.0,0,1,1,1
54,2916,15.0,44.0,3,600000.0,7.0,1,1,1,1
28,784,12.0,44.0,3,600000.0,6.0,0,0,1,1
48,2304,14.0,24.0,7,500000.0,1.0,0,1,0,0
49,2401,12.0,24.0,7,350000.0,6.0,1,1,1,1
32,1024,12.0,24.0,7,340000.0,3.0,1,1,1,0
22,484,12.0,24.0,7,200000.0,4.0,0,0,1,0
62,3844,12.0,48.0,3,750000.0,10.0,0,1,1,1
60,3600,15.0,48.0,3,300000.0,2.0,1,1,0,1
21,441,13.0,48.0,3,150000.0,2.0,0,0,0,1
59,3481,6.0,59.0,3,150000.0,2.0,0,1,0,0
54,2916,6.0,59.0,3,150000.0,2.0,1,1,0,0
28,784,12.0,59.0,3,340000.0,1.0,1,0,1,0
54,2916,12.0,29.0,3,420000.0,8.0,1,0,1,1
52,2704,12.0,48.0,8,900000.0,6.0,0,1,1,1
60,3600,9.0,48.0,2,300000.0,3.0,0,1,1,0
53,2809,12.0,48.0,2,100000.0,1.0,1,1,0,0
40,1600,13.0,48.0,3,700000.0,1.0,0,0,0,0
42,1764,17.0,48.0,1,1200000.0,9.0,1,0,1,1
38,1444,15.0,40.0,5,870000.0,10.0,1,1,1,1
37,1369,12.0,40.0,5,1700000.0,1.0,0,1,0,0
42,1764,15.0,30.0,3,700000.0,9.0,0,1,1,1
51,2601,14.0,30.0,5,480000.0,7.0,0,1,1,1
51,2601,15.0,30.0,5,900000.0,8.0,1,1,1,1
28,784,12.0,30.0,5,150000.0,1.0,1,0,0,0
62,3844,9.0,35.0,7,520000.0,10.0,1,0,1,1
50,2500,12.0,30.0,2,1200000.0,9.0,1,1,1,1
25,625,12.0,20.0,4,300000.0,4.0,1,0,1,0
24,576,12.0,20.0,4,400000.0,5.0,1,0,1,0
44,1936,17.0,50.0,2,2000000.0,1.0,0,1,0,1
20,400,12.0,50.0,2,600000.0,6.0,1,1,1,1
34,1156,15.0,40.0,3,800000.0,4.0,1,0,1,0
46,2116,17.0,30.0,1,2500000.0,9.0,0,0,1,1
40,1600,4.0,40.0,3,800000.0,2.0,0,1,1,1
22,484,9.0,40.0,3,200000.0,2.0,1,0,0,0
29,841,12.0,35.0,1,200000.0,2.0,1,0,0,0
53,2809,17.0,10.0,6,700000.0,9.0,1,0,1,1
41,1681,8.0,59.0,2,900000.0,7.0,1,0,1,1
43,1849,12.0,48.0,4,1500000.0,10.0,0,1,1,1
42,1764,12.0,48.0,4,650000.0,3.0,1,1,0,1
18,324,10.0,48.0,3,80000.0,2.0,0,0,1,1
32,1024,12.0,40.0,5,900000.0,8.0,1,1,1,1
22,484,13.0,10.0,2,30000.0,1.0,1,1,0,1
23,529,11.0,10.0,2,700000.0,4.0,0,1,1,1
33,1089,12.0,57.0,3,1200000.0,5.0,0,1,1,0
27,729,12.0,57.0,3,1100000.0,4.0,1,1,1,1
71,5041,6.0,45.0,4,200000.0,1.0,0,0,0,0
37,1369,12.0,40.0,3,2000000.0,1.0,0,1,0,1
34,1156,15.0,40.0,3,1200000.0,1.0,1,1,0,1
30,900,12.0,50.0,1,1000000.0,6.0,0,0,1,1
36,1296,6.0,48.0,4,800000.0,7.0,0,1,1,0
49,2401,12.0,30.0,2,450000.0,9.0,1,1,1,1
41,1681,12.0,30.0,2,700000.0,1.0,0,1,0,1
57,3249,14.0,30.0,5,410000.0,10.0,1,1,1,1
54,2916,6.0,30.0,5,700000.0,10.0,0,1,1,1
35,1225,12.0,30.0,5,470000.0,6.0,0,0,1,1
32,1024,12.0,30.0,5,400000.0,1.0,1,0,0,0
39,1521,15.0,20.0,4,500000.0,8.0,1,0,1,1
24,576,6.0,40.0,1,450000.0,5.0,0,0,1,0
64,4096,12.0,44.0,2,1200000.0,5.0,1,0,1,1
32,1024,15.0,44.0,2,970000.0,5.0,1,0,1,1
43,1849,15.0,6.0,4,80000.0,1.0,1,0,0,0
54,2916,6.0,20.0,3,350000.0,6.0,1,1,1,0
26,676,17.0,29.0,3,500000.0,9.0,1,0,1,1
22,484,15.0,29.0,3,280000.0,9.0,1,0,1,1
42,1764,15.0,42.0,4,500000.0,3.0,1,1,1,1
43,1849,3.0,45.0,5,600000.0,6.0,0,1,1,1
24,576,12.0,45.0,5,750000.0,9.0,0,0,1,1
55,3025,12.0,48.0,3,500000.0,1.0,0,1,0,0
65,4225,6.0,48.0,6,600000.0,7.0,0,1,1,0
32,1024,12.0,48.0,6,700000.0,9.0,0,0,1,1
25,625,12.0,48.0,6,780000.0,10.0,0,0,1,1
61,3721,12.0,25.0,3,300000.0,1.0,0,1,0,0
53,2809,12.0,18.0,2,100000.0,1.0,1,0,0,1
55,3025,12.0,35.0,4,800000.0,9.0,0,1,1,1
55,3025,12.0,42.0,3,600000.0,9.0,1,0,1,1
69,4761,17.0,60.0,1,1000000.0,10.0,0,0,1,1
56,3136,12.0,44.0,3,1500000.0,5.0,0,1,0,1
34,1156,6.0,6.0,7,90000.0,1.0,1,1,0,0
42,1764,6.0,6.0,7,400000.0,1.0,0,1,0,0
30,900,7.0,44.0,6,520000.0,4.0,0,1,1,0
67,4489,10.0,25.0,2,150000.0,3.0,1,0,1,1
40,1600,15.0,36.0,5,3000000.0,1.0,0,1,0,1
60,3600,6.0,48.0,4,800000.0,1.0,0,1,0,0
35,1225,12.0,48.0,4,400000.0,2.0,0,0,1,0
61,3721,12.0,35.0,4,1000000.0,8.0,0,1,1,1
59,3481,9.0,60.0,2,200000.0,2.0,0,1,0,0
43,1849,9.0,56.0,3,500000.0,2.0,1,1,1,1
46,2116,6.0,56.0,3,200000.0,1.0,0,1,0,0
61,3721,8.0,40.0,3,600000.0,1.0,0,1,0,0
66,4356,12.0,40.0,1,1000000.0,1.0,0,0,0,1
48,2304,12.0,5.0,2,160000.0,5.0,1,0,1,1
48,2304,8.0,54.0,2,2000000.0,11.0,0,1,1,1
36,1296,14.0,40.0,3,780000.0,6.0,1,0,1,0
31,961,11.0,24.0,3,600000.0,1.0,0,0,0,1
25,625,12.0,69.0,1,1200000.0,6.0,0,0,1,1
54,2916,12.0,0.0,4,2000000.0,4.0,0,1,1,1
52,2704,12.0,0.0,4,1200000.0,6.0,1,1,1,1
52,2704,12.0,55.0,3,400000.0,1.0,0,0,0,1
33,1089,12.0,55.0,3,500000.0,1.0,1,0,0,0
51,2601,12.0,84.0,4,700000.0,3.0,0,1,0,1
47,2209,11.0,84.0,4,300000.0,3.0,1,1,0,1
31,961,12.0,48.0,4,1200000.0,7.0,1,1,1,1
32,1024,12.0,48.0,4,1400000.0,8.0,0,1,1,1
27,729,6.0,28.0,5,400000.0,2.0,1,1,0,0
40,1600,6.0,28.0,5,900000.0,2.0,0,1,0,0
47,2209,6.0,30.0,2,370000.0,1.0,1,0,1,1
23,529,12.0,30.0,2,1200000.0,5.0,1,0,1,1
38,1444,12.0,6.0,2,150000.0,1.0,0,0,0,0
80,6400,8.0,36.0,2,0.0,2.0,1,0,0,1
30,900,12.0,36.0,2,900000.0,10.0,0,0,1,1
59,3481,13.0,25.0,4,550000.0,8.0,1,1,1,1
63,3969,12.0,25.0,4,500000.0,8.0,0,1,1,1
35,1225,17.0,25.0,4,650000.0,7.0,1,0,1,1
55,3025,15.0,40.0,1,500000.0,9.0,1,0,1,1
28,784,15.0,40.0,2,700000.0,10.0,0,0,1,1
30,900,15.0,40.0,2,700000.0,9.0,0,0,1,1
48,2304,17.0,36.0,5,650000.0,8.0,0,1,1,1
37,1369,12.0,36.0,5,350000.0,8.0,1,1,1,1
22,484,16.0,20.0,1,400000.0,3.0,0,0,1,0
26,676,16.0,20.0,2,250000.0,3.0,1,0,1,0
43,1849,15.0,40.0,4,800000.0,7.0,0,0,1,1
40,1600,15.0,40.0,4,820000.0,8.0,1,0,1,1
43,1849,17.0,40.0,3,700000.0,9.0,0,1,1,1
51,2601,13.0,40.0,3,500000.0,9.0,1,1,1,1
37,1369,15.0,6.0,3,300000.0,1.0,0,1,0,0
50,2500,15.0,6.0,3,600000.0,8.0,1,1,1,1
21,441,12.0,6.0,3,240000.0,2.0,0,0,1,0
54,2916,15.0,25.0,3,680000.0,8.0,0,1,1,1
51,2601,17.0,25.0,3,600000.0,9.0,1,1,1,1
45,2025,12.0,36.0,3,400000.0,3.0,0,0,1,0
23,529,12.0,36.0,3,200000.0,3.0,1,0,1,0
51,2601,12.0,45.0,3,850000.0,10.0,0,1,1,1
66,4356,17.0,9.0,2,800000.0,1.0,1,0,0,1
56,3136,12.0,10.0,2,100000.0,9.0,0,0,1,0
53,2809,12.0,35.0,4,500000.0,1.0,1,1,0,1
63,3969,17.0,44.0,3,1500000.0,5.0,1,1,0,1
20,400,13.0,44.0,3,400000.0,5.0,1,0,1,1
42,1764,17.0,48.0,2,1500000.0,9.0,0,1,1,1
41,1681,17.0,48.0,2,1100000.0,10.0,1,1,1,1
73,5329,17.0,24.0,2,500000.0,1.0,0,1,0,1
70,4900,6.0,34.0,7,250000.0,1.0,0,0,0,1
61,3721,12.0,25.0,5,700000.0,10.0,1,0,1,1
31,961,10.0,25.0,5,750000.0,8.0,0,1,1,1
36,1296,15.0,48.0,4,800000.0,9.0,1,0,1,1
55,3025,9.0,40.0,4,500000.0,1.0,0,0,0,0
55,3025,15.0,20.0,3,800000.0,9.0,1,0,1,1
49,2401,6.0,40.0,3,800000.0,10.0,0,0,1,1
47,2209,6.0,40.0,3,80000.0,6.0,1,0,1,1
42,1764,17.0,40.0,4,1000000.0,8.0,0,1,1,1
38,1444,17.0,40.0,4,800000.0,7.0,1,1,1,1
32,1024,8.0,50.0,4,500000.0,2.0,1,1,0,0
63,3969,6.0,6.0,2,120000.0,3.0,1,0,1,1
25,625,16.0,6.0,2,900000.0,2.0,0,0,1,1
60,3600,12.0,35.0,2,1000000.0,2.0,0,1,0,1
56,3136,12.0,35.0,2,2000000.0,1.0,1,1,0,1
28,784,13.0,48.0,2,1000000.0,9.0,1,0,1,1
32,1024,17.0,0.0,4,1000000.0,6.0,1,0,1,1
46,2116,10.0,46.0,5,500000.0,4.0,0,1,1,0
57,3249,12.0,8.0,4,100000.0,1.0,1,1,0,1
61,3721,12.0,8.0,4,1300000.0,8.0,0,1,1,1
36,1296,12.0,25.0,3,380000.0,7.0,0,1,1,1
29,841,17.0,40.0,4,1200000.0,6.0,1,1,1,1
35,1225,12.0,40.0,4,1400000.0,6.0,0,1,1,1
26,676,12.0,12.0,4,940000.0,3.0,1,0,1,1
25,625,12.0,12.0,4,470000.0,2.0,1,0,1,1
28,784,16.0,25.0,4,0.0,2.0,1,0,0,1
67,4489,12.0,15.0,3,200000.0,1.0,1,0,0,1
30,900,17.0,15.0,3,500000.0,6.0,0,0,1,1
27,729,17.0,15.0,3,480000.0,3.0,0,0,1,1
55,3025,12.0,15.0,3,300000.0,1.0,1,1,0,1
60,3600,12.0,15.0,3,600000.0,9.0,0,1,1,1
20,400,12.0,15.0,3,300000.0,5.0,0,0,1,0
35,1225,17.0,40.0,3,1050000.0,7.0,1,1,1,1
38,1444,16.0,40.0,3,950000.0,9.0,0,1,1,1
37,1369,17.0,30.0,1,880000.0,9.0,1,0,1,1
32,1024,12.0,48.0,1,800000.0,10.0,0,0,1,1
40,1600,15.0,40.0,5,750000.0,9.0,0,1,1,1
40,1600,15.0,40.0,5,700000.0,9.0,1,1,1,1
40,1600,5.0,24.0,2,300000.0,1.0,0,1,0,0
41,1681,12.0,48.0,4,600000.0,9.0,1,1,1,1
43,1849,8.0,48.0,4,400000.0,10.0,0,1,1,1
21,441,12.0,48.0,4,200000.0,1.0,0,0,0,0
24,576,12.0,48.0,4,300000.0,6.0,0,0,1,0
53,2809,14.0,20.0,3,300000.0,8.0,1,0,1,0
38,1444,12.0,20.0,4,300000.0,3.0,0,1,1,0
54,2916,16.0,25.0,1,600000.0,8.0,1,0,1,1
27,729,12.0,20.0,4,400000.0,9.0,1,1,1,1
32,1024,12.0,20.0,4,400000.0,8.0,0,1,1,1
54,2916,12.0,40.0,3,450000.0,10.0,0,0,1,1
22,484,12.0,40.0,3,400000.0,6.0,0,0,1,0
47,2209,17.0,35.0,3,1200000.0,7.0,0,1,1,1
39,1521,12.0,44.0,3,1200000.0,5.0,0,1,1,1
39,1521,17.0,44.0,3,450000.0,6.0,1,1,1,1
62,3844,6.0,25.0,4,650000.0,8.0,0,1,0,1
27,729,12.0,25.0,4,320000.0,4.0,0,0,1,0
55,3025,15.0,25.0,4,680000.0,8.0,1,0,1,1
30,900,15.0,25.0,4,720000.0,6.0,1,0,1,1
44,1936,12.0,8.0,3,800000.0,1.0,0,1,0,1
52,2704,12.0,8.0,3,500000.0,8.0,1,1,1,1
51,2601,12.0,35.0,1,1200000.0,6.0,0,0,1,1
69,4761,17.0,24.0,2,500000.0,1.0,1,1,1,1
59,3481,12.0,48.0,4,800000.0,10.0,1,0,1,1
32,1024,12.0,48.0,4,500000.0,1.0,0,0,0,0
61,3721,12.0,0.0,1,400000.0,6.0,0,0,1,1
33,1089,15.0,32.0,1,1000000.0,1.0,1,0,0,0
20,400,13.0,48.0,4,200000.0,1.0,1,1,0,0
22,484,12.0,48.0,4,400000.0,2.0,0,1,1,0
56,3136,17.0,35.0,2,750000.0,7.0,1,0,1,1
47,2209,12.0,40.0,4,1000000.0,6.0,0,1,1,1
57,3249,6.0,48.0,5,600000.0,3.0,0,1,0,0
49,2401,6.0,48.0,5,600000.0,9.0,1,1,1,1
42,1764,7.0,50.0,4,700000.0,2.0,0,1,0,0
43,1849,6.0,35.0,2,1200000.0,9.0,0,0,1,1
44,1936,6.0,40.0,2,900000.0,6.0,0,0,1,1
39,1521,8.0,56.0,2,1000000.0,11.0,0,0,1,1
21,441,15.0,48.0,4,500000.0,1.0,0,0,0,1
35,1225,12.0,30.0,1,900000.0,6.0,0,0,1,1
37,1369,12.0,8.0,4,600000.0,7.0,0,0,1,1
57,3249,15.0,10.0,1,100000.0,1.0,0,0,0,1
49,2401,8.0,48.0,1,1395000.0,7.0,0,0,1,1
45,2025,17.0,40.0,3,2000000.0,9.0,1,0,1,1
65,4225,12.0,44.0,2,0.0,2.0,0,1,0,1
50,2500,17.0,30.0,1,1800000.0,8.0,0,0,1,1
67,4489,12.0,52.0,3,450000.0,2.0,1,0,0,0
30,900,15.0,52.0,3,600000.0,6.0,1,0,1,1
30,900,15.0,52.0,3,450000.0,2.0,1,0,1,1
56,3136,15.0,25.0,1,420000.0,6.0,0,0,1,1
47,2209,17.0,31.0,1,550000.0,6.0,1,0,1,1
38,1444,15.0,40.0,3,930000.0,9.0,0,1,1,1
55,3025,12.0,40.0,3,700000.0,8.0,0,1,1,1
32,1024,17.0,40.0,3,750000.0,9.0,1,0,1,1
31,961,6.0,48.0,5,480000.0,3.0,0,1,1,0
53,2809,6.0,48.0,5,420000.0,9.0,0,0,1,1
52,2704,10.0,25.0,1,550000.0,9.0,0,0,1,1
43,1849,12.0,48.0,7,950000.0,8.0,0,1,1,1
45,2025,9.0,25.0,4,300000.0,9.0,0,1,1,0
27,729,12.0,25.0,4,250000.0,8.0,0,0,1,0
37,1369,12.0,56.0,2,300000.0,1.0,1,0,0,0
59,3481,6.0,36.0,2,300000.0,1.0,0,1,0,0
40,1600,12.0,24.0,5,600000.0,7.0,0,1,1,0
20,400,12.0,24.0,5,500000.0,1.0,0,0,0,0
49,2401,17.0,28.0,7,400000.0,1.0,1,0,1,0
27,729,12.0,28.0,7,400000.0,10.0,0,0,1,0
59,3481,10.0,25.0,2,400000.0,10.0,1,0,1,1
30,900,6.0,48.0,3,420000.0,2.0,0,1,1,0
46,2116,6.0,36.0,6,300000.0,1.0,0,1,0,0
23,529,12.0,36.0,6,300000.0,5.0,0,0,1,0
59,3481,6.0,25.0,2,450000.0,8.0,0,1,1,1
26,676,12.0,25.0,4,400000.0,1.0,1,0,0,1
49,2401,6.0,35.0,4,450000.0,1.0,0,1,0,1
39,1521,12.0,35.0,4,420000.0,8.0,1,1,1,1
58,3364,6.0,30.0,4,400000.0,8.0,1,1,1,1
31,961,12.0,30.0,4,300000.0,5.0,0,0,1,0
48,2304,12.0,25.0,3,400000.0,7.0,1,0,1,1
22,484,12.0,25.0,3,320000.0,4.0,0,0,1,0
61,3721,12.0,25.0,4,400000.0,2.0,0,1,0,1
20,400,12.0,25.0,4,0.0,2.0,0,0,0,1
44,1936,15.0,23.0,4,1012000.0,7.0,1,0,1,1
19,361,12.0,48.0,3,400000.0,6.0,0,0,1,1
32,1024,6.0,57.0,5,800000.0,4.0,0,0,1,0
27,729,12.0,57.0,5,900000.0,1.0,0,0,0,0
27,729,14.0,84.0,2,190000.0,1.0,1,0,0,0
59,3481,15.0,30.0,3,800000.0,6.0,0,1,1,1
30,900,15.0,30.0,3,1000000.0,3.0,1,0,0,1
57,3249,6.0,56.0,4,300000.0,2.0,1,1,0,1
50,2500,12.0,40.0,4,1000000.0,2.0,1,1,1,1
56,3136,12.0,48.0,1,280000.0,1.0,0,0,0,0
69,4761,12.0,56.0,1,1000000.0,1.0,0,0,0,1
35,1225,8.0,40.0,1,400000.0,1.0,0,0,0,0
50,2500,12.0,30.0,2,530000.0,7.0,1,0,1,1
62,3844,11.0,30.0,1,400000.0,1.0,1,0,0,1
41,1681,12.0,53.0,4,900000.0,6.0,0,1,1,1
35,1225,12.0,53.0,4,600000.0,6.0,1,1,1,1
46,2116,9.0,70.0,3,1500000.0,2.0,0,1,0,1
74,5476,6.0,72.0,2,900000.0,1.0,0,1,0,1
35,1225,9.0,40.0,5,500000.0,1.0,0,1,0,1
34,1156,15.0,40.0,1,800000.0,9.0,1,0,1,1
33,1089,11.0,40.0,2,400000.0,5.0,0,0,1,0
33,1089,15.0,23.0,3,900000.0,9.0,1,1,1,1
54,2916,19.0,75.0,1,1200000.0,8.0,0,0,1,1
61,3721,19.0,30.0,2,850000.0,2.0,0,1,0,1
35,1225,15.0,40.0,3,700000.0,8.0,1,1,1,1
45,2025,15.0,45.0,2,520000.0,8.0,1,0,1,1
49,2401,12.0,30.0,4,600000.0,9.0,0,1,1,1
43,1849,12.0,30.0,4,1000000.0,7.0,1,1,1,1
29,841,17.0,35.0,3,500000.0,9.0,0,1,1,1
27,729,14.0,30.0,1,350000.0,8.0,0,0,1,0
30,900,16.0,40.0,2,700000.0,6.0,0,1,1,1
43,1849,15.0,20.0,4,700000.0,8.0,0,1,1,1
39,1521,15.0,20.0,4,700000.0,9.0,1,1,1,1
26,676,15.0,24.0,1,300000.0,2.0,0,0,1,0
49,2401,9.0,33.0,5,300000.0,7.0,0,1,1,0
34,1156,16.0,47.0,1,920000.0,9.0,1,0,1,1
59,3481,6.0,54.0,2,950000.0,6.0,0,1,1,1
65,4225,17.0,20.0,3,1300000.0,9.0,0,1,1,1
38,1444,9.0,48.0,3,650000.0,5.0,0,1,1,0
53,2809,15.0,20.0,2,2000000.0,9.0,0,1,1,1
50,2500,12.0,25.0,4,600000.0,10.0,0,1,1,1
52,2704,9.0,25.0,4,400000.0,10.0,1,1,1,1
34,1156,17.0,70.0,4,1000000.0,7.0,1,1,1,1
33,1089,8.0,20.0,3,300000.0,5.0,0,1,1,0
71,5041,15.0,25.0,3,690000.0,7.0,1,1,1,1
62,3844,12.0,25.0,3,550000.0,7.0,0,1,1,1
31,961,17.0,25.0,3,820000.0,8.0,0,0,1,1
24,576,16.0,16.0,2,300000.0,5.0,0,0,1,1
26,676,17.0,16.0,2,250000.0,5.0,0,0,1,1
32,1024,17.0,40.0,3,1600000.0,2.0,0,1,0,1
32,1024,17.0,40.0,3,800000.0,1.0,1,1,0,1
41,1681,17.0,40.0,3,750000.0,8.0,0,1,1,1
47,2209,12.0,40.0,6,650000.0,1.0,0,1,0,0
36,1296,12.0,30.0,5,800000.0,3.0,0,1,1,0
57,3249,15.0,20.0,2,500000.0,2.0,0,1,1,1
28,784,14.0,20.0,2,700000.0,9.0,1,0,1,1
32,1024,12.0,56.0,4,800000.0,4.0,1,0,1,1
32,1024,12.0,72.0,2,700000.0,2.0,1,0,1,1
51,2601,9.0,72.0,2,800000.0,1.0,0,0,0,0
42,1764,12.0,40.0,1,1500000.0,1.0,1,0,0,0
43,1849,15.0,26.0,1,580000.0,8.0,1,0,1,1
49,2401,10.0,4.0,2,50000.0,1.0,0,0,0,0
62,3844,14.0,54.0,2,600000.0,6.0,0,0,1,0
28,784,16.0,54.0,2,500000.0,3.0,0,0,1,0
21,441,12.0,30.0,2,200000.0,5.0,1,0,0,1
56,3136,6.0,72.0,1,2400000.0,7.0,0,0,1,1
32,1024,7.0,30.0,8,400000.0,1.0,1,0,0,0
29,841,7.0,30.0,8,200000.0,3.0,0,0,1,0
55,3025,12.0,35.0,4,3000000.0,2.0,1,1,1,1
59,3481,17.0,35.0,4,3000000.0,9.0,0,1,1,1
29,841,17.0,60.0,1,400000.0,1.0,1,0,0,0
32,1024,17.0,35.0,2,700000.0,12.0,0,1,1,1
39,1521,12.0,40.0,4,1900000.0,9.0,0,1,1,1
28,784,12.0,35.0,3,760000.0,10.0,1,1,1,1
27,729,7.0,35.0,3,1000000.0,3.0,0,1,1,1
63,3969,19.0,30.0,2,0.0,2.0,1,1,0,1
71,5041,17.0,10.0,2,0.0,2.0,0,1,0,1
66,4356,15.0,10.0,2,0.0,2.0,1,1,0,1
22,484,15.0,40.0,3,500000.0,9.0,0,0,1,1
46,2116,6.0,70.0,4,2800000.0,3.0,1,0,0,0
17,289,9.0,70.0,4,0.0,3.0,1,0,0,0
20,400,9.0,70.0,4,600000.0,2.0,0,0,1,1
19,361,10.0,70.0,4,0.0,3.0,1,0,0,0
50,2500,14.0,25.0,3,500000.0,8.0,1,1,1,1
53,2809,13.0,25.0,3,500000.0,9.0,0,1,1,1
25,625,15.0,25.0,3,350000.0,10.0,1,0,1,1
43,1849,15.0,60.0,5,450000.0,9.0,1,1,1,1
52,2704,6.0,40.0,1,650000.0,1.0,0,0,0,1
40,1600,15.0,25.0,2,850000.0,7.0,0,1,1,1
20,400,12.0,33.0,5,350000.0,5.0,0,0,1,0
55,3025,6.0,48.0,1,550000.0,1.0,0,0,0,0
43,1849,12.0,16.0,2,250000.0,1.0,1,0,0,0
54,2916,6.0,30.0,6,300000.0,1.0,0,1,0,0
31,961,6.0,30.0,6,700000.0,9.0,0,1,1,1
34,1156,6.0,35.0,2,480000.0,9.0,0,1,1,1
63,3969,6.0,30.0,8,600000.0,2.0,0,1,0,1
28,784,12.0,30.0,8,750000.0,8.0,1,0,1,1
41,1681,17.0,70.0,4,700000.0,8.0,1,1,1,1
31,961,17.0,37.0,1,1800000.0,9.0,0,0,1,1
42,1764,12.0,48.0,1,800000.0,1.0,0,0,0,0
27,729,15.0,28.0,4,400000.0,1.0,0,1,0,1
38,1444,17.0,40.0,3,800000.0,3.0,1,1,1,1
46,2116,6.0,25.0,3,380000.0,7.0,1,0,1,1
59,3481,12.0,25.0,6,510000.0,8.0,0,1,1,1
50,2500,12.0,25.0,6,450000.0,8.0,1,1,1,1
25,625,12.0,25.0,6,380000.0,7.0,0,0,1,0
57,3249,15.0,26.0,1,650000.0,7.0,1,0,1,1
30,900,12.0,20.0,3,350000.0,1.0,1,1,0,0
52,2704,6.0,45.0,6,200000.0,1.0,1,1,0,1
42,1764,17.0,40.0,4,1000000.0,2.0,0,1,0,1
50,2500,12.0,40.0,4,0.0,2.0,1,1,0,1
43,1849,15.0,48.0,3,2000000.0,9.0,0,1,1,1
25,625,12.0,48.0,3,200000.0,1.0,1,1,0,1
44,1936,12.0,85.0,1,800000.0,6.0,0,0,1,1
42,1764,15.0,60.0,5,500000.0,6.0,0,1,1,0
24,576,12.0,60.0,5,600000.0,11.0,0,0,1,1
48,2304,12.0,42.0,4,800000.0,1.0,0,1,0,1
43,1849,15.0,8.0,1,420000.0,1.0,0,0,0,0
49,2401,15.0,38.0,2,1000000.0,8.0,1,0,1,1
57,3249,12.0,84.0,3,2840000.0,3.0,1,0,0,1
17,289,10.0,84.0,3,0.0,3.0,1,0,0,0
17,289,10.0,84.0,3,0.0,3.0,1,0,0,0
33,1089,15.0,48.0,2,500000.0,10.0,1,0,1,1
40,1600,6.0,56.0,8,800000.0,2.0,1,0,1,0
58,3364,8.0,10.0,4,200000.0,1.0,0,1,0,0
60,3600,7.0,24.0,2,1100000.0,2.0,1,1,1,1
33,1089,17.0,35.0,2,1200000.0,7.0,1,1,1,1
52,2704,17.0,35.0,3,4500000.0,9.0,0,1,1,1
55,3025,17.0,35.0,3,4000000.0,1.0,1,1,0,1
57,3249,17.0,30.0,3,5500000.0,11.0,1,1,1,1
65,4225,17.0,30.0,3,1800000.0,11.0,0,1,1,1
37,1369,17.0,40.0,4,1100000.0,10.0,1,1,1,1
54,2916,3.0,12.0,4,300000.0,1.0,0,1,0,0
53,2809,12.0,35.0,3,930000.0,7.0,1,1,1,1
54,2916,12.0,35.0,3,1500000.0,10.0,0,1,1,1
43,1849,12.0,35.0,1,2000000.0,11.0,0,0,1,1
24,576,8.0,40.0,6,480000.0,6.0,0,0,1,0
39,1521,17.0,25.0,2,1500000.0,9.0,1,1,1,1
37,1369,12.0,48.0,1,900000.0,8.0,0,0,1,1
35,1225,15.0,23.0,3,700000.0,8.0,1,1,1,1
38,1444,15.0,23.0,3,500000.0,8.0,0,1,1,1
39,1521,12.0,40.0,2,1200000.0,10.0,0,1,1,1
33,1089,15.0,40.0,2,500000.0,5.0,1,1,1,1
42,1764,12.0,48.0,2,600000.0,7.0,0,1,1,1
38,1444,15.0,48.0,2,500000.0,8.0,1,1,1,1
44,1936,12.0,40.0,5,2000000.0,8.0,0,1,1,1
30,900,12.0,35.0,2,350000.0,2.0,1,1,1,1
32,1024,12.0,25.0,4,450000.0,9.0,0,0,1,0
25,625,12.0,25.0,4,650000.0,10.0,0,0,1,1
32,1024,12.0,25.0,4,380000.0,8.0,1,0,1,1
23,529,12.0,25.0,4,500000.0,6.0,1,0,1,0
24,576,12.0,20.0,2,400000.0,9.0,0,1,1,1
30,900,12.0,30.0,8,450000.0,2.0,1,0,1,0
25,625,15.0,30.0,8,400000.0,1.0,0,0,0,0
38,1444,8.0,36.0,4,680000.0,6.0,0,1,1,0
34,1156,15.0,36.0,4,450000.0,3.0,1,1,1,0
30,900,12.0,33.0,3,700000.0,9.0,0,1,1,1
45,2025,15.0,25.0,3,550000.0,10.0,0,1,1,1
45,2025,15.0,25.0,3,550000.0,10.0,1,1,1,1
29,841,17.0,9.0,2,500000.0,1.0,0,0,0,0
26,676,17.0,9.0,2,500000.0,1.0,0,0,0,0
45,2025,8.0,42.0,4,600000.0,5.0,0,1,1,0
40,1600,12.0,42.0,4,380000.0,7.0,1,1,1,1
42,1764,12.0,48.0,3,1600000.0,3.0,0,1,1,0
52,2704,17.0,40.0,2,800000.0,6.0,1,1,1,1
61,3721,12.0,40.0,2,800000.0,5.0,0,1,1,1
36,1296,17.0,30.0,2,600000.0,6.0,1,0,1,1
30,900,12.0,20.0,3,420000.0,2.0,0,1,1,1
20,400,12.0,10.0,4,120000.0,1.0,0,0,0,0
27,729,10.0,44.0,2,400000.0,1.0,0,0,0,0
42,1764,12.0,35.0,1,620000.0,4.0,0,0,1,1
54,2916,6.0,45.0,6,800000.0,9.0,0,1,1,1
39,1521,17.0,65.0,5,1000000.0,4.0,1,1,0,1
38,1444,17.0,52.0,1,1000000.0,12.0,1,0,1,1
45,2025,12.0,42.0,4,550000.0,9.0,1,1,1,1
53,2809,9.0,60.0,2,720000.0,5.0,1,1,1,0
79,6241,12.0,60.0,2,720000.0,5.0,0,1,1,0
34,1156,6.0,70.0,3,980000.0,2.0,1,1,1,0
39,1521,8.0,70.0,3,840000.0,3.0,0,1,1,0
30,900,10.0,48.0,3,1000000.0,5.0,0,1,1,0
71,5041,8.0,15.0,1,100000.0,1.0,1,0,0,1
43,1849,17.0,40.0,4,2000000.0,1.0,0,1,0,1
36,1296,17.0,40.0,4,2000000.0,9.0,1,1,1,1
75,5625,9.0,5.0,3,80000.0,1.0,1,0,0,1
38,1444,12.0,5.0,3,600000.0,2.0,1,0,0,1
61,3721,8.0,24.0,2,600000.0,2.0,0,1,0,0
36,1296,12.0,40.0,5,500000.0,2.0,0,0,0,0
63,3969,15.0,60.0,2,1500000.0,1.0,0,1,0,1
60,3600,17.0,60.0,2,2000000.0,6.0,1,1,0,1
29,841,16.0,42.0,1,600000.0,5.0,1,0,1,0
30,900,17.0,23.0,1,1200000.0,9.0,0,0,1,1
37,1369,15.0,35.0,4,1300000.0,7.0,0,1,1,1
41,1681,17.0,35.0,4,380000.0,1.0,1,1,0,1
35,1225,17.0,48.0,1,4000000.0,7.0,0,0,1,1
66,4356,12.0,6.0,1,40000.0,1.0,1,0,0,1
30,900,17.0,24.0,2,950000.0,8.0,1,1,1,1
33,1089,5.0,70.0,1,700000.0,4.0,0,0,1,0
55,3025,15.0,56.0,2,2200000.0,8.0,0,1,1,1
63,3969,17.0,56.0,2,2000000.0,1.0,1,1,0,1
64,4096,17.0,25.0,1,2000000.0,2.0,1,0,0,1
43,1849,15.0,50.0,4,500000.0,7.0,0,1,0,1
45,2025,12.0,50.0,4,0.0,2.0,1,1,0,1
59,3481,6.0,48.0,2,250000.0,1.0,0,1,0,1
35,1225,17.0,60.0,1,1200000.0,9.0,1,0,1,1
26,676,12.0,54.0,4,750000.0,11.0,0,1,1,1
53,2809,6.0,65.0,1,720000.0,5.0,0,0,1,0
54,2916,12.0,70.0,2,1000000.0,2.0,0,1,1,0
51,2601,12.0,70.0,2,540000.0,7.0,1,1,1,1
50,2500,6.0,15.0,5,400000.0,1.0,0,1,0,1
32,1024,15.0,40.0,3,600000.0,8.0,1,1,1,1
36,1296,15.0,40.0,3,450000.0,8.0,0,1,1,1
57,3249,15.0,32.0,3,700000.0,8.0,1,0,1,1
32,1024,15.0,32.0,3,200000.0,9.0,1,0,1,0
41,1681,15.0,48.0,2,1100000.0,1.0,1,0,0,1
34,1156,13.0,25.0,3,550000.0,9.0,1,1,1,1
30,900,14.0,25.0,3,650000.0,9.0,1,0,1,1
35,1225,13.0,25.0,3,500000.0,8.0,0,1,1,1
41,1681,14.0,36.0,1,600000.0,3.0,0,0,1,0
23,529,15.0,20.0,2,400000.0,1.0,1,1,0,0
46,2116,16.0,48.0,5,800000.0,9.0,1,1,1,1
56,3136,12.0,44.0,6,900000.0,6.0,0,1,1,1
27,729,15.0,44.0,6,750000.0,9.0,1,1,1,1
31,961,15.0,44.0,6,800000.0,9.0,0,1,1,1
48,2304,9.0,25.0,5,600000.0,8.0,1,0,1,1
38,1444,12.0,20.0,5,400000.0,6.0,1,0,1,0
55,3025,17.0,40.0,2,900000.0,8.0,1,0,1,1
29,841,16.0,48.0,1,800000.0,9.0,0,0,1,1
43,1849,17.0,45.0,3,300000.0,4.0,0,1,1,1
56,3136,17.0,52.0,2,1100000.0,12.0,1,0,1,1
38,1444,15.0,20.0,2,650000.0,9.0,0,1,1,1
40,1600,15.0,20.0,2,680000.0,9.0,1,1,1,1
55,3025,12.0,25.0,4,490000.0,9.0,0,1,1,1
52,2704,12.0,25.0,4,500000.0,9.0,1,1,1,1
24,576,5.0,20.0,3,300000.0,10.0,0,0,1,0
30,900,5.0,20.0,3,300000.0,10.0,0,1,1,0
55,3025,8.0,25.0,3,550000.0,9.0,1,0,1,1
28,784,17.0,25.0,3,650000.0,6.0,1,0,1,1
42,1764,12.0,36.0,4,360000.0,1.0,0,1,0,0
45,2025,12.0,36.0,4,400000.0,9.0,1,1,1,1
40,1600,12.0,60.0,4,1200000.0,9.0,1,1,1,1
42,1764,10.0,65.0,5,1500000.0,11.0,0,1,1,1
19,361,12.0,65.0,5,350000.0,10.0,1,1,1,1
41,1681,6.0,72.0,1,900000.0,3.0,0,0,1,1
34,1156,15.0,60.0,4,700000.0,4.0,1,1,1,1
34,1156,12.0,60.0,4,900000.0,8.0,0,1,1,1
31,961,12.0,66.0,4,600000.0,9.0,0,1,1,1
28,784,6.0,66.0,4,300000.0,8.0,1,1,1,0
47,2209,12.0,40.0,5,300000.0,1.0,0,1,0,0
47,2209,12.0,40.0,5,500000.0,8.0,1,1,1,1
47,2209,15.0,40.0,2,800000.0,9.0,0,1,1,0
47,2209,15.0,48.0,3,700000.0,10.0,1,0,1,1
28,784,11.0,72.0,5,0.0,3.0,1,0,0,0
54,2916,6.0,5.0,9,60000.0,2.0,0,1,1,0
49,2401,12.0,5.0,9,60000.0,2.0,1,1,1,0
34,1156,11.0,24.0,2,1100000.0,9.0,0,1,1,1
43,1849,12.0,35.0,4,900000.0,8.0,0,1,1,1
34,1156,12.0,8.0,3,180000.0,2.0,1,0,1,1
35,1225,12.0,28.0,6,1500000.0,11.0,1,1,1,1
36,1296,6.0,28.0,6,1500000.0,1.0,0,1,0,1
57,3249,12.0,33.0,2,1500000.0,12.0,1,1,1,1
58,3364,12.0,33.0,2,1500000.0,9.0,0,1,1,1
70,4900,15.0,4.0,1,40000.0,1.0,1,0,0,1
32,1024,12.0,30.0,3,1000000.0,11.0,1,1,1,1
28,784,12.0,30.0,3,2000000.0,7.0,0,1,1,1
62,3844,17.0,44.0,2,1500000.0,6.0,0,1,1,1
48,2304,17.0,15.0,5,250000.0,8.0,1,1,1,1
71,5041,12.0,12.0,2,800000.0,2.0,0,1,0,1
35,1225,19.0,0.0,3,0.0,11.0,1,1,1,1
36,1296,12.0,0.0,3,1500000.0,10.0,0,1,1,1
31,961,17.0,35.0,2,3500000.0,2.0,0,1,1,1
52,2704,17.0,40.0,4,650000.0,9.0,0,1,1,1
49,2401,17.0,40.0,4,550000.0,9.0,1,1,1,1
51,2601,9.0,36.0,3,680000.0,1.0,0,1,0,1
52,2704,6.0,36.0,3,420000.0,9.0,1,1,1,1
25,625,15.0,36.0,3,900000.0,9.0,1,0,1,1
27,729,12.0,48.0,9,450000.0,2.0,0,0,0,0
31,961,15.0,25.0,5,800000.0,9.0,0,0,1,1
21,441,15.0,25.0,5,800000.0,9.0,1,0,1,1
22,484,12.0,25.0,5,500000.0,5.0,0,0,1,0
60,3600,17.0,40.0,4,860000.0,8.0,0,1,1,1
42,1764,12.0,40.0,4,650000.0,9.0,1,1,1,1
61,3721,6.0,40.0,3,420000.0,10.0,0,1,1,1
57,3249,13.0,40.0,3,400000.0,1.0,1,1,0,1
28,784,16.0,40.0,3,480000.0,6.0,1,0,1,0
70,4900,6.0,25.0,2,400000.0,8.0,0,0,1,1
65,4225,12.0,48.0,1,1000000.0,7.0,0,0,1,1
33,1089,16.0,40.0,2,450000.0,1.0,0,0,0,1
35,1225,16.0,16.0,2,300000.0,1.0,1,0,0,0
32,1024,12.0,25.0,2,380000.0,10.0,1,0,1,0
32,1024,12.0,18.0,5,200000.0,1.0,1,1,0,0
34,1156,12.0,18.0,5,450000.0,2.0,0,1,1,0
28,784,16.0,20.0,1,370000.0,8.0,1,0,1,0
67,4489,12.0,48.0,3,450000.0,9.0,1,1,1,1
47,2209,12.0,12.0,4,350000.0,1.0,0,1,0,0
43,1849,14.0,12.0,4,400000.0,8.0,1,1,1,0
59,3481,12.0,40.0,3,460000.0,7.0,0,1,1,1
24,576,17.0,36.0,4,750000.0,9.0,0,0,1,1
27,729,17.0,40.0,3,700000.0,10.0,1,0,1,1
35,1225,17.0,40.0,3,600000.0,8.0,1,0,1,1
49,2401,15.0,54.0,1,550000.0,9.0,0,0,1,1
86,7396,6.0,24.0,2,150000.0,1.0,0,1,0,1
58,3364,13.0,25.0,3,400000.0,1.0,0,0,0,0
35,1225,14.0,25.0,3,300000.0,1.0,1,1,0,0
32,1024,13.0,25.0,3,300000.0,1.0,0,1,0,0
59,3481,9.0,20.0,1,230000.0,9.0,1,0,1,1
51,2601,6.0,48.0,4,950000.0,6.0,0,1,1,1
61,3721,10.0,44.0,3,3000000.0,4.0,0,1,0,1
66,4356,14.0,44.0,3,3000000.0,4.0,1,1,0,1
25,625,14.0,48.0,3,300000.0,4.0,0,0,1,0
50,2500,16.0,40.0,1,200000.0,1.0,0,0,0,1
57,3249,15.0,15.0,4,160000.0,1.0,1,0,0,0
28,784,12.0,15.0,4,800000.0,9.0,1,0,1,1
34,1156,15.0,40.0,3,800000.0,9.0,0,0,1,1
33,1089,15.0,40.0,3,800000.0,9.0,1,0,1,1
31,961,6.0,5.0,9,320000.0,4.0,0,0,1,0
22,484,12.0,48.0,1,900000.0,6.0,0,0,1,1
28,784,12.0,48.0,1,1700000.0,9.0,0,0,1,1
24,576,12.0,23.0,2,100000.0,1.0,0,0,0,0
41,1681,12.0,60.0,3,1200000.0,8.0,1,1,1,1
39,1521,12.0,60.0,3,1300000.0,9.0,0,1,1,1
37,1369,7.0,40.0,4,1100000.0,3.0,0,1,1,1
41,1681,12.0,40.0,4,1000000.0,6.0,1,1,1,1
18,324,11.0,40.0,4,70000.0,1.0,0,0,0,1
37,1369,15.0,54.0,1,1200000.0,6.0,1,0,1,1
70,4900,11.0,56.0,1,700000.0,1.0,0,0,0,1
34,1156,8.0,48.0,1,1000000.0,3.0,0,0,1,1
44,1936,17.0,40.0,4,1800000.0,7.0,0,1,1,1
37,1369,12.0,40.0,4,370000.0,9.0,1,1,1,1
30,900,12.0,48.0,9,500000.0,1.0,0,0,0,0
54,2916,6.0,48.0,9,800000.0,8.0,0,1,1,1
24,576,12.0,48.0,9,450000.0,2.0,0,0,0,0
43,1849,12.0,30.0,3,300000.0,1.0,1,0,0,1
44,1936,17.0,25.0,4,450000.0,8.0,1,0,1,1
28,784,17.0,25.0,4,700000.0,9.0,1,0,1,1
25,625,12.0,25.0,4,660000.0,10.0,0,1,1,1
53,2809,6.0,20.0,2,450000.0,9.0,1,0,1,1
37,1369,6.0,35.0,5,450000.0,9.0,0,1,1,1
50,2500,6.0,35.0,4,300000.0,1.0,0,1,0,0
21,441,15.0,35.0,4,200000.0,5.0,0,0,1,0
23,529,14.0,36.0,1,800000.0,1.0,0,0,0,1
42,1764,15.0,40.0,3,800000.0,6.0,0,0,1,1
52,2704,12.0,40.0,3,700000.0,2.0,0,0,0,0
36,1296,6.0,40.0,3,700000.0,2.0,0,0,0,0
37,1369,12.0,48.0,4,950000.0,10.0,0,1,1,1
37,1369,15.0,48.0,4,500000.0,8.0,1,1,1,1
39,1521,15.0,48.0,1,900000.0,6.0,0,0,1,1
52,2704,17.0,44.0,4,2000000.0,6.0,0,1,0,1
44,1936,17.0,51.0,1,700000.0,1.0,1,0,0,1
42,1764,17.0,40.0,1,600000.0,1.0,1,0,0,1
58,3364,15.0,105.0,6,2800000.0,6.0,0,1,0,1
39,1521,17.0,32.0,3,1100000.0,10.0,1,1,1,1
39,1521,15.0,32.0,3,1100000.0,10.0,0,1,1,1
40,1600,12.0,72.0,4,1600000.0,10.0,0,1,1,1
34,1156,12.0,72.0,4,150000.0,1.0,1,1,0,0
49,2401,12.0,35.0,4,1000000.0,12.0,1,0,1,1
28,784,12.0,35.0,4,0.0,2.0,0,0,1,0
46,2116,17.0,24.0,2,300000.0,1.0,1,0,0,0
22,484,15.0,24.0,2,200000.0,1.0,0,0,0,1
36,1296,15.0,48.0,7,1300000.0,8.0,0,1,1,1
19,361,11.0,48.0,7,240000.0,6.0,1,0,1,1
40,1600,14.0,84.0,3,600000.0,2.0,0,1,1,1
43,1849,17.0,84.0,3,600000.0,10.0,1,1,1,1
54,2916,12.0,48.0,2,400000.0,2.0,0,1,0,1
38,1444,12.0,20.0,7,500000.0,1.0,0,0,0,0
43,1849,15.0,20.0,7,600000.0,8.0,0,0,1,1
48,2304,15.0,20.0,7,700000.0,8.0,0,0,1,1
26,676,15.0,20.0,7,200000.0,1.0,0,0,0,1
41,1681,9.0,52.0,2,3000000.0,8.0,1,1,1,1
59,3481,17.0,52.0,2,1500000.0,1.0,0,1,0,1
26,676,7.0,15.0,5,150000.0,1.0,1,0,0,0
48,2304,15.0,12.0,3,100000.0,1.0,1,0,0,0
30,900,12.0,12.0,3,240000.0,4.0,0,0,1,0
58,3364,2.0,40.0,3,2000000.0,7.0,0,1,1,1
49,2401,8.0,40.0,3,1200000.0,7.0,1,1,1,1
28,784,12.0,40.0,3,1310000.0,6.0,0,0,1,1
28,784,12.0,56.0,4,1400000.0,8.0,0,0,1,1
20,400,12.0,32.0,4,180000.0,3.0,1,0,1,0
53,2809,15.0,84.0,5,900000.0,9.0,0,1,1,1
68,4624,8.0,60.0,4,400000.0,1.0,0,1,0,1
24,576,12.0,60.0,4,800000.0,1.0,1,0,0,0
29,841,15.0,30.0,2,340000.0,8.0,1,0,1,1
45,2025,17.0,64.0,4,1200000.0,1.0,1,1,0,1
48,2304,15.0,60.0,5,60000.0,2.0,1,1,1,1
43,1849,19.0,30.0,3,2200000.0,12.0,0,1,1,1
36,1296,17.0,30.0,3,200000.0,1.0,1,1,0,1
32,1024,15.0,48.0,3,1000000.0,8.0,1,0,1,1
26,676,13.0,54.0,5,130000.0,2.0,0,0,0,0
36,1296,17.0,40.0,4,2200000.0,10.0,0,1,1,1
33,1089,16.0,40.0,4,700000.0,1.0,1,1,0,1
26,676,0.0,46.0,4,1400000.0,9.0,0,1,1,1
37,1369,15.0,48.0,1,1700000.0,12.0,0,0,1,1
33,1089,9.0,40.0,4,100000.0,1.0,1,0,0,0
36,1296,12.0,32.0,5,240000.0,2.0,1,0,1,0
43,1849,12.0,50.0,1,900000.0,5.0,0,0,1,1
52,2704,15.0,84.0,5,600000.0,10.0,1,1,1,1
39,1521,10.0,12.0,4,400000.0,1.0,1,1,0,1
18,324,10.0,26.0,3,176000.0,4.0,0,0,1,0
25,625,12.0,40.0,2,900000.0,9.0,0,1,1,1
23,529,12.0,40.0,2,1100000.0,9.0,0,1,1,1
62,3844,9.0,90.0,2,47000.0,1.0,1,0,0,1
39,1521,6.0,7.0,4,280000.0,2.0,0,1,0,0
35,1225,15.0,20.0,1,1200000.0,1.0,0,0,0,1
41,1681,17.0,40.0,1,300000.0,2.0,0,0,0,1
24,576,14.0,30.0,3,200000.0,1.0,0,1,0,1
38,1444,8.0,64.0,2,2000000.0,9.0,0,1,1,1
22,484,9.0,25.0,5,400000.0,3.0,0,0,1,0
30,900,10.0,59.0,6,500000.0,1.0,0,1,0,0
37,1369,17.0,24.0,1,1200000.0,12.0,1,0,1,1
32,1024,17.0,32.0,2,1200000.0,10.0,0,1,1,1
46,2116,10.0,45.0,8,800000.0,9.0,0,1,1,1
26,676,12.0,45.0,8,600000.0,9.0,1,0,1,1
27,729,12.0,45.0,8,650000.0,9.0,0,1,1,1
53,2809,5.0,66.0,4,1000000.0,4.0,0,1,0,1
45,2025,17.0,66.0,4,800000.0,8.0,1,1,1,1
35,1225,14.0,48.0,3,1000000.0,8.0,0,0,1,1
31,961,16.0,64.0,2,400000.0,1.0,1,1,0,1
25,625,12.0,25.0,5,400000.0,6.0,1,0,1,0
57,3249,6.0,60.0,5,800000.0,9.0,1,1,1,1
27,729,12.0,48.0,5,600000.0,7.0,1,0,1,1
71,5041,15.0,30.0,1,500000.0,8.0,1,0,1,1
43,1849,17.0,35.0,4,4000000.0,7.0,0,1,0,1
28,784,16.0,32.0,2,1200000.0,9.0,1,1,1,1
33,1089,16.0,32.0,1,1400000.0,7.0,1,0,1,1
46,2116,6.0,96.0,1,380000.0,1.0,0,0,0,0
44,1936,9.0,40.0,5,700000.0,7.0,0,1,1,1
70,4900,6.0,14.0,2,150000.0,1.0,0,1,0,1
31,961,12.0,40.0,2,900000.0,3.0,0,1,1,1
40,1600,12.0,40.0,2,800000.0,8.0,1,1,1,1
47,2209,15.0,40.0,4,1500000.0,7.0,0,1,1,1
50,2500,17.0,40.0,4,2000000.0,9.0,1,1,1,1
46,2116,15.0,30.0,6,400000.0,11.0,1,1,1,1
54,2916,17.0,36.0,6,2500000.0,1.0,0,1,0,1
50,2500,17.0,36.0,6,1000000.0,1.0,1,1,0,1
26,676,12.0,30.0,1,700000.0,7.0,1,0,1,1
51,2601,17.0,30.0,3,500000.0,1.0,1,1,0,1
55,3025,17.0,30.0,3,2000000.0,9.0,0,1,1,1
47,2209,6.0,40.0,2,400000.0,1.0,0,1,0,0
25,625,12.0,30.0,6,350000.0,11.0,1,0,1,1
19,361,10.0,30.0,6,240000.0,2.0,1,0,1,0
43,1849,7.0,49.0,3,400000.0,1.0,1,0,0,0
46,2116,12.0,0.0,2,1200000.0,9.0,1,0,1,1
48,2304,6.0,36.0,6,200000.0,2.0,0,1,0,0
45,2025,8.0,36.0,6,200000.0,2.0,1,1,0,0
52,2704,15.0,40.0,1,500000.0,9.0,1,0,1,1
49,2401,17.0,20.0,5,700000.0,8.0,0,1,1,1
45,2025,13.0,20.0,5,500000.0,9.0,1,1,1,1
37,1369,17.0,45.0,5,1250000.0,1.0,1,1,0,1
31,961,17.0,45.0,5,2000000.0,1.0,0,1,0,1
56,3136,12.0,40.0,6,300000.0,1.0,0,1,0,1
37,1369,12.0,60.0,4,1300000.0,11.0,0,1,1,1
65,4225,12.0,18.0,2,600000.0,1.0,0,1,0,1
55,3025,6.0,48.0,2,950000.0,7.0,0,0,1,1
58,3364,8.0,40.0,3,600000.0,9.0,1,0,1,1
63,3969,6.0,12.0,1,200000.0,1.0,1,0,0,1
31,961,17.0,19.0,3,680000.0,9.0,1,1,1,1
33,1089,12.0,19.0,3,900000.0,9.0,0,1,1,1
18,324,9.0,11.0,4,150000.0,2.0,1,0,0,0
63,3969,12.0,34.0,4,1200000.0,11.0,0,1,1,1
51,2601,12.0,40.0,6,1200000.0,7.0,1,1,1,1
41,1681,12.0,44.0,4,1300000.0,4.0,0,1,1,1
52,2704,8.0,36.0,2,1200000.0,1.0,0,1,0,0
24,576,12.0,34.0,4,1300000.0,7.0,0,0,1,1
26,676,12.0,0.0,4,630000.0,7.0,0,1,1,1
73,5329,6.0,30.0,2,150000.0,1.0,0,1,0,1
38,1444,10.0,50.0,3,200000.0,2.0,1,1,0,1
54,2916,14.0,40.0,2,500000.0,1.0,1,0,0,1
37,1369,8.0,84.0,4,400000.0,2.0,1,1,0,0
42,1764,6.0,84.0,4,400000.0,2.0,0,1,0,0
32,1024,12.0,60.0,2,1500000.0,10.0,0,1,1,1
49,2401,17.0,61.0,3,1500000.0,5.0,0,1,0,1
46,2116,17.0,61.0,3,1500000.0,1.0,1,1,0,1
55,3025,12.0,18.0,1,350000.0,3.0,1,0,1,1
44,1936,12.0,48.0,4,1800000.0,11.0,0,1,1,1
23,529,12.0,48.0,4,950000.0,4.0,0,0,1,0
52,2704,9.0,60.0,3,12000.0,1.0,1,1,0,1
40,1600,8.0,6.0,6,400000.0,1.0,0,1,0,0
30,900,14.0,48.0,1,1000000.0,7.0,0,0,1,1
73,5329,4.0,30.0,2,120000.0,1.0,1,1,0,1
30,900,12.0,44.0,2,1000000.0,6.0,1,1,1,1
29,841,17.0,0.0,2,700000.0,9.0,1,0,1,1
46,2116,15.0,40.0,2,1500000.0,9.0,1,0,1,1
14,196,7.0,6.0,6,0.0,3.0,1,0,0,0
12,144,6.0,6.0,6,0.0,3.0,1,0,0,0
27,729,6.0,48.0,5,480000.0,7.0,0,1,1,0
37,1369,17.0,45.0,2,1000000.0,8.0,0,1,1,1
36,1296,17.0,45.0,2,1000000.0,8.0,1,1,1,1
21,441,12.0,36.0,2,600000.0,10.0,0,0,1,1
50,2500,15.0,48.0,1,2500000.0,10.0,0,0,1,1
70,4900,12.0,18.0,1,0.0,7.0,1,0,1,1
38,1444,13.0,30.0,1,800000.0,1.0,1,0,0,1
28,784,14.0,14.0,2,200000.0,1.0,0,1,0,1
27,729,15.0,14.0,2,600000.0,12.0,1,1,1,1
20,400,12.0,32.0,5,30000.0,1.0,1,0,0,0
50,2500,12.0,20.0,4,1000000.0,3.0,0,1,0,1
54,2916,4.0,48.0,2,900000.0,1.0,0,1,0,0
52,2704,15.0,35.0,1,1400000.0,10.0,1,0,1,1
52,2704,15.0,30.0,2,300000.0,1.0,1,0,0,0
54,2916,12.0,30.0,2,800000.0,9.0,0,0,1,1
29,841,6.0,50.0,5,380000.0,1.0,0,1,0,0
40,1600,16.0,21.0,2,400000.0,8.0,1,0,1,1
39,1521,12.0,72.0,3,800000.0,1.0,0,0,0,1
39,1521,14.0,48.0,2,1200000.0,3.0,1,1,1,1
39,1521,17.0,48.0,2,3000000.0,9.0,0,1,1,1
49,2401,15.0,70.0,2,700000.0,2.0,0,0,0,1
42,1764,16.0,70.0,2,700000.0,2.0,1,0,0,0
51,2601,19.0,40.0,3,3400000.0,6.0,0,1,1,1
46,2116,19.0,40.0,3,1500000.0,1.0,1,1,0,1
43,1849,12.0,40.0,4,1500000.0,12.0,0,1,1,1
46,2116,15.0,24.0,3,900000.0,11.0,1,1,1,1
46,2116,12.0,24.0,3,900000.0,9.0,0,1,1,1
49,2401,15.0,20.0,4,1100000.0,8.0,1,1,1,1
57,3249,12.0,15.0,2,200000.0,1.0,0,1,0,0
45,2025,12.0,50.0,3,1000000.0,3.0,0,1,0,1
44,1936,13.0,50.0,3,1000000.0,3.0,1,1,0,1
29,841,13.0,40.0,3,900000.0,6.0,0,1,1,1
34,1156,17.0,40.0,2,3800000.0,11.0,0,1,1,1
33,1089,12.0,40.0,2,1100000.0,6.0,0,1,1,1
39,1521,15.0,30.0,3,1300000.0,7.0,0,1,1,1
40,1600,15.0,44.0,3,1300000.0,2.0,1,1,0,1
51,2601,17.0,76.0,3,1800000.0,1.0,0,1,0,1
44,1936,15.0,50.0,4,3000000.0,1.0,0,1,0,1
50,2500,17.0,50.0,4,1500000.0,1.0,1,1,0,1
44,1936,12.0,48.0,4,0.0,2.0,1,1,0,1
38,1444,10.0,48.0,4,900000.0,3.0,1,1,1,0
42,1764,15.0,72.0,3,1300000.0,9.0,1,1,1,1
46,2116,12.0,48.0,4,600000.0,1.0,1,0,0,0
21,441,12.0,48.0,4,600000.0,7.0,0,0,1,0
38,1444,19.0,52.0,3,500000.0,3.0,0,1,1,1
27,729,15.0,40.0,3,400000.0,1.0,1,1,0,0
54,2916,19.0,66.0,3,4000000.0,12.0,0,1,1,1
54,2916,15.0,66.0,3,2600000.0,7.0,1,1,0,1
51,2601,17.0,40.0,3,3500000.0,10.0,0,1,1,1
42,1764,15.0,40.0,3,2100000.0,10.0,1,1,1,1
39,1521,17.0,24.0,3,1200000.0,7.0,1,0,1,1
37,1369,17.0,45.0,4,4000000.0,2.0,1,1,0,1
40,1600,17.0,45.0,4,2000000.0,2.0,0,1,0,1
45,2025,18.0,44.0,4,3000000.0,8.0,0,1,1,1
46,2116,19.0,44.0,4,950000.0,10.0,1,1,1,1
50,2500,15.0,60.0,3,1800000.0,1.0,1,0,0,1
30,900,6.0,58.0,5,0.0,1.0,1,1,0,1
39,1521,17.0,80.0,4,1500000.0,12.0,0,1,1,1
38,1444,17.0,80.0,4,2000000.0,3.0,1,1,0,1
58,3364,6.0,30.0,1,700000.0,4.0,0,0,1,0
31,961,8.0,40.0,6,270000.0,1.0,1,0,0,0
61,3721,4.0,8.0,3,130000.0,1.0,0,1,0,0
46,2116,12.0,54.0,3,480000.0,10.0,1,0,1,1
42,1764,8.0,2.0,6,0.0,6.0,1,0,1,0
26,676,10.0,2.0,6,400000.0,5.0,0,0,1,0
50,2500,12.0,48.0,5,1300000.0,8.0,0,1,1,1
52,2704,17.0,32.0,2,1200000.0,6.0,1,0,1,1
43,1849,9.0,32.0,4,320000.0,6.0,1,0,1,0
46,2116,12.0,40.0,4,900000.0,11.0,1,0,1,1
56,3136,12.0,24.0,5,2000000.0,9.0,0,1,0,1
47,2209,14.0,40.0,2,1200000.0,11.0,1,0,1,1
23,529,14.0,40.0,2,650000.0,7.0,1,0,1,1
46,2116,16.0,40.0,4,850000.0,2.0,1,1,0,1
50,2500,15.0,40.0,4,3000000.0,8.0,0,1,1,1
55,3025,17.0,18.0,4,0.0,3.0,0,1,0,1
54,2916,17.0,18.0,4,2500000.0,1.0,1,1,0,1
46,2116,17.0,64.0,4,800000.0,5.0,0,1,0,1
32,1024,7.0,48.0,3,120000.0,1.0,1,0,0,0
22,484,10.0,24.0,4,1200000.0,6.0,1,0,1,1
56,3136,10.0,72.0,3,850000.0,6.0,1,1,1,1
50,2500,17.0,48.0,4,1500000.0,1.0,0,1,0,1
49,2401,14.0,48.0,4,1500000.0,2.0,1,1,0,1
50,2500,12.0,63.0,3,2500000.0,1.0,0,1,0,0
49,2401,12.0,63.0,3,300000.0,2.0,1,1,0,0
47,2209,12.0,45.0,3,2500000.0,4.0,0,1,0,0
21,441,7.0,45.0,3,1800000.0,2.0,0,0,0,0
27,729,14.0,48.0,5,1200000.0,1.0,1,0,0,0
33,1089,15.0,45.0,2,2700000.0,11.0,1,0,1,1
33,1089,17.0,45.0,2,3000000.0,9.0,0,0,1,1
33,1089,17.0,45.0,2,3500000.0,1.0,1,0,0,1
46,2116,17.0,40.0,4,4000000.0,9.0,0,1,1,1
44,1936,17.0,40.0,4,380000.0,9.0,1,1,1,1
32,1024,12.0,36.0,2,1800000.0,9.0,0,1,1,1
52,2704,15.0,30.0,3,750000.0,8.0,1,0,1,1
22,484,12.0,40.0,1,1100000.0,3.0,1,0,1,1
46,2116,12.0,70.0,1,1700000.0,7.0,0,0,1,1
23,529,8.0,72.0,2,2500000.0,11.0,0,1,1,1
24,576,14.0,72.0,2,2800000.0,10.0,1,1,1,1
71,5041,12.0,45.0,1,700000.0,6.0,1,0,1,1
58,3364,12.0,40.0,3,1400000.0,7.0,0,1,1,1
25,625,12.0,40.0,3,300000.0,3.0,0,0,1,0
36,1296,15.0,20.0,3,700000.0,4.0,1,0,1,0
50,2500,15.0,30.0,3,1500000.0,8.0,0,1,1,1
20,400,12.0,30.0,3,900000.0,8.0,0,0,1,1
53,2809,15.0,48.0,2,600000.0,9.0,1,1,1,1
60,3600,2.0,30.0,1,280000.0,1.0,1,0,0,1
33,1089,9.0,48.0,4,700000.0,10.0,0,1,1,1
30,900,12.0,40.0,4,1000000.0,5.0,0,1,1,0
29,841,15.0,40.0,4,800000.0,7.0,1,1,1,1
64,4096,6.0,6.0,1,50000.0,1.0,0,0,0,0
51,2601,12.0,48.0,3,1500000.0,3.0,0,0,0,0
57,3249,8.0,40.0,3,300000.0,3.0,0,1,0,0
54,2916,6.0,40.0,3,150000.0,1.0,1,1,0,0
37,1369,6.0,40.0,2,600000.0,2.0,0,1,1,0
26,676,6.0,48.0,1,200000.0,1.0,0,0,0,0
54,2916,6.0,30.0,6,400000.0,1.0,0,1,0,0
54,2916,6.0,30.0,3,1200000.0,7.0,0,1,1,1
25,625,12.0,24.0,2,800000.0,3.0,1,0,1,0
38,1444,15.0,80.0,4,1000000.0,7.0,1,1,1,1
47,2209,15.0,25.0,3,600000.0,6.0,1,0,1,1
25,625,12.0,25.0,3,600000.0,1.0,1,0,0,1
53,2809,6.0,36.0,5,600000.0,1.0,0,1,0,1
45,2025,6.0,22.0,3,2000000.0,1.0,0,1,0,0
31,961,17.0,22.0,3,1000000.0,7.0,1,1,1,1
36,1296,12.0,50.0,4,1000000.0,1.0,0,1,0,0
65,4225,4.0,50.0,2,600000.0,1.0,0,1,0,0
53,2809,10.0,84.0,3,7000000.0,8.0,0,1,1,1
33,1089,15.0,40.0,1,2000000.0,9.0,1,0,1,1
52,2704,12.0,40.0,4,2500000.0,1.0,0,1,0,0
49,2401,15.0,40.0,4,500000.0,1.0,1,1,0,0
48,2304,12.0,40.0,5,1200000.0,9.0,1,1,1,1
24,576,14.0,48.0,1,1300000.0,3.0,0,0,1,1
23,529,12.0,48.0,1,500000.0,2.0,1,0,1,1
31,961,12.0,70.0,3,1720000.0,12.0,0,1,1,1
40,1600,17.0,40.0,2,2000000.0,8.0,1,0,1,1
46,2116,15.0,40.0,1,1500000.0,7.0,1,0,1,1
53,2809,14.0,44.0,5,1500000.0,7.0,1,1,1,1
55,3025,14.0,44.0,5,2300000.0,8.0,0,1,1,1
41,1681,9.0,50.0,6,400000.0,1.0,0,1,0,0
37,1369,17.0,50.0,6,800000.0,1.0,1,1,0,1
74,5476,6.0,24.0,5,0.0,2.0,0,1,1,1
39,1521,6.0,24.0,5,400000.0,1.0,0,0,0,0
62,3844,6.0,16.0,2,450000.0,1.0,0,0,1,0
52,2704,8.0,25.0,4,600000.0,1.0,0,1,0,1
46,2116,12.0,63.0,3,650000.0,6.0,1,1,1,1
41,1681,12.0,70.0,4,1000000.0,1.0,1,0,0,1
65,4225,15.0,20.0,4,200000.0,1.0,1,0,0,1
37,1369,17.0,48.0,1,600000.0,2.0,1,0,1,0
36,1296,19.0,45.0,1,2000000.0,12.0,1,0,1,1
50,2500,15.0,51.0,5,1000000.0,12.0,0,1,1,1
20,400,12.0,51.0,5,700000.0,4.0,1,0,1,1
41,1681,3.0,4.0,7,40000.0,1.0,1,0,0,0
21,441,8.0,4.0,7,600000.0,4.0,0,0,1,0
27,729,8.0,4.0,7,150000.0,1.0,0,0,0,0
65,4225,4.0,56.0,5,250000.0,1.0,0,1,0,1
70,4900,17.0,40.0,3,1000000.0,9.0,1,1,1,1
58,3364,19.0,50.0,3,3000000.0,9.0,0,1,1,1
64,4096,6.0,0.0,3,900000.0,8.0,0,1,1,1
24,576,12.0,40.0,1,850000.0,2.0,0,0,1,0
56,3136,17.0,55.0,2,600000.0,7.0,1,0,1,1
39,1521,12.0,66.0,1,1200000.0,4.0,0,0,1,1
61,3721,6.0,32.0,9,1500000.0,9.0,0,1,1,1
66,4356,6.0,17.0,1,400000.0,1.0,0,0,0,0
49,2401,12.0,35.0,3,1300000.0,9.0,0,1,1,1
53,2809,12.0,35.0,3,1200000.0,6.0,1,1,1,1
42,1764,15.0,60.0,4,1900000.0,8.0,1,1,1,1
32,1024,15.0,45.0,3,1500000.0,4.0,0,1,1,1
39,1521,12.0,45.0,3,1200000.0,4.0,1,1,1,1
34,1156,17.0,66.0,5,2000000.0,12.0,1,0,1,1
19,361,12.0,66.0,5,0.0,8.0,0,0,1,0
30,900,16.0,70.0,3,1600000.0,5.0,1,1,1,0
45,2025,15.0,40.0,2,600000.0,2.0,0,1,0,1
57,3249,12.0,40.0,2,600000.0,2.0,1,1,0,0
58,3364,12.0,84.0,2,2000000.0,1.0,0,0,0,1
51,2601,10.0,30.0,1,1000000.0,1.0,0,0,0,0
55,3025,8.0,20.0,2,1300000.0,7.0,1,1,1,1
42,1764,15.0,105.0,6,950000.0,12.0,0,1,1,1
46,2116,12.0,34.0,3,5000000.0,2.0,0,1,0,1
38,1444,15.0,48.0,4,3500000.0,11.0,0,0,1,1
50,2500,12.0,60.0,5,600000.0,1.0,0,1,0,0
49,2401,12.0,60.0,5,30000.0,1.0,1,1,0,0
20,400,12.0,60.0,5,80000.0,2.0,1,1,0,0
18,324,8.0,60.0,5,80000.0,2.0,0,1,0,0
18,324,9.0,60.0,5,400000.0,2.0,0,0,1,0
43,1849,12.0,48.0,2,750000.0,7.0,1,0,1,1
26,676,15.0,60.0,5,1000000.0,12.0,0,1,1,1
27,729,15.0,60.0,5,900000.0,12.0,1,1,1,1
34,1156,17.0,36.0,3,1500000.0,7.0,1,1,1,1
35,1225,15.0,51.0,3,750000.0,11.0,1,1,1,1
42,1764,12.0,51.0,3,600000.0,6.0,0,1,1,0
67,4489,6.0,48.0,2,300000.0,2.0,0,1,0,1
64,4096,2.0,48.0,2,300000.0,2.0,1,1,0,1
41,1681,12.0,45.0,3,2000000.0,8.0,0,1,1,1
36,1296,12.0,45.0,3,200000.0,1.0,1,1,0,1
25,625,15.0,27.0,1,450000.0,6.0,0,0,1,0
30,900,17.0,48.0,1,1000000.0,7.0,0,0,1,1
35,1225,17.0,40.0,1,1500000.0,6.0,0,0,1,1
51,2601,14.0,40.0,2,1000000.0,1.0,0,1,0,1
50,2500,8.0,40.0,2,1000000.0,1.0,1,1,0,1
36,1296,12.0,35.0,2,1500000.0,10.0,1,0,1,1
42,1764,9.0,45.0,5,2800000.0,8.0,0,1,1,1
30,900,12.0,45.0,5,1200000.0,7.0,1,1,1,1
37,1369,8.0,44.0,5,1600000.0,10.0,0,1,1,1
33,1089,12.0,44.0,5,500000.0,1.0,1,1,0,1
36,1296,8.0,48.0,2,950000.0,7.0,0,1,1,1
26,676,12.0,48.0,2,700000.0,6.0,1,1,1,0
33,1089,17.0,58.0,3,1700000.0,9.0,0,0,1,1
77,5929,9.0,5.0,1,200000.0,1.0,1,0,0,1
49,2401,12.0,40.0,2,1000000.0,10.0,1,1,1,1
51,2601,8.0,40.0,2,1200000.0,10.0,0,1,1,1
57,3249,12.0,48.0,4,1250000.0,7.0,0,1,1,1
28,784,15.0,48.0,4,1250000.0,5.0,0,0,1,1
60,3600,10.0,24.0,1,500000.0,1.0,0,0,0,0
46,2116,12.0,20.0,2,1300000.0,6.0,0,1,1,1
51,2601,9.0,35.0,5,900000.0,8.0,0,1,1,1
38,1444,12.0,35.0,5,1400000.0,9.0,1,1,1,1
48,2304,15.0,32.0,3,2000000.0,3.0,0,1,0,1
48,2304,17.0,32.0,3,0.0,3.0,1,1,0,1
30,900,17.0,30.0,3,500000.0,9.0,1,1,1,1
32,1024,14.0,30.0,3,400000.0,1.0,0,1,0,0
38,1444,12.0,16.0,3,300000.0,1.0,1,0,0,0
60,3600,6.0,54.0,3,350000.0,1.0,0,1,0,0
43,1849,15.0,36.0,3,1000000.0,7.0,1,0,1,1
43,1849,15.0,30.0,3,1000000.0,12.0,0,1,1,1
34,1156,15.0,76.0,2,800000.0,8.0,0,1,1,1
32,1024,17.0,76.0,2,800000.0,8.0,1,1,1,1
45,2025,17.0,48.0,4,1100000.0,12.0,0,1,1,1
51,2601,12.0,48.0,3,1000000.0,1.0,0,1,0,0
49,2401,12.0,48.0,3,800000.0,3.0,1,1,1,0
42,1764,12.0,60.0,5,1300000.0,12.0,0,1,1,1
53,2809,7.0,40.0,4,700000.0,6.0,0,1,1,1
27,729,12.0,40.0,4,150000.0,1.0,0,0,0,0
55,3025,15.0,40.0,3,2000000.0,8.0,0,1,1,1
46,2116,17.0,40.0,3,1000000.0,11.0,1,1,1,1
50,2500,17.0,45.0,2,1500000.0,8.0,0,0,1,1
51,2601,12.0,40.0,4,800000.0,3.0,0,1,0,1
42,1764,12.0,40.0,4,500000.0,7.0,1,1,1,1
23,529,12.0,56.0,5,0.0,3.0,1,0,0,0
25,625,12.0,56.0,5,0.0,3.0,1,0,0,0
34,1156,10.0,40.0,3,1700000.0,8.0,0,1,1,1
37,1369,15.0,40.0,3,1700000.0,7.0,1,1,1,1
28,784,10.0,50.0,1,800000.0,1.0,0,0,0,0
50,2500,12.0,30.0,2,300000.0,1.0,0,0,1,0
40,1600,12.0,35.0,4,2000000.0,12.0,1,1,1,1
50,2500,17.0,28.0,5,1800000.0,8.0,0,1,1,1
21,441,12.0,48.0,4,1100000.0,5.0,0,0,1,1
32,1024,12.0,48.0,2,1650000.0,10.0,0,1,1,1
30,900,17.0,48.0,2,1000000.0,7.0,1,1,1,1
63,3969,17.0,20.0,3,700000.0,7.0,1,0,1,1
37,1369,19.0,44.0,3,500000.0,11.0,0,0,1,1
25,625,15.0,44.0,3,300000.0,3.0,1,0,1,1
56,3136,14.0,48.0,1,940000.0,9.0,1,0,1,1
63,3969,15.0,24.0,1,700000.0,6.0,1,0,1,1
30,900,11.0,36.0,3,78000.0,4.0,1,0,1,0
47,2209,7.0,56.0,2,400000.0,1.0,1,0,0,0
48,2304,14.0,60.0,4,1600000.0,12.0,0,1,1,1
47,2209,6.0,40.0,8,640000.0,6.0,0,1,1,0
36,1296,12.0,60.0,4,400000.0,1.0,1,1,0,0
37,1369,12.0,48.0,2,1100000.0,6.0,1,0,1,1
46,2116,15.0,40.0,4,2800000.0,9.0,0,1,1,1
43,1849,17.0,40.0,4,3000000.0,11.0,1,1,1,1
20,400,10.0,56.0,1,900000.0,3.0,0,0,1,0
40,1600,14.0,50.0,1,800000.0,2.0,0,0,0,0
64,4096,17.0,24.0,1,700000.0,1.0,1,0,0,1
39,1521,10.0,48.0,1,0.0,3.0,0,0,1,0
37,1369,8.0,21.0,3,360000.0,1.0,1,1,0,0
30,900,12.0,21.0,3,900000.0,6.0,0,1,1,1
46,2116,17.0,28.0,5,1600000.0,9.0,1,1,1,1
34,1156,12.0,36.0,2,500000.0,1.0,0,1,0,0
19,361,13.0,48.0,5,1000000.0,3.0,1,0,1,1
61,3721,2.0,12.0,1,320000.0,6.0,1,0,1,1
29,841,8.0,44.0,3,1300000.0,6.0,0,1,1,1
27,729,12.0,44.0,3,800000.0,1.0,1,1,0,1
34,1156,6.0,42.0,5,1000000.0,1.0,0,1,0,1
65,4225,15.0,0.0,2,6000000.0,12.0,0,1,1,1
65,4225,16.0,0.0,2,1000000.0,5.0,1,1,0,1
58,3364,6.0,54.0,7,3000000.0,3.0,0,1,0,0
24,576,12.0,54.0,7,3000000.0,3.0,0,1,0,0
20,400,12.0,54.0,7,2000000.0,3.0,0,1,0,0
60,3600,7.0,49.0,1,400000.0,1.0,0,0,0,0
59,3481,6.0,42.0,1,300000.0,2.0,0,0,0,1
50,2500,14.0,35.0,2,1400000.0,7.0,1,0,1,1
22,484,12.0,32.0,2,320000.0,10.0,1,0,1,0
63,3969,6.0,28.0,2,900000.0,7.0,0,0,1,1
20,400,12.0,57.0,1,400000.0,2.0,1,0,1,0
30,900,15.0,25.0,3,700000.0,8.0,0,1,1,1
29,841,15.0,25.0,3,380000.0,7.0,1,1,1,1
66,4356,14.0,40.0,2,800000.0,1.0,0,0,0,0
32,1024,12.0,40.0,2,400000.0,1.0,1,0,0,0
61,3721,17.0,40.0,2,3000000.0,12.0,0,0,1,1
26,676,12.0,24.0,4,700000.0,1.0,0,0,0,0
24,576,9.0,24.0,4,300000.0,1.0,0,0,0,0
24,576,8.0,24.0,4,950000.0,1.0,0,0,0,0
38,1444,12.0,54.0,6,850000.0,1.0,1,0,0,0
43,1849,12.0,40.0,2,800000.0,1.0,0,1,0,0
56,3136,12.0,30.0,4,1200000.0,8.0,1,1,1,1
35,1225,13.0,30.0,4,1200000.0,8.0,1,0,1,1
31,961,14.0,30.0,4,1800000.0,11.0,1,0,1,1
61,3721,6.0,20.0,3,250000.0,1.0,0,1,1,1
28,784,15.0,40.0,5,2800000.0,8.0,0,1,1,1
54,2916,12.0,48.0,2,1600000.0,9.0,1,0,1,1
65,4225,6.0,66.0,2,2000000.0,1.0,0,1,0,1
55,3025,12.0,66.0,2,1800000.0,9.0,1,1,1,1
40,1600,12.0,32.0,3,2800000.0,8.0,0,1,1,1
33,1089,15.0,16.0,2,900000.0,7.0,1,1,1,1
36,1296,6.0,16.0,2,840000.0,9.0,0,1,1,1
43,1849,15.0,50.0,4,1700000.0,7.0,0,1,1,1
60,3600,12.0,35.0,2,1400000.0,7.0,1,1,1,1
55,3025,8.0,35.0,2,1500000.0,6.0,0,1,1,1
69,4761,10.0,42.0,2,500000.0,2.0,0,1,0,1
64,4096,10.0,42.0,2,0.0,2.0,1,1,0,1
51,2601,17.0,41.0,3,1500000.0,9.0,0,1,1,1
56,3136,6.0,48.0,4,800000.0,6.0,0,1,1,1
60,3600,14.0,30.0,4,300000.0,1.0,1,0,0,1
60,3600,17.0,48.0,3,8000000.0,4.0,0,1,0,1
56,3136,6.0,35.0,3,250000.0,1.0,1,0,0,0
28,784,17.0,35.0,3,1200000.0,7.0,1,0,1,1
43,1849,15.0,40.0,4,1200000.0,7.0,1,1,1,1
40,1600,12.0,40.0,4,1200000.0,12.0,0,1,1,1
33,1089,17.0,35.0,3,900000.0,11.0,0,1,1,1
21,441,12.0,48.0,2,600000.0,2.0,0,1,1,0
21,441,9.0,48.0,2,400000.0,4.0,1,1,1,0
54,2916,6.0,28.0,2,0.0,2.0,1,0,0,1
59,3481,9.0,48.0,3,1800000.0,10.0,0,1,1,1
56,3136,15.0,48.0,3,200000.0,2.0,1,1,0,1
33,1089,14.0,40.0,1,7000000.0,12.0,1,0,1,1
56,3136,14.0,35.0,3,2500000.0,7.0,0,1,1,1
40,1600,17.0,40.0,2,3200000.0,7.0,1,0,0,1
63,3969,12.0,30.0,1,1500000.0,8.0,0,0,1,1
22,484,12.0,54.0,1,1100000.0,6.0,0,0,1,1
29,841,15.0,40.0,3,1200000.0,8.0,0,1,1,1
26,676,15.0,40.0,3,890000.0,7.0,1,1,1,1
42,1764,12.0,40.0,1,1500000.0,10.0,1,0,1,1
65,4225,12.0,40.0,3,1800000.0,6.0,0,1,1,1
26,676,8.0,59.0,3,2300000.0,2.0,0,1,0,0
52,2704,15.0,35.0,3,2200000.0,10.0,0,1,1,1
45,2025,17.0,35.0,3,3500000.0,8.0,1,1,1,1
31,961,17.0,45.0,1,2400000.0,9.0,1,0,1,1
41,1681,17.0,46.0,1,2500000.0,6.0,0,0,0,0
40,1600,15.0,50.0,4,1400000.0,7.0,1,1,1,1
29,841,14.0,35.0,2,1000000.0,7.0,1,0,1,1
46,2116,12.0,40.0,1,2000000.0,11.0,0,0,1,1
37,1369,17.0,40.0,2,3000000.0,7.0,0,1,1,1
54,2916,12.0,44.0,3,1000000.0,10.0,1,1,1,1
49,2401,15.0,40.0,3,900000.0,6.0,1,0,1,1
56,3136,7.0,45.0,1,1500000.0,9.0,0,0,1,1
55,3025,15.0,48.0,3,3000000.0,4.0,1,1,1,1
45,2025,6.0,72.0,4,2500000.0,9.0,0,1,1,1
46,2116,9.0,72.0,4,250000.0,1.0,1,1,0,1
39,1521,15.0,48.0,3,900000.0,6.0,0,1,0,1
37,1369,14.0,48.0,3,900000.0,6.0,1,1,0,1
47,2209,14.0,36.0,5,500000.0,1.0,1,1,0,0
26,676,15.0,17.0,2,500000.0,1.0,0,0,0,1
48,2304,14.0,30.0,4,850000.0,8.0,0,0,1,1
27,729,15.0,25.0,2,250000.0,3.0,0,0,1,1
58,3364,15.0,40.0,3,1500000.0,3.0,0,1,0,1
59,3481,12.0,40.0,3,1100000.0,7.0,1,1,1,1
28,784,14.0,35.0,2,900000.0,1.0,0,1,0,1
24,576,9.0,35.0,3,700000.0,12.0,0,1,1,0
60,3600,17.0,30.0,1,4000000.0,1.0,0,0,0,1
44,1936,17.0,45.0,5,3800000.0,1.0,0,1,0,1
42,1764,19.0,45.0,5,3000000.0,1.0,1,1,0,1
51,2601,12.0,32.0,6,1800000.0,8.0,0,1,1,1
53,2809,12.0,32.0,6,1000000.0,1.0,1,1,0,1
23,529,12.0,59.0,3,1200000.0,2.0,1,1,0,0
46,2116,12.0,48.0,1,1500000.0,1.0,0,0,0,0
49,2401,15.0,48.0,3,1800000.0,2.0,1,0,1,1
21,441,12.0,48.0,3,1100000.0,6.0,0,0,1,1
56,3136,5.0,50.0,7,1200000.0,2.0,0,1,0,0
39,1521,19.0,35.0,3,4000000.0,9.0,1,1,1,1
38,1444,15.0,35.0,3,2000000.0,8.0,0,1,1,1
36,1296,17.0,60.0,1,3500000.0,6.0,0,0,0,1
30,900,12.0,50.0,1,1200000.0,4.0,0,0,1,1
57,3249,6.0,8.0,4,150000.0,1.0,0,1,0,0
34,1156,17.0,40.0,2,1000000.0,8.0,1,1,1,1
45,2025,12.0,48.0,1,1000000.0,2.0,1,0,0,1
34,1156,17.0,44.0,1,2000000.0,1.0,0,0,0,1
46,2116,15.0,47.0,5,2000000.0,6.0,0,1,0,1
29,841,12.0,48.0,3,600000.0,11.0,1,1,1,1
54,2916,15.0,40.0,3,900000.0,9.0,1,0,1,1
37,1369,9.0,40.0,3,350000.0,8.0,1,0,1,1
19,361,12.0,36.0,5,350000.0,6.0,1,0,1,1
53,2809,7.0,72.0,4,1200000.0,7.0,0,1,1,1
40,1600,15.0,60.0,5,1300000.0,12.0,0,1,1,1
55,3025,9.0,40.0,2,900000.0,4.0,0,1,1,0
63,3969,8.0,20.0,5,100000.0,1.0,0,1,0,1
32,1024,12.0,20.0,5,250000.0,4.0,1,0,1,0
33,1089,12.0,28.0,4,300000.0,6.0,0,1,1,0
40,1600,14.0,46.0,5,1150000.0,12.0,0,1,1,1
73,5329,6.0,30.0,2,300000.0,12.0,0,1,1,1
67,4489,6.0,42.0,2,100000.0,2.0,0,1,0,1
62,3844,3.0,42.0,2,100000.0,2.0,1,1,0,1
33,1089,17.0,35.0,2,2500000.0,12.0,1,0,1,1
46,2116,17.0,40.0,2,1200000.0,11.0,0,1,1,1
30,900,12.0,40.0,1,1500000.0,6.0,0,0,1,0
32,1024,12.0,48.0,4,1600000.0,12.0,0,1,1,1
53,2809,14.0,48.0,2,1000000.0,7.0,1,0,1,1
21,441,12.0,48.0,2,3000000.0,9.0,1,0,1,1
56,3136,12.0,84.0,4,3000000.0,7.0,0,1,1,1
56,3136,15.0,25.0,3,850000.0,8.0,0,1,1,1
47,2209,12.0,24.0,4,1500000.0,1.0,1,0,0,1
42,1764,7.0,35.0,6,1100000.0,1.0,0,1,0,0
39,1521,8.0,35.0,6,900000.0,3.0,1,1,1,0
33,1089,12.0,20.0,3,1300000.0,5.0,1,0,1,1
46,2116,12.0,54.0,3,800000.0,7.0,1,0,1,1
45,2025,9.0,54.0,1,980000.0,1.0,0,0,0,0
50,2500,10.0,48.0,3,500000.0,2.0,0,1,0,1
48,2304,12.0,48.0,3,500000.0,2.0,1,1,0,1
57,3249,12.0,60.0,4,1200000.0,7.0,0,1,1,1
31,961,14.0,52.0,4,0.0,1.0,1,1,0,0
43,1849,6.0,40.0,2,1300000.0,7.0,0,1,1,1
62,3844,12.0,20.0,4,0.0,3.0,0,1,0,1
23,529,15.0,20.0,4,300000.0,3.0,1,0,1,1
60,3600,12.0,40.0,4,600000.0,3.0,1,0,1,0
34,1156,12.0,40.0,4,1200000.0,7.0,0,1,1,1
59,3481,15.0,40.0,1,1100000.0,11.0,1,0,1,1
37,1369,15.0,60.0,5,200000.0,1.0,1,1,0,1
49,2401,15.0,40.0,4,500000.0,2.0,0,1,0,1
49,2401,14.0,40.0,4,500000.0,2.0,1,1,0,1
45,2025,17.0,42.0,1,1500000.0,11.0,0,0,1,1
41,1681,12.0,84.0,2,1000000.0,8.0,0,1,1,1
44,1936,16.0,40.0,3,2800000.0,10.0,0,1,1,1
52,2704,12.0,44.0,4,900000.0,6.0,0,1,1,0
39,1521,12.0,60.0,5,1500000.0,12.0,1,1,1,1
47,2209,12.0,60.0,4,1200000.0,8.0,0,1,1,1
43,1849,10.0,48.0,4,1000000.0,8.0,0,1,1,1
37,1369,15.0,40.0,4,2500000.0,7.0,0,1,1,1
34,1156,14.0,40.0,4,1000000.0,10.0,1,1,1,1
53,2809,10.0,55.0,1,800000.0,1.0,0,0,0,0
45,2025,12.0,32.0,1,1800000.0,7.0,0,0,1,1
57,3249,12.0,35.0,1,1800000.0,7.0,0,0,1,1
48,2304,17.0,63.0,1,3500000.0,10.0,1,0,1,1
42,1764,17.0,40.0,3,4000000.0,8.0,0,0,1,1
33,1089,15.0,40.0,2,1200000.0,4.0,1,1,1,1
33,1089,15.0,40.0,2,1200000.0,7.0,0,1,1,1
35,1225,12.0,40.0,4,1600000.0,8.0,1,1,1,1
35,1225,6.0,40.0,4,1800000.0,6.0,0,1,1,1
58,3364,12.0,40.0,4,1200000.0,8.0,0,1,1,1
60,3600,12.0,40.0,4,200000.0,1.0,1,1,0,1
27,729,15.0,40.0,4,900000.0,8.0,1,0,1,1
26,676,15.0,40.0,4,1000000.0,7.0,0,0,1,1
42,1764,12.0,60.0,5,1800000.0,6.0,0,1,1,1
49,2401,6.0,40.0,4,1300000.0,2.0,0,1,0,0
45,2025,8.0,40.0,4,2100000.0,2.0,1,1,0,0
24,576,8.0,40.0,4,2200000.0,9.0,0,0,1,1
47,2209,15.0,15.0,2,1000000.0,3.0,1,1,0,1
22,484,10.0,48.0,2,1000000.0,2.0,1,1,1,1
26,676,12.0,48.0,2,2000000.0,9.0,0,1,1,1
31,961,7.0,40.0,4,1800000.0,1.0,0,1,0,0
27,729,9.0,40.0,4,1200000.0,3.0,1,1,0,0
27,729,12.0,60.0,4,400000.0,10.0,0,0,1,1
54,2916,12.0,60.0,4,300000.0,4.0,1,1,1,1
23,529,12.0,60.0,4,400000.0,10.0,0,0,1,1
63,3969,15.0,60.0,4,1000000.0,1.0,0,1,0,1
53,2809,17.0,60.0,4,1500000.0,7.0,1,1,1,1
50,2500,12.0,36.0,4,350000.0,1.0,0,1,0,1
30,900,8.0,36.0,4,100000.0,1.0,0,0,0,0
23,529,16.0,45.0,2,1400000.0,9.0,1,1,1,1
47,2209,6.0,19.0,2,600000.0,6.0,0,1,1,1
40,1600,15.0,8.0,3,80000.0,6.0,1,0,1,1
54,2916,12.0,102.0,4,0.0,2.0,1,1,0,1
54,2916,6.0,102.0,4,560000.0,2.0,0,1,0,0
68,4624,17.0,35.0,3,1200000.0,11.0,0,1,1,1
35,1225,12.0,21.0,2,300000.0,2.0,0,1,0,0
63,3969,15.0,12.0,2,600000.0,1.0,0,1,0,0
45,2025,12.0,48.0,2,1600000.0,6.0,0,1,1,1
68,4624,0.0,56.0,5,3000000.0,1.0,0,1,0,1
53,2809,15.0,48.0,4,1500000.0,1.0,0,1,0,1
34,1156,12.0,44.0,1,2000000.0,6.0,1,0,1,1
40,1600,15.0,35.0,2,3000000.0,12.0,0,1,1,1
29,841,12.0,48.0,1,1250000.0,8.0,0,0,1,1
58,3364,9.0,35.0,1,1200000.0,6.0,1,0,1,1
30,900,12.0,25.0,2,1000000.0,9.0,1,0,1,1
35,1225,13.0,35.0,1,800000.0,9.0,0,0,1,1
45,2025,17.0,40.0,6,2000000.0,8.0,0,1,1,1
38,1444,15.0,40.0,6,800000.0,3.0,1,1,1,1
54,2916,17.0,40.0,5,2500000.0,8.0,1,1,1,1
49,2401,17.0,40.0,5,2000000.0,9.0,0,1,1,1
38,1444,8.0,91.0,5,700000.0,2.0,1,1,0,0
44,1936,17.0,35.0,5,4000000.0,8.0,0,1,1,1
38,1444,17.0,35.0,5,4000000.0,8.0,1,1,1,1
42,1764,17.0,35.0,4,5000000.0,7.0,0,1,1,1
43,1849,15.0,35.0,4,2500000.0,2.0,1,1,0,1
52,2704,6.0,48.0,5,1800000.0,6.0,1,1,1,1
62,3844,9.0,48.0,5,1600000.0,8.0,0,1,1,1
30,900,12.0,48.0,5,400000.0,1.0,1,1,0,0
58,3364,15.0,35.0,4,1700000.0,3.0,0,1,0,1
55,3025,15.0,35.0,4,1500000.0,7.0,1,1,1,1
36,1296,12.0,45.0,2,1500000.0,8.0,0,1,1,1
36,1296,17.0,45.0,3,1500000.0,9.0,0,1,1,1
35,1225,13.0,40.0,3,800000.0,9.0,1,0,1,1
44,1936,17.0,30.0,3,1500000.0,6.0,1,0,1,1
54,2916,9.0,40.0,2,1000000.0,1.0,0,1,0,0
23,529,12.0,45.0,1,1400000.0,5.0,1,0,1,0
24,576,15.0,22.0,1,560000.0,7.0,1,0,1,1
42,1764,13.0,25.0,4,900000.0,1.0,1,1,0,0
33,1089,4.0,40.0,6,400000.0,2.0,0,1,1,0
45,2025,15.0,56.0,2,1800000.0,11.0,0,1,1,1
48,2304,15.0,80.0,2,3500000.0,9.0,0,0,1,1
52,2704,10.0,30.0,4,1200000.0,7.0,0,1,1,1
48,2304,14.0,40.0,3,1600000.0,11.0,0,1,1,1
33,1089,8.0,91.0,5,1000000.0,1.0,0,1,0,0
50,2500,4.0,40.0,1,1200000.0,1.0,0,0,0,0
56,3136,6.0,35.0,9,900000.0,7.0,1,1,1,1
60,3600,6.0,35.0,9,800000.0,6.0,0,1,1,1
38,1444,6.0,35.0,9,500000.0,4.0,0,0,1,0
31,961,7.0,48.0,5,3500000.0,6.0,0,1,1,1
44,1936,6.0,70.0,4,2500000.0,1.0,0,0,0,1
19,361,9.0,70.0,4,900000.0,1.0,0,0,0,1
60,3600,6.0,48.0,2,1500000.0,1.0,0,1,0,1
53,2809,12.0,48.0,2,1800000.0,8.0,1,1,1,1
44,1936,17.0,20.0,4,2000000.0,7.0,1,0,1,1
55,3025,6.0,40.0,2,1100000.0,6.0,0,0,1,1
56,3136,6.0,40.0,2,1120000.0,1.0,0,0,0,0
62,3844,5.0,44.0,5,1000000.0,1.0,0,1,0,0
59,3481,9.0,40.0,3,2000000.0,2.0,0,1,1,1
30,900,12.0,48.0,1,1200000.0,7.0,0,0,1,1
53,2809,17.0,50.0,5,1500000.0,12.0,0,1,1,1
46,2116,17.0,50.0,5,1200000.0,12.0,1,1,1,1
27,729,16.0,35.0,4,1300000.0,7.0,1,0,1,1
24,576,14.0,35.0,4,1000000.0,5.0,0,0,1,1
40,1600,12.0,44.0,3,800000.0,8.0,0,0,1,1
36,1296,15.0,40.0,4,300000.0,5.0,1,1,1,0
39,1521,15.0,40.0,1,870000.0,7.0,0,0,1,1
33,1089,17.0,54.0,3,1400000.0,7.0,1,1,1,1
33,1089,12.0,30.0,4,500000.0,1.0,1,0,0,0
59,3481,6.0,70.0,2,560000.0,4.0,0,0,1,0
32,1024,15.0,42.0,3,700000.0,1.0,0,1,0,0
38,1444,17.0,45.0,4,4000000.0,6.0,0,1,0,1
37,1369,17.0,45.0,4,2000000.0,9.0,1,1,1,1
29,841,6.0,44.0,5,500000.0,4.0,0,1,1,0
25,625,12.0,45.0,6,480000.0,6.0,0,1,1,0
42,1764,12.0,35.0,4,1000000.0,11.0,0,0,1,1
49,2401,15.0,35.0,3,1200000.0,8.0,1,0,1,1
22,484,12.0,35.0,3,7000000.0,11.0,0,0,1,1
42,1764,8.0,24.0,1,700000.0,1.0,0,0,0,0
18,324,9.0,35.0,6,700000.0,5.0,0,0,1,1
58,3364,10.0,40.0,1,1400000.0,2.0,0,0,1,1
42,1764,12.0,40.0,4,2800000.0,1.0,0,1,0,1
41,1681,17.0,40.0,4,2500000.0,1.0,1,1,0,1
43,1849,12.0,50.0,4,2500000.0,7.0,0,1,1,1
43,1849,17.0,0.0,5,2000000.0,8.0,1,1,1,1
46,2116,17.0,0.0,5,2000000.0,8.0,0,1,1,1
48,2304,13.0,40.0,3,1700000.0,8.0,0,1,1,1
27,729,12.0,0.0,1,700000.0,6.0,0,0,1,0
32,1024,17.0,46.0,2,1200000.0,5.0,1,1,1,1
32,1024,17.0,46.0,2,1200000.0,6.0,0,1,1,1
64,4096,6.0,25.0,2,400000.0,1.0,0,0,0,0
58,3364,7.0,40.0,4,1300000.0,1.0,0,1,0,0
29,841,12.0,40.0,4,1200000.0,6.0,1,0,1,1
51,2601,7.0,44.0,5,0.0,5.0,1,1,0,1
50,2500,8.0,44.0,5,1600000.0,5.0,0,1,0,1
23,529,6.0,44.0,5,0.0,5.0,0,0,0,0
46,2116,15.0,48.0,2,2000000.0,8.0,0,1,0,1
48,2304,15.0,48.0,2,1900000.0,9.0,1,1,1,1
53,2809,6.0,24.0,7,120000.0,4.0,0,1,1,0
27,729,6.0,24.0,7,600000.0,6.0,0,1,1,0
23,529,12.0,24.0,7,0.0,6.0,1,0,1,0
23,529,10.0,24.0,7,0.0,3.0,1,1,1,0
24,576,6.0,24.0,7,100000.0,4.0,0,0,1,0
34,1156,6.0,12.0,2,600000.0,1.0,0,1,0,0
37,1369,12.0,54.0,3,700000.0,7.0,0,1,1,1
32,1024,15.0,20.0,1,700000.0,6.0,1,0,1,0
22,484,12.0,48.0,3,900000.0,12.0,0,1,1,1
23,529,12.0,48.0,3,1000000.0,12.0,1,1,1,1
42,1764,12.0,54.0,4,1000000.0,6.0,0,1,1,1
41,1681,12.0,54.0,4,400000.0,2.0,1,1,0,1
20,400,13.0,54.0,4,200000.0,2.0,1,0,1,1
32,1024,12.0,35.0,5,600000.0,2.0,0,1,0,1
38,1444,12.0,35.0,5,600000.0,2.0,1,1,0,1
21,441,13.0,6.0,1,160000.0,1.0,0,0,0,1
45,2025,12.0,60.0,4,1500000.0,10.0,0,1,1,1
46,2116,12.0,59.0,1,2000000.0,9.0,1,0,1,1
43,1849,9.0,18.0,1,600000.0,1.0,0,0,0,0
37,1369,7.0,45.0,7,1200000.0,5.0,0,1,1,0
21,441,12.0,35.0,6,1200000.0,5.0,0,0,1,0
20,400,12.0,35.0,6,1200000.0,5.0,0,0,1,1
25,625,12.0,48.0,2,800000.0,1.0,0,0,0,0
34,1156,13.0,50.0,3,1700000.0,8.0,1,0,1,1
39,1521,12.0,40.0,5,5000000.0,5.0,0,1,0,1
37,1369,17.0,40.0,5,4000000.0,6.0,1,1,1,1
31,961,15.0,24.0,1,3000000.0,9.0,0,0,1,1
32,1024,12.0,40.0,2,2500000.0,9.0,0,1,1,1
30,900,15.0,40.0,2,2200000.0,12.0,1,1,1,1
42,1764,12.0,38.0,4,4500000.0,11.0,0,1,1,1
41,1681,12.0,38.0,4,2700000.0,1.0,1,1,0,1
42,1764,17.0,40.0,1,1500000.0,8.0,1,0,1,1
53,2809,16.0,40.0,4,2000000.0,9.0,0,1,1,1
52,2704,12.0,40.0,4,600000.0,5.0,1,1,1,1
17,289,10.0,40.0,4,430000.0,7.0,0,0,1,1
27,729,15.0,45.0,2,0.0,5.0,1,1,1,1
28,784,15.0,24.0,2,900000.0,6.0,1,0,1,1
32,1024,12.0,45.0,1,3000000.0,5.0,0,0,1,1
19,361,12.0,6.0,1,100000.0,1.0,0,0,0,1
49,2401,15.0,35.0,4,2000000.0,9.0,0,1,1,1
35,1225,14.0,40.0,3,2000000.0,7.0,1,1,1,1
35,1225,19.0,40.0,3,7000000.0,6.0,0,1,0,1
53,2809,12.0,40.0,3,500000.0,2.0,1,1,1,1
54,2916,17.0,40.0,3,3000000.0,9.0,0,1,1,1
49,2401,12.0,0.0,4,0.0,1.0,0,1,0,1
32,1024,12.0,44.0,5,500000.0,2.0,1,0,1,0
49,2401,12.0,35.0,6,1300000.0,12.0,0,1,1,1
47,2209,14.0,48.0,8,800000.0,7.0,1,1,1,1
57,3249,15.0,40.0,3,1000000.0,7.0,0,1,1,1
54,2916,17.0,40.0,3,1000000.0,8.0,1,1,1,1
35,1225,12.0,48.0,2,800000.0,7.0,0,1,1,1
33,1089,12.0,48.0,2,800000.0,8.0,0,1,1,1
38,1444,12.0,40.0,4,1000000.0,8.0,0,1,1,1
44,1936,12.0,24.0,5,500000.0,2.0,0,1,0,1
40,1600,6.0,60.0,8,0.0,3.0,0,1,1,0
32,1024,17.0,45.0,1,2000000.0,8.0,0,0,1,1
76,5776,12.0,36.0,2,400000.0,1.0,0,1,0,1
47,2209,12.0,40.0,3,600000.0,1.0,0,1,0,0
39,1521,12.0,48.0,6,500000.0,1.0,0,1,0,0
57,3249,6.0,16.0,3,300000.0,1.0,0,1,0,0
71,5041,6.0,30.0,2,300000.0,1.0,0,1,0,1
61,3721,10.0,12.0,3,400000.0,1.0,0,0,0,1
49,2401,6.0,56.0,2,400000.0,1.0,0,1,0,0
44,1936,12.0,56.0,2,500000.0,1.0,1,1,0,0
54,2916,8.0,48.0,6,700000.0,4.0,0,0,1,0
31,961,12.0,66.0,6,150000.0,4.0,1,0,1,0
32,1024,15.0,48.0,2,800000.0,1.0,1,0,0,0
31,961,12.0,64.0,1,600000.0,5.0,0,0,1,0
76,5776,4.0,2.0,2,800000.0,1.0,0,1,0,1
44,1936,15.0,80.0,4,1000000.0,9.0,0,1,1,1
49,2401,19.0,40.0,4,2500000.0,9.0,1,1,1,1
44,1936,14.0,35.0,1,4100000.0,11.0,1,0,1,1
39,1521,17.0,53.0,5,3000000.0,7.0,0,1,1,1
50,2500,15.0,35.0,5,2500000.0,2.0,0,0,0,0
25,625,14.0,35.0,5,2000000.0,2.0,0,0,0,1
30,900,15.0,35.0,5,1470000.0,6.0,1,0,1,1
52,2704,15.0,35.0,1,2100000.0,8.0,1,0,1,1
20,400,12.0,35.0,4,800000.0,4.0,0,0,1,1
28,784,12.0,30.0,2,1500000.0,6.0,0,0,1,1
43,1849,19.0,45.0,4,5000000.0,12.0,0,1,1,1
36,1296,15.0,45.0,4,3000000.0,6.0,1,1,1,1
49,2401,15.0,25.0,1,1300000.0,8.0,1,0,1,1
61,3721,9.0,40.0,4,1200000.0,6.0,1,1,1,1
36,1296,15.0,40.0,4,900000.0,8.0,1,0,1,1
45,2025,6.0,40.0,1,1000000.0,5.0,0,0,1,0
53,2809,6.0,30.0,3,700000.0,5.0,0,0,1,0
32,1024,6.0,84.0,4,900000.0,2.0,0,0,0,0
47,2209,9.0,12.0,2,450000.0,1.0,0,0,0,0
38,1444,9.0,70.0,4,1500000.0,1.0,0,1,0,0
53,2809,17.0,48.0,4,2000000.0,10.0,0,1,1,1
26,676,17.0,48.0,4,1000000.0,9.0,1,0,1,1
40,1600,12.0,24.0,5,500000.0,2.0,1,1,0,1
32,1024,17.0,40.0,2,1800000.0,1.0,0,1,0,1
41,1681,5.0,12.0,5,120000.0,1.0,0,1,0,0
31,961,9.0,24.0,3,60000.0,2.0,0,1,1,0
37,1369,8.0,50.0,4,750000.0,7.0,0,1,1,1
39,1521,14.0,50.0,4,50000.0,1.0,1,1,0,1
61,3721,19.0,35.0,4,1500000.0,11.0,0,1,1,1
57,3249,19.0,35.0,4,2000000.0,11.0,1,1,1,1
25,625,14.0,24.0,1,400000.0,1.0,0,0,0,0
60,3600,15.0,40.0,2,1580000.0,7.0,0,0,1,1
19,361,12.0,40.0,2,200000.0,3.0,0,0,1,1
48,2304,12.0,24.0,4,100000.0,1.0,1,1,0,1
53,2809,15.0,55.0,3,1000000.0,8.0,1,0,1,1
24,576,10.0,50.0,6,200000.0,2.0,0,0,1,0
36,1296,8.0,46.0,2,840000.0,3.0,0,0,1,0
53,2809,17.0,40.0,4,1000000.0,8.0,1,0,1,1
48,2304,12.0,40.0,4,1200000.0,10.0,0,0,1,1
74,5476,7.0,9.0,2,10000.0,1.0,0,0,0,1
74,5476,6.0,9.0,2,60000.0,1.0,1,0,0,1
32,1024,10.0,9.0,2,600000.0,1.0,0,0,0,0
40,1600,17.0,40.0,2,1800000.0,8.0,1,1,1,1
40,1600,17.0,40.0,2,1700000.0,8.0,0,1,1,1
52,2704,15.0,48.0,5,1000000.0,8.0,0,1,1,1
51,2601,12.0,48.0,5,300000.0,1.0,1,1,0,1
30,900,15.0,48.0,5,500000.0,7.0,1,0,1,0
44,1936,15.0,32.0,3,1800000.0,8.0,0,1,1,1
75,5625,17.0,20.0,2,1000000.0,2.0,0,1,0,1
60,3600,17.0,20.0,2,1500000.0,2.0,1,1,0,1
53,2809,12.0,24.0,4,1000000.0,8.0,0,1,1,1
50,2500,15.0,24.0,4,800000.0,9.0,0,0,1,1
25,625,6.0,55.0,3,2000000.0,7.0,0,0,1,1
30,900,17.0,55.0,3,1200000.0,1.0,1,0,0,1
49,2401,15.0,48.0,2,1200000.0,6.0,0,1,1,1
50,2500,15.0,48.0,2,1000000.0,9.0,1,1,1,1
38,1444,6.0,40.0,7,740000.0,6.0,0,1,1,1
48,2304,19.0,66.0,5,1800000.0,11.0,1,1,1,1
50,2500,19.0,66.0,5,1800000.0,1.0,0,1,0,1
29,841,16.0,45.0,3,1600000.0,10.0,0,1,1,1
26,676,12.0,45.0,3,0.0,1.0,1,1,0,1
36,1296,15.0,40.0,2,1500000.0,10.0,1,1,1,1
36,1296,12.0,40.0,2,1000000.0,1.0,0,1,0,1
53,2809,12.0,50.0,4,1000000.0,8.0,1,0,1,1
50,2500,12.0,50.0,4,700000.0,7.0,1,1,1,1
51,2601,5.0,40.0,5,80000.0,2.0,0,1,0,0
41,1681,8.0,40.0,4,300000.0,3.0,0,1,0,0
60,3600,16.0,20.0,4,500000.0,1.0,1,0,0,0
54,2916,17.0,40.0,1,780000.0,9.0,0,0,1,1
34,1156,15.0,40.0,1,900000.0,9.0,1,0,1,1
46,2116,12.0,40.0,3,1200000.0,9.0,1,0,1,1
62,3844,8.0,70.0,5,400000.0,1.0,0,0,0,0
53,2809,6.0,56.0,3,1100000.0,9.0,0,1,1,1
23,529,12.0,40.0,2,720000.0,7.0,0,0,1,0
20,400,12.0,40.0,2,960000.0,9.0,0,0,1,1
37,1369,7.0,40.0,1,0.0,9.0,0,0,1,1
61,3721,6.0,66.0,7,300000.0,1.0,0,1,0,0
49,2401,17.0,29.0,4,1000000.0,9.0,0,1,1,1
27,729,13.0,29.0,4,580000.0,7.0,0,0,1,0
40,1600,12.0,40.0,1,800000.0,2.0,1,0,1,0
41,1681,12.0,48.0,3,700000.0,6.0,1,0,1,1
43,1849,12.0,48.0,3,800000.0,6.0,1,0,1,1
43,1849,12.0,30.0,3,457000.0,1.0,1,1,0,1
60,3600,12.0,30.0,3,400000.0,1.0,0,1,0,0
64,4096,6.0,30.0,3,500000.0,6.0,0,1,1,1
27,729,12.0,36.0,2,300000.0,2.0,1,0,1,0
25,625,12.0,36.0,2,200000.0,2.0,1,0,1,0
36,1296,8.0,44.0,4,1000000.0,5.0,0,1,1,1
39,1521,12.0,44.0,4,1600000.0,6.0,1,1,1,1
32,1024,12.0,77.0,4,500000.0,8.0,1,0,1,0
36,1296,14.0,48.0,3,900000.0,1.0,0,1,0,1
29,841,12.0,70.0,5,1000000.0,1.0,1,0,0,0
49,2401,12.0,56.0,3,1000000.0,10.0,1,1,1,1
37,1369,12.0,66.0,7,600000.0,2.0,0,0,1,0
44,1936,12.0,16.0,4,1000000.0,7.0,0,1,1,1
51,2601,17.0,55.0,4,2100000.0,10.0,0,1,1,1
52,2704,17.0,55.0,4,500000.0,2.0,1,1,0,1
57,3249,6.0,18.0,10,200000.0,1.0,0,0,0,0
36,1296,12.0,18.0,10,180000.0,1.0,0,0,0,0
22,484,12.0,18.0,10,80000.0,1.0,0,0,0,1
48,2304,15.0,50.0,5,1800000.0,12.0,0,1,1,1
47,2209,12.0,50.0,3,300000.0,2.0,1,0,0,0
27,729,14.0,50.0,3,650000.0,6.0,0,0,1,1
36,1296,16.0,10.0,2,258000.0,1.0,1,0,0,0
31,961,10.0,66.0,7,500000.0,2.0,0,0,1,0
48,2304,13.0,40.0,4,1200000.0,8.0,0,1,1,1
22,484,12.0,40.0,4,800000.0,8.0,0,0,1,1
37,1369,12.0,64.0,2,700000.0,1.0,1,0,0,1
32,1024,15.0,30.0,3,700000.0,11.0,0,1,1,1
23,529,10.0,72.0,4,1200000.0,10.0,0,0,1,1
56,3136,15.0,45.0,1,1000000.0,9.0,1,0,1,1
38,1444,12.0,48.0,2,400000.0,1.0,0,0,0,0
22,484,12.0,18.0,10,300000.0,6.0,0,1,1,0
62,3844,10.0,21.0,7,150000.0,1.0,0,1,0,1
30,900,12.0,21.0,7,800000.0,2.0,1,1,0,1
36,1296,8.0,21.0,7,480000.0,2.0,0,1,1,0
57,3249,12.0,21.0,7,240000.0,3.0,0,0,1,1
48,2304,17.0,50.0,5,200000.0,1.0,1,1,0,1
24,576,15.0,50.0,3,300000.0,2.0,1,0,0,0
30,900,12.0,60.0,3,850000.0,6.0,1,1,1,1
33,1089,10.0,60.0,3,900000.0,5.0,0,1,1,0
64,4096,17.0,50.0,3,1100000.0,10.0,0,0,1,1
32,1024,15.0,50.0,3,350000.0,5.0,0,1,0,0
69,4761,17.0,3.0,8,200000.0,1.0,1,1,0,1
69,4761,15.0,3.0,8,250000.0,1.0,0,1,0,1
34,1156,15.0,3.0,8,900000.0,9.0,1,1,1,1
40,1600,11.0,3.0,8,80000.0,1.0,0,1,0,0
39,1521,12.0,16.0,2,200000.0,1.0,1,0,0,0
58,3364,8.0,12.0,4,400000.0,2.0,0,0,1,1
32,1024,12.0,35.0,8,650000.0,2.0,1,0,1,0
60,3600,15.0,36.0,1,200000.0,1.0,1,0,0,1
32,1024,12.0,50.0,3,300000.0,1.0,1,1,0,0
61,3721,17.0,40.0,3,1000000.0,4.0,0,1,0,1
73,5329,6.0,48.0,6,150000.0,1.0,0,1,0,1
40,1600,10.0,48.0,6,150000.0,2.0,0,0,1,0
35,1225,12.0,48.0,6,900000.0,8.0,0,1,1,1
57,3249,12.0,15.0,3,800000.0,1.0,0,1,0,0
56,3136,12.0,48.0,4,1200000.0,1.0,0,1,0,1
49,2401,17.0,48.0,4,1500000.0,1.0,1,1,0,1
23,529,9.0,12.0,4,400000.0,2.0,0,0,0,0
26,676,13.0,23.0,4,600000.0,8.0,1,0,1,1
48,2304,8.0,40.0,4,600000.0,1.0,0,0,0,1
24,576,10.0,35.0,8,500000.0,6.0,1,0,1,1
47,2209,15.0,15.0,2,500000.0,1.0,1,0,0,0
63,3969,10.0,54.0,5,500000.0,9.0,0,0,1,1
23,529,12.0,54.0,5,400000.0,1.0,1,0,0,1
56,3136,6.0,6.0,7,20000.0,1.0,1,1,0,1
57,3249,6.0,6.0,7,100000.0,1.0,0,1,0,1
31,961,9.0,64.0,4,900000.0,9.0,0,1,1,1
57,3249,17.0,40.0,3,700000.0,7.0,1,1,1,1
67,4489,6.0,30.0,1,0.0,1.0,0,0,0,1
39,1521,13.0,40.0,6,1200000.0,2.0,0,1,0,0
35,1225,12.0,50.0,3,800000.0,7.0,0,1,1,1
34,1156,17.0,50.0,3,960000.0,1.0,1,1,0,1
42,1764,12.0,54.0,5,700000.0,1.0,0,0,0,0
35,1225,12.0,6.0,7,600000.0,6.0,0,0,1,1
23,529,12.0,6.0,7,200000.0,4.0,1,0,1,0
50,2500,10.0,52.0,3,400000.0,2.0,1,1,0,0
39,1521,15.0,52.0,3,300000.0,2.0,1,1,0,1
47,2209,15.0,25.0,5,1200000.0,8.0,1,1,1,1
43,1849,15.0,28.0,2,1200000.0,8.0,0,1,1,1
49,2401,15.0,46.0,4,250000.0,3.0,0,1,0,0
54,2916,8.0,46.0,4,200000.0,3.0,1,1,0,0
48,2304,10.0,40.0,3,950000.0,5.0,0,0,1,1
40,1600,10.0,25.0,5,1200000.0,8.0,0,1,1,1
50,2500,14.0,44.0,5,1450000.0,6.0,0,1,1,1
44,1936,17.0,44.0,5,1900000.0,7.0,1,1,1,1
60,3600,12.0,15.0,6,300000.0,1.0,0,1,0,0
32,1024,8.0,15.0,6,300000.0,6.0,0,0,1,1
30,900,13.0,15.0,6,200000.0,7.0,0,0,1,0
45,2025,12.0,32.0,3,1200000.0,11.0,1,0,1,1
30,900,16.0,50.0,3,600000.0,10.0,1,1,1,1
24,576,12.0,46.0,4,200000.0,3.0,1,0,0,1
60,3600,12.0,20.0,1,300000.0,1.0,1,0,0,1
54,2916,15.0,54.0,2,1200000.0,7.0,0,1,1,1
66,4356,9.0,24.0,5,300000.0,2.0,0,1,0,1
39,1521,17.0,40.0,3,2000000.0,1.0,0,1,0,1
40,1600,17.0,40.0,3,2000000.0,8.0,1,1,0,1
37,1369,12.0,44.0,4,1200000.0,6.0,1,1,1,1
47,2209,12.0,44.0,4,1700000.0,8.0,0,1,1,1
55,3025,6.0,25.0,4,500000.0,8.0,0,0,1,1
65,4225,17.0,25.0,4,2200000.0,7.0,0,1,1,1
61,3721,12.0,0.0,6,100000.0,2.0,0,0,0,1
35,1225,15.0,0.0,6,100000.0,2.0,1,0,0,1
39,1521,12.0,40.0,3,800000.0,7.0,0,1,1,1
39,1521,12.0,40.0,3,600000.0,1.0,1,1,0,1
31,961,17.0,38.0,2,580000.0,1.0,1,1,0,1
33,1089,16.0,38.0,2,1880000.0,10.0,0,1,1,1
58,3364,6.0,40.0,2,450000.0,1.0,0,0,0,0
28,784,15.0,24.0,5,100000.0,1.0,1,0,0,1
42,1764,17.0,48.0,3,1300000.0,8.0,1,0,1,1
75,5625,1.0,6.0,1,80000.0,1.0,0,0,0,1
51,2601,10.0,48.0,6,250000.0,1.0,1,0,0,0
58,3364,17.0,50.0,3,2500000.0,2.0,0,1,0,1
53,2809,17.0,50.0,3,2500000.0,2.0,1,1,0,1
69,4761,17.0,25.0,4,1500000.0,1.0,1,1,0,1
31,961,17.0,25.0,4,500000.0,7.0,0,0,1,1
60,3600,17.0,40.0,5,1000000.0,9.0,1,0,1,1
32,1024,12.0,40.0,5,600000.0,9.0,1,0,1,1
26,676,13.0,45.0,5,1200000.0,8.0,0,0,1,1
33,1089,15.0,45.0,5,300000.0,4.0,1,0,1,1
58,3364,16.0,45.0,5,2200000.0,10.0,0,1,1,1
46,2116,17.0,25.0,1,1600000.0,1.0,1,0,0,0
50,2500,9.0,21.0,2,150000.0,1.0,1,0,0,1
37,1369,12.0,40.0,1,1500000.0,5.0,0,0,1,0
39,1521,10.0,40.0,6,400000.0,1.0,0,1,0,0
78,6084,15.0,0.0,10,80000.0,3.0,1,0,0,1
33,1089,12.0,0.0,10,0.0,3.0,1,1,0,1
50,2500,6.0,84.0,2,400000.0,2.0,1,0,0,0
56,3136,15.0,34.0,5,200000.0,1.0,1,1,0,0
34,1156,15.0,34.0,5,260000.0,1.0,1,0,0,0
53,2809,12.0,10.0,5,160000.0,3.0,0,1,0,0
36,1296,14.0,48.0,3,900000.0,12.0,1,0,1,1
51,2601,12.0,46.0,3,1000000.0,12.0,0,1,1,1
57,3249,12.0,46.0,3,800000.0,12.0,1,1,1,1
25,625,11.0,46.0,3,250000.0,3.0,1,0,1,0
31,961,15.0,48.0,6,600000.0,1.0,1,0,0,1
21,441,10.0,48.0,6,500000.0,6.0,1,0,1,0
37,1369,1.0,48.0,6,250000.0,1.0,0,0,0,0
58,3364,17.0,40.0,3,2500000.0,2.0,0,1,0,1
57,3249,17.0,40.0,3,2000000.0,9.0,1,1,1,1
29,841,17.0,40.0,3,1500000.0,2.0,0,0,0,1
26,676,10.0,29.0,3,78000.0,6.0,1,0,1,0
25,625,10.0,0.0,10,0.0,3.0,0,0,0,0
40,1600,12.0,40.0,4,500000.0,4.0,1,0,1,1
46,2116,12.0,40.0,4,1200000.0,7.0,1,0,1,1
32,1024,12.0,48.0,2,1200000.0,8.0,1,0,1,1
68,4624,15.0,15.0,2,0.0,2.0,0,1,0,1
29,841,15.0,10.0,5,630000.0,7.0,1,1,1,1
30,900,7.0,48.0,6,800000.0,6.0,0,0,1,0
30,900,12.0,40.0,3,800000.0,4.0,1,1,1,0
50,2500,17.0,40.0,4,1000000.0,8.0,1,0,1,1
40,1600,10.0,56.0,3,300000.0,1.0,0,1,0,1
38,1444,12.0,56.0,3,78000.0,4.0,1,1,1,0
31,961,15.0,40.0,3,800000.0,6.0,1,0,1,1
27,729,10.0,40.0,3,660000.0,5.0,0,0,1,0
50,2500,12.0,30.0,6,1500000.0,5.0,1,1,1,1
51,2601,12.0,30.0,6,1500000.0,8.0,0,1,1,1
41,1681,12.0,48.0,4,700000.0,6.0,0,1,1,0
42,1764,12.0,48.0,4,0.0,2.0,1,1,0,1
35,1225,12.0,60.0,1,1200000.0,11.0,0,0,1,1
44,1936,6.0,18.0,4,160000.0,1.0,1,0,0,0
59,3481,12.0,24.0,2,800000.0,1.0,0,1,0,0
38,1444,7.0,48.0,3,1000000.0,2.0,0,1,1,1
47,2209,12.0,20.0,2,800000.0,2.0,1,0,0,0
31,961,10.0,9.0,3,300000.0,1.0,0,1,0,0
43,1849,6.0,40.0,1,800000.0,7.0,0,0,1,1
25,625,7.0,40.0,3,200000.0,2.0,0,0,1,0
50,2500,17.0,0.0,4,2000000.0,12.0,1,1,1,1
33,1089,12.0,8.0,4,320000.0,1.0,0,0,0,0
24,576,10.0,8.0,4,360000.0,2.0,0,0,1,0
42,1764,12.0,40.0,4,700000.0,1.0,0,1,0,0
52,2704,12.0,35.0,4,1200000.0,8.0,0,0,1,1
24,576,15.0,35.0,4,0.0,3.0,1,0,0,1
17,289,8.0,35.0,4,0.0,3.0,1,0,0,1
55,3025,16.0,35.0,4,300000.0,3.0,1,0,0,1
32,1024,12.0,44.0,4,90000.0,1.0,1,1,0,1
39,1521,15.0,44.0,4,300000.0,1.0,0,1,0,0
55,3025,12.0,40.0,2,1200000.0,7.0,0,0,1,1
37,1369,15.0,52.0,5,880000.0,1.0,0,1,0,1
32,1024,12.0,52.0,5,600000.0,1.0,1,1,0,1
32,1024,15.0,40.0,1,950000.0,5.0,1,0,1,1
51,2601,12.0,40.0,3,800000.0,9.0,0,1,1,1
33,1089,10.0,50.0,4,800000.0,1.0,0,1,0,0
32,1024,12.0,50.0,4,700000.0,9.0,1,1,1,1
25,625,12.0,20.0,2,650000.0,2.0,0,0,0,0
47,2209,6.0,50.0,6,400000.0,1.0,0,1,0,1
50,2500,9.0,46.0,2,350000.0,1.0,0,0,0,0
53,2809,17.0,0.0,4,2000000.0,11.0,0,1,1,1
38,1444,15.0,48.0,4,1500000.0,9.0,0,1,1,1
28,784,16.0,36.0,1,1100000.0,8.0,1,0,1,1
25,625,15.0,40.0,1,450000.0,7.0,0,0,1,1
32,1024,14.0,58.0,3,20000000.0,6.0,0,1,0,1
51,2601,15.0,40.0,4,1600000.0,9.0,1,0,1,1
28,784,15.0,40.0,4,600000.0,9.0,1,0,1,1
26,676,13.0,40.0,4,750000.0,3.0,0,0,1,0
38,1444,16.0,49.0,1,2500000.0,11.0,0,0,1,1
48,2304,12.0,44.0,2,800000.0,6.0,1,0,1,1
53,2809,14.0,60.0,3,0.0,6.0,1,1,0,1
28,784,16.0,60.0,3,0.0,6.0,0,0,0,1
32,1024,8.0,36.0,5,320000.0,1.0,1,1,0,0
46,2116,0.0,40.0,6,800000.0,4.0,0,1,1,1
25,625,12.0,36.0,3,100000.0,1.0,1,0,0,0
24,576,9.0,40.0,7,120000.0,8.0,1,0,1,0
16,256,9.0,94.0,6,0.0,3.0,0,0,0,0
14,196,6.0,94.0,6,0.0,3.0,0,0,0,0
49,2401,13.0,32.0,1,2500000.0,6.0,0,0,1,1
51,2601,15.0,54.0,7,1500000.0,1.0,1,1,0,1
31,961,12.0,50.0,1,1600000.0,10.0,0,0,1,1
36,1296,17.0,30.0,1,1300000.0,1.0,1,0,0,1
32,1024,8.0,70.0,4,800000.0,11.0,0,0,1,0
28,784,13.0,40.0,2,1500000.0,12.0,0,1,1,1
22,484,15.0,40.0,2,200000.0,6.0,1,1,1,1
32,1024,12.0,25.0,3,900000.0,9.0,0,1,1,1
30,900,15.0,25.0,3,900000.0,6.0,1,1,1,1
39,1521,15.0,0.0,1,1800000.0,11.0,0,0,1,1
31,961,10.0,50.0,7,224000.0,3.0,1,1,0,0
58,3364,6.0,9.0,3,120000.0,1.0,1,0,0,1
37,1369,6.0,9.0,3,200000.0,2.0,0,0,1,0
26,676,6.0,9.0,3,200000.0,2.0,0,0,1,0
31,961,10.0,46.0,4,800000.0,1.0,0,1,0,0
44,1936,17.0,48.0,1,1150000.0,12.0,1,0,1,1
31,961,12.0,10.0,1,415000.0,2.0,1,0,1,0
45,2025,15.0,56.0,2,900000.0,1.0,0,1,0,0
39,1521,14.0,56.0,2,900000.0,5.0,1,1,1,1
63,3969,12.0,30.0,4,440000.0,7.0,1,0,1,1
20,400,12.0,30.0,6,180000.0,1.0,0,0,0,0
25,625,12.0,30.0,6,180000.0,3.0,1,1,1,0
53,2809,17.0,40.0,3,1500000.0,11.0,0,1,1,1
52,2704,17.0,40.0,3,1500000.0,11.0,1,1,1,1
28,784,17.0,30.0,1,750000.0,7.0,0,0,1,1
55,3025,12.0,60.0,2,1300000.0,8.0,0,0,1,1
42,1764,12.0,30.0,2,440000.0,9.0,1,0,1,1
45,2025,6.0,84.0,5,900000.0,11.0,0,1,1,1
43,1849,6.0,20.0,3,800000.0,8.0,0,1,1,1
27,729,12.0,48.0,4,900000.0,6.0,0,0,1,1
31,961,13.0,49.0,3,1300000.0,1.0,1,1,0,1
57,3249,14.0,40.0,5,1600000.0,12.0,0,1,1,1
29,841,15.0,40.0,5,1000000.0,7.0,1,0,1,1
25,625,12.0,40.0,5,800000.0,7.0,1,0,1,1
61,3721,12.0,35.0,1,400000.0,1.0,1,0,0,0
52,2704,12.0,60.0,1,800000.0,1.0,0,0,0,0
70,4900,12.0,48.0,1,500000.0,1.0,1,0,0,1
42,1764,17.0,72.0,5,1000000.0,10.0,1,1,1,1
60,3600,6.0,35.0,4,560000.0,6.0,0,0,1,0
37,1369,17.0,30.0,3,1200000.0,10.0,0,1,1,1
35,1225,17.0,30.0,3,600000.0,1.0,1,1,0,1
44,1936,17.0,60.0,5,3000000.0,12.0,0,1,1,1
38,1444,17.0,40.0,4,2000000.0,2.0,0,1,0,1
38,1444,17.0,40.0,4,1000000.0,2.0,1,1,0,1
58,3364,12.0,40.0,4,800000.0,7.0,0,1,1,1
35,1225,6.0,48.0,6,1000000.0,10.0,0,1,1,1
31,961,6.0,48.0,6,300000.0,1.0,1,1,0,1
41,1681,7.0,35.0,4,400000.0,1.0,0,1,0,0
36,1296,17.0,25.0,4,1800000.0,12.0,0,1,1,1
58,3364,17.0,40.0,4,1600000.0,11.0,0,1,1,1
27,729,16.0,40.0,4,1000000.0,11.0,0,0,1,1
31,961,17.0,30.0,2,1300000.0,8.0,0,1,1,1
30,900,17.0,30.0,2,760000.0,11.0,1,1,1,1
54,2916,10.0,60.0,6,2500000.0,10.0,0,0,1,1
30,900,17.0,60.0,6,510000.0,11.0,0,0,1,1
25,625,12.0,60.0,6,150000.0,6.0,0,0,1,0
22,484,12.0,60.0,6,120000.0,2.0,0,0,0,0
21,441,9.0,60.0,6,480000.0,6.0,0,0,1,0
45,2025,17.0,0.0,4,5000000.0,11.0,0,1,1,1
41,1681,17.0,0.0,4,3600000.0,5.0,1,1,1,1
36,1296,17.0,40.0,1,1000000.0,8.0,0,0,1,1
59,3481,12.0,45.0,1,1300000.0,7.0,0,0,1,1
47,2209,8.0,30.0,5,1200000.0,9.0,0,1,1,1
46,2116,6.0,30.0,5,440000.0,9.0,1,1,1,1
44,1936,12.0,30.0,4,600000.0,1.0,0,1,0,0
44,1936,12.0,30.0,4,440000.0,9.0,1,1,1,1
63,3969,12.0,30.0,6,200000.0,1.0,0,1,0,0
28,784,12.0,30.0,6,500000.0,2.0,1,1,0,0
44,1936,12.0,30.0,4,440000.0,8.0,0,1,1,1
45,2025,12.0,30.0,4,480000.0,6.0,1,1,1,1
25,625,6.0,48.0,6,400000.0,1.0,0,0,0,0
49,2401,6.0,35.0,4,200000.0,2.0,1,0,0,0
25,625,6.0,35.0,4,0.0,2.0,1,1,0,0
63,3969,17.0,40.0,3,2000000.0,12.0,0,1,1,1
46,2116,7.0,78.0,2,500000.0,2.0,0,1,0,0
50,2500,16.0,78.0,2,500000.0,2.0,1,1,0,1
40,1600,18.0,49.0,3,3000000.0,2.0,0,1,0,1
32,1024,13.0,45.0,2,150000.0,1.0,1,1,0,0
34,1156,16.0,45.0,2,600000.0,2.0,0,1,1,1
41,1681,15.0,48.0,3,500000.0,2.0,0,1,0,1
32,1024,15.0,48.0,3,420000.0,1.0,1,1,0,0
44,1936,17.0,42.0,4,2000000.0,12.0,0,1,1,1
47,2209,17.0,42.0,4,2000000.0,12.0,1,1,1,1
58,3364,7.0,36.0,2,800000.0,1.0,1,0,0,1
58,3364,15.0,36.0,2,400000.0,3.0,0,1,1,1
58,3364,12.0,36.0,2,0.0,3.0,1,1,0,0
53,2809,15.0,48.0,3,2000000.0,9.0,0,1,1,1
52,2704,15.0,48.0,3,1400000.0,7.0,1,1,1,1
63,3969,8.0,30.0,2,85000.0,2.0,0,1,0,1
55,3025,6.0,40.0,3,800000.0,7.0,0,1,1,0
59,3481,6.0,30.0,4,800000.0,5.0,0,1,1,0
20,400,12.0,30.0,4,800000.0,7.0,0,0,1,0
27,729,12.0,60.0,4,800000.0,2.0,0,1,0,0
30,900,12.0,60.0,4,800000.0,2.0,1,1,0,0
45,2025,12.0,40.0,5,1000000.0,4.0,0,1,1,1
53,2809,12.0,48.0,3,1300000.0,9.0,0,0,1,1
46,2116,12.0,36.0,1,500000.0,11.0,1,0,1,1
39,1521,15.0,50.0,4,1000000.0,8.0,0,1,1,1
28,784,12.0,50.0,4,1500000.0,3.0,1,1,0,1
37,1369,12.0,68.0,4,1900000.0,11.0,0,1,1,1
42,1764,10.0,45.0,3,1200000.0,10.0,1,0,1,1
20,400,12.0,45.0,3,0.0,2.0,0,0,1,1
34,1156,6.0,0.0,3,400000.0,1.0,0,0,0,0
29,841,15.0,0.0,3,1200000.0,9.0,0,0,1,1
63,3969,6.0,44.0,7,1100000.0,9.0,0,1,1,1
32,1024,11.0,44.0,7,900000.0,10.0,0,1,1,1
53,2809,17.0,48.0,2,780000.0,2.0,1,0,1,1
66,4356,6.0,30.0,2,80000.0,1.0,0,1,0,1
39,1521,12.0,81.0,1,350000.0,9.0,0,0,1,0
53,2809,6.0,30.0,1,850000.0,10.0,0,0,1,1
29,841,12.0,0.0,4,440000.0,9.0,0,0,1,1
36,1296,17.0,30.0,3,950000.0,11.0,1,1,1,1
33,1089,15.0,30.0,3,1110000.0,9.0,0,1,1,1
59,3481,8.0,48.0,3,1300000.0,7.0,0,1,1,1
28,784,12.0,30.0,6,800000.0,2.0,0,1,0,0
45,2025,9.0,24.0,2,440000.0,10.0,0,0,1,1
39,1521,12.0,48.0,4,1000000.0,6.0,0,1,1,1
37,1369,9.0,30.0,4,800000.0,7.0,0,1,1,1
40,1600,6.0,45.0,7,650000.0,1.0,0,1,0,0
16,256,9.0,0.0,6,0.0,4.0,0,0,0,1
42,1764,9.0,0.0,6,1500000.0,4.0,0,1,0,0
42,1764,13.0,0.0,6,0.0,4.0,1,1,0,1
37,1369,15.0,45.0,3,1350000.0,8.0,0,1,1,1
42,1764,12.0,45.0,3,1300000.0,8.0,1,1,1,1
41,1681,9.0,50.0,1,400000.0,5.0,0,0,1,0
64,4096,17.0,48.0,2,800000.0,2.0,0,1,0,1
57,3249,15.0,48.0,2,800000.0,2.0,1,1,0,1
52,2704,12.0,40.0,3,1300000.0,12.0,0,1,1,1
48,2304,12.0,40.0,2,400000.0,7.0,1,0,1,1
42,1764,15.0,36.0,3,1200000.0,9.0,0,0,1,1
34,1156,12.0,54.0,6,850000.0,1.0,0,1,0,1
33,1089,12.0,54.0,6,920000.0,1.0,1,1,0,1
32,1024,15.0,45.0,3,1090000.0,6.0,0,1,1,1
50,2500,12.0,72.0,5,1048000.0,7.0,0,1,1,1
43,1849,15.0,72.0,5,400000.0,7.0,1,1,1,1
55,3025,13.0,31.0,2,480000.0,8.0,1,0,1,1
45,2025,17.0,48.0,3,2000000.0,8.0,0,1,1,1
24,576,15.0,48.0,3,400000.0,1.0,1,1,0,0
39,1521,17.0,96.0,1,3500000.0,11.0,0,0,1,1
36,1296,17.0,50.0,1,1500000.0,6.0,0,0,1,1
35,1225,12.0,40.0,4,2000000.0,3.0,0,1,0,1
35,1225,12.0,40.0,4,50000.0,11.0,1,1,1,1
33,1089,14.0,50.0,4,400000.0,7.0,1,0,1,0
46,2116,15.0,42.0,4,650000.0,9.0,1,1,1,1
53,2809,9.0,42.0,4,700000.0,1.0,0,1,0,1
22,484,16.0,48.0,3,300000.0,6.0,1,0,1,1
40,1600,15.0,48.0,4,555000.0,7.0,1,1,1,1
25,625,12.0,9.0,2,150000.0,1.0,1,0,0,0
24,576,16.0,56.0,5,400000.0,7.0,1,0,1,0
20,400,14.0,56.0,5,600000.0,8.0,0,0,1,1
38,1444,17.0,40.0,4,1000000.0,6.0,1,0,1,0
65,4225,15.0,58.0,1,1500000.0,9.0,0,0,1,1
25,625,10.0,48.0,3,800000.0,1.0,0,1,0,0
47,2209,17.0,40.0,3,2000000.0,2.0,0,1,0,0
40,1600,17.0,40.0,3,2500000.0,12.0,1,1,1,1
71,5041,6.0,20.0,5,200000.0,1.0,0,1,0,1
52,2704,17.0,20.0,5,1900000.0,11.0,0,1,1,1
75,5625,6.0,24.0,1,100000.0,1.0,0,0,0,1
23,529,8.0,24.0,5,180000.0,4.0,0,0,1,0
43,1849,6.0,24.0,5,300000.0,3.0,0,0,1,0
49,2401,12.0,63.0,3,1500000.0,12.0,0,1,1,1
21,441,12.0,63.0,3,500000.0,12.0,0,0,1,1
65,4225,17.0,30.0,2,1800000.0,10.0,0,0,1,1
27,729,13.0,30.0,2,350000.0,7.0,0,0,1,1
60,3600,15.0,50.0,2,2500000.0,11.0,0,1,1,1
35,1225,17.0,45.0,1,3000000.0,10.0,0,0,1,1
25,625,12.0,24.0,2,500000.0,3.0,1,0,1,0
62,3844,12.0,50.0,1,2000000.0,3.0,0,0,0,1
52,2704,6.0,30.0,5,920000.0,10.0,1,1,1,1
57,3249,4.0,30.0,5,860000.0,10.0,0,1,1,1
31,961,12.0,30.0,5,440000.0,10.0,1,0,1,1
42,1764,17.0,50.0,2,1300000.0,7.0,0,0,1,1
29,841,9.0,40.0,2,800000.0,1.0,0,1,0,0
74,5476,2.0,36.0,2,200000.0,2.0,1,1,0,1
73,5329,4.0,36.0,2,200000.0,2.0,0,1,0,1
50,2500,5.0,64.0,5,800000.0,2.0,1,0,0,1
26,676,9.0,64.0,5,600000.0,2.0,0,0,1,0
27,729,10.0,64.0,5,600000.0,2.0,0,0,1,0
65,4225,6.0,50.0,9,350000.0,1.0,0,1,0,1
39,1521,17.0,36.0,4,1000000.0,8.0,1,1,1,1
46,2116,12.0,36.0,4,1200000.0,11.0,0,1,1,1
44,1936,12.0,8.0,2,80000.0,2.0,1,0,1,0
45,2025,12.0,48.0,2,1500000.0,6.0,0,1,0,1
32,1024,12.0,48.0,2,1100000.0,1.0,1,1,0,1
59,3481,10.0,40.0,3,800000.0,3.0,0,0,1,1
29,841,12.0,40.0,3,3000000.0,12.0,0,0,1,1
26,676,9.0,40.0,3,1000000.0,6.0,0,0,1,1
34,1156,11.0,40.0,4,900000.0,7.0,1,0,1,1
29,841,12.0,40.0,4,1200000.0,2.0,0,0,0,0
39,1521,12.0,24.0,3,500000.0,2.0,1,1,1,1
41,1681,12.0,24.0,3,300000.0,1.0,0,1,0,0
57,3249,6.0,40.0,9,90000.0,5.0,0,1,1,0
21,441,6.0,40.0,9,0.0,1.0,0,0,0,0
52,2704,12.0,45.0,3,200000.0,1.0,1,1,0,1
81,6561,6.0,9.0,3,500000.0,1.0,0,1,0,1
45,2025,12.0,40.0,5,1000000.0,8.0,1,1,0,1
53,2809,0.0,30.0,2,1800000.0,2.0,0,1,0,0
64,4096,14.0,0.0,3,640000.0,1.0,0,1,0,1
35,1225,15.0,0.0,3,200000.0,1.0,1,0,0,0
49,2401,17.0,36.0,3,2150000.0,11.0,1,0,1,1
51,2601,17.0,36.0,3,80000.0,3.0,1,0,1,1
33,1089,17.0,40.0,2,3000000.0,9.0,0,1,1,1
35,1225,17.0,60.0,2,1300000.0,7.0,0,1,1,1
35,1225,17.0,60.0,2,600000.0,11.0,1,1,1,1
26,676,15.0,40.0,1,400000.0,11.0,0,0,1,1
53,2809,12.0,52.0,4,1100000.0,7.0,0,1,1,1
42,1764,12.0,52.0,4,1100000.0,7.0,1,1,1,1
74,5476,6.0,44.0,1,700000.0,2.0,1,0,1,1
50,2500,1.0,24.0,5,300000.0,3.0,0,0,1,0
65,4225,12.0,28.0,5,700000.0,4.0,0,1,1,1
30,900,15.0,28.0,5,40000.0,1.0,1,0,0,0
39,1521,12.0,38.0,3,500000.0,3.0,0,1,1,0
22,484,9.0,38.0,3,200000.0,3.0,0,0,1,0
59,3481,12.0,30.0,1,300000.0,1.0,0,0,0,0
41,1681,16.0,25.0,2,1100000.0,9.0,1,0,1,1
59,3481,17.0,50.0,2,850000.0,9.0,1,1,1,1
27,729,14.0,16.0,1,200000.0,7.0,0,0,1,0
43,1849,17.0,16.0,3,780000.0,10.0,0,1,1,1
43,1849,17.0,16.0,3,350000.0,9.0,1,1,1,1
52,2704,15.0,16.0,3,780000.0,3.0,1,0,1,1
40,1600,10.0,50.0,9,350000.0,1.0,0,0,0,0
38,1444,12.0,50.0,9,500000.0,1.0,0,1,0,0
26,676,12.0,50.0,9,400000.0,1.0,0,0,0,0
40,1600,12.0,45.0,4,1300000.0,8.0,0,1,1,1
39,1521,12.0,45.0,4,1100000.0,6.0,1,1,1,1
56,3136,15.0,18.0,5,1500000.0,8.0,0,1,1,1
32,1024,19.0,18.0,5,500000.0,8.0,1,0,1,1
43,1849,13.0,36.0,2,720000.0,11.0,1,0,1,1
26,676,15.0,29.0,1,420000.0,4.0,0,0,1,1
28,784,14.0,48.0,3,900000.0,6.0,0,1,1,1
64,4096,8.0,40.0,8,400000.0,1.0,0,0,0,0
35,1225,7.0,40.0,8,500000.0,2.0,0,1,1,0
20,400,12.0,40.0,8,600000.0,6.0,0,0,1,0
19,361,12.0,40.0,8,300000.0,1.0,0,0,0,0
64,4096,6.0,40.0,6,400000.0,1.0,0,0,0,0
60,3600,8.0,48.0,3,500000.0,3.0,0,1,0,0
54,2916,15.0,48.0,3,500000.0,3.0,1,1,0,0
31,961,12.0,48.0,3,500000.0,3.0,0,0,0,0
35,1225,5.0,20.0,1,300000.0,1.0,0,0,0,0
54,2916,14.0,32.0,2,260000.0,10.0,1,0,1,1
34,1156,12.0,32.0,2,350000.0,7.0,0,0,1,1
66,4356,11.0,70.0,2,200000.0,1.0,1,0,0,1
47,2209,12.0,48.0,4,300000.0,2.0,0,0,0,1
45,2025,12.0,48.0,4,300000.0,2.0,1,0,0,1
47,2209,12.0,40.0,5,1000000.0,8.0,1,1,0,1
21,441,12.0,40.0,5,400000.0,8.0,1,0,1,1
48,2304,12.0,48.0,5,800000.0,1.0,0,1,0,0
52,2704,12.0,48.0,5,180000.0,12.0,1,0,1,0
32,1024,12.0,48.0,4,500000.0,5.0,0,1,0,1
30,900,12.0,48.0,4,500000.0,5.0,1,1,0,1
52,2704,12.0,48.0,5,480000.0,3.0,1,0,1,1
24,576,8.0,48.0,5,480000.0,6.0,0,0,1,0
21,441,6.0,48.0,5,200000.0,1.0,1,0,0,0
53,2809,12.0,30.0,5,876000.0,9.0,1,1,1,1
26,676,10.0,30.0,5,0.0,3.0,0,0,0,0
50,2500,12.0,48.0,1,500000.0,1.0,0,0,0,0
67,4489,17.0,25.0,2,900000.0,10.0,0,1,1,1
51,2601,15.0,12.0,3,250000.0,1.0,1,1,0,1
55,3025,14.0,40.0,2,1000000.0,8.0,0,1,1,1
35,1225,8.0,30.0,4,480000.0,4.0,0,1,1,0
34,1156,11.0,30.0,4,520000.0,2.0,1,1,1,0
32,1024,19.0,40.0,2,1200000.0,11.0,0,1,1,1
39,1521,14.0,44.0,5,1500000.0,1.0,0,1,0,1
39,1521,17.0,44.0,5,500000.0,1.0,1,1,0,0
44,1936,15.0,32.0,3,650000.0,1.0,0,1,0,0
45,2025,15.0,32.0,3,1000000.0,9.0,1,1,1,1
27,729,10.0,24.0,6,440000.0,9.0,0,1,1,1
58,3364,6.0,30.0,5,680000.0,12.0,1,1,1,1
58,3364,6.0,30.0,5,880000.0,10.0,0,1,1,1
24,576,14.0,24.0,1,580000.0,6.0,0,0,1,1
23,529,12.0,24.0,1,300000.0,3.0,0,0,1,0
55,3025,15.0,20.0,7,450000.0,1.0,1,1,0,1
26,676,10.0,48.0,1,800000.0,6.0,0,0,1,1
28,784,14.0,48.0,3,800000.0,5.0,1,1,1,1
67,4489,15.0,3.0,1,120000.0,1.0,0,0,0,1
39,1521,18.0,54.0,2,1700000.0,7.0,1,1,1,1
43,1849,13.0,54.0,2,1000000.0,10.0,0,1,1,1
40,1600,15.0,20.0,3,370000.0,2.0,1,1,1,1
31,961,15.0,40.0,6,300000.0,1.0,1,1,0,1
27,729,12.0,40.0,6,800000.0,7.0,0,1,1,1
60,3600,12.0,15.0,3,2000000.0,2.0,1,0,0,1
60,3600,15.0,15.0,3,700000.0,2.0,0,0,0,0
27,729,6.0,40.0,4,320000.0,2.0,0,1,1,0
77,5929,15.0,30.0,2,2000000.0,2.0,0,1,0,1
64,4096,12.0,70.0,2,3000000.0,7.0,0,1,0,1
59,3481,17.0,70.0,2,3000000.0,7.0,1,1,0,1
54,2916,9.0,40.0,3,700000.0,7.0,0,1,1,1
64,4096,6.0,12.0,2,40000.0,1.0,0,1,0,1
46,2116,15.0,42.0,3,900000.0,10.0,1,0,1,1
44,1936,15.0,42.0,3,600000.0,1.0,0,0,0,0
71,5041,6.0,40.0,2,400000.0,1.0,0,1,0,1
65,4225,6.0,36.0,3,500000.0,2.0,0,1,0,0
37,1369,7.0,48.0,5,600000.0,2.0,0,1,0,0
34,1156,8.0,48.0,5,600000.0,2.0,1,1,0,0
50,2500,6.0,12.0,3,900000.0,5.0,0,1,1,1
47,2209,13.0,18.0,4,600000.0,2.0,1,1,0,1
44,1936,12.0,18.0,4,600000.0,2.0,0,1,0,0
45,2025,15.0,50.0,4,1000000.0,11.0,0,1,1,1
59,3481,17.0,40.0,3,2500000.0,11.0,0,1,1,1
65,4225,17.0,48.0,2,1000000.0,1.0,0,1,0,1
40,1600,12.0,30.0,7,900000.0,8.0,0,1,1,1
61,3721,12.0,48.0,3,800000.0,1.0,0,1,0,0
47,2209,17.0,40.0,1,1500000.0,7.0,1,0,1,1
54,2916,6.0,60.0,2,700000.0,1.0,0,1,0,0
51,2601,6.0,40.0,4,1300000.0,10.0,0,0,1,1
28,784,9.0,40.0,4,400000.0,4.0,0,0,1,0
48,2304,8.0,30.0,3,950000.0,10.0,1,0,1,1
22,484,12.0,30.0,5,600000.0,12.0,0,0,1,1
36,1296,7.0,0.0,1,1200000.0,12.0,0,0,1,1
35,1225,9.0,36.0,5,600000.0,6.0,1,0,1,0
48,2304,12.0,30.0,3,1000000.0,12.0,1,0,1,1
36,1296,12.0,40.0,3,1200000.0,2.0,1,1,0,1
38,1444,12.0,40.0,3,1300000.0,2.0,0,1,0,1
58,3364,13.0,40.0,3,1200000.0,2.0,1,0,1,1
50,2500,8.0,15.0,4,400000.0,1.0,1,1,0,1
30,900,6.0,19.0,4,800000.0,4.0,0,0,1,0
31,961,12.0,84.0,4,800000.0,5.0,0,1,1,0
47,2209,17.0,32.0,4,1800000.0,10.0,1,1,1,1
45,2025,17.0,32.0,4,2000000.0,11.0,0,1,1,1
50,2500,18.0,30.0,3,500000.0,9.0,1,1,0,1
67,4489,19.0,30.0,3,2000000.0,1.0,0,1,0,1
26,676,12.0,24.0,5,600000.0,6.0,0,0,1,0
24,576,8.0,24.0,5,800000.0,6.0,0,0,1,1
22,484,12.0,24.0,5,200000.0,1.0,1,0,0,0
28,784,17.0,40.0,2,387000.0,8.0,0,1,1,1
24,576,14.0,40.0,2,900000.0,2.0,1,1,1,0
46,2116,9.0,48.0,4,1500000.0,8.0,0,1,1,1
39,1521,17.0,48.0,4,900000.0,9.0,1,1,1,1
43,1849,6.0,40.0,6,800000.0,8.0,0,1,1,0
20,400,12.0,40.0,6,40000.0,1.0,1,0,0,0
37,1369,9.0,44.0,4,1200000.0,11.0,0,1,1,1
42,1764,16.0,44.0,4,950000.0,6.0,1,1,1,1
77,5929,6.0,3.0,2,100000.0,1.0,0,0,0,1
49,2401,6.0,3.0,2,260000.0,9.0,0,0,1,1
70,4900,12.0,24.0,6,260000.0,1.0,0,1,0,1
66,4356,6.0,24.0,6,1400000.0,1.0,1,1,0,1
22,484,12.0,24.0,6,300000.0,3.0,1,0,1,0
33,1089,17.0,48.0,2,800000.0,8.0,1,0,1,1
21,441,13.0,40.0,4,250000.0,1.0,1,0,0,0
38,1444,7.0,48.0,2,800000.0,9.0,0,0,1,1
61,3721,12.0,30.0,3,800000.0,3.0,0,1,1,0
58,3364,8.0,30.0,3,150000.0,1.0,1,1,0,0
47,2209,15.0,50.0,4,10000.0,1.0,1,1,0,1
28,784,12.0,40.0,3,100000.0,6.0,0,0,1,1
44,1936,12.0,25.0,4,600000.0,2.0,0,1,1,0
44,1936,12.0,25.0,4,350000.0,4.0,1,1,1,0
61,3721,15.0,50.0,2,2000000.0,6.0,0,1,0,1
39,1521,10.0,48.0,3,500000.0,1.0,0,0,0,0
46,2116,13.0,40.0,5,400000.0,1.0,1,1,0,1
43,1849,12.0,40.0,5,1200000.0,8.0,0,1,1,1
69,4761,6.0,42.0,1,500000.0,1.0,1,0,0,1
43,1849,17.0,64.0,3,3700000.0,12.0,1,0,1,1
50,2500,17.0,40.0,3,1200000.0,9.0,0,1,1,1
50,2500,17.0,40.0,3,800000.0,9.0,1,1,1,1
46,2116,12.0,20.0,3,650000.0,1.0,1,0,0,0
18,324,12.0,20.0,3,220000.0,1.0,0,0,0,0
26,676,13.0,8.0,2,290000.0,1.0,0,0,0,0
39,1521,17.0,48.0,3,1105000.0,11.0,1,0,1,1
54,2916,17.0,25.0,3,950000.0,9.0,1,1,1,1
56,3136,6.0,25.0,3,650000.0,1.0,0,1,0,0
51,2601,19.0,48.0,3,1500000.0,12.0,0,1,1,1
47,2209,19.0,48.0,3,1700000.0,12.0,1,1,1,1
59,3481,17.0,40.0,2,1800000.0,9.0,1,0,1,1
30,900,19.0,40.0,2,5300000.0,10.0,1,0,1,1
36,1296,17.0,66.0,6,890000.0,9.0,1,1,1,1
45,2025,12.0,48.0,6,1500000.0,9.0,0,1,1,1
36,1296,8.0,40.0,4,1200000.0,9.0,0,1,1,1
44,1936,12.0,40.0,4,440000.0,9.0,1,1,1,1
33,1089,15.0,20.0,3,290000.0,1.0,1,1,0,1
54,2916,14.0,50.0,5,900000.0,6.0,0,1,1,0
58,3364,8.0,15.0,4,600000.0,1.0,0,1,0,1
59,3481,14.0,30.0,3,800000.0,8.0,0,1,1,1
44,1936,15.0,48.0,4,1200000.0,9.0,0,1,1,1
23,529,13.0,39.0,2,300000.0,1.0,0,1,0,0
21,441,9.0,65.0,2,400000.0,1.0,0,1,0,0
56,3136,12.0,44.0,3,1000000.0,3.0,0,1,0,1
41,1681,12.0,62.0,5,2000000.0,1.0,1,1,0,1
43,1849,17.0,62.0,5,4500000.0,11.0,0,1,1,1
56,3136,12.0,45.0,3,3000000.0,3.0,0,1,0,1
51,2601,19.0,45.0,3,1000000.0,3.0,1,1,1,1
51,2601,17.0,40.0,1,3000000.0,9.0,0,0,1,1
40,1600,17.0,16.0,5,2000000.0,1.0,0,1,0,1
36,1296,17.0,16.0,5,3500000.0,7.0,1,1,1,1
48,2304,12.0,40.0,4,600000.0,3.0,1,1,1,1
26,676,12.0,40.0,4,700000.0,11.0,0,1,1,1
23,529,14.0,57.0,2,400000.0,7.0,1,0,1,1
49,2401,8.0,27.0,2,300000.0,3.0,0,1,1,0
24,576,8.0,51.0,4,700000.0,8.0,0,1,1,1
27,729,12.0,51.0,4,50000.0,1.0,1,1,0,1
59,3481,6.0,40.0,5,1100000.0,6.0,0,1,1,1
33,1089,12.0,48.0,1,1200000.0,10.0,1,0,1,1
50,2500,12.0,65.0,3,500000.0,2.0,0,1,0,0
50,2500,15.0,65.0,3,500000.0,2.0,1,1,0,0
37,1369,12.0,36.0,3,380000.0,4.0,1,1,1,1
40,1600,4.0,36.0,3,480000.0,1.0,0,1,0,0
40,1600,6.0,6.0,4,1024000.0,6.0,0,1,1,0
25,625,14.0,6.0,4,1000000.0,7.0,0,0,1,1
59,3481,3.0,24.0,2,300000.0,1.0,0,0,0,0
54,2916,9.0,30.0,4,500000.0,1.0,0,1,0,0
23,529,9.0,30.0,4,800000.0,5.0,0,0,1,0
47,2209,15.0,50.0,3,500000.0,8.0,1,0,1,1
40,1600,17.0,25.0,4,600000.0,9.0,1,0,1,1
55,3025,6.0,26.0,6,60000.0,1.0,1,1,0,1
54,2916,2.0,26.0,6,1000000.0,6.0,0,1,1,1
64,4096,6.0,24.0,1,200000.0,1.0,1,0,0,1
54,2916,6.0,47.0,2,250000.0,11.0,0,1,1,0
61,3721,10.0,27.0,1,250000.0,1.0,0,0,0,0
59,3481,12.0,48.0,1,600000.0,5.0,0,0,0,1
39,1521,14.0,48.0,3,900000.0,2.0,0,1,0,0
45,2025,17.0,60.0,2,800000.0,9.0,1,0,1,1
60,3600,14.0,45.0,5,1100000.0,8.0,0,1,1,1
56,3136,19.0,40.0,3,1400000.0,12.0,1,1,1,1
30,900,17.0,54.0,3,3000000.0,3.0,1,1,0,1
29,841,12.0,54.0,3,3000000.0,3.0,0,1,0,1
57,3249,15.0,72.0,2,2000000.0,6.0,1,1,0,1
39,1521,12.0,20.0,3,900000.0,10.0,0,1,1,1
51,2601,14.0,50.0,5,400000.0,1.0,1,1,0,0
23,529,12.0,50.0,5,420000.0,4.0,0,0,1,0
55,3025,12.0,25.0,4,500000.0,5.0,1,1,1,1
28,784,4.0,17.0,5,250000.0,1.0,0,1,0,1
26,676,10.0,9.0,4,150000.0,1.0,1,0,0,0
35,1225,7.0,52.0,2,440000.0,2.0,1,1,1,0
40,1600,12.0,52.0,2,1400000.0,1.0,0,1,0,0
27,729,12.0,24.0,3,280000.0,6.0,1,0,1,1
32,1024,7.0,21.0,4,250000.0,5.0,1,0,1,1
77,5929,12.0,2.0,3,30000.0,1.0,0,1,0,1
45,2025,10.0,40.0,2,900000.0,4.0,0,1,1,1
41,1681,17.0,30.0,3,500000.0,1.0,1,1,0,1
40,1600,17.0,30.0,3,1300000.0,8.0,0,1,1,1
28,784,17.0,40.0,1,1200000.0,9.0,1,0,1,1
33,1089,6.0,34.0,2,100000.0,2.0,0,0,0,1
48,2304,12.0,48.0,8,620000.0,9.0,1,0,1,1
29,841,14.0,48.0,8,200000.0,2.0,1,0,0,0
19,361,8.0,48.0,8,500000.0,6.0,0,0,1,1
49,2401,15.0,84.0,2,600000.0,1.0,1,0,0,1
36,1296,11.0,40.0,5,360000.0,7.0,0,1,1,0
47,2209,6.0,30.0,3,800000.0,3.0,1,1,1,0
45,2025,6.0,30.0,3,800000.0,8.0,0,1,1,0
35,1225,15.0,19.0,3,700000.0,10.0,1,0,1,1
57,3249,8.0,24.0,2,380000.0,7.0,1,1,1,1
59,3481,6.0,24.0,2,600000.0,9.0,0,1,1,1
56,3136,15.0,0.0,2,1400000.0,8.0,0,1,1,1
55,3025,15.0,0.0,2,600000.0,6.0,1,1,1,1
39,1521,15.0,70.0,4,1500000.0,2.0,0,1,0,1
36,1296,16.0,70.0,4,1500000.0,9.0,1,1,1,1
55,3025,17.0,30.0,3,3000000.0,8.0,0,1,1,1
41,1681,12.0,40.0,7,625000.0,4.0,0,1,1,0
37,1369,14.0,40.0,7,240000.0,1.0,1,1,0,0
43,1849,12.0,44.0,3,918000.0,7.0,1,0,1,1
53,2809,16.0,48.0,4,1800000.0,9.0,0,1,1,1
27,729,14.0,48.0,4,600000.0,5.0,0,0,1,0
19,361,12.0,48.0,4,800000.0,5.0,0,0,1,1
52,2704,6.0,42.0,3,500000.0,1.0,1,1,0,0
53,2809,3.0,42.0,3,600000.0,3.0,0,1,1,1
49,2401,8.0,24.0,7,600000.0,2.0,0,1,1,0
22,484,5.0,24.0,7,1240000.0,7.0,1,0,1,0
28,784,8.0,40.0,3,500000.0,3.0,1,0,1,1
65,4225,17.0,45.0,2,2000000.0,8.0,0,1,1,1
64,4096,16.0,6.0,1,150000.0,11.0,1,0,1,1
48,2304,6.0,30.0,3,990000.0,8.0,1,1,1,1
54,2916,17.0,72.0,2,4000000.0,11.0,0,1,1,1
43,1849,13.0,66.0,4,440000.0,8.0,1,0,1,1
23,529,14.0,66.0,4,500000.0,4.0,0,0,1,0
18,324,12.0,50.0,4,100000.0,6.0,1,0,1,1
58,3364,12.0,25.0,4,600000.0,5.0,0,1,1,1
33,1089,8.0,40.0,5,480000.0,3.0,0,1,1,0
50,2500,12.0,63.0,4,700000.0,3.0,0,1,0,0
49,2401,12.0,63.0,4,300000.0,2.0,1,1,0,0
63,3969,6.0,12.0,3,300000.0,1.0,0,1,0,1
45,2025,8.0,44.0,6,600000.0,6.0,1,1,1,1
44,1936,9.0,44.0,6,600000.0,2.0,0,1,1,0
28,784,8.0,44.0,6,300000.0,3.0,0,0,1,0
48,2304,7.0,20.0,6,800000.0,1.0,1,0,0,0
33,1089,14.0,20.0,6,750000.0,1.0,0,0,0,0
23,529,15.0,20.0,6,600000.0,1.0,0,0,0,0
39,1521,12.0,30.0,2,900000.0,9.0,1,0,1,1
29,841,10.0,52.0,5,200000.0,1.0,1,1,0,1
34,1156,6.0,52.0,5,300000.0,1.0,0,1,0,0
56,3136,6.0,98.0,4,600000.0,4.0,1,0,0,1
35,1225,14.0,98.0,4,0.0,4.0,1,0,0,0
33,1089,13.0,98.0,4,0.0,4.0,0,0,0,0
31,961,16.0,98.0,4,0.0,4.0,1,0,0,0
42,1764,12.0,48.0,3,400000.0,1.0,1,0,0,1
27,729,12.0,48.0,3,1000000.0,6.0,0,0,1,0
49,2401,8.0,40.0,2,1000000.0,3.0,0,1,0,0
27,729,11.0,15.0,3,120000.0,1.0,1,0,0,0
56,3136,19.0,35.0,5,700000.0,11.0,0,1,1,1
55,3025,15.0,35.0,5,380000.0,11.0,1,1,1,1
48,2304,9.0,84.0,5,70000.0,3.0,0,1,0,1
47,2209,15.0,84.0,5,300000.0,3.0,1,1,0,1
20,400,17.0,84.0,5,300000.0,3.0,0,0,1,1
47,2209,6.0,32.0,9,800000.0,5.0,0,1,1,0
57,3249,17.0,40.0,6,1200000.0,10.0,0,1,1,1
56,3136,15.0,30.0,3,500000.0,11.0,1,1,1,1
35,1225,17.0,40.0,4,4000000.0,12.0,0,1,1,1
44,1936,16.0,48.0,1,920000.0,11.0,1,0,1,1
21,441,12.0,40.0,3,350000.0,5.0,1,0,1,1
56,3136,12.0,35.0,4,1700000.0,8.0,1,0,1,1
53,2809,6.0,8.0,6,0.0,2.0,1,1,0,1
21,441,12.0,8.0,6,120000.0,2.0,0,0,1,0
48,2304,14.0,46.0,3,510000.0,12.0,1,0,1,1
67,4489,3.0,84.0,1,300000.0,4.0,0,0,1,1
57,3249,9.0,38.0,1,150000.0,1.0,0,0,0,0
54,2916,15.0,58.0,5,800000.0,2.0,0,1,0,1
28,784,8.0,58.0,5,1000000.0,2.0,0,0,0,1
22,484,12.0,58.0,5,800000.0,3.0,0,0,0,0
51,2601,14.0,2.0,2,50000.0,1.0,1,0,0,0
33,1089,15.0,2.0,2,600000.0,1.0,0,0,0,0
35,1225,8.0,84.0,4,2300000.0,10.0,0,1,1,1
49,2401,13.0,45.0,4,1000000.0,10.0,0,1,1,1
34,1156,17.0,56.0,3,800000.0,7.0,1,1,1,1
42,1764,15.0,72.0,4,1500000.0,11.0,1,0,1,1
46,2116,12.0,30.0,2,1100000.0,10.0,1,0,1,1
54,2916,17.0,30.0,2,1300000.0,12.0,1,1,1,1
38,1444,12.0,42.0,4,460000.0,9.0,0,1,1,1
24,576,9.0,42.0,4,150000.0,1.0,1,1,0,0
18,324,12.0,50.0,4,360000.0,7.0,1,0,1,1
56,3136,15.0,25.0,3,1000000.0,9.0,1,0,1,1
47,2209,15.0,35.0,5,2000000.0,9.0,0,1,1,1
33,1089,8.0,40.0,5,350000.0,1.0,1,1,0,0
44,1936,12.0,40.0,3,700000.0,7.0,0,1,1,1
28,784,12.0,12.0,3,250000.0,1.0,0,0,0,0
49,2401,12.0,48.0,4,1000000.0,2.0,0,1,0,0
25,625,12.0,64.0,6,1000000.0,11.0,0,0,1,1
46,2116,12.0,64.0,6,1200000.0,8.0,0,1,1,1
25,625,4.0,48.0,3,800000.0,4.0,0,1,1,0
71,5041,9.0,20.0,5,400000.0,6.0,0,1,1,1
30,900,10.0,20.0,5,2000000.0,8.0,0,0,1,1
56,3136,8.0,30.0,4,280000.0,1.0,0,1,0,0
31,961,12.0,60.0,4,1600000.0,12.0,0,1,1,1
32,1024,13.0,60.0,4,600000.0,2.0,1,1,1,1
29,841,8.0,30.0,2,0.0,2.0,1,0,1,1
35,1225,16.0,24.0,1,300000.0,2.0,0,0,1,1
54,2916,15.0,24.0,5,260000.0,6.0,1,1,1,1
56,3136,12.0,24.0,5,350000.0,4.0,0,1,1,0
63,3969,16.0,45.0,5,2500000.0,12.0,0,1,1,1
21,441,12.0,40.0,6,500000.0,1.0,0,0,0,1
61,3721,6.0,4.0,2,400000.0,1.0,0,0,0,1
33,1089,11.0,4.0,2,300000.0,2.0,0,0,1,0
49,2401,15.0,40.0,4,1800000.0,10.0,0,1,1,1
25,625,12.0,40.0,4,500000.0,6.0,1,0,1,0
22,484,15.0,40.0,4,560000.0,9.0,0,0,1,1
27,729,12.0,60.0,2,1500000.0,1.0,0,1,0,0
26,676,12.0,60.0,2,800000.0,1.0,1,1,0,0
22,484,12.0,36.0,5,360000.0,3.0,1,0,1,0
18,324,9.0,36.0,5,30000.0,1.0,1,0,0,0
24,576,12.0,36.0,5,1000000.0,2.0,0,0,0,0
42,1764,12.0,36.0,5,1000000.0,2.0,0,1,0,0
32,1024,9.0,8.0,6,700000.0,6.0,0,1,1,1
46,2116,15.0,15.0,5,900000.0,10.0,1,1,1,1
50,2500,12.0,40.0,4,1400000.0,8.0,0,1,1,1
22,484,13.0,40.0,4,400000.0,4.0,0,0,1,0
19,361,12.0,40.0,4,400000.0,4.0,0,0,1,1
54,2916,12.0,35.0,4,200000.0,6.0,0,1,1,0
27,729,12.0,40.0,2,400000.0,2.0,0,1,0,0
44,1936,6.0,60.0,5,400000.0,1.0,1,1,0,0
47,2209,6.0,30.0,2,150000.0,1.0,0,1,0,0
55,3025,17.0,54.0,1,3000000.0,11.0,1,0,1,1
60,3600,12.0,36.0,2,1000000.0,1.0,1,0,0,0
42,1764,12.0,40.0,5,1100000.0,7.0,0,1,1,1
40,1600,17.0,40.0,5,930000.0,6.0,1,1,1,1
48,2304,6.0,16.0,1,300000.0,1.0,0,0,0,0
54,2916,12.0,40.0,1,1200000.0,9.0,0,0,1,1
48,2304,12.0,36.0,2,800000.0,8.0,0,0,1,1
52,2704,15.0,58.0,1,2000000.0,10.0,0,0,1,1
33,1089,17.0,40.0,4,1100000.0,12.0,1,1,1,1
34,1156,17.0,40.0,4,2000000.0,4.0,0,1,0,1
46,2116,15.0,72.0,3,400000.0,2.0,1,1,0,0
42,1764,17.0,40.0,3,1500000.0,9.0,1,1,1,1
55,3025,12.0,48.0,4,600000.0,4.0,1,1,1,0
24,576,17.0,48.0,4,2000000.0,6.0,0,0,0,0
53,2809,7.0,40.0,9,250000.0,1.0,1,0,0,0
31,961,15.0,40.0,9,600000.0,7.0,1,0,1,1
25,625,12.0,40.0,9,360000.0,7.0,0,1,1,0
38,1444,19.0,45.0,1,2000000.0,12.0,0,0,1,1
42,1764,17.0,54.0,1,650000.0,12.0,1,0,1,1
50,2500,12.0,44.0,4,1100000.0,6.0,1,1,1,1
33,1089,17.0,30.0,1,3000000.0,12.0,0,0,1,1
64,4096,5.0,41.0,7,480000.0,1.0,0,1,0,0
36,1296,12.0,41.0,7,1200000.0,11.0,0,0,1,1
56,3136,12.0,56.0,4,500000.0,1.0,0,1,0,1
53,2809,12.0,56.0,4,1500000.0,7.0,1,1,1,1
26,676,15.0,56.0,4,700000.0,8.0,1,0,1,1
26,676,15.0,56.0,4,700000.0,8.0,1,0,1,1
61,3721,6.0,30.0,3,900000.0,11.0,0,1,1,1
39,1521,12.0,30.0,3,900000.0,12.0,0,0,1,1
28,784,15.0,56.0,2,1200000.0,6.0,0,0,1,1
50,2500,6.0,56.0,2,800000.0,5.0,0,0,1,1
38,1444,15.0,48.0,4,1300000.0,2.0,0,1,1,1
65,4225,9.0,32.0,2,300000.0,1.0,0,1,0,0
37,1369,12.0,52.0,5,900000.0,2.0,0,1,1,0
31,961,9.0,40.0,4,0.0,4.0,0,1,1,0
24,576,8.0,40.0,4,500000.0,3.0,1,1,1,0
26,676,10.0,35.0,4,400000.0,6.0,0,0,1,0
25,625,10.0,35.0,4,240000.0,4.0,0,0,1,0
23,529,12.0,30.0,5,200000.0,1.0,1,0,0,0
35,1225,15.0,69.0,5,950000.0,10.0,0,1,1,1
31,961,12.0,69.0,5,350000.0,2.0,1,1,0,1
70,4900,6.0,40.0,3,300000.0,2.0,0,1,0,1
25,625,15.0,40.0,3,300000.0,2.0,0,0,1,1
51,2601,18.0,40.0,4,1800000.0,8.0,1,1,1,1
48,2304,12.0,40.0,4,1000000.0,8.0,0,1,1,1
72,5184,12.0,24.0,1,1300000.0,4.0,0,0,1,1
22,484,12.0,27.0,3,300000.0,5.0,1,0,1,0
61,3721,6.0,40.0,5,800000.0,9.0,1,0,1,1
34,1156,12.0,40.0,5,800000.0,9.0,1,1,1,1
35,1225,12.0,40.0,5,120000.0,3.0,0,0,1,0
43,1849,15.0,40.0,5,1000000.0,9.0,0,1,1,1
64,4096,6.0,42.0,2,250000.0,1.0,0,1,0,1
30,900,13.0,30.0,1,950000.0,9.0,1,0,1,1
50,2500,15.0,25.0,4,790000.0,8.0,1,1,1,1
50,2500,12.0,36.0,2,500000.0,6.0,0,0,1,1
38,1444,15.0,72.0,3,400000.0,2.0,0,1,0,0
44,1936,12.0,60.0,4,2000000.0,8.0,0,1,1,1
51,2601,15.0,30.0,4,990000.0,9.0,0,1,1,1
47,2209,17.0,30.0,4,990000.0,9.0,1,1,1,1
50,2500,6.0,45.0,4,500000.0,9.0,1,1,1,1
24,576,10.0,12.0,3,600000.0,1.0,0,0,0,0
20,400,12.0,12.0,3,400000.0,6.0,1,0,1,0
56,3136,12.0,48.0,2,1600000.0,10.0,0,1,1,1
46,2116,12.0,12.0,6,10000.0,1.0,1,0,0,1
21,441,12.0,12.0,6,100000.0,2.0,0,0,1,0
55,3025,12.0,30.0,2,350000.0,1.0,1,0,0,0
25,625,12.0,35.0,2,600000.0,6.0,1,0,1,1
40,1600,8.0,40.0,5,460000.0,3.0,0,1,1,0
26,676,10.0,84.0,2,1100000.0,12.0,0,0,1,1
30,900,12.0,48.0,4,1000000.0,6.0,0,1,1,1
27,729,15.0,22.0,3,290000.0,3.0,0,1,1,0
31,961,14.0,48.0,6,200000.0,1.0,1,0,0,0
61,3721,6.0,48.0,2,987000.0,5.0,0,1,1,1
28,784,12.0,0.0,2,420000.0,1.0,1,0,0,0
49,2401,14.0,20.0,1,300000.0,1.0,0,0,0,0
63,3969,14.0,0.0,1,1200000.0,10.0,1,0,1,1
54,2916,9.0,66.0,4,350000.0,11.0,1,0,1,1
73,5329,8.0,4.0,1,140000.0,1.0,0,0,0,1
21,441,6.0,12.0,6,957540.0,6.0,0,1,1,1
56,3136,12.0,34.0,4,500000.0,4.0,1,1,1,0
54,2916,13.0,34.0,4,1000000.0,12.0,0,1,1,0
25,625,12.0,34.0,4,500000.0,5.0,0,0,0,0
34,1156,12.0,34.0,4,700000.0,12.0,0,0,1,0
63,3969,6.0,10.0,5,300000.0,1.0,0,0,0,0
30,900,9.0,10.0,5,800000.0,7.0,0,1,1,1
28,784,15.0,40.0,4,400000.0,7.0,0,0,1,1
20,400,12.0,40.0,4,100000.0,1.0,1,0,0,1
61,3721,15.0,30.0,5,800000.0,10.0,0,1,1,1
25,625,14.0,25.0,1,700000.0,5.0,0,0,1,1
49,2401,17.0,25.0,4,1300000.0,11.0,0,1,1,1
62,3844,12.0,35.0,3,1400000.0,9.0,1,1,1,1
77,5929,8.0,56.0,2,800000.0,2.0,0,1,0,1
71,5041,9.0,56.0,2,300000.0,2.0,1,1,0,1
41,1681,12.0,60.0,4,800000.0,9.0,1,1,1,1
41,1681,12.0,30.0,1,900000.0,1.0,0,0,0,0
61,3721,12.0,30.0,2,440000.0,8.0,1,1,1,1
65,4225,6.0,34.0,1,180000.0,1.0,1,0,0,1
60,3600,6.0,45.0,7,350000.0,3.0,1,1,0,0
29,841,12.0,45.0,7,350000.0,3.0,0,0,0,0
25,625,12.0,12.0,6,520000.0,4.0,0,0,1,0
59,3481,10.0,32.0,2,350000.0,1.0,0,0,0,0
69,4761,6.0,32.0,2,300000.0,1.0,0,0,0,1
42,1764,17.0,40.0,2,1500000.0,9.0,1,0,1,1
54,2916,17.0,20.0,4,1500000.0,8.0,1,1,1,1
25,625,17.0,20.0,4,700000.0,1.0,1,0,0,1
22,484,16.0,20.0,4,500000.0,7.0,1,0,1,1
39,1521,12.0,40.0,5,80000.0,1.0,1,1,0,1
66,4356,10.0,40.0,1,300000.0,2.0,1,0,0,1
43,1849,9.0,39.0,4,300000.0,6.0,1,0,1,1
47,2209,15.0,20.0,4,800000.0,8.0,1,1,1,1
37,1369,12.0,42.0,4,3500000.0,11.0,0,1,1,1
39,1521,9.0,42.0,4,1500000.0,10.0,1,1,1,1
45,2025,8.0,12.0,4,400000.0,1.0,0,0,0,0
25,625,9.0,12.0,4,1300000.0,10.0,1,0,1,1
28,784,12.0,22.0,3,160000.0,1.0,1,1,0,0
34,1156,12.0,45.0,4,1200000.0,2.0,0,1,0,1
34,1156,15.0,45.0,4,800000.0,8.0,1,1,1,1
46,2116,0.0,56.0,4,90000.0,2.0,0,1,1,0
23,529,12.0,56.0,4,116000.0,8.0,1,0,1,0
19,361,10.0,56.0,6,150000.0,6.0,0,0,1,0
51,2601,6.0,56.0,6,1000000.0,7.0,0,1,1,1
40,1600,6.0,36.0,4,200000.0,2.0,0,1,0,0
36,1296,12.0,36.0,4,200000.0,2.0,1,1,0,0
37,1369,6.0,36.0,5,400000.0,1.0,0,1,0,0
42,1764,15.0,48.0,3,1200000.0,12.0,0,1,1,1
41,1681,12.0,48.0,3,150000.0,1.0,1,1,0,1
47,2209,6.0,14.0,5,120000.0,1.0,1,0,0,0
55,3025,6.0,28.0,1,600000.0,12.0,0,0,1,1
49,2401,9.0,55.0,4,400000.0,1.0,0,1,0,1
51,2601,17.0,55.0,4,700000.0,8.0,1,1,1,1
31,961,15.0,55.0,4,700000.0,8.0,0,0,1,1
26,676,13.0,55.0,4,150000.0,3.0,0,0,1,0
58,3364,12.0,20.0,2,400000.0,1.0,0,1,0,1
52,2704,13.0,84.0,3,250000.0,1.0,1,0,0,0
24,576,13.0,84.0,3,135000.0,1.0,0,0,0,0
27,729,9.0,48.0,5,400000.0,5.0,1,1,0,1
35,1225,7.0,48.0,5,800000.0,2.0,0,1,1,1
53,2809,6.0,28.0,6,200000.0,1.0,1,0,0,0
23,529,12.0,28.0,6,720000.0,5.0,0,1,1,0
28,784,12.0,24.0,1,440000.0,7.0,0,0,1,1
45,2025,15.0,40.0,2,1200000.0,12.0,1,0,1,1
44,1936,12.0,45.0,4,700000.0,5.0,0,1,1,0
37,1369,12.0,45.0,4,780000.0,8.0,1,1,1,0
64,4096,12.0,35.0,3,1000000.0,1.0,0,1,0,1
24,576,8.0,35.0,2,400000.0,3.0,0,0,1,0
67,4489,12.0,4.0,1,250000.0,1.0,1,0,0,1
28,784,12.0,40.0,3,500000.0,6.0,1,1,1,0
49,2401,17.0,29.0,1,900000.0,9.0,1,0,1,1
40,1600,12.0,40.0,2,1000000.0,7.0,1,1,1,1
40,1600,12.0,40.0,2,1000000.0,2.0,0,1,0,1
57,3249,6.0,30.0,2,700000.0,8.0,1,1,1,1
59,3481,6.0,30.0,2,500000.0,7.0,0,1,1,1
45,2025,6.0,16.0,3,750000.0,1.0,0,1,0,0
48,2304,6.0,16.0,3,500000.0,6.0,1,1,1,0
24,576,12.0,16.0,3,700000.0,4.0,0,0,0,0
31,961,17.0,45.0,2,1200000.0,6.0,1,0,1,1
50,2500,12.0,56.0,4,1100000.0,9.0,0,1,1,1
32,1024,12.0,56.0,4,1300000.0,9.0,1,1,1,1
45,2025,16.0,36.0,1,450000.0,1.0,1,0,0,1
61,3721,14.0,40.0,1,1800000.0,9.0,0,0,1,1
38,1444,12.0,40.0,1,1100000.0,7.0,1,0,1,1
31,961,10.0,20.0,8,70000.0,1.0,1,0,0,1
78,6084,1.0,20.0,8,800000.0,1.0,0,1,0,1
47,2209,12.0,40.0,5,700000.0,7.0,0,1,1,0
37,1369,11.0,60.0,4,900000.0,8.0,0,1,1,1
32,1024,12.0,60.0,4,1500000.0,12.0,1,1,1,1
58,3364,6.0,40.0,4,600000.0,4.0,0,1,0,1
61,3721,12.0,40.0,4,600000.0,4.0,1,1,0,1
26,676,12.0,40.0,4,600000.0,4.0,0,0,0,1
25,625,9.0,56.0,6,500000.0,8.0,0,0,1,0
63,3969,15.0,32.0,4,80000.0,3.0,0,1,1,0
32,1024,17.0,42.0,1,2000000.0,3.0,0,0,0,1
39,1521,17.0,25.0,3,510000.0,11.0,0,1,1,1
38,1444,17.0,25.0,3,1600000.0,9.0,1,1,1,1
20,400,12.0,36.0,5,100000.0,2.0,0,0,1,0
27,729,11.0,40.0,3,600000.0,3.0,0,1,1,0
39,1521,17.0,44.0,3,600000.0,1.0,1,1,0,1
33,1089,7.0,60.0,4,1500000.0,7.0,0,1,1,1
60,3600,15.0,8.0,1,160000.0,1.0,1,0,0,1
35,1225,17.0,25.0,4,1500000.0,12.0,1,1,1,1
45,2025,17.0,46.0,4,1000000.0,1.0,0,1,0,0
44,1936,12.0,56.0,5,900000.0,10.0,0,1,1,1
47,2209,16.0,56.0,5,400000.0,1.0,1,1,0,1
23,529,8.0,48.0,3,0.0,7.0,0,1,1,0
62,3844,10.0,70.0,4,800000.0,11.0,0,1,1,0
57,3249,8.0,70.0,4,50000.0,1.0,1,1,0,0
50,2500,10.0,50.0,7,224000.0,3.0,1,0,0,0
29,841,15.0,44.0,3,350000.0,2.0,0,1,1,0
46,2116,17.0,55.0,1,1400000.0,9.0,0,0,1,1
23,529,12.0,57.0,4,700000.0,1.0,0,1,0,1
28,784,14.0,57.0,4,200000.0,1.0,1,1,0,1
45,2025,17.0,30.0,4,900000.0,8.0,1,1,1,1
43,1849,15.0,30.0,4,500000.0,1.0,0,1,0,1
27,729,10.0,35.0,2,250000.0,6.0,0,0,1,0
28,784,12.0,30.0,6,900000.0,8.0,0,1,1,1
38,1444,12.0,3.0,3,950000.0,8.0,0,1,1,0
50,2500,12.0,30.0,8,440000.0,10.0,0,1,1,1
24,576,9.0,94.0,3,700000.0,3.0,0,0,1,0
56,3136,6.0,18.0,2,440000.0,10.0,0,1,1,1
27,729,9.0,16.0,2,400000.0,1.0,0,1,0,0
31,961,12.0,16.0,2,200000.0,5.0,1,1,1,0
41,1681,6.0,48.0,8,500000.0,1.0,0,1,0,0
35,1225,3.0,48.0,8,300000.0,1.0,1,1,0,1
51,2601,9.0,20.0,3,300000.0,1.0,1,0,0,0
22,484,6.0,20.0,3,400000.0,4.0,0,0,1,0
54,2916,12.0,20.0,3,150000.0,1.0,1,1,0,1
38,1444,15.0,50.0,6,500000.0,7.0,0,1,1,1
43,1849,15.0,20.0,3,450000.0,4.0,1,0,1,0
19,361,13.0,20.0,3,192000.0,1.0,1,0,0,1
43,1849,15.0,14.0,5,150000.0,2.0,1,0,0,0
35,1225,15.0,14.0,5,150000.0,2.0,1,0,0,0
43,1849,13.0,48.0,4,500000.0,1.0,0,1,0,0
38,1444,12.0,48.0,4,200000.0,1.0,1,1,0,1
64,4096,15.0,72.0,1,1500000.0,1.0,1,0,0,1
55,3025,15.0,56.0,2,510000.0,9.0,1,0,1,1
29,841,12.0,35.0,3,180000.0,6.0,1,0,1,0
51,2601,8.0,44.0,2,500000.0,2.0,1,0,0,0
24,576,12.0,30.0,2,800000.0,9.0,0,1,1,1
22,484,12.0,30.0,2,700000.0,5.0,1,1,1,0
34,1156,8.0,12.0,2,600000.0,1.0,0,0,0,0
55,3025,12.0,46.0,2,700000.0,5.0,0,0,0,1
26,676,11.0,40.0,5,800000.0,12.0,0,1,1,1
35,1225,6.0,24.0,4,300000.0,1.0,1,0,0,0
48,2304,12.0,16.0,1,320000.0,6.0,1,0,1,1
39,1521,14.0,40.0,4,1700000.0,9.0,0,1,1,1
50,2500,17.0,48.0,6,900000.0,10.0,1,0,1,1
24,576,11.0,12.0,5,200000.0,6.0,1,0,1,0
30,900,12.0,5.0,4,200000.0,1.0,0,0,0,0
36,1296,8.0,30.0,1,900000.0,10.0,0,0,1,1
32,1024,6.0,70.0,6,850000.0,6.0,0,0,1,0
46,2116,9.0,36.0,2,900000.0,1.0,0,1,0,0
43,1849,17.0,65.0,3,700000.0,8.0,1,0,1,1
26,676,17.0,66.0,3,900000.0,12.0,0,1,1,1
37,1369,12.0,40.0,1,1000000.0,12.0,0,0,1,1
40,1600,14.0,15.0,2,445000.0,3.0,1,0,1,1
56,3136,12.0,18.0,1,440000.0,7.0,1,0,1,1
56,3136,6.0,42.0,4,1000000.0,4.0,1,0,0,0
30,900,17.0,42.0,4,1000000.0,4.0,1,0,0,0
23,529,12.0,42.0,4,1000000.0,4.0,1,0,0,0
23,529,12.0,48.0,3,800000.0,2.0,0,1,0,0
36,1296,12.0,48.0,4,1200000.0,8.0,1,0,1,1
33,1089,6.0,70.0,6,600000.0,5.0,0,0,1,0
38,1444,12.0,30.0,5,880000.0,8.0,0,1,1,1
42,1764,16.0,68.0,4,950000.0,6.0,0,1,1,1
39,1521,13.0,68.0,4,460000.0,12.0,1,1,1,1
58,3364,9.0,20.0,4,1000000.0,11.0,0,1,1,1
36,1296,12.0,20.0,4,700000.0,4.0,0,0,0,1
58,3364,6.0,84.0,4,500000.0,6.0,0,1,1,0
59,3481,6.0,84.0,4,440000.0,6.0,1,1,1,1
29,841,9.0,50.0,3,600000.0,6.0,0,1,1,1
31,961,17.0,50.0,3,940000.0,9.0,1,1,1,1
59,3481,17.0,40.0,2,2300000.0,10.0,0,1,1,1
55,3025,17.0,40.0,2,2000000.0,10.0,1,1,1,1
56,3136,10.0,30.0,2,440000.0,10.0,1,0,1,1
55,3025,12.0,70.0,3,1100000.0,1.0,1,0,0,0
32,1024,15.0,70.0,3,1000000.0,4.0,1,0,1,0
60,3600,15.0,25.0,1,500000.0,7.0,1,0,1,1
60,3600,6.0,63.0,7,400000.0,1.0,0,1,0,0
37,1369,6.0,63.0,7,250000.0,1.0,1,0,0,0
37,1369,8.0,63.0,7,150000.0,1.0,1,0,0,0
50,2500,12.0,30.0,3,900000.0,12.0,1,1,1,1
32,1024,17.0,46.0,2,2300000.0,9.0,1,1,1,1
30,900,15.0,46.0,2,1500000.0,7.0,0,1,1,1
56,3136,12.0,48.0,1,800000.0,3.0,0,0,0,0
44,1936,12.0,59.0,2,1000000.0,3.0,0,1,0,0
40,1600,12.0,59.0,2,400000.0,6.0,1,1,1,1
48,2304,13.0,12.0,6,300000.0,3.0,0,1,1,0
57,3249,15.0,30.0,7,460000.0,8.0,1,1,1,1
60,3600,12.0,30.0,7,800000.0,9.0,0,1,1,1
33,1089,12.0,30.0,7,800000.0,8.0,0,0,1,1
51,2601,12.0,25.0,3,700000.0,2.0,1,0,0,0
31,961,12.0,25.0,3,300000.0,2.0,1,0,0,0
54,2916,8.0,40.0,2,900000.0,11.0,0,0,1,0
52,2704,12.0,30.0,3,900000.0,4.0,0,1,1,0
17,289,9.0,30.0,3,140000.0,1.0,0,0,0,1
50,2500,12.0,48.0,4,1200000.0,11.0,0,1,1,1
46,2116,12.0,48.0,4,900000.0,10.0,1,1,1,1
31,961,17.0,48.0,2,900000.0,8.0,1,1,1,1
29,841,14.0,48.0,2,2000000.0,4.0,0,1,0,1
57,3249,17.0,40.0,5,900000.0,9.0,1,1,1,1
31,961,9.0,30.0,5,440000.0,9.0,1,1,1,1
42,1764,7.0,30.0,5,500000.0,1.0,0,1,0,0
53,2809,12.0,30.0,4,440000.0,9.0,1,0,1,1
29,841,12.0,30.0,4,800000.0,8.0,0,0,1,1
40,1600,6.0,30.0,3,440000.0,8.0,1,1,1,1
37,1369,12.0,30.0,3,1200000.0,9.0,0,1,1,1
22,484,12.0,48.0,1,450000.0,6.0,1,0,1,0
69,4761,6.0,10.0,2,160000.0,1.0,0,1,0,1
70,4900,6.0,12.0,1,800000.0,9.0,0,0,1,1
26,676,13.0,48.0,1,600000.0,2.0,1,0,1,0
24,576,12.0,30.0,3,800000.0,8.0,0,1,1,1
46,2116,6.0,40.0,2,1000000.0,9.0,0,1,1,1
44,1936,6.0,40.0,2,1300000.0,12.0,1,1,1,1
45,2025,15.0,45.0,5,1100000.0,8.0,0,1,1,1
45,2025,15.0,45.0,5,1200000.0,10.0,1,1,1,1
44,1936,15.0,58.0,4,900000.0,2.0,0,1,0,1
35,1225,12.0,58.0,4,600000.0,2.0,1,1,0,1
58,3364,6.0,112.0,6,1150000.0,1.0,1,0,0,0
64,4096,6.0,44.0,3,300000.0,2.0,0,1,0,0
54,2916,12.0,44.0,3,100000.0,1.0,1,1,0,0
24,576,12.0,44.0,3,300000.0,2.0,0,0,0,0
27,729,15.0,30.0,3,1900000.0,9.0,1,1,1,1
26,676,12.0,48.0,1,1000000.0,4.0,1,0,1,1
47,2209,14.0,45.0,5,1000000.0,10.0,0,1,1,1
67,4489,6.0,30.0,2,950000.0,10.0,0,0,1,1
65,4225,6.0,30.0,2,850000.0,9.0,0,0,1,1
66,4356,6.0,24.0,7,150000.0,1.0,0,0,0,1
32,1024,14.0,24.0,3,800000.0,3.0,0,1,0,0
45,2025,6.0,30.0,6,440000.0,10.0,1,0,1,1
22,484,12.0,30.0,6,220000.0,1.0,0,0,0,0
19,361,12.0,30.0,6,150000.0,6.0,0,0,1,0
27,729,9.0,5.0,4,600000.0,7.0,0,0,1,0
35,1225,12.0,112.0,6,200000.0,6.0,1,0,1,1
56,3136,12.0,30.0,2,800000.0,9.0,1,0,1,1
26,676,12.0,24.0,7,440000.0,9.0,1,0,1,1
45,2025,17.0,20.0,3,700000.0,6.0,1,0,1,1
21,441,13.0,20.0,3,650000.0,7.0,0,0,1,1
45,2025,15.0,52.0,4,700000.0,8.0,1,0,1,1
61,3721,12.0,60.0,2,560000.0,2.0,0,1,1,1
41,1681,9.0,36.0,8,950000.0,8.0,1,1,1,1
37,1369,7.0,42.0,2,1500000.0,6.0,0,1,1,1
27,729,12.0,42.0,2,500000.0,6.0,1,1,1,1
58,3364,12.0,35.0,2,1200000.0,9.0,1,0,1,1
58,3364,10.0,40.0,2,1000000.0,10.0,1,1,1,1
30,900,12.0,40.0,3,1000000.0,12.0,0,1,1,1
28,784,12.0,79.0,1,1600000.0,9.0,0,0,1,1
62,3844,15.0,55.0,2,700000.0,1.0,0,1,0,1
51,2601,15.0,55.0,2,1600000.0,8.0,1,1,1,1
65,4225,6.0,47.0,3,980000.0,9.0,0,1,1,1
50,2500,12.0,60.0,8,1000000.0,10.0,1,1,1,1
45,2025,17.0,63.0,4,800000.0,1.0,0,1,0,1
44,1936,17.0,63.0,4,900000.0,8.0,1,1,1,1
21,441,12.0,36.0,8,240000.0,6.0,1,0,1,0
64,4096,6.0,40.0,4,900000.0,8.0,0,0,1,1
35,1225,12.0,40.0,4,440000.0,9.0,1,0,1,1
28,784,12.0,47.0,3,870000.0,7.0,0,0,1,1
52,2704,12.0,48.0,3,1100000.0,12.0,1,0,1,1
45,2025,17.0,48.0,9,4000000.0,1.0,0,1,0,1
25,625,15.0,30.0,2,900000.0,5.0,1,0,1,1
29,841,15.0,59.0,2,600000.0,6.0,0,0,1,0
28,784,15.0,59.0,2,700000.0,7.0,1,0,1,1
50,2500,9.0,36.0,8,1000000.0,8.0,0,1,1,1
29,841,12.0,40.0,4,1300000.0,11.0,0,1,1,1
51,2601,12.0,30.0,2,460000.0,11.0,1,0,1,1
66,4356,6.0,48.0,1,600000.0,4.0,0,0,0,1
41,1681,12.0,36.0,4,440000.0,9.0,1,0,1,1
46,2116,15.0,28.0,4,1000000.0,10.0,1,0,1,1
41,1681,12.0,30.0,3,460000.0,8.0,1,1,1,1
39,1521,3.0,30.0,3,460000.0,8.0,0,1,1,1
32,1024,16.0,36.0,2,1100000.0,1.0,0,0,0,1
43,1849,15.0,48.0,3,950000.0,8.0,0,0,1,1
58,3364,12.0,35.0,4,900000.0,9.0,0,1,1,1
47,2209,12.0,35.0,4,200000.0,7.0,1,1,1,1
51,2601,6.0,56.0,4,800000.0,1.0,0,1,0,0
47,2209,6.0,56.0,4,1000000.0,1.0,1,1,0,0
31,961,12.0,56.0,3,1000000.0,7.0,1,0,1,1
60,3600,6.0,12.0,1,900000.0,9.0,0,0,1,1
55,3025,12.0,48.0,5,1800000.0,10.0,0,1,1,1
29,841,17.0,48.0,5,500000.0,10.0,1,0,1,1
37,1369,17.0,40.0,1,900000.0,6.0,0,0,1,1
72,5184,15.0,48.0,3,225000.0,8.0,1,0,1,1
36,1296,12.0,24.0,3,440000.0,8.0,1,0,1,1
50,2500,14.0,45.0,2,1000000.0,6.0,1,0,1,1
68,4624,17.0,40.0,1,1000000.0,8.0,1,0,1,1
44,1936,9.0,40.0,2,1000000.0,8.0,0,0,1,1
37,1369,6.0,9.0,5,150000.0,2.0,0,1,0,0
19,361,12.0,9.0,5,50000.0,2.0,0,0,1,0
44,1936,12.0,48.0,3,500000.0,7.0,1,0,1,0
62,3844,6.0,48.0,3,1300000.0,9.0,0,0,1,1
32,1024,17.0,72.0,3,2000000.0,1.0,0,0,0,0
22,484,13.0,72.0,3,800000.0,1.0,1,0,0,0
52,2704,12.0,44.0,4,1000000.0,6.0,0,1,1,1
57,3249,14.0,8.0,1,180000.0,1.0,0,0,0,0
33,1089,9.0,24.0,3,240000.0,3.0,0,1,1,0
35,1225,8.0,24.0,5,400000.0,4.0,0,1,1,0
56,3136,12.0,20.0,4,870000.0,7.0,0,1,1,1
25,625,15.0,20.0,4,500000.0,4.0,0,0,1,1
21,441,7.0,48.0,3,800000.0,9.0,0,0,1,1
31,961,12.0,20.0,4,150000.0,1.0,1,0,0,0
63,3969,6.0,35.0,7,700000.0,1.0,0,0,0,0
34,1156,15.0,35.0,7,300000.0,1.0,1,0,0,0
36,1296,6.0,35.0,7,300000.0,2.0,0,0,1,0
38,1444,12.0,48.0,3,400000.0,1.0,1,0,0,0
26,676,12.0,30.0,4,440000.0,9.0,1,0,1,1
48,2304,12.0,36.0,6,10000000.0,5.0,0,1,0,1
34,1156,12.0,48.0,4,1500000.0,8.0,0,1,1,1
31,961,10.0,48.0,4,200000.0,6.0,1,1,1,1
31,961,12.0,35.0,7,440000.0,8.0,0,0,1,1
32,1024,17.0,50.0,1,1200000.0,10.0,1,0,1,1
23,529,12.0,15.0,3,500000.0,1.0,0,0,0,0
64,4096,6.0,42.0,1,600000.0,1.0,0,0,0,0
58,3364,12.0,44.0,2,1000000.0,5.0,1,0,1,1
35,1225,6.0,40.0,4,1100000.0,12.0,1,0,1,1
28,784,15.0,30.0,4,1000000.0,8.0,0,0,1,1
30,900,12.0,15.0,3,500000.0,5.0,0,0,1,0
45,2025,17.0,55.0,7,700000.0,11.0,1,1,1,1
46,2116,15.0,55.0,7,1200000.0,9.0,0,1,1,1
33,1089,17.0,45.0,4,780000.0,9.0,1,0,1,1
54,2916,6.0,24.0,4,440000.0,7.0,1,0,1,1
41,1681,6.0,54.0,1,700000.0,1.0,0,0,0,0
67,4489,12.0,48.0,2,1000000.0,1.0,0,1,0,1
48,2304,15.0,48.0,2,900000.0,9.0,1,1,1,1
29,841,12.0,55.0,2,400000.0,1.0,0,1,0,0
26,676,17.0,55.0,2,1250000.0,7.0,1,1,1,1
52,2704,12.0,30.0,3,950000.0,8.0,1,0,1,1
31,961,9.0,30.0,3,460000.0,8.0,0,0,1,1
47,2209,12.0,30.0,2,800000.0,7.0,1,0,1,1
28,784,8.0,30.0,2,800000.0,7.0,0,0,1,1
48,2304,12.0,40.0,4,1200000.0,9.0,1,0,1,1
49,2401,9.0,60.0,1,600000.0,1.0,0,0,0,1
40,1600,6.0,24.0,5,100000.0,1.0,1,1,0,1
40,1600,6.0,24.0,5,400000.0,1.0,0,1,0,0
43,1849,19.0,30.0,5,1000000.0,7.0,1,1,1,1
50,2500,17.0,40.0,3,500000.0,1.0,1,0,0,1
51,2601,17.0,84.0,6,1000000.0,2.0,0,1,0,1
45,2025,15.0,20.0,1,300000.0,7.0,1,0,1,0
25,625,15.0,56.0,4,900000.0,5.0,0,0,1,1
54,2916,6.0,48.0,6,990000.0,9.0,0,1,1,1
57,3249,17.0,50.0,3,2200000.0,8.0,0,1,1,1
54,2916,17.0,50.0,3,1500000.0,7.0,1,1,1,1
26,676,14.0,50.0,3,480000.0,1.0,1,0,0,1
31,961,12.0,45.0,1,1200000.0,7.0,1,0,0,1
63,3969,14.0,25.0,1,400000.0,1.0,0,0,0,0
60,3600,17.0,12.0,4,500000.0,1.0,0,1,0,1
44,1936,12.0,16.0,2,1000000.0,4.0,0,1,0,1
42,1764,17.0,16.0,2,1000000.0,7.0,1,1,1,1
32,1024,17.0,0.0,2,3500000.0,11.0,1,1,1,1
26,676,14.0,0.0,2,2000000.0,11.0,0,1,1,1
40,1600,12.0,8.0,6,400000.0,2.0,0,1,0,0
40,1600,12.0,8.0,6,476000.0,2.0,1,1,1,1
60,3600,12.0,60.0,2,1200000.0,12.0,0,0,1,1
28,784,15.0,60.0,2,300000.0,2.0,1,0,0,0
46,2116,12.0,91.0,6,1060000.0,8.0,0,1,1,1
43,1849,6.0,74.0,4,400000.0,2.0,1,0,0,1
61,3721,17.0,50.0,5,1000000.0,8.0,0,1,1,1
54,2916,15.0,50.0,5,1200000.0,9.0,1,1,1,1
53,2809,17.0,35.0,4,2000000.0,12.0,0,1,1,1
45,2025,15.0,62.0,2,700000.0,1.0,1,0,0,1
29,841,13.0,40.0,1,510000.0,1.0,0,0,0,1
43,1849,19.0,47.0,2,1300000.0,10.0,0,1,1,1
48,2304,15.0,47.0,2,700000.0,5.0,1,1,0,1
69,4761,14.0,25.0,2,500000.0,2.0,0,1,0,1
65,4225,12.0,25.0,2,500000.0,2.0,1,1,0,1
50,2500,12.0,42.0,5,1000000.0,12.0,0,1,1,1
49,2401,15.0,12.0,4,100000.0,3.0,1,1,1,1
56,3136,17.0,12.0,4,1000000.0,9.0,0,1,1,1
34,1156,6.0,20.0,3,500000.0,6.0,1,0,1,0
41,1681,12.0,45.0,4,1200000.0,9.0,0,1,1,1
59,3481,15.0,40.0,3,1400000.0,12.0,1,0,1,1
28,784,12.0,40.0,3,100000.0,1.0,0,0,0,0
64,4096,9.0,40.0,3,1500000.0,6.0,1,1,1,1
64,4096,8.0,40.0,3,1000000.0,2.0,0,1,0,1
28,784,12.0,40.0,3,500000.0,2.0,0,0,1,0
30,900,15.0,10.0,3,1000000.0,4.0,0,0,0,1
50,2500,17.0,36.0,3,900000.0,9.0,1,1,1,1
57,3249,12.0,36.0,3,700000.0,10.0,0,1,1,1
40,1600,16.0,50.0,1,900000.0,9.0,1,0,1,1
39,1521,14.0,20.0,3,90000.0,1.0,1,1,0,0
42,1764,15.0,20.0,3,1300000.0,12.0,0,1,1,1
59,3481,15.0,30.0,3,800000.0,12.0,1,1,1,1
31,961,6.0,84.0,4,0.0,1.0,1,1,0,0
24,576,12.0,84.0,4,1000000.0,3.0,0,1,0,0
62,3844,6.0,24.0,5,200000.0,1.0,0,1,0,0
38,1444,6.0,24.0,5,500000.0,3.0,0,0,1,0
44,1936,12.0,52.0,5,1900000.0,1.0,0,1,0,1
41,1681,15.0,52.0,5,900000.0,8.0,1,1,1,1
52,2704,14.0,70.0,2,3000000.0,6.0,0,1,0,1
50,2500,14.0,70.0,2,2000000.0,1.0,1,1,0,1
50,2500,15.0,40.0,1,2500000.0,11.0,1,0,1,1
46,2116,14.0,56.0,2,6000000.0,6.0,1,0,0,1
63,3969,6.0,35.0,2,1200000.0,8.0,0,1,1,1
62,3844,6.0,35.0,2,500000.0,4.0,1,1,1,1
39,1521,17.0,35.0,2,800000.0,8.0,1,0,1,1
52,2704,4.0,70.0,2,600000.0,8.0,1,0,1,1
18,324,8.0,70.0,2,450000.0,8.0,1,0,1,1
81,6561,12.0,36.0,1,800000.0,1.0,0,0,0,1
55,3025,12.0,15.0,1,50000.0,12.0,1,0,1,0
58,3364,5.0,30.0,2,200000.0,1.0,1,0,0,1
50,2500,14.0,30.0,3,1900000.0,10.0,1,0,1,1
43,1849,12.0,48.0,4,1500000.0,9.0,1,1,1,1
67,4489,6.0,40.0,4,1000000.0,7.0,0,1,1,1
31,961,9.0,48.0,4,800000.0,8.0,1,1,1,1
31,961,6.0,48.0,4,1000000.0,9.0,0,1,1,1
35,1225,16.0,40.0,2,1000000.0,6.0,1,1,1,1
36,1296,16.0,40.0,2,1000000.0,7.0,0,1,1,1
73,5329,9.0,3.0,1,60000.0,5.0,0,0,1,1
50,2500,14.0,48.0,2,1350000.0,7.0,1,1,1,1
52,2704,9.0,48.0,2,850000.0,10.0,0,1,1,1
51,2601,15.0,46.0,4,900000.0,10.0,1,1,1,1
52,2704,17.0,46.0,4,900000.0,9.0,0,1,1,1
50,2500,19.0,56.0,5,450000.0,3.0,0,1,0,1
48,2304,17.0,56.0,5,1000000.0,8.0,1,1,1,1
64,4096,13.0,20.0,1,1000000.0,1.0,0,0,0,1
58,3364,15.0,55.0,3,1200000.0,9.0,0,1,1,1
56,3136,6.0,20.0,6,500000.0,1.0,1,0,0,0
26,676,10.0,20.0,6,0.0,3.0,0,0,0,0
24,576,10.0,20.0,6,0.0,3.0,0,0,0,0
38,1444,17.0,20.0,2,100000.0,1.0,0,0,0,1
30,900,12.0,45.0,1,1500000.0,11.0,0,0,1,1
47,2209,12.0,42.0,3,1200000.0,9.0,0,1,1,1
43,1849,12.0,36.0,4,200000.0,1.0,1,1,0,1
38,1444,12.0,63.0,1,900000.0,9.0,1,0,1,1
31,961,12.0,36.0,1,0.0,2.0,1,0,1,1
29,841,15.0,40.0,3,1500000.0,8.0,0,1,1,1
34,1156,12.0,48.0,2,800000.0,7.0,1,0,1,1
41,1681,12.0,40.0,6,950000.0,7.0,1,1,1,1
41,1681,15.0,40.0,6,950000.0,7.0,0,1,1,1
63,3969,12.0,45.0,1,700000.0,1.0,0,0,0,1
40,1600,13.0,45.0,4,1000000.0,10.0,0,1,1,1
42,1764,13.0,45.0,4,460000.0,3.0,1,1,1,1
22,484,12.0,56.0,5,500000.0,2.0,0,0,1,1
49,2401,15.0,35.0,2,2500000.0,8.0,0,1,1,1
54,2916,12.0,35.0,2,550000.0,7.0,1,1,1,1
23,529,12.0,55.0,3,400000.0,4.0,0,0,0,1
62,3844,6.0,40.0,3,1600000.0,3.0,0,1,1,1
30,900,17.0,44.0,2,2000000.0,6.0,0,1,0,1
30,900,17.0,44.0,2,2000000.0,7.0,1,1,1,1
41,1681,12.0,48.0,3,1300000.0,11.0,1,1,1,1
39,1521,12.0,48.0,3,1000000.0,11.0,0,1,1,1
53,2809,8.0,36.0,2,300000.0,1.0,1,1,0,0
57,3249,6.0,36.0,2,500000.0,2.0,0,1,0,0
30,900,8.0,54.0,3,1300000.0,4.0,0,1,0,1
39,1521,14.0,12.0,3,50000.0,1.0,1,0,0,1
69,4761,6.0,56.0,3,200000.0,1.0,0,1,0,1
51,2601,17.0,30.0,7,920000.0,8.0,1,0,1,1
28,784,12.0,30.0,7,800000.0,9.0,1,1,1,1
32,1024,6.0,30.0,7,220000.0,9.0,0,1,1,1
41,1681,17.0,50.0,1,2500000.0,10.0,0,0,1,1
27,729,12.0,60.0,1,1400000.0,12.0,1,0,1,1
57,3249,14.0,36.0,4,670000.0,8.0,1,0,1,1
32,1024,12.0,32.0,1,1200000.0,7.0,0,0,1,1
35,1225,8.0,36.0,5,1100000.0,7.0,0,1,1,1
36,1296,12.0,36.0,5,945000.0,10.0,1,1,1,1
34,1156,17.0,50.0,3,1400000.0,12.0,0,1,1,1
32,1024,17.0,50.0,3,2056000.0,6.0,1,1,1,1
59,3481,17.0,30.0,3,2300000.0,11.0,1,1,1,1
32,1024,12.0,30.0,3,2000000.0,2.0,0,0,0,1
35,1225,11.0,45.0,4,200000.0,3.0,0,1,1,1
31,961,15.0,45.0,4,0.0,1.0,1,1,0,1
61,3721,3.0,48.0,2,600000.0,4.0,0,1,0,1
54,2916,6.0,48.0,2,560000.0,1.0,1,1,0,1
47,2209,12.0,25.0,2,100000.0,3.0,1,0,1,1
47,2209,12.0,74.0,4,1500000.0,1.0,0,1,0,1
33,1089,15.0,48.0,3,950000.0,12.0,1,0,1,1
22,484,12.0,20.0,5,400000.0,1.0,0,0,0,0
51,2601,10.0,45.0,4,1000000.0,6.0,0,1,1,1
37,1369,15.0,30.0,3,1000000.0,6.0,0,1,1,1
30,900,12.0,30.0,3,1000000.0,1.0,1,1,0,1
37,1369,19.0,40.0,4,1800000.0,9.0,0,1,1,1
36,1296,15.0,40.0,4,400000.0,1.0,1,1,0,1
53,2809,12.0,35.0,4,1000000.0,8.0,1,0,1,1
69,4761,14.0,35.0,1,1500000.0,9.0,1,0,1,1
48,2304,15.0,40.0,3,2100000.0,7.0,0,0,1,1
32,1024,15.0,40.0,3,436000.0,6.0,1,0,1,1
59,3481,9.0,35.0,3,1500000.0,12.0,0,1,1,1
45,2025,6.0,84.0,4,1200000.0,7.0,1,1,1,1
25,625,8.0,84.0,4,400000.0,6.0,0,0,1,1
43,1849,6.0,30.0,2,700000.0,3.0,1,0,1,1
41,1681,6.0,31.0,4,900000.0,2.0,0,1,0,0
19,361,8.0,31.0,4,240000.0,2.0,0,0,1,0
28,784,15.0,25.0,2,300000.0,12.0,1,0,1,1
50,2500,8.0,48.0,4,480000.0,1.0,1,0,0,0
58,3364,17.0,48.0,4,2500000.0,12.0,0,1,1,1
57,3249,17.0,48.0,4,800000.0,1.0,1,1,0,1
22,484,16.0,48.0,4,0.0,4.0,1,0,1,1
64,4096,12.0,60.0,1,500000.0,8.0,0,0,1,1
38,1444,12.0,45.0,2,1250000.0,10.0,0,1,1,1
36,1296,12.0,45.0,2,850000.0,7.0,1,1,1,1
60,3600,8.0,45.0,2,2000000.0,11.0,0,1,1,1
47,2209,12.0,45.0,1,1500000.0,11.0,1,0,1,1
34,1156,13.0,40.0,3,800000.0,11.0,1,0,1,1
36,1296,12.0,12.0,8,230000.0,1.0,1,1,0,0
39,1521,12.0,40.0,6,800000.0,11.0,0,1,1,1
33,1089,12.0,40.0,6,800000.0,11.0,1,1,1,1
33,1089,10.0,66.0,7,1200000.0,9.0,0,1,1,1
38,1444,12.0,66.0,7,480000.0,6.0,1,1,1,1
30,900,19.0,25.0,2,1000000.0,8.0,0,1,1,1
30,900,17.0,25.0,2,900000.0,9.0,1,1,1,1
46,2116,12.0,40.0,1,1800000.0,8.0,0,0,1,1
28,784,6.0,40.0,4,1500000.0,6.0,0,1,1,1
71,5041,6.0,6.0,2,200000.0,1.0,0,1,0,1
48,2304,15.0,43.0,1,1630000.0,7.0,1,0,1,1
64,4096,0.0,105.0,1,5000000.0,5.0,1,0,0,0
75,5625,9.0,35.0,2,500000.0,2.0,0,1,0,1
66,4356,15.0,40.0,2,800000.0,2.0,1,0,0,1
38,1444,12.0,40.0,2,800000.0,2.0,1,0,0,1
59,3481,17.0,40.0,4,1800000.0,9.0,0,1,1,1
61,3721,17.0,40.0,4,900000.0,9.0,1,1,1,1
27,729,19.0,40.0,4,190000.0,10.0,0,0,1,1
65,4225,17.0,30.0,2,300000.0,1.0,1,0,0,1
43,1849,12.0,48.0,1,2000000.0,3.0,1,0,1,1
22,484,10.0,68.0,2,360000.0,3.0,0,1,1,0
44,1936,17.0,48.0,5,1500000.0,12.0,1,1,1,1
45,2025,17.0,48.0,5,600000.0,9.0,0,1,1,1
42,1764,8.0,44.0,6,1300000.0,7.0,0,1,1,1
67,4489,17.0,48.0,1,3000000.0,1.0,0,0,0,1
40,1600,15.0,30.0,1,900000.0,6.0,0,0,1,1
42,1764,17.0,35.0,1,2000000.0,9.0,1,0,1,1
27,729,12.0,60.0,4,700000.0,1.0,1,0,0,0
30,900,17.0,48.0,3,900000.0,6.0,0,1,1,1
27,729,12.0,30.0,5,100000.0,1.0,1,0,0,0
22,484,12.0,30.0,5,450000.0,1.0,1,0,0,0
46,2116,15.0,45.0,2,2000000.0,10.0,0,1,1,1
46,2116,17.0,40.0,4,2500000.0,5.0,0,1,0,1
75,5625,19.0,6.0,2,1500000.0,2.0,0,1,0,1
41,1681,10.0,14.0,4,750000.0,2.0,0,1,0,1
46,2116,15.0,14.0,4,1400000.0,10.0,1,1,1,1
61,3721,15.0,40.0,3,600000.0,1.0,1,0,0,1
34,1156,17.0,40.0,3,400000.0,1.0,1,0,0,0
48,2304,15.0,20.0,2,1000000.0,12.0,1,0,1,1
54,2916,12.0,48.0,2,1650000.0,7.0,0,1,1,1
30,900,15.0,30.0,3,950000.0,11.0,1,1,1,1
24,576,14.0,48.0,2,1200000.0,8.0,0,1,1,1
24,576,14.0,48.0,2,1200000.0,7.0,1,1,1,1
44,1936,12.0,40.0,4,1500000.0,11.0,0,1,1,1
35,1225,17.0,39.0,2,800000.0,8.0,1,0,1,1
42,1764,12.0,48.0,4,1500000.0,8.0,0,1,1,1
43,1849,16.0,36.0,4,600000.0,1.0,1,1,0,0
41,1681,7.0,36.0,4,2000000.0,1.0,0,1,0,0
30,900,19.0,45.0,1,1200000.0,10.0,1,0,1,1
22,484,14.0,16.0,1,0.0,1.0,1,0,0,1
37,1369,17.0,29.0,3,750000.0,7.0,0,1,1,1
37,1369,15.0,29.0,3,1000000.0,8.0,1,1,1,1
30,900,17.0,16.0,1,800000.0,6.0,1,0,1,0
63,3969,6.0,40.0,2,600000.0,6.0,0,1,1,1
40,1600,9.0,30.0,3,650000.0,1.0,0,1,0,0
32,1024,12.0,30.0,3,1000000.0,11.0,0,0,1,1
48,2304,13.0,54.0,2,1500000.0,9.0,1,0,1,1
49,2401,17.0,50.0,4,2200000.0,11.0,0,1,1,1
38,1444,12.0,45.0,2,900000.0,7.0,1,0,1,1
44,1936,9.0,48.0,4,950000.0,6.0,1,1,1,1
45,2025,8.0,20.0,5,495000.0,8.0,1,0,1,1
58,3364,6.0,56.0,1,1600000.0,1.0,0,0,0,0
38,1444,6.0,48.0,4,380000.0,5.0,0,1,1,0
57,3249,12.0,48.0,6,550000.0,3.0,0,0,1,0
22,484,12.0,48.0,6,350000.0,3.0,0,0,1,0
47,2209,12.0,48.0,6,480000.0,3.0,0,1,1,0
25,625,17.0,36.0,2,1200000.0,9.0,1,1,1,1
31,961,12.0,36.0,2,1200000.0,9.0,0,1,1,1
46,2116,12.0,48.0,1,600000.0,2.0,0,0,0,0
49,2401,17.0,30.0,5,800000.0,7.0,1,1,1,1
32,1024,17.0,40.0,1,1500000.0,9.0,0,0,1,1
36,1296,9.0,48.0,1,900000.0,6.0,0,0,1,1
27,729,12.0,45.0,1,900000.0,4.0,1,0,1,1
50,2500,9.0,48.0,4,2200000.0,8.0,0,0,1,1
52,2704,6.0,40.0,5,1800000.0,9.0,0,1,1,1
53,2809,9.0,40.0,5,1500000.0,5.0,1,1,1,1
61,3721,13.0,21.0,2,340000.0,2.0,1,1,1,1
31,961,15.0,48.0,1,1000000.0,6.0,0,0,1,1
27,729,10.0,42.0,2,470000.0,2.0,1,1,1,0
24,576,10.0,42.0,2,320000.0,2.0,1,1,1,0
44,1936,15.0,40.0,3,2000000.0,6.0,1,0,1,1
49,2401,9.0,60.0,3,3000000.0,1.0,0,1,0,1
43,1849,12.0,60.0,3,1300000.0,6.0,1,1,1,1
53,2809,14.0,48.0,2,1000000.0,1.0,1,0,0,1
45,2025,15.0,40.0,2,600000.0,8.0,1,0,1,1
54,2916,3.0,48.0,4,420000.0,3.0,0,1,1,0
44,1936,10.0,12.0,5,1500000.0,1.0,0,1,0,0
21,441,12.0,12.0,5,400000.0,2.0,0,0,1,0
50,2500,6.0,48.0,3,600000.0,1.0,0,0,0,0
52,2704,17.0,40.0,3,950000.0,7.0,1,0,1,1
30,900,17.0,40.0,3,900000.0,7.0,1,0,1,1
45,2025,15.0,48.0,2,780000.0,7.0,0,0,1,1
47,2209,12.0,42.0,2,600000.0,7.0,1,0,1,1
37,1369,12.0,30.0,4,2000000.0,8.0,1,1,1,1
34,1156,12.0,30.0,4,1300000.0,10.0,0,1,1,1
44,1936,12.0,40.0,2,1700000.0,10.0,1,0,1,1
26,676,16.0,40.0,2,600000.0,6.0,0,0,1,1
47,2209,8.0,48.0,2,2000000.0,6.0,0,0,1,1
24,576,10.0,48.0,2,500000.0,2.0,0,0,1,1
51,2601,17.0,72.0,3,2800000.0,2.0,0,1,1,1
41,1681,6.0,30.0,4,900000.0,6.0,1,1,1,1
26,676,12.0,72.0,3,1000000.0,11.0,0,1,1,1
25,625,12.0,72.0,3,1500000.0,8.0,1,1,1,1
22,484,14.0,12.0,2,500000.0,6.0,0,0,1,0
45,2025,14.0,32.0,4,1700000.0,6.0,1,1,1,1
49,2401,7.0,40.0,3,800000.0,1.0,0,1,0,0
38,1444,12.0,40.0,3,850000.0,6.0,1,1,1,1
44,1936,12.0,28.0,3,1200000.0,9.0,0,1,1,1
68,4624,9.0,23.0,1,100000.0,2.0,0,0,0,1
36,1296,17.0,40.0,2,0.0,4.0,1,1,0,1
52,2704,15.0,30.0,3,1000000.0,7.0,1,1,1,1
55,3025,12.0,0.0,1,3500000.0,12.0,0,0,1,1
49,2401,15.0,0.0,2,1200000.0,11.0,1,0,1,1
28,784,15.0,48.0,1,1200000.0,4.0,0,0,1,0
44,1936,6.0,30.0,4,50000.0,5.0,0,1,1,1
51,2601,19.0,30.0,2,2500000.0,4.0,1,0,1,1
49,2401,15.0,30.0,2,3000000.0,8.0,0,0,1,1
56,3136,12.0,40.0,3,1500000.0,9.0,0,0,1,1
50,2500,15.0,30.0,2,1000000.0,5.0,1,0,1,1
43,1849,15.0,49.0,4,460000.0,3.0,1,1,1,1
55,3025,15.0,40.0,2,2000000.0,10.0,1,0,1,1
43,1849,7.0,48.0,4,2000000.0,8.0,0,1,1,1
27,729,12.0,45.0,2,1500000.0,6.0,1,0,1,1
43,1849,9.0,40.0,1,600000.0,10.0,0,0,0,1
47,2209,17.0,40.0,3,800000.0,9.0,1,0,1,1
37,1369,7.0,40.0,1,2250000.0,6.0,0,0,1,1
26,676,6.0,35.0,3,1300000.0,12.0,0,1,1,1
38,1444,12.0,35.0,4,1100000.0,12.0,0,1,1,1
56,3136,15.0,35.0,1,1400000.0,9.0,1,0,1,1
67,4489,17.0,45.0,1,2000000.0,2.0,1,0,0,1
27,729,17.0,30.0,1,2500000.0,11.0,0,0,1,1
32,1024,10.0,44.0,1,1000000.0,7.0,0,0,1,1
37,1369,19.0,40.0,3,1100000.0,12.0,1,0,1,1
24,576,14.0,36.0,2,1500000.0,6.0,0,0,1,1
24,576,13.0,36.0,2,1000000.0,1.0,0,0,0,1
45,2025,12.0,6.0,1,700000.0,1.0,0,0,0,1
52,2704,12.0,72.0,2,1400000.0,9.0,1,0,1,1
25,625,12.0,72.0,2,500000.0,5.0,0,0,1,1
30,900,10.0,40.0,3,500000.0,7.0,1,0,1,1
52,2704,12.0,32.0,2,1600000.0,9.0,0,0,1,1
34,1156,17.0,35.0,4,1200000.0,12.0,1,1,1,1
51,2601,12.0,39.0,3,2000000.0,12.0,0,1,1,1
25,625,15.0,35.0,3,1000000.0,12.0,0,1,1,1
28,784,15.0,35.0,3,1048000.0,12.0,1,1,1,1
26,676,15.0,35.0,3,1000000.0,12.0,0,1,1,1
25,625,12.0,35.0,3,1000000.0,12.0,1,1,1,1
60,3600,15.0,48.0,2,600000.0,1.0,0,1,0,0
33,1089,14.0,34.0,1,1500000.0,1.0,0,0,0,1
36,1296,17.0,45.0,1,1500000.0,10.0,0,0,1,1
31,961,17.0,40.0,1,1800000.0,9.0,1,0,1,1
32,1024,15.0,72.0,2,2000000.0,2.0,0,1,0,0
57,3249,15.0,20.0,2,750000.0,8.0,0,1,1,1
51,2601,15.0,20.0,2,400000.0,6.0,1,1,1,1
55,3025,17.0,60.0,4,1800000.0,9.0,0,1,1,1
41,1681,6.0,35.0,3,600000.0,9.0,1,0,1,1
51,2601,12.0,60.0,5,1800000.0,7.0,0,1,1,1
55,3025,15.0,60.0,5,1200000.0,8.0,1,1,1,1
22,484,15.0,60.0,5,2500000.0,9.0,0,1,1,1
38,1444,13.0,30.0,1,1100000.0,9.0,0,0,1,1
55,3025,12.0,45.0,4,1000000.0,6.0,0,1,1,1
29,841,17.0,72.0,2,1000000.0,1.0,1,1,0,0
49,2401,17.0,40.0,1,9400000.0,12.0,0,0,1,1
39,1521,19.0,45.0,2,5000000.0,12.0,1,1,1,1
39,1521,17.0,45.0,2,3000000.0,6.0,0,1,1,1
25,625,16.0,20.0,2,500000.0,7.0,1,0,1,1
57,3249,19.0,59.0,2,2500000.0,7.0,1,0,1,1
50,2500,15.0,40.0,2,750000.0,8.0,1,0,1,1
37,1369,12.0,60.0,2,2000000.0,10.0,0,1,1,1
26,676,17.0,44.0,1,1430000.0,8.0,0,0,1,1
33,1089,15.0,36.0,1,2500000.0,7.0,1,0,1,1
30,900,12.0,51.0,1,1200000.0,11.0,0,0,1,1
26,676,12.0,44.0,1,1200000.0,2.0,0,0,1,1
51,2601,12.0,35.0,1,1900000.0,8.0,1,0,1,1
39,1521,15.0,50.0,1,2500000.0,5.0,0,0,1,1
62,3844,6.0,10.0,2,250000.0,1.0,0,1,0,1
62,3844,6.0,10.0,2,220000.0,1.0,1,1,0,1
43,1849,12.0,70.0,2,300000.0,1.0,1,0,0,1
32,1024,13.0,48.0,1,980000.0,3.0,1,0,1,1
28,784,12.0,60.0,1,1800000.0,1.0,0,0,0,0
35,1225,11.0,21.0,2,1000000.0,1.0,0,0,0,1
32,1024,12.0,21.0,2,1200000.0,10.0,1,0,1,1
25,625,12.0,4.0,1,30000.0,1.0,1,0,0,1
30,900,17.0,40.0,2,3000000.0,10.0,0,1,1,1
28,784,17.0,40.0,2,1000000.0,10.0,1,1,1,1
61,3721,17.0,44.0,2,2175000.0,2.0,1,0,0,1
21,441,12.0,44.0,2,400000.0,2.0,1,0,1,1
31,961,15.0,45.0,1,1500000.0,8.0,1,0,1,1
29,841,17.0,30.0,1,1000000.0,10.0,0,0,1,1
40,1600,13.0,20.0,1,300000.0,9.0,0,0,1,1
32,1024,15.0,45.0,1,900000.0,12.0,0,0,1,1
38,1444,17.0,35.0,1,3300000.0,12.0,0,0,1,1
58,3364,12.0,84.0,3,1000000.0,8.0,0,1,1,1
48,2304,12.0,53.0,4,400000.0,2.0,0,1,0,1
48,2304,12.0,53.0,4,400000.0,3.0,1,1,1,1
45,2025,12.0,72.0,3,560000.0,2.0,0,1,1,0
34,1156,8.0,72.0,3,30000.0,1.0,1,1,0,1
40,1600,17.0,40.0,4,4500000.0,7.0,0,1,1,1
31,961,12.0,40.0,4,350000.0,1.0,1,1,0,1
35,1225,6.0,60.0,3,1300000.0,6.0,0,1,1,1
54,2916,12.0,30.0,3,800000.0,9.0,0,1,1,1
37,1369,12.0,30.0,3,400000.0,2.0,0,0,1,0
51,2601,6.0,45.0,4,1500000.0,11.0,0,1,1,1
46,2116,8.0,45.0,4,1000000.0,8.0,1,1,1,1
24,576,12.0,45.0,4,900000.0,11.0,0,0,1,1
42,1764,7.0,54.0,4,1500000.0,7.0,0,1,1,1
21,441,12.0,54.0,4,1100000.0,7.0,0,0,1,1
34,1156,7.0,3.0,4,78000.0,7.0,1,0,1,0
41,1681,12.0,48.0,4,900000.0,1.0,0,1,0,1
62,3844,2.0,20.0,3,500000.0,1.0,0,1,0,1
38,1444,12.0,35.0,3,1500000.0,9.0,1,0,1,1
59,3481,12.0,42.0,2,1200000.0,12.0,0,1,1,1
26,676,12.0,35.0,2,1000000.0,11.0,0,1,1,1
24,576,12.0,35.0,2,900000.0,12.0,1,1,1,1
30,900,17.0,60.0,1,2700000.0,11.0,1,0,1,1
40,1600,9.0,30.0,1,1100000.0,11.0,1,0,1,1
33,1089,14.0,40.0,2,300000.0,6.0,0,1,1,1
33,1089,14.0,40.0,2,830000.0,3.0,1,1,1,1
42,1764,12.0,20.0,5,1200000.0,1.0,0,1,0,0
32,1024,12.0,45.0,3,1500000.0,10.0,0,1,1,1
51,2601,14.0,56.0,5,400000.0,2.0,0,1,0,0
48,2304,12.0,56.0,5,400000.0,2.0,1,1,0,0
52,2704,6.0,40.0,2,600000.0,9.0,0,1,1,1
48,2304,12.0,4.0,4,1200000.0,6.0,0,1,1,1
27,729,12.0,4.0,4,800000.0,5.0,0,0,1,1
60,3600,17.0,10.0,1,1000000.0,1.0,1,0,0,1
49,2401,7.0,48.0,4,1310000.0,10.0,0,1,1,1
40,1600,15.0,40.0,1,800000.0,12.0,1,0,1,1
45,2025,8.0,6.0,3,1000000.0,4.0,0,1,1,1
27,729,0.0,36.0,2,250000.0,1.0,0,1,0,0
53,2809,12.0,48.0,2,750000.0,1.0,0,1,0,0
36,1296,15.0,55.0,1,600000.0,7.0,0,0,1,1
45,2025,15.0,36.0,5,1300000.0,12.0,0,1,1,1
38,1444,14.0,36.0,5,500000.0,2.0,1,1,1,1
42,1764,12.0,30.0,3,550000.0,3.0,1,0,1,0
23,529,12.0,30.0,2,400000.0,1.0,1,0,0,0
31,961,12.0,45.0,1,1500000.0,11.0,0,0,1,1
44,1936,6.0,70.0,6,940000.0,6.0,0,1,1,1
20,400,12.0,70.0,6,0.0,7.0,0,0,1,1
35,1225,15.0,20.0,4,700000.0,6.0,1,1,1,1
36,1296,12.0,20.0,4,800000.0,1.0,0,1,0,1
46,2116,17.0,56.0,3,800000.0,5.0,0,1,1,1
50,2500,15.0,42.0,3,450000.0,4.0,0,0,1,0
54,2916,12.0,45.0,2,800000.0,2.0,0,1,1,0
47,2209,6.0,4.0,4,150000.0,1.0,1,1,0,1
59,3481,6.0,4.0,4,360000.0,6.0,0,1,1,0
69,4761,7.0,20.0,2,0.0,2.0,0,1,0,1
70,4900,7.0,20.0,2,300000.0,1.0,1,1,0,1
55,3025,10.0,35.0,2,750000.0,11.0,0,0,1,1
36,1296,17.0,45.0,1,900000.0,9.0,0,0,1,1
50,2500,14.0,6.0,1,500000.0,1.0,1,0,0,1
43,1849,15.0,40.0,1,1200000.0,1.0,1,0,0,1
54,2916,12.0,48.0,3,800000.0,3.0,1,1,1,1
50,2500,12.0,48.0,3,1000000.0,3.0,0,1,0,1
34,1156,8.0,48.0,3,700000.0,3.0,0,0,1,1
45,2025,15.0,24.0,4,1800000.0,6.0,1,1,1,1
57,3249,12.0,15.0,5,0.0,1.0,0,1,0,0
51,2601,10.0,35.0,3,1200000.0,7.0,0,0,1,1
22,484,12.0,35.0,3,800000.0,2.0,1,0,1,1
45,2025,17.0,35.0,3,2000000.0,9.0,0,1,1,1
55,3025,17.0,40.0,8,3500000.0,11.0,1,1,1,1
64,4096,17.0,40.0,8,200000.0,1.0,0,1,0,1
31,961,13.0,40.0,8,900000.0,12.0,0,0,1,1
29,841,13.0,40.0,8,600000.0,4.0,0,0,1,1
25,625,15.0,40.0,8,700000.0,9.0,1,0,1,1
47,2209,12.0,24.0,4,1500000.0,10.0,0,1,1,1
54,2916,7.0,48.0,2,900000.0,2.0,0,1,0,0
36,1296,15.0,40.0,4,2500000.0,9.0,0,0,1,1
57,3249,12.0,40.0,4,1000000.0,2.0,1,0,1,1
78,6084,6.0,24.0,1,250000.0,1.0,1,0,0,1
54,2916,12.0,44.0,3,800000.0,5.0,0,1,1,0
52,2704,17.0,60.0,1,4200000.0,10.0,1,0,1,1
45,2025,15.0,20.0,2,900000.0,8.0,1,0,1,1
60,3600,14.0,48.0,2,8000000.0,8.0,0,1,0,1
56,3136,17.0,48.0,2,2000000.0,11.0,1,1,1,1
53,2809,6.0,26.0,6,500000.0,1.0,0,1,1,0
87,7569,6.0,48.0,1,300000.0,1.0,1,0,0,1
32,1024,17.0,60.0,3,1700000.0,12.0,0,1,1,1
52,2704,15.0,40.0,3,1000000.0,5.0,1,0,1,1
28,784,14.0,40.0,3,400000.0,12.0,1,0,1,1
34,1156,8.0,53.0,4,1100000.0,9.0,0,1,1,1
39,1521,9.0,48.0,4,1000000.0,1.0,0,1,0,0
36,1296,17.0,48.0,4,4000000.0,1.0,1,1,0,0
24,576,6.0,36.0,2,400000.0,4.0,0,1,1,0
50,2500,12.0,38.0,9,900000.0,2.0,0,1,0,0
39,1521,12.0,28.0,1,500000.0,6.0,1,0,0,1
64,4096,6.0,50.0,6,800000.0,7.0,0,1,1,1
23,529,12.0,50.0,6,200000.0,2.0,1,0,0,0
20,400,12.0,50.0,6,200000.0,2.0,1,0,0,1
27,729,6.0,25.0,1,300000.0,1.0,1,0,0,0
42,1764,6.0,48.0,5,1300000.0,4.0,0,1,1,0
40,1600,8.0,48.0,5,800000.0,2.0,1,1,0,0
54,2916,16.0,40.0,1,3000000.0,11.0,1,0,1,1
55,3025,13.0,45.0,2,2000000.0,12.0,0,1,1,1
53,2809,14.0,45.0,2,2000000.0,12.0,1,1,1,1
41,1681,18.0,40.0,4,2900000.0,7.0,0,1,1,1
37,1369,17.0,40.0,4,4500000.0,6.0,1,1,0,1
34,1156,12.0,24.0,1,750000.0,6.0,0,0,1,0
51,2601,12.0,48.0,3,1000000.0,11.0,0,1,1,1
22,484,13.0,30.0,1,600000.0,6.0,0,0,1,1
52,2704,9.0,49.0,3,800000.0,5.0,0,1,1,0
49,2401,8.0,49.0,3,600000.0,1.0,1,1,0,0
28,784,12.0,49.0,3,400000.0,5.0,0,0,1,0
72,5184,8.0,30.0,2,800000.0,1.0,0,1,0,1
46,2116,17.0,64.0,4,1400000.0,10.0,1,0,1,1
51,2601,12.0,30.0,7,500000.0,1.0,0,1,0,1
47,2209,12.0,30.0,7,900000.0,9.0,1,1,1,1
43,1849,12.0,33.0,3,600000.0,1.0,0,1,0,0
40,1600,12.0,33.0,3,78000.0,7.0,1,1,1,0
48,2304,13.0,48.0,2,500000.0,1.0,0,0,0,0
58,3364,6.0,40.0,2,750000.0,5.0,0,1,1,1
60,3600,9.0,16.0,2,350000.0,1.0,1,0,0,0
49,2401,15.0,25.0,3,1200000.0,8.0,1,0,1,1
64,4096,15.0,32.0,1,250000.0,2.0,0,0,1,1
68,4624,6.0,35.0,2,150000.0,1.0,0,1,0,1
65,4225,14.0,44.0,2,2000000.0,10.0,0,1,1,1
45,2025,6.0,48.0,4,600000.0,5.0,0,1,1,1
24,576,12.0,48.0,4,400000.0,5.0,0,0,1,0
44,1936,14.0,40.0,3,1600000.0,10.0,0,0,1,1
54,2916,12.0,35.0,1,800000.0,7.0,0,0,1,1
33,1089,12.0,24.0,4,800000.0,7.0,0,1,1,1
50,2500,14.0,45.0,2,750000.0,9.0,1,0,1,1
23,529,12.0,30.0,4,450000.0,6.0,0,0,1,0
25,625,12.0,30.0,4,600000.0,6.0,0,0,1,0
44,1936,9.0,56.0,3,1000000.0,8.0,1,1,1,1
58,3364,6.0,56.0,3,4000000.0,11.0,0,1,1,1
33,1089,13.0,44.0,1,1570000.0,10.0,0,0,1,1
49,2401,15.0,60.0,2,350000.0,1.0,1,0,0,0
24,576,12.0,52.0,6,500000.0,1.0,1,0,0,0
50,2500,6.0,52.0,6,600000.0,2.0,1,0,0,1
30,900,12.0,52.0,6,500000.0,2.0,1,0,1,0
51,2601,15.0,42.0,7,650000.0,1.0,0,1,0,0
25,625,15.0,42.0,7,350000.0,1.0,1,0,0,0
26,676,17.0,40.0,2,900000.0,8.0,0,1,1,1
30,900,16.0,24.0,1,600000.0,1.0,1,0,0,0
70,4900,12.0,45.0,4,700000.0,2.0,0,1,1,1
34,1156,7.0,45.0,4,1000000.0,1.0,0,0,0,1
41,1681,15.0,48.0,4,1100000.0,8.0,1,1,1,1
43,1849,12.0,40.0,2,900000.0,1.0,0,0,0,1
30,900,12.0,30.0,2,900000.0,2.0,0,1,1,1
35,1225,12.0,45.0,5,2000000.0,9.0,0,1,1,1
57,3249,7.0,18.0,3,800000.0,1.0,0,1,0,1
54,2916,12.0,18.0,3,200000.0,1.0,1,1,0,1
55,3025,6.0,30.0,7,1500000.0,3.0,0,1,1,0
30,900,12.0,30.0,7,1800000.0,3.0,0,0,1,0
36,1296,12.0,30.0,7,520000.0,4.0,1,0,1,1
50,2500,6.0,44.0,4,1000000.0,10.0,0,1,1,1
20,400,12.0,18.0,2,60000.0,6.0,1,0,1,1
39,1521,6.0,68.0,1,400000.0,2.0,0,0,1,0
35,1225,12.0,40.0,3,800000.0,6.0,0,1,1,1
30,900,12.0,40.0,3,600000.0,1.0,1,1,0,1
52,2704,6.0,29.0,4,350000.0,1.0,0,0,0,0
46,2116,6.0,29.0,4,700000.0,3.0,0,0,1,0
40,1600,8.0,29.0,4,700000.0,6.0,0,0,1,1
25,625,15.0,24.0,1,600000.0,1.0,1,0,0,1
18,324,12.0,48.0,1,2000000.0,1.0,0,0,0,1
32,1024,16.0,40.0,2,1400000.0,12.0,0,1,1,1
46,2116,6.0,24.0,5,600000.0,1.0,1,0,0,1
52,2704,14.0,62.0,2,700000.0,3.0,1,0,0,1
51,2601,6.0,62.0,1,700000.0,2.0,0,0,1,1
41,1681,13.0,80.0,4,800000.0,8.0,0,1,1,1
30,900,12.0,45.0,1,1500000.0,10.0,0,0,1,1
43,1849,12.0,30.0,3,1200000.0,12.0,0,0,1,1
44,1936,6.0,65.0,3,500000.0,1.0,1,0,0,0
25,625,12.0,65.0,3,1000000.0,1.0,0,1,0,0
28,784,13.0,44.0,1,1000000.0,1.0,1,0,0,1
34,1156,15.0,40.0,1,5000000.0,2.0,0,0,0,1
30,900,12.0,30.0,1,850000.0,9.0,0,0,1,1
52,2704,12.0,40.0,5,1100000.0,4.0,0,1,1,1
49,2401,17.0,40.0,5,1000000.0,1.0,1,1,0,1
32,1024,5.0,105.0,6,700000.0,2.0,0,1,0,0
34,1156,9.0,105.0,6,700000.0,2.0,1,1,0,0
62,3844,15.0,55.0,2,800000.0,9.0,1,1,1,1
58,3364,14.0,35.0,2,0.0,6.0,0,1,0,0
63,3969,15.0,5.0,2,500000.0,4.0,1,0,0,1
35,1225,15.0,5.0,2,1200000.0,4.0,0,0,1,1
54,2916,12.0,40.0,3,1200000.0,2.0,0,1,0,0
49,2401,12.0,40.0,3,800000.0,1.0,1,1,0,1
60,3600,6.0,40.0,2,500000.0,1.0,0,1,0,1
50,2500,12.0,35.0,4,1500000.0,10.0,0,1,1,1
41,1681,15.0,84.0,3,2000000.0,3.0,0,1,0,1
40,1600,14.0,84.0,3,1000000.0,4.0,1,1,0,1
65,4225,14.0,15.0,1,400000.0,1.0,1,0,0,1
50,2500,12.0,0.0,3,1800000.0,6.0,1,1,1,1
48,2304,12.0,0.0,3,1800000.0,11.0,0,1,1,1
30,900,12.0,0.0,3,1800000.0,11.0,0,0,1,1
32,1024,9.0,30.0,1,900000.0,2.0,0,0,1,1
65,4225,12.0,45.0,4,1600000.0,7.0,0,1,1,1
55,3025,12.0,48.0,2,700000.0,1.0,1,0,0,1
20,400,14.0,44.0,5,600000.0,6.0,0,0,1,1
43,1849,17.0,40.0,3,650000.0,8.0,1,1,1,1
60,3600,6.0,60.0,2,600000.0,5.0,1,0,1,1
18,324,12.0,60.0,2,30000.0,2.0,1,0,1,1
60,3600,16.0,40.0,1,1200000.0,11.0,1,0,1,1
27,729,14.0,12.0,3,192000.0,2.0,1,0,1,0
30,900,10.0,77.0,3,500000.0,3.0,0,1,0,0
20,400,9.0,77.0,3,500000.0,2.0,1,1,0,0
41,1681,6.0,12.0,3,300000.0,2.0,0,1,1,0
57,3249,6.0,78.0,5,1100000.0,9.0,0,1,1,1
46,2116,15.0,78.0,5,50000.0,1.0,1,1,0,1
38,1444,12.0,48.0,5,1000000.0,10.0,0,1,1,1
23,529,12.0,44.0,4,900000.0,7.0,0,1,1,1
36,1296,12.0,48.0,3,1700000.0,8.0,0,0,1,1
30,900,15.0,28.0,2,1000000.0,6.0,0,0,0,1
37,1369,16.0,25.0,1,650000.0,5.0,1,0,1,1
62,3844,17.0,40.0,1,2000000.0,3.0,1,0,1,1
35,1225,12.0,42.0,2,1200000.0,9.0,0,1,1,1
45,2025,6.0,48.0,1,800000.0,4.0,0,0,1,0
54,2916,6.0,30.0,6,800000.0,10.0,0,1,1,1
32,1024,15.0,39.0,5,252000.0,2.0,1,0,1,0
62,3844,12.0,39.0,5,1500000.0,1.0,0,1,0,0
49,2401,15.0,48.0,4,0.0,4.0,1,1,0,1
65,4225,8.0,40.0,1,2000000.0,2.0,0,0,0,1
33,1089,12.0,42.0,4,350000.0,1.0,0,0,0,0
42,1764,17.0,30.0,2,1000000.0,6.0,1,0,1,1
49,2401,15.0,35.0,4,2000000.0,12.0,0,1,1,1
49,2401,15.0,35.0,4,1300000.0,12.0,1,1,1,1
58,3364,15.0,40.0,5,1000000.0,4.0,0,1,1,1
53,2809,15.0,40.0,5,1000000.0,11.0,1,1,1,1
37,1369,12.0,44.0,2,400000.0,2.0,0,1,0,0
33,1089,14.0,38.0,4,300000.0,2.0,0,1,0,0
39,1521,12.0,38.0,4,600000.0,6.0,0,1,1,0
49,2401,9.0,84.0,4,870000.0,11.0,0,1,1,1
42,1764,9.0,84.0,4,380000.0,12.0,1,1,1,1
62,3844,12.0,52.0,3,900000.0,1.0,0,1,0,1
35,1225,12.0,20.0,4,400000.0,1.0,1,1,0,0
37,1369,12.0,20.0,4,800000.0,3.0,0,1,0,0
25,625,12.0,20.0,1,500000.0,1.0,1,0,0,0
52,2704,12.0,61.0,3,800000.0,6.0,0,1,1,1
55,3025,12.0,61.0,3,580000.0,5.0,1,1,1,1
35,1225,12.0,40.0,4,900000.0,3.0,1,1,1,1
47,2209,15.0,40.0,2,1600000.0,10.0,0,1,1,1
33,1089,15.0,40.0,2,1300000.0,10.0,1,1,1,1
31,961,12.0,36.0,3,800000.0,11.0,1,1,1,1
29,841,12.0,36.0,3,900000.0,2.0,0,1,0,0
56,3136,14.0,40.0,3,900000.0,6.0,1,0,1,1
48,2304,16.0,40.0,2,3900000.0,7.0,1,0,0,1
55,3025,15.0,20.0,3,700000.0,8.0,1,0,1,1
26,676,17.0,20.0,3,900000.0,10.0,1,0,1,1
39,1521,17.0,45.0,4,1500000.0,10.0,1,1,1,1
45,2025,12.0,45.0,4,3000000.0,9.0,0,1,1,1
55,3025,9.0,48.0,3,800000.0,9.0,0,1,1,1
32,1024,13.0,48.0,4,1250000.0,11.0,0,1,1,1
71,5041,19.0,40.0,2,1500000.0,1.0,1,0,0,1
22,484,6.0,25.0,2,300000.0,1.0,0,1,0,0
70,4900,10.0,48.0,1,600000.0,1.0,0,0,0,1
24,576,8.0,40.0,5,800000.0,3.0,0,1,1,0
21,441,10.0,40.0,5,400000.0,1.0,1,1,0,0
55,3025,14.0,40.0,5,300000.0,1.0,0,1,0,1
20,400,11.0,60.0,1,777000.0,8.0,0,0,1,1
52,2704,15.0,6.0,4,350000.0,9.0,0,1,1,1
50,2500,15.0,6.0,4,500000.0,6.0,1,1,1,1
34,1156,9.0,48.0,4,600000.0,3.0,0,1,1,0
33,1089,10.0,48.0,4,180000.0,1.0,1,1,0,0
50,2500,6.0,48.0,2,800000.0,9.0,0,1,1,1
47,2209,12.0,60.0,4,800000.0,12.0,1,1,1,1
50,2500,7.0,60.0,4,800000.0,1.0,0,1,0,1
28,784,15.0,60.0,4,0.0,3.0,1,0,0,1
25,625,12.0,60.0,4,900000.0,12.0,0,0,1,1
54,2916,8.0,48.0,2,800000.0,1.0,1,1,0,1
61,3721,17.0,48.0,2,1500000.0,6.0,0,1,1,1
40,1600,17.0,40.0,1,1000000.0,1.0,1,0,0,1
32,1024,12.0,42.0,2,1200000.0,9.0,1,1,1,1
35,1225,12.0,42.0,2,1500000.0,11.0,0,1,1,1
40,1600,17.0,34.0,3,800000.0,8.0,1,1,1,1
29,841,16.0,30.0,1,700000.0,4.0,0,0,1,1
51,2601,14.0,57.0,2,1070000.0,8.0,1,0,1,1
31,961,17.0,35.0,1,1000000.0,9.0,1,0,1,1
29,841,12.0,45.0,1,1500000.0,11.0,0,0,1,1
56,3136,15.0,60.0,3,700000.0,4.0,1,1,1,1
51,2601,9.0,56.0,4,2000000.0,10.0,0,1,1,1
48,2304,12.0,56.0,4,1800000.0,6.0,1,1,1,1
62,3844,17.0,35.0,2,4000000.0,4.0,0,1,1,1
62,3844,17.0,35.0,2,1500000.0,1.0,1,1,0,1
36,1296,9.0,40.0,1,0.0,1.0,0,0,0,0
79,6241,6.0,34.0,2,400000.0,1.0,0,1,0,1
41,1681,8.0,42.0,4,280000.0,1.0,1,0,0,0
24,576,12.0,20.0,2,600000.0,1.0,1,1,0,0
36,1296,12.0,20.0,2,800000.0,1.0,0,1,0,0
46,2116,15.0,20.0,3,800000.0,7.0,0,1,1,1
43,1849,15.0,44.0,2,780000.0,9.0,1,1,1,1
38,1444,17.0,44.0,2,250000.0,4.0,1,1,1,1
29,841,15.0,54.0,3,320000.0,2.0,1,1,1,1
30,900,13.0,48.0,1,1700000.0,10.0,1,0,1,1
59,3481,6.0,56.0,1,560000.0,6.0,1,0,1,0
22,484,12.0,40.0,2,50000.0,1.0,0,0,0,0
54,2916,7.0,36.0,7,500000.0,2.0,0,1,0,0
50,2500,17.0,48.0,1,3500000.0,5.0,0,0,0,1
83,6889,3.0,16.0,2,0.0,1.0,0,0,0,1
36,1296,17.0,59.0,1,15000000.0,11.0,0,0,1,1
43,1849,15.0,35.0,1,950000.0,7.0,1,0,1,1
84,7056,7.0,20.0,2,300000.0,2.0,0,1,0,1
71,5041,3.0,20.0,2,300000.0,2.0,1,1,0,1
44,1936,12.0,44.0,4,500000.0,1.0,1,1,0,1
42,1764,12.0,48.0,4,1200000.0,11.0,0,0,1,1
19,361,13.0,48.0,4,580000.0,4.0,0,0,1,1
80,6400,11.0,30.0,1,1000000.0,2.0,1,0,0,1
57,3249,15.0,40.0,2,1200000.0,2.0,1,0,0,1
41,1681,6.0,18.0,5,500000.0,1.0,1,1,0,1
50,2500,6.0,18.0,5,400000.0,2.0,0,1,1,0
25,625,12.0,44.0,4,3500000.0,1.0,0,0,0,1
47,2209,9.0,25.0,2,800000.0,1.0,1,0,0,0
25,625,17.0,21.0,3,400000.0,7.0,1,0,1,1
62,3844,6.0,30.0,5,600000.0,3.0,1,0,1,1
28,784,12.0,30.0,5,1000000.0,11.0,1,0,1,1
25,625,12.0,30.0,5,1500000.0,12.0,0,1,1,1
20,400,12.0,18.0,5,350000.0,6.0,1,0,1,1
40,1600,6.0,45.0,10,720000.0,8.0,0,1,1,0
27,729,12.0,45.0,10,600000.0,4.0,1,1,1,0
27,729,12.0,45.0,10,800000.0,9.0,0,1,1,1
20,400,7.0,45.0,10,500000.0,1.0,1,0,0,0
24,576,12.0,45.0,10,1200000.0,8.0,0,0,1,1
48,2304,12.0,0.0,4,740000.0,7.0,1,0,1,1
77,5929,6.0,35.0,1,30000.0,1.0,1,0,0,1
38,1444,15.0,40.0,4,2000000.0,11.0,0,1,1,1
43,1849,15.0,40.0,4,1700000.0,11.0,1,1,1,1
57,3249,15.0,20.0,2,0.0,1.0,1,1,0,0
56,3136,14.0,45.0,2,1000000.0,4.0,1,1,1,1
52,2704,2.0,48.0,2,1800000.0,12.0,0,1,1,1
44,1936,15.0,48.0,2,400000.0,1.0,1,1,0,1
53,2809,6.0,54.0,1,1000000.0,1.0,1,0,0,1
47,2209,6.0,40.0,4,600000.0,7.0,0,1,1,0
26,676,12.0,40.0,4,650000.0,2.0,0,0,1,0
52,2704,15.0,45.0,4,3100000.0,12.0,0,1,1,1
43,1849,15.0,45.0,4,900000.0,3.0,1,1,1,1
31,961,16.0,25.0,1,1000000.0,11.0,1,0,1,1
29,841,8.0,30.0,1,350000.0,2.0,0,0,1,1
74,5476,12.0,48.0,5,1000000.0,2.0,0,1,0,1
73,5329,12.0,48.0,5,750000.0,2.0,1,1,0,1
58,3364,19.0,30.0,4,900000.0,7.0,1,1,1,1
60,3600,12.0,30.0,4,750000.0,1.0,0,1,0,1
42,1764,12.0,30.0,3,1000000.0,12.0,0,1,1,1
34,1156,12.0,30.0,3,1000000.0,11.0,1,1,1,1
50,2500,12.0,8.0,3,300000.0,5.0,1,0,1,1
29,841,15.0,46.0,3,800000.0,8.0,0,0,1,1
37,1369,9.0,48.0,3,360000.0,6.0,0,1,1,0
41,1681,6.0,49.0,4,400000.0,2.0,1,1,0,0
32,1024,12.0,56.0,4,800000.0,3.0,1,1,0,0
38,1444,10.0,56.0,4,500000.0,5.0,0,1,1,0
44,1936,15.0,72.0,5,1000000.0,10.0,0,1,1,1
48,2304,15.0,72.0,5,790000.0,5.0,1,1,1,1
49,2401,19.0,36.0,4,2000000.0,6.0,0,1,1,1
44,1936,19.0,36.0,4,1700000.0,8.0,1,1,1,1
42,1764,12.0,30.0,2,750000.0,9.0,1,0,1,1
36,1296,6.0,36.0,1,350000.0,2.0,0,0,1,1
38,1444,15.0,50.0,4,800000.0,7.0,1,1,1,1
32,1024,17.0,50.0,4,1400000.0,8.0,0,1,1,1
63,3969,17.0,40.0,3,1600000.0,1.0,0,1,1,1
27,729,17.0,40.0,3,1800000.0,11.0,1,0,1,1
59,3481,12.0,38.0,1,2900000.0,7.0,0,0,1,1
72,5184,9.0,3.0,4,200000.0,1.0,0,1,0,1
66,4356,12.0,3.0,4,450000.0,6.0,1,1,1,1
34,1156,7.0,45.0,1,1100000.0,7.0,0,0,1,1
35,1225,12.0,70.0,5,500000.0,2.0,0,1,0,0
34,1156,12.0,70.0,5,500000.0,2.0,1,1,0,0
59,3481,12.0,30.0,3,650000.0,7.0,1,0,1,1
23,529,12.0,30.0,3,450000.0,2.0,1,0,1,0
22,484,12.0,40.0,4,600000.0,4.0,0,0,1,1
50,2500,17.0,40.0,2,2000000.0,12.0,1,1,1,1
51,2601,17.0,40.0,2,2000000.0,10.0,0,1,1,1
49,2401,12.0,45.0,2,1300000.0,10.0,0,1,1,1
53,2809,4.0,44.0,1,150000.0,1.0,0,0,0,0
37,1369,0.0,45.0,5,1300000.0,9.0,0,1,1,1
53,2809,17.0,45.0,1,1450000.0,9.0,1,0,1,1
75,5625,17.0,42.0,3,400000.0,1.0,0,1,0,1
57,3249,17.0,42.0,3,3000000.0,11.0,1,1,1,1
47,2209,12.0,44.0,3,700000.0,1.0,0,0,0,0
58,3364,12.0,30.0,2,150000.0,1.0,1,0,0,1
37,1369,15.0,56.0,1,2000000.0,12.0,0,0,1,1
41,1681,7.0,0.0,3,1000000.0,6.0,0,1,1,1
37,1369,17.0,48.0,1,800000.0,8.0,1,0,1,1
34,1156,15.0,45.0,3,300000.0,9.0,1,1,1,1
52,2704,15.0,40.0,1,600000.0,10.0,0,1,1,1
60,3600,6.0,30.0,2,500000.0,1.0,0,1,0,0
39,1521,12.0,60.0,1,1500000.0,1.0,0,0,0,0
45,2025,19.0,25.0,3,1800000.0,1.0,1,1,0,1
51,2601,15.0,25.0,3,1300000.0,11.0,0,1,1,1
58,3364,12.0,50.0,3,2500000.0,2.0,0,1,0,1
22,484,15.0,50.0,3,250000.0,6.0,1,0,1,1
31,961,12.0,40.0,1,1000000.0,3.0,0,0,1,1
52,2704,15.0,25.0,2,1000000.0,8.0,1,0,1,1
54,2916,15.0,40.0,3,600000.0,1.0,0,1,0,0
48,2304,6.0,30.0,7,850000.0,4.0,0,1,1,0
23,529,10.0,30.0,7,600000.0,3.0,1,0,1,0
39,1521,10.0,65.0,3,1000000.0,6.0,0,1,1,0
59,3481,6.0,40.0,3,700000.0,4.0,0,1,1,1
25,625,7.0,15.0,2,1500000.0,7.0,0,1,1,1
39,1521,7.0,40.0,4,400000.0,1.0,0,1,0,0
51,2601,6.0,18.0,3,100000.0,1.0,0,0,0,0
29,841,12.0,45.0,1,600000.0,2.0,0,0,1,0
30,900,12.0,40.0,1,600000.0,9.0,0,0,1,1
37,1369,15.0,24.0,5,900000.0,11.0,0,1,1,1
52,2704,8.0,36.0,5,600000.0,2.0,0,1,0,1
49,2401,10.0,36.0,5,600000.0,2.0,1,1,0,1
54,2916,6.0,32.0,4,550000.0,6.0,1,1,1,1
34,1156,7.0,24.0,3,360000.0,1.0,0,1,0,0
31,961,6.0,56.0,6,1500000.0,9.0,0,1,1,1
32,1024,12.0,20.0,3,300000.0,2.0,1,1,1,1
33,1089,7.0,20.0,3,800000.0,10.0,0,1,1,1
41,1681,12.0,40.0,3,850000.0,1.0,1,0,0,0
26,676,12.0,59.0,2,2000000.0,2.0,0,1,0,0
60,3600,8.0,40.0,1,600000.0,2.0,0,0,1,1
43,1849,17.0,25.0,2,2500000.0,1.0,0,1,0,1
33,1089,17.0,25.0,2,2500000.0,1.0,1,1,0,1
29,841,13.0,49.0,2,0.0,6.0,1,0,1,0
23,529,12.0,36.0,5,1000000.0,3.0,1,0,1,1
62,3844,6.0,36.0,3,1800000.0,10.0,0,1,1,1
25,625,13.0,36.0,3,650000.0,7.0,1,0,1,0
54,2916,12.0,63.0,1,600000.0,1.0,1,0,0,1
49,2401,6.0,54.0,1,1000000.0,9.0,0,0,1,1
24,576,12.0,40.0,3,800000.0,1.0,0,0,0,0
51,2601,15.0,60.0,5,600000.0,11.0,1,0,1,1
32,1024,7.0,60.0,5,500000.0,11.0,1,0,1,1
38,1444,15.0,54.0,2,1200000.0,12.0,0,0,1,1
43,1849,12.0,54.0,2,1400000.0,12.0,0,0,1,1
22,484,12.0,15.0,5,700000.0,1.0,0,0,0,0
28,784,12.0,12.0,3,200000.0,1.0,1,0,0,1
26,676,15.0,59.0,2,390000.0,7.0,1,1,1,0
23,529,16.0,6.0,1,0.0,3.0,1,0,1,1
35,1225,15.0,40.0,4,1400000.0,11.0,1,1,1,1
55,3025,12.0,45.0,5,1500000.0,11.0,0,1,1,1
27,729,7.0,42.0,4,700000.0,10.0,1,1,1,1
30,900,7.0,24.0,5,800000.0,1.0,1,1,0,1
46,2116,15.0,40.0,2,1200000.0,6.0,0,0,1,1
50,2500,6.0,48.0,2,500000.0,2.0,0,1,1,0
47,2209,6.0,35.0,4,600000.0,2.0,0,1,0,1
42,1764,14.0,35.0,4,642000.0,2.0,1,1,0,1
21,441,9.0,35.0,4,400000.0,4.0,0,0,1,1
56,3136,15.0,44.0,3,760000.0,7.0,1,1,1,1
32,1024,8.0,42.0,4,100000.0,2.0,0,1,1,0
63,3969,17.0,35.0,2,2000000.0,7.0,0,1,1,1
62,3844,17.0,35.0,2,2000000.0,3.0,1,1,0,1
31,961,6.0,70.0,2,600000.0,1.0,0,0,0,0
32,1024,17.0,40.0,3,1200000.0,4.0,1,0,0,1
32,1024,12.0,48.0,2,800000.0,4.0,0,1,1,1
59,3481,17.0,60.0,4,700000.0,10.0,0,1,1,1
50,2500,0.0,40.0,4,850000.0,9.0,0,1,1,1
55,3025,6.0,60.0,4,900000.0,7.0,0,1,1,1
34,1156,12.0,30.0,2,960000.0,9.0,0,0,1,1
31,961,14.0,48.0,2,800000.0,5.0,1,1,1,1
39,1521,12.0,57.0,3,1500000.0,9.0,0,1,1,1
24,576,13.0,48.0,1,700000.0,2.0,1,0,1,1
30,900,12.0,35.0,2,700000.0,2.0,1,0,1,1
37,1369,12.0,54.0,2,850000.0,1.0,0,1,0,1
38,1444,12.0,54.0,2,500000.0,3.0,1,1,1,0
29,841,12.0,42.0,4,1000000.0,4.0,1,0,1,1
33,1089,16.0,40.0,1,1000000.0,5.0,1,0,1,0
33,1089,17.0,28.0,2,800000.0,8.0,1,0,1,1
36,1296,16.0,40.0,2,800000.0,7.0,1,1,1,1
37,1369,17.0,40.0,2,1000000.0,10.0,0,1,1,1
48,2304,6.0,35.0,3,800000.0,1.0,0,1,0,0
33,1089,15.0,35.0,3,900000.0,1.0,1,1,0,1
52,2704,12.0,24.0,5,700000.0,9.0,1,1,1,1
35,1225,12.0,48.0,4,1000000.0,9.0,1,0,1,1
27,729,12.0,56.0,2,800000.0,7.0,1,0,1,1
36,1296,12.0,40.0,2,1300000.0,9.0,0,1,1,1
53,2809,3.0,42.0,4,500000.0,1.0,0,0,0,0
21,441,12.0,48.0,3,650000.0,2.0,0,0,1,0
66,4356,12.0,24.0,1,100000.0,1.0,1,0,0,1
28,784,12.0,40.0,5,600000.0,6.0,0,1,1,0
42,1764,7.0,56.0,5,1900000.0,7.0,1,0,1,1
43,1849,17.0,35.0,1,800000.0,5.0,1,0,1,1
63,3969,6.0,30.0,1,500000.0,1.0,0,1,0,1
35,1225,12.0,45.0,2,1500000.0,11.0,1,1,1,1
37,1369,12.0,45.0,2,1500000.0,11.0,0,1,1,1
38,1444,15.0,48.0,2,1500000.0,11.0,0,1,1,1
34,1156,12.0,48.0,2,1200000.0,3.0,1,1,1,1
29,841,12.0,45.0,1,1500000.0,11.0,1,0,1,1
60,3600,12.0,48.0,6,1400000.0,8.0,0,1,1,1
34,1156,7.0,42.0,4,700000.0,1.0,0,0,0,0
26,676,6.0,42.0,4,400000.0,3.0,0,0,1,0
52,2704,12.0,35.0,1,1900000.0,9.0,0,0,1,1
27,729,12.0,40.0,5,400000.0,7.0,1,1,1,0
46,2116,9.0,30.0,5,600000.0,9.0,1,0,1,1
29,841,9.0,30.0,5,600000.0,3.0,1,0,1,0
27,729,13.0,30.0,5,600000.0,4.0,0,0,1,0
50,2500,8.0,28.0,4,700000.0,2.0,0,1,0,1
24,576,13.0,28.0,4,900000.0,12.0,0,0,1,1
22,484,12.0,28.0,4,0.0,12.0,0,0,1,1
55,3025,12.0,25.0,2,890000.0,3.0,1,0,1,1
23,529,12.0,25.0,2,1300000.0,5.0,1,0,1,1
21,441,15.0,72.0,4,1030000.0,7.0,0,1,1,0
51,2601,15.0,60.0,3,400000.0,5.0,1,1,0,1
55,3025,12.0,60.0,3,1700000.0,4.0,0,1,0,1
56,3136,12.0,20.0,5,240000.0,3.0,0,1,1,0
48,2304,15.0,15.0,3,200000.0,1.0,1,0,0,1
57,3249,17.0,50.0,1,800000.0,1.0,0,0,0,1
21,441,13.0,70.0,5,0.0,8.0,1,0,1,0
18,324,11.0,70.0,5,160000.0,6.0,1,0,1,0
32,1024,12.0,48.0,6,1500000.0,11.0,0,0,1,1
46,2116,14.0,45.0,1,1800000.0,11.0,0,0,1,1
27,729,17.0,60.0,2,2000000.0,10.0,1,1,1,1
30,900,17.0,60.0,2,2000000.0,8.0,0,1,1,1
31,961,12.0,42.0,4,1000000.0,6.0,1,1,1,1
35,1225,12.0,42.0,4,1200000.0,9.0,0,1,1,1
43,1849,12.0,42.0,4,1400000.0,6.0,0,1,1,1
44,1936,12.0,42.0,4,1500000.0,9.0,1,1,1,1
47,2209,12.0,54.0,2,800000.0,6.0,1,0,1,1
20,400,12.0,54.0,2,600000.0,4.0,1,0,1,1
36,1296,12.0,30.0,2,650000.0,6.0,1,0,1,1
38,1444,6.0,42.0,4,600000.0,6.0,0,1,1,0
21,441,15.0,72.0,4,560000.0,6.0,1,1,1,0
22,484,15.0,72.0,4,650000.0,6.0,0,0,1,0
53,2809,17.0,40.0,4,2500000.0,11.0,0,1,1,1
53,2809,12.0,40.0,4,500000.0,1.0,1,1,0,1
38,1444,17.0,32.0,5,1600000.0,8.0,1,1,1,1
43,1849,15.0,32.0,5,700000.0,7.0,0,1,1,1
57,3249,12.0,40.0,4,850000.0,11.0,0,1,1,1
31,961,14.0,12.0,3,1500000.0,4.0,1,1,0,1
40,1600,15.0,12.0,3,1200000.0,6.0,0,1,0,0
33,1089,9.0,48.0,5,1400000.0,6.0,0,1,1,0
74,5476,3.0,16.0,2,100000.0,2.0,0,1,0,1
77,5929,5.0,16.0,2,100000.0,2.0,1,1,0,1
64,4096,12.0,63.0,2,3000000.0,9.0,0,0,0,1
67,4489,17.0,40.0,2,6000000.0,9.0,0,1,1,1
24,576,12.0,45.0,3,700000.0,7.0,1,1,1,1
28,784,16.0,20.0,1,0.0,6.0,0,0,1,1
45,2025,15.0,24.0,5,800000.0,7.0,1,1,1,1
40,1600,6.0,48.0,4,800000.0,4.0,0,1,1,0
32,1024,12.0,54.0,5,1000000.0,4.0,1,1,1,1
38,1444,16.0,48.0,1,400000.0,1.0,0,0,0,0
31,961,16.0,40.0,6,900000.0,7.0,0,0,1,1
62,3844,12.0,40.0,4,1500000.0,3.0,0,1,0,1
40,1600,10.0,48.0,5,1400000.0,7.0,1,1,1,0
56,3136,12.0,10.0,1,250000.0,1.0,0,0,0,0
51,2601,6.0,40.0,8,1500000.0,2.0,0,1,0,0
53,2809,6.0,40.0,8,400000.0,2.0,1,1,0,0
18,324,12.0,40.0,8,380000.0,1.0,1,0,0,0
21,441,12.0,40.0,8,700000.0,4.0,0,0,1,0
40,1600,15.0,18.0,3,800000.0,1.0,1,0,0,0
64,4096,6.0,4.0,1,0.0,1.0,1,0,0,1
49,2401,17.0,40.0,5,2400000.0,10.0,0,1,1,1
47,2209,15.0,40.0,5,1500000.0,10.0,1,1,1,1
27,729,17.0,32.0,2,1200000.0,11.0,1,1,1,1
59,3481,12.0,30.0,3,1000000.0,11.0,1,0,1,1
43,1849,12.0,72.0,5,1200000.0,1.0,0,1,0,1
44,1936,15.0,72.0,5,1090000.0,9.0,1,1,1,1
35,1225,17.0,60.0,2,3200000.0,10.0,0,1,1,1
39,1521,16.0,60.0,2,950000.0,6.0,1,1,1,1
43,1849,6.0,48.0,5,700000.0,4.0,0,1,0,0
38,1444,6.0,48.0,5,900000.0,1.0,1,1,0,0
21,441,12.0,48.0,5,600000.0,6.0,0,0,1,0
37,1369,12.0,48.0,1,800000.0,1.0,0,0,0,0
33,1089,12.0,40.0,4,1000000.0,11.0,0,1,1,1
21,441,12.0,0.0,3,200000.0,1.0,1,0,0,1
34,1156,15.0,40.0,2,1400000.0,10.0,0,1,1,1
29,841,15.0,40.0,2,1400000.0,9.0,1,1,1,1
64,4096,10.0,20.0,4,500000.0,5.0,0,0,1,0
23,529,8.0,20.0,4,500000.0,8.0,0,0,1,0
48,2304,12.0,48.0,3,480000.0,1.0,0,0,0,0
38,1444,15.0,48.0,4,700000.0,12.0,1,1,1,1
47,2209,12.0,40.0,1,1900000.0,10.0,0,0,1,1
39,1521,17.0,40.0,1,1600000.0,5.0,0,0,1,1
34,1156,6.0,44.0,4,1400000.0,9.0,0,1,1,1
30,900,14.0,44.0,4,600000.0,9.0,1,1,1,1
52,2704,14.0,50.0,2,1300000.0,1.0,0,0,0,1
36,1296,12.0,45.0,4,1500000.0,11.0,0,1,1,1
31,961,12.0,45.0,4,1500000.0,11.0,0,0,1,1
31,961,12.0,56.0,2,1500000.0,8.0,0,1,1,1
23,529,12.0,56.0,2,1200000.0,8.0,1,1,1,1
52,2704,9.0,48.0,1,450000.0,6.0,0,0,1,1
38,1444,17.0,40.0,1,2000000.0,8.0,1,0,1,1
53,2809,15.0,44.0,4,1300000.0,3.0,0,1,1,1
54,2916,3.0,25.0,3,540000.0,10.0,1,1,1,1
26,676,15.0,25.0,3,80000.0,1.0,0,0,0,1
71,5041,6.0,20.0,2,700000.0,1.0,0,1,0,1
27,729,12.0,24.0,6,400000.0,3.0,1,0,1,0
53,2809,15.0,50.0,3,750000.0,7.0,1,0,1,1
33,1089,15.0,50.0,3,800000.0,6.0,1,0,1,0
30,900,12.0,9.0,1,300000.0,1.0,1,1,0,1
35,1225,12.0,45.0,2,1500000.0,11.0,0,1,1,1
34,1156,12.0,45.0,2,1500000.0,11.0,1,1,1,1
20,400,12.0,48.0,2,800000.0,7.0,1,1,1,1
23,529,12.0,48.0,2,900000.0,7.0,0,1,1,1
60,3600,12.0,25.0,1,0.0,7.0,0,0,1,0
43,1849,12.0,8.0,10,200000.0,4.0,0,1,1,0
57,3249,6.0,49.0,1,500000.0,3.0,1,0,0,1
27,729,6.0,42.0,2,600000.0,3.0,0,1,1,1
27,729,10.0,45.0,4,900000.0,6.0,1,1,1,1
39,1521,12.0,45.0,4,1100000.0,7.0,0,1,1,1
58,3364,15.0,30.0,5,800000.0,7.0,1,1,1,1
32,1024,17.0,40.0,2,1500000.0,9.0,0,1,1,1
52,2704,15.0,25.0,4,1000000.0,1.0,1,1,0,1
44,1936,14.0,40.0,3,1135000.0,7.0,0,1,1,1
64,4096,12.0,30.0,2,1300000.0,7.0,0,1,1,1
39,1521,15.0,40.0,3,300000.0,1.0,1,1,0,1
64,4096,5.0,40.0,5,1000000.0,5.0,0,1,1,1
60,3600,6.0,40.0,5,900000.0,9.0,1,1,1,1
33,1089,11.0,40.0,5,528000.0,5.0,0,0,1,1
24,576,12.0,40.0,5,630000.0,7.0,0,0,1,0
36,1296,12.0,44.0,3,1000000.0,6.0,0,1,1,1
45,2025,12.0,30.0,4,900000.0,8.0,1,0,1,1
28,784,12.0,30.0,4,400000.0,4.0,0,0,1,0
22,484,10.0,30.0,4,280000.0,2.0,0,0,1,0
48,2304,12.0,48.0,4,820000.0,7.0,0,1,1,1
25,625,8.0,48.0,4,600000.0,5.0,0,0,1,0
47,2209,9.0,32.0,3,900000.0,1.0,0,1,0,1
45,2025,2.0,48.0,4,500000.0,1.0,0,1,0,0
34,1156,15.0,20.0,4,600000.0,8.0,1,1,1,1
41,1681,17.0,35.0,2,480000.0,2.0,1,1,1,1
25,625,12.0,56.0,1,1800000.0,2.0,0,0,0,1
79,6241,4.0,18.0,3,100000.0,1.0,0,1,0,1
72,5184,14.0,30.0,1,1100000.0,2.0,1,0,1,1
79,6241,16.0,12.0,2,2500000.0,2.0,0,1,0,1
58,3364,12.0,35.0,2,700000.0,7.0,0,1,1,0
56,3136,8.0,35.0,2,900000.0,7.0,1,1,1,1
47,2209,12.0,25.0,2,1100000.0,7.0,0,1,1,1
46,2116,12.0,20.0,1,300000.0,1.0,0,0,0,0
41,1681,17.0,36.0,3,2500000.0,1.0,0,1,0,0
40,1600,17.0,36.0,3,870000.0,7.0,1,1,1,1
33,1089,6.0,46.0,3,910000.0,7.0,0,1,1,1
34,1156,12.0,58.0,2,800000.0,8.0,1,0,1,1
34,1156,11.0,12.0,2,640000.0,5.0,0,0,1,0
59,3481,6.0,60.0,4,400000.0,1.0,1,0,0,0
41,1681,15.0,55.0,2,2000000.0,11.0,1,0,1,1
44,1936,12.0,24.0,1,480000.0,3.0,0,0,1,0
75,5625,14.0,70.0,2,1500000.0,1.0,0,1,0,1
68,4624,17.0,20.0,2,1500000.0,12.0,0,0,1,1
36,1296,15.0,65.0,3,800000.0,12.0,0,1,1,1
37,1369,15.0,65.0,3,800000.0,12.0,1,1,1,1
46,2116,6.0,36.0,4,1200000.0,8.0,0,1,1,1
45,2025,6.0,58.0,2,840000.0,5.0,0,0,1,0
58,3364,2.0,70.0,4,1000000.0,1.0,0,1,0,0
28,784,14.0,70.0,4,0.0,3.0,1,0,0,0
16,256,9.0,70.0,4,0.0,3.0,1,0,0,0
45,2025,6.0,24.0,5,900000.0,2.0,0,1,0,0
30,900,12.0,60.0,4,500000.0,1.0,0,0,0,0
30,900,17.0,40.0,2,900000.0,4.0,1,1,0,1
36,1296,17.0,40.0,2,900000.0,2.0,0,1,0,1
59,3481,14.0,30.0,1,800000.0,4.0,0,0,1,1
47,2209,12.0,45.0,3,1100000.0,1.0,0,1,0,0
50,2500,12.0,45.0,3,800000.0,5.0,1,1,1,1
43,1849,17.0,65.0,5,1800000.0,9.0,1,1,1,1
30,900,11.0,30.0,5,225000.0,3.0,0,1,0,0
29,841,11.0,30.0,5,225000.0,3.0,1,1,0,0
42,1764,15.0,48.0,1,1200000.0,4.0,1,0,1,1
27,729,15.0,25.0,2,850000.0,8.0,1,0,1,1
48,2304,12.0,24.0,5,78000.0,6.0,1,1,1,1
23,529,7.0,24.0,5,600000.0,4.0,0,0,1,0
43,1849,15.0,35.0,1,1200000.0,8.0,1,0,1,1
63,3969,9.0,70.0,2,500000.0,1.0,1,0,0,1
60,3600,6.0,30.0,3,1300000.0,2.0,0,0,0,0
38,1444,12.0,30.0,3,1300000.0,2.0,0,0,0,1
37,1369,12.0,40.0,1,2000000.0,3.0,0,0,1,1
26,676,17.0,40.0,3,200000.0,6.0,1,0,1,0
50,2500,17.0,45.0,4,1700000.0,9.0,0,1,1,1
44,1936,15.0,45.0,4,900000.0,7.0,1,1,1,1
31,961,12.0,45.0,1,1500000.0,11.0,0,0,1,1
52,2704,6.0,30.0,3,400000.0,1.0,1,1,0,1
67,4489,12.0,48.0,2,1900000.0,12.0,0,0,1,1
27,729,13.0,48.0,1,1548000.0,9.0,0,0,1,1
33,1089,13.0,45.0,2,1500000.0,12.0,0,1,1,1
32,1024,12.0,45.0,2,1000000.0,12.0,1,1,1,1
44,1936,12.0,36.0,2,1200000.0,10.0,1,1,1,1
49,2401,7.0,36.0,2,1500000.0,1.0,0,1,0,1
50,2500,15.0,36.0,3,400000.0,1.0,1,0,0,0
19,361,12.0,36.0,3,225000.0,6.0,1,0,1,0
35,1225,8.0,54.0,3,1200000.0,3.0,1,1,1,1
31,961,12.0,35.0,2,2000000.0,8.0,0,0,1,1
33,1089,12.0,40.0,3,400000.0,1.0,0,1,0,0
25,625,12.0,40.0,3,1200000.0,11.0,1,1,1,1
61,3721,14.0,2.0,1,0.0,1.0,0,0,0,1
43,1849,15.0,45.0,2,3500000.0,11.0,0,0,1,1
40,1600,10.0,40.0,5,700000.0,10.0,0,1,1,1
32,1024,10.0,40.0,5,0.0,1.0,1,1,0,1
31,961,12.0,45.0,2,900000.0,7.0,0,1,1,1
52,2704,12.0,48.0,2,900000.0,3.0,0,0,0,1
24,576,14.0,48.0,2,1000000.0,4.0,1,0,1,1
57,3249,9.0,70.0,3,800000.0,2.0,1,1,0,1
32,1024,12.0,70.0,3,800000.0,2.0,1,0,0,1
29,841,8.0,30.0,4,100000.0,1.0,1,1,0,0
63,3969,6.0,12.0,5,0.0,1.0,0,1,0,1
28,784,12.0,24.0,1,520000.0,4.0,0,0,1,0
60,3600,12.0,40.0,6,600000.0,5.0,1,0,1,1
38,1444,12.0,40.0,6,1000000.0,5.0,0,1,1,0
52,2704,9.0,48.0,4,900000.0,3.0,0,1,0,1
63,3969,15.0,48.0,4,1500000.0,11.0,1,1,1,1
29,841,12.0,48.0,4,150000.0,11.0,0,0,1,1
27,729,12.0,48.0,4,450000.0,3.0,0,0,1,1
38,1444,6.0,40.0,6,450000.0,3.0,0,1,1,0
47,2209,17.0,40.0,4,1200000.0,12.0,1,1,1,1
44,1936,17.0,40.0,4,1000000.0,12.0,0,1,1,1
38,1444,17.0,46.0,2,1700000.0,11.0,0,1,1,1
33,1089,17.0,46.0,2,1400000.0,10.0,1,1,1,1
39,1521,15.0,30.0,1,900000.0,8.0,1,0,1,1
63,3969,6.0,20.0,1,200000.0,1.0,1,0,0,1
45,2025,12.0,40.0,4,850000.0,7.0,1,0,1,0
53,2809,12.0,30.0,1,750000.0,7.0,1,0,1,1
75,5625,6.0,35.0,6,800000.0,3.0,1,0,0,1
54,2916,6.0,35.0,6,800000.0,3.0,0,0,0,0
52,2704,6.0,35.0,6,850000.0,3.0,0,0,0,0
43,1849,6.0,35.0,6,1400000.0,3.0,0,0,1,1
43,1849,15.0,66.0,3,1100000.0,9.0,1,0,1,1
24,576,16.0,40.0,4,40000.0,1.0,1,0,0,1
63,3969,15.0,60.0,3,2000000.0,6.0,0,1,1,1
52,2704,15.0,60.0,3,1500000.0,10.0,1,1,1,1
31,961,9.0,45.0,7,800000.0,3.0,0,1,1,0
48,2304,8.0,48.0,3,1000000.0,9.0,0,0,1,1
34,1156,15.0,32.0,1,700000.0,7.0,1,0,1,1
38,1444,17.0,40.0,1,1400000.0,9.0,0,0,1,1
26,676,12.0,48.0,3,900000.0,6.0,0,0,1,1
19,361,12.0,66.0,3,750000.0,1.0,1,0,1,1
44,1936,12.0,48.0,2,640000.0,8.0,1,0,1,1
24,576,12.0,48.0,2,800000.0,7.0,0,0,1,0
42,1764,15.0,40.0,4,600000.0,6.0,1,0,1,1
58,3364,6.0,24.0,3,500000.0,2.0,0,1,0,0
55,3025,12.0,24.0,3,500000.0,2.0,1,1,0,1
46,2116,12.0,45.0,2,1500000.0,11.0,0,1,1,1
41,1681,17.0,48.0,4,1300000.0,2.0,1,1,0,1
68,4624,14.0,4.0,2,60000.0,1.0,1,0,0,1
25,625,15.0,4.0,2,900000.0,11.0,1,0,1,1
44,1936,12.0,42.0,5,700000.0,1.0,0,1,0,1
36,1296,19.0,40.0,1,1500000.0,1.0,0,0,0,1
28,784,16.0,40.0,1,1700000.0,12.0,1,0,1,1
36,1296,12.0,45.0,2,700000.0,9.0,0,0,1,1
34,1156,17.0,40.0,2,20000000.0,1.0,0,1,0,1
34,1156,17.0,40.0,2,2800000.0,1.0,1,1,0,1
52,2704,17.0,0.0,2,900000.0,8.0,1,0,1,1
41,1681,12.0,24.0,2,600000.0,2.0,1,1,0,0
47,2209,6.0,40.0,5,800000.0,7.0,0,1,1,0
23,529,12.0,40.0,5,1000000.0,11.0,1,0,1,1
21,441,12.0,40.0,5,1000000.0,11.0,0,0,1,1
48,2304,17.0,50.0,3,2000000.0,10.0,1,1,1,1
37,1369,17.0,50.0,3,1400000.0,10.0,0,1,1,1
38,1444,17.0,48.0,3,0.0,2.0,1,1,0,1
53,2809,19.0,48.0,3,1400000.0,7.0,0,1,1,1
55,3025,8.0,42.0,5,700000.0,10.0,1,0,1,1
31,961,12.0,42.0,5,1000000.0,8.0,1,0,1,1
39,1521,17.0,40.0,3,1500000.0,5.0,0,1,1,1
33,1089,15.0,40.0,3,2000000.0,11.0,1,1,1,1
54,2916,15.0,40.0,2,2500000.0,6.0,1,1,0,1
62,3844,16.0,40.0,2,2500000.0,6.0,0,1,0,1
63,3969,17.0,43.0,1,2500000.0,10.0,0,0,1,1
38,1444,19.0,48.0,1,3000000.0,2.0,0,0,0,1
60,3600,12.0,50.0,3,200000.0,1.0,0,1,0,1
59,3481,7.0,16.0,2,800000.0,2.0,0,1,1,1
28,784,6.0,48.0,5,1000000.0,4.0,0,1,1,0
49,2401,12.0,54.0,5,2500000.0,3.0,0,1,0,1
54,2916,12.0,20.0,1,0.0,1.0,1,0,0,1
45,2025,15.0,60.0,3,700000.0,1.0,0,1,0,1
45,2025,15.0,60.0,3,1200000.0,8.0,1,1,1,1
45,2025,12.0,52.0,4,1200000.0,1.0,1,1,0,1
46,2116,9.0,52.0,4,1000000.0,1.0,0,1,0,1
43,1849,7.0,45.0,5,2000000.0,10.0,0,1,1,1
57,3249,13.0,48.0,2,2000000.0,12.0,0,1,1,1
32,1024,15.0,48.0,2,1500000.0,1.0,1,1,0,1
40,1600,7.0,60.0,5,1000000.0,3.0,0,1,0,0
42,1764,6.0,48.0,4,700000.0,7.0,0,0,1,0
43,1849,15.0,57.0,5,3000000.0,11.0,0,1,1,1
43,1849,15.0,57.0,5,900000.0,8.0,1,1,1,1
39,1521,7.0,54.0,2,1000000.0,11.0,0,0,1,1
18,324,10.0,54.0,2,40000.0,2.0,0,0,0,1
50,2500,13.0,54.0,1,550000.0,2.0,1,0,1,1
25,625,7.0,25.0,4,600000.0,2.0,0,0,1,0
39,1521,19.0,40.0,1,4000000.0,11.0,1,0,1,1
46,2116,15.0,50.0,4,750000.0,9.0,0,1,1,1
45,2025,17.0,50.0,4,1500000.0,9.0,1,1,1,1
40,1600,15.0,60.0,4,400000.0,1.0,1,1,0,1
58,3364,9.0,25.0,5,800000.0,11.0,0,1,1,1
55,3025,12.0,25.0,5,200000.0,2.0,1,1,0,1
31,961,12.0,25.0,5,300000.0,2.0,1,1,1,1
34,1156,12.0,25.0,5,600000.0,2.0,0,1,1,1
73,5329,6.0,0.0,1,700000.0,8.0,1,0,1,1
46,2116,15.0,12.0,4,800000.0,10.0,1,0,1,1
21,441,14.0,12.0,4,400000.0,6.0,1,0,1,0
38,1444,12.0,40.0,4,1500000.0,7.0,0,1,1,1
34,1156,12.0,40.0,4,860000.0,5.0,1,1,1,1
23,529,13.0,25.0,4,400000.0,7.0,0,0,1,0
20,400,10.0,25.0,4,820000.0,5.0,0,0,1,0
51,2601,9.0,48.0,5,900000.0,2.0,0,1,0,0
20,400,11.0,48.0,5,400000.0,2.0,0,0,1,0
47,2209,12.0,42.0,4,1500000.0,11.0,0,1,1,1
57,3249,6.0,50.0,1,700000.0,6.0,0,0,1,1
30,900,12.0,50.0,4,800000.0,2.0,0,1,1,1
56,3136,15.0,48.0,1,800000.0,1.0,1,0,0,1
38,1444,12.0,60.0,4,1500000.0,10.0,0,1,1,1
39,1521,12.0,60.0,4,100000.0,1.0,1,1,0,0
34,1156,9.0,45.0,6,1200000.0,7.0,0,1,1,1
30,900,12.0,45.0,6,400000.0,1.0,1,1,0,1
60,3600,6.0,40.0,2,300000.0,1.0,0,1,0,1
63,3969,6.0,40.0,2,150000.0,1.0,1,1,0,1
54,2916,12.0,70.0,3,500000.0,1.0,0,1,0,1
68,4624,15.0,52.0,1,1500000.0,1.0,0,0,0,1
42,1764,12.0,44.0,4,1200000.0,6.0,0,1,1,1
20,400,12.0,44.0,4,1000000.0,5.0,0,0,1,1
42,1764,17.0,27.0,3,700000.0,8.0,1,0,1,1
24,576,12.0,27.0,3,480000.0,4.0,0,0,1,1
56,3136,8.0,24.0,2,30000.0,1.0,1,1,0,1
37,1369,12.0,56.0,4,1000000.0,7.0,0,1,1,1
53,2809,5.0,40.0,1,450000.0,1.0,0,0,0,1
64,4096,15.0,48.0,1,700000.0,8.0,1,0,1,1
56,3136,17.0,40.0,3,1500000.0,1.0,0,1,0,1
52,2704,17.0,40.0,3,3500000.0,7.0,1,1,1,1
52,2704,8.0,65.0,4,200000.0,3.0,1,0,0,0
25,625,7.0,65.0,4,200000.0,3.0,0,1,0,0
27,729,11.0,65.0,4,200000.0,3.0,1,1,0,0
69,4761,19.0,9.0,2,4000000.0,1.0,1,1,0,1
64,4096,19.0,9.0,2,3000000.0,8.0,0,1,1,1
39,1521,12.0,45.0,5,1500000.0,11.0,0,1,1,1
52,2704,14.0,44.0,6,1000000.0,6.0,0,1,1,1
50,2500,15.0,44.0,6,700000.0,7.0,1,1,1,1
23,529,16.0,44.0,6,300000.0,1.0,1,0,0,1
22,484,12.0,44.0,6,800000.0,3.0,0,0,1,0
36,1296,12.0,42.0,1,1100000.0,4.0,0,0,1,1
61,3721,12.0,44.0,4,1300000.0,3.0,0,1,0,1
48,2304,17.0,44.0,4,1500000.0,3.0,1,1,0,1
35,1225,15.0,56.0,2,600000.0,1.0,0,0,0,0
28,784,12.0,70.0,4,300000.0,1.0,0,1,0,0
63,3969,17.0,58.0,7,900000.0,12.0,1,1,1,1
65,4225,16.0,58.0,7,600000.0,11.0,0,1,1,1
33,1089,15.0,58.0,7,100000.0,1.0,1,1,0,0
35,1225,9.0,58.0,7,600000.0,6.0,0,1,1,0
50,2500,15.0,43.0,3,1300000.0,10.0,0,1,1,1
61,3721,6.0,50.0,2,800000.0,1.0,0,1,1,0
30,900,19.0,50.0,1,1200000.0,12.0,1,0,1,1
42,1764,10.0,6.0,2,150000.0,1.0,1,0,0,1
32,1024,12.0,24.0,3,500000.0,1.0,0,1,0,1
33,1089,15.0,0.0,2,353000.0,9.0,1,0,1,1
70,4900,6.0,25.0,1,500000.0,2.0,0,0,1,1
39,1521,12.0,35.0,3,1400000.0,10.0,0,1,1,1
32,1024,12.0,35.0,3,800000.0,4.0,1,1,1,1
52,2704,16.0,40.0,4,2100000.0,12.0,0,1,1,1
37,1369,10.0,12.0,4,120000.0,1.0,1,0,0,0
53,2809,8.0,60.0,2,1500000.0,5.0,0,1,0,1
44,1936,6.0,48.0,4,1000000.0,1.0,0,1,0,1
58,3364,12.0,48.0,2,1500000.0,3.0,0,1,0,1
31,961,12.0,48.0,2,800000.0,1.0,1,1,0,1
62,3844,15.0,0.0,2,1000000.0,8.0,1,1,1,1
37,1369,15.0,40.0,5,1000000.0,7.0,0,1,1,1
59,3481,6.0,16.0,4,300000.0,1.0,0,1,0,1
40,1600,8.0,54.0,3,1300000.0,6.0,0,1,1,1
30,900,13.0,84.0,5,900000.0,2.0,1,0,0,1
65,4225,6.0,50.0,5,1200000.0,1.0,0,1,0,1
28,784,15.0,36.0,2,1500000.0,6.0,0,1,1,1
27,729,14.0,36.0,2,500000.0,3.0,1,1,1,1
40,1600,12.0,45.0,3,1500000.0,11.0,0,1,1,1
50,2500,12.0,35.0,2,900000.0,9.0,1,0,1,1
52,2704,7.0,60.0,2,900000.0,7.0,1,1,1,1
35,1225,13.0,50.0,3,2000000.0,8.0,1,1,1,1
37,1369,12.0,50.0,3,2000000.0,8.0,0,1,1,1
42,1764,13.0,30.0,2,1180000.0,10.0,1,0,1,1
37,1369,9.0,48.0,4,700000.0,1.0,1,1,0,1
49,2401,17.0,28.0,3,700000.0,8.0,0,0,1,1
55,3025,6.0,48.0,3,1200000.0,7.0,0,0,1,1
25,625,17.0,27.0,2,580000.0,8.0,1,1,1,1
37,1369,15.0,34.0,3,600000.0,7.0,1,0,1,1
37,1369,12.0,84.0,5,1800000.0,2.0,0,0,0,1
32,1024,12.0,8.0,4,200000.0,5.0,1,0,1,1
40,1600,6.0,45.0,4,1200000.0,9.0,0,1,1,1
22,484,13.0,40.0,6,380000.0,3.0,1,0,1,0
68,4624,6.0,40.0,6,850000.0,9.0,0,0,1,1
24,576,12.0,40.0,6,800000.0,3.0,1,0,1,0
63,3969,6.0,40.0,3,800000.0,1.0,0,0,0,0
35,1225,6.0,40.0,3,500000.0,2.0,0,0,1,0
53,2809,15.0,56.0,3,1800000.0,7.0,0,1,1,1
48,2304,12.0,56.0,3,2400000.0,7.0,1,1,1,1
50,2500,12.0,40.0,4,2000000.0,10.0,0,0,1,1
29,841,9.0,40.0,4,2000000.0,3.0,0,0,1,0
31,961,8.0,40.0,4,1400000.0,4.0,0,0,1,0
66,4356,14.0,45.0,2,2300000.0,12.0,1,0,1,1
25,625,12.0,40.0,1,1900000.0,8.0,1,0,1,1
30,900,7.0,44.0,2,1500000.0,2.0,0,1,0,0
63,3969,12.0,6.0,2,120000.0,1.0,1,1,0,1
49,2401,14.0,30.0,1,850000.0,3.0,0,0,1,1
52,2704,8.0,50.0,5,1000000.0,1.0,0,1,0,0
21,441,10.0,50.0,5,450000.0,3.0,0,0,1,0
19,361,10.0,50.0,5,1000000.0,6.0,0,0,1,1
47,2209,9.0,48.0,4,2000000.0,3.0,0,1,0,1
48,2304,12.0,48.0,4,2000000.0,3.0,1,1,0,1
44,1936,12.0,12.0,4,400000.0,6.0,0,1,0,1
32,1024,12.0,12.0,4,200000.0,6.0,1,1,1,1
18,324,11.0,12.0,4,200000.0,6.0,1,0,1,1
23,529,12.0,54.0,2,1400000.0,7.0,0,1,1,1
21,441,12.0,54.0,2,1100000.0,9.0,1,1,1,1
35,1225,8.0,27.0,2,500000.0,1.0,1,0,0,1
43,1849,12.0,60.0,5,5000000.0,1.0,1,1,0,1
51,2601,12.0,60.0,5,0.0,1.0,0,1,0,1
67,4489,15.0,35.0,2,800000.0,10.0,1,1,1,1
69,4761,15.0,35.0,2,150000.0,1.0,0,1,0,1
40,1600,8.0,40.0,4,600000.0,7.0,0,1,1,0
30,900,15.0,36.0,1,1000000.0,9.0,1,0,1,1
45,2025,12.0,30.0,3,700000.0,7.0,1,0,1,1
29,841,15.0,52.0,2,900000.0,4.0,0,1,0,0
31,961,16.0,52.0,2,800000.0,4.0,1,1,0,0
49,2401,12.0,48.0,3,1200000.0,2.0,0,1,0,0
56,3136,17.0,60.0,3,1800000.0,11.0,1,1,1,1
45,2025,17.0,45.0,2,685000.0,6.0,0,1,1,1
33,1089,14.0,48.0,2,1400000.0,12.0,0,1,1,1
68,4624,15.0,9.0,1,900000.0,1.0,1,0,0,1
47,2209,15.0,40.0,5,900000.0,10.0,1,1,1,1
51,2601,17.0,40.0,5,2800000.0,8.0,0,1,1,1
62,3844,12.0,42.0,5,600000.0,1.0,1,0,0,1
26,676,15.0,45.0,2,940000.0,6.0,1,1,1,1
31,961,14.0,45.0,2,890000.0,3.0,0,1,1,1
40,1600,12.0,60.0,2,1500000.0,10.0,0,1,1,0
34,1156,14.0,51.0,1,1000000.0,6.0,0,0,1,1
50,2500,6.0,40.0,8,700000.0,5.0,0,0,1,0
30,900,17.0,40.0,2,1100000.0,1.0,1,1,0,1
32,1024,19.0,40.0,2,2800000.0,11.0,0,1,1,1
47,2209,9.0,36.0,1,400000.0,1.0,0,0,0,0
29,841,12.0,45.0,1,1500000.0,11.0,0,0,1,1
31,961,12.0,40.0,1,1000000.0,9.0,1,0,1,1
47,2209,15.0,60.0,1,650000.0,2.0,0,0,1,1
18,324,12.0,40.0,5,700000.0,1.0,1,0,0,1
40,1600,17.0,40.0,2,2000000.0,1.0,0,1,0,1
21,441,13.0,5.0,1,0.0,2.0,0,0,1,0
48,2304,16.0,24.0,2,500000.0,1.0,1,0,0,1
63,3969,12.0,30.0,2,600000.0,1.0,0,0,0,1
48,2304,19.0,40.0,4,4000000.0,9.0,0,1,1,1
46,2116,12.0,40.0,4,2000000.0,7.0,1,1,1,1
53,2809,12.0,48.0,2,1400000.0,9.0,0,0,1,1
25,625,12.0,48.0,2,2500000.0,6.0,0,0,1,1
50,2500,12.0,35.0,1,2500000.0,8.0,1,0,1,1
36,1296,12.0,56.0,5,1000000.0,3.0,0,1,0,1
52,2704,12.0,56.0,5,800000.0,1.0,1,1,0,1
56,3136,12.0,56.0,5,3000000.0,1.0,0,1,0,1
28,784,12.0,56.0,5,900000.0,3.0,1,1,1,1
40,1600,15.0,40.0,2,1100000.0,4.0,0,1,1,1
41,1681,15.0,40.0,2,2000000.0,8.0,1,0,1,1
61,3721,6.0,40.0,1,1300000.0,9.0,0,0,1,1
36,1296,13.0,16.0,4,150000.0,3.0,1,0,1,0
50,2500,15.0,46.0,1,2300000.0,5.0,0,0,1,1
30,900,15.0,60.0,4,250000.0,1.0,1,1,0,0
37,1369,15.0,20.0,3,700000.0,7.0,1,1,1,1
53,2809,12.0,30.0,4,480000.0,6.0,0,0,1,0
57,3249,17.0,40.0,2,4000000.0,4.0,1,1,0,1
56,3136,14.0,40.0,2,4500000.0,12.0,0,1,1,1
40,1600,15.0,38.0,3,2300000.0,9.0,1,1,1,1
43,1849,15.0,38.0,3,1900000.0,12.0,0,1,1,1
28,784,15.0,35.0,1,1500000.0,4.0,0,0,1,1
30,900,15.0,40.0,1,1000000.0,1.0,1,0,0,1
26,676,18.0,40.0,2,1000000.0,5.0,0,0,1,1
71,5041,12.0,20.0,2,850000.0,1.0,0,1,0,1
47,2209,17.0,50.0,4,2000000.0,1.0,0,1,0,1
43,1849,15.0,50.0,4,1000000.0,2.0,1,1,1,1
50,2500,12.0,60.0,2,6000000.0,1.0,0,0,1,1
42,1764,12.0,48.0,5,980000.0,8.0,0,1,1,1
36,1296,14.0,48.0,5,600000.0,1.0,1,1,0,1
31,961,14.0,44.0,2,300000.0,7.0,1,0,1,1
46,2116,15.0,40.0,2,1500000.0,7.0,1,0,1,1
54,2916,6.0,38.0,5,900000.0,2.0,0,1,0,1
54,2916,9.0,38.0,5,1200000.0,2.0,1,1,0,1
23,529,9.0,38.0,5,500000.0,3.0,0,1,0,1
25,625,12.0,38.0,5,300000.0,3.0,1,1,0,1
27,729,15.0,35.0,3,500000.0,1.0,0,0,0,1
42,1764,15.0,43.0,3,140000.0,10.0,1,0,1,1
47,2209,13.0,43.0,3,600000.0,1.0,1,0,0,1
38,1444,8.0,60.0,4,480000.0,6.0,1,0,1,0
52,2704,15.0,38.0,3,1100000.0,10.0,1,1,1,1
50,2500,12.0,48.0,3,1000000.0,2.0,0,1,0,0
51,2601,12.0,48.0,3,0.0,2.0,1,1,0,0
26,676,12.0,48.0,2,600000.0,1.0,0,1,0,0
24,576,12.0,48.0,2,500000.0,3.0,1,1,1,0
36,1296,12.0,48.0,1,400000.0,4.0,0,0,1,0
39,1521,12.0,56.0,1,1100000.0,8.0,0,0,1,1
41,1681,15.0,40.0,3,700000.0,8.0,1,1,1,1
46,2116,6.0,40.0,6,1080000.0,1.0,0,1,0,0
38,1444,12.0,30.0,5,320000.0,1.0,0,1,0,0
50,2500,7.0,63.0,7,800000.0,1.0,0,1,0,0
29,841,9.0,63.0,7,450000.0,1.0,0,0,0,0
65,4225,15.0,25.0,4,950000.0,9.0,0,1,1,1
60,3600,12.0,48.0,1,1000000.0,1.0,0,0,0,0
21,441,12.0,40.0,1,1200000.0,2.0,1,0,0,0
64,4096,17.0,48.0,3,4000000.0,7.0,0,1,0,1
75,5625,15.0,40.0,3,1500000.0,1.0,0,1,0,1
30,900,9.0,30.0,4,220000.0,1.0,0,0,0,0
52,2704,6.0,25.0,2,800000.0,12.0,0,1,1,1
35,1225,12.0,18.0,4,1600000.0,9.0,0,1,1,1
36,1296,12.0,18.0,4,80000.0,2.0,1,1,0,1
29,841,15.0,48.0,8,800000.0,4.0,1,1,1,1
21,441,12.0,48.0,8,800000.0,4.0,1,0,1,1
28,784,12.0,0.0,3,1800000.0,12.0,0,1,1,1
28,784,17.0,0.0,3,790000.0,12.0,1,1,1,1
56,3136,6.0,25.0,7,400000.0,7.0,1,0,1,0
52,2704,17.0,40.0,2,1000000.0,1.0,1,0,0,1
46,2116,15.0,30.0,1,820000.0,11.0,1,0,1,1
53,2809,17.0,24.0,4,1500000.0,11.0,0,1,1,1
28,784,16.0,45.0,3,1000000.0,11.0,0,1,1,1
28,784,15.0,45.0,3,1000000.0,2.0,1,1,1,1
43,1849,6.0,40.0,3,500000.0,1.0,0,1,0,0
35,1225,6.0,40.0,3,300000.0,1.0,1,1,0,0
43,1849,12.0,35.0,5,1500000.0,9.0,0,1,1,1
48,2304,13.0,25.0,2,500000.0,7.0,1,0,1,0
24,576,15.0,25.0,2,450000.0,8.0,1,0,1,1
44,1936,12.0,30.0,6,700000.0,7.0,1,1,1,1
58,3364,15.0,35.0,3,2000000.0,9.0,0,1,1,1
51,2601,17.0,35.0,3,2000000.0,1.0,1,1,0,1
41,1681,12.0,54.0,1,1400000.0,11.0,1,0,1,1
53,2809,15.0,34.0,5,300000.0,1.0,0,1,0,1
39,1521,6.0,4.0,4,600000.0,1.0,0,1,0,0
34,1156,13.0,36.0,7,650000.0,7.0,1,0,1,1
30,900,0.0,36.0,7,380000.0,4.0,0,0,1,0
29,841,12.0,36.0,7,800000.0,7.0,0,0,1,1
28,784,14.0,36.0,7,480000.0,4.0,0,0,1,0
22,484,12.0,0.0,3,980000.0,9.0,1,0,1,1
45,2025,12.0,48.0,2,600000.0,1.0,1,0,0,0
54,2916,15.0,40.0,2,1200000.0,6.0,0,0,1,1
34,1156,15.0,56.0,2,1100000.0,6.0,0,1,1,1
32,1024,15.0,56.0,2,600000.0,5.0,1,1,1,0
37,1369,12.0,60.0,1,900000.0,8.0,0,0,1,1
51,2601,8.0,60.0,2,800000.0,9.0,0,1,1,1
53,2809,17.0,60.0,2,400000.0,12.0,1,1,1,1
30,900,13.0,49.0,2,1200000.0,4.0,0,1,1,1
25,625,15.0,49.0,2,100000.0,1.0,1,1,0,0
47,2209,15.0,0.0,4,650000.0,8.0,1,1,1,1
46,2116,12.0,48.0,2,500000.0,2.0,1,0,1,0
28,784,15.0,20.0,3,400000.0,4.0,1,0,1,0
69,4761,6.0,40.0,5,400000.0,3.0,0,1,1,1
46,2116,9.0,40.0,5,800000.0,1.0,0,0,0,0
32,1024,10.0,40.0,5,500000.0,1.0,0,0,0,0
54,2916,12.0,4.0,5,20000.0,2.0,1,1,0,0
59,3481,12.0,4.0,5,580000.0,3.0,0,1,1,0
44,1936,12.0,40.0,1,600000.0,8.0,0,0,1,0
54,2916,17.0,40.0,3,2500000.0,12.0,0,1,1,1
50,2500,17.0,40.0,3,2000000.0,1.0,1,1,0,1
59,3481,15.0,40.0,3,1900000.0,10.0,0,1,1,1
54,2916,10.0,40.0,3,750000.0,7.0,1,1,1,1
44,1936,8.0,60.0,4,800000.0,10.0,0,1,1,1
49,2401,14.0,45.0,4,890000.0,12.0,0,1,1,1
38,1444,12.0,72.0,2,1000000.0,6.0,0,1,1,1
50,2500,15.0,32.0,3,1500000.0,8.0,0,1,1,1
44,1936,13.0,40.0,3,1100000.0,7.0,1,1,1,1
51,2601,12.0,40.0,3,9000000.0,5.0,0,1,1,1
63,3969,12.0,40.0,6,1500000.0,7.0,0,1,1,1
25,625,12.0,40.0,6,750000.0,7.0,1,0,1,1
41,1681,15.0,15.0,3,144000.0,3.0,1,0,1,1
42,1764,6.0,27.0,3,200000.0,1.0,1,0,0,0
20,400,6.0,27.0,3,300000.0,5.0,0,0,1,0
35,1225,9.0,20.0,6,200000.0,5.0,1,0,1,0
36,1296,15.0,72.0,2,800000.0,6.0,1,1,1,1
42,1764,12.0,23.0,6,200000.0,1.0,1,0,0,0
19,361,14.0,23.0,6,170000.0,7.0,1,0,1,1
18,324,10.0,23.0,6,200000.0,7.0,0,0,1,0
36,1296,8.0,60.0,5,1500000.0,2.0,0,1,0,1
38,1444,12.0,40.0,6,1000000.0,1.0,0,0,0,0
46,2116,15.0,48.0,5,1200000.0,11.0,0,1,1,1
32,1024,7.0,48.0,5,284000.0,8.0,1,1,1,1
46,2116,10.0,60.0,3,1000000.0,1.0,0,0,0,0
30,900,12.0,40.0,2,1100000.0,6.0,1,1,1,1
35,1225,10.0,40.0,2,940000.0,6.0,0,1,1,1
48,2304,14.0,36.0,7,800000.0,1.0,1,1,0,1
25,625,15.0,36.0,7,300000.0,1.0,0,0,0,1
36,1296,17.0,63.0,2,400000.0,1.0,1,0,0,0
57,3249,14.0,30.0,1,600000.0,1.0,1,1,0,1
57,3249,15.0,48.0,3,950000.0,9.0,1,1,1,1
44,1936,12.0,48.0,1,1000000.0,7.0,0,0,1,1
44,1936,15.0,50.0,4,800000.0,9.0,1,0,1,1
56,3136,9.0,45.0,4,1800000.0,12.0,0,1,1,1
49,2401,15.0,45.0,4,1000000.0,9.0,1,1,1,1
23,529,11.0,74.0,5,530000.0,7.0,0,1,1,1
29,841,12.0,40.0,2,1200000.0,9.0,0,0,1,1
23,529,12.0,40.0,2,900000.0,9.0,0,0,1,1
38,1444,12.0,45.0,3,1500000.0,11.0,0,1,1,1
35,1225,17.0,36.0,1,1100000.0,8.0,1,0,1,1
43,1849,17.0,45.0,4,3800000.0,6.0,1,1,1,1
56,3136,17.0,43.0,2,2200000.0,12.0,1,1,1,1
54,2916,17.0,43.0,2,1800000.0,11.0,0,1,1,1
46,2116,12.0,21.0,5,160000.0,1.0,1,1,0,1
27,729,15.0,21.0,5,700000.0,1.0,0,0,0,0
24,576,14.0,21.0,5,250000.0,1.0,1,0,0,1
48,2304,8.0,21.0,5,950000.0,1.0,0,1,0,1
31,961,6.0,45.0,4,500000.0,1.0,0,1,0,0
26,676,10.0,49.0,1,1000000.0,7.0,0,0,1,1
58,3364,17.0,24.0,1,22000000.0,1.0,0,0,0,1
46,2116,12.0,48.0,6,900000.0,2.0,0,1,0,0
23,529,6.0,48.0,6,300000.0,2.0,0,0,1,0
57,3249,15.0,40.0,3,1500000.0,1.0,0,1,0,1
24,576,16.0,40.0,3,1400000.0,3.0,0,0,1,1
58,3364,15.0,0.0,2,0.0,6.0,0,0,1,0
52,2704,17.0,0.0,2,1500000.0,6.0,1,0,1,1
24,576,12.0,60.0,2,500000.0,7.0,1,0,1,0
46,2116,12.0,48.0,2,2300000.0,11.0,0,0,1,1
53,2809,6.0,9.0,3,1400000.0,7.0,0,1,1,1
45,2025,19.0,40.0,3,1500000.0,9.0,1,0,1,1
54,2916,12.0,40.0,3,700000.0,3.0,0,0,1,1
48,2304,6.0,40.0,3,800000.0,3.0,0,0,1,1
43,1849,6.0,25.0,3,540000.0,4.0,1,0,1,0
57,3249,8.0,47.0,1,600000.0,1.0,1,0,1,0
44,1936,15.0,0.0,1,2000000.0,9.0,1,0,1,1
38,1444,19.0,40.0,3,1200000.0,9.0,1,1,1,1
57,3249,12.0,42.0,4,90000.0,1.0,1,0,0,1
25,625,12.0,42.0,4,70000.0,1.0,1,0,0,1
36,1296,17.0,35.0,2,1200000.0,10.0,0,1,1,1
37,1369,17.0,35.0,2,900000.0,1.0,1,1,0,1
43,1849,12.0,30.0,4,200000.0,1.0,0,1,0,1
38,1444,17.0,40.0,3,4000000.0,7.0,0,1,1,1
39,1521,17.0,40.0,3,2000000.0,1.0,1,1,0,1
64,4096,17.0,42.0,2,5000000.0,3.0,0,1,0,1
50,2500,9.0,24.0,5,400000.0,4.0,0,1,0,0
26,676,16.0,36.0,3,800000.0,6.0,1,0,1,1
29,841,14.0,42.0,3,300000.0,1.0,1,1,0,1
58,3364,12.0,60.0,1,600000.0,7.0,0,0,1,0
62,3844,12.0,42.0,2,1000000.0,3.0,1,1,1,1
55,3025,15.0,40.0,1,1800000.0,3.0,1,0,1,1
34,1156,17.0,40.0,1,3500000.0,8.0,1,0,1,1
33,1089,12.0,60.0,2,800000.0,1.0,1,0,0,0
37,1369,12.0,40.0,2,1000000.0,1.0,0,0,0,0
57,3249,12.0,42.0,4,800000.0,1.0,0,0,0,0
45,2025,17.0,34.0,3,2000000.0,1.0,0,0,0,1
61,3721,15.0,59.0,2,1000000.0,1.0,1,0,0,1
48,2304,17.0,28.0,4,3000000.0,10.0,1,1,1,1
44,1936,17.0,28.0,4,3000000.0,10.0,0,1,1,1
37,1369,15.0,40.0,1,950000.0,11.0,0,0,1,1
29,841,17.0,23.0,1,500000.0,2.0,0,0,1,1
27,729,15.0,40.0,2,1000000.0,9.0,0,1,1,1
32,1024,17.0,40.0,2,1000000.0,9.0,1,1,1,1
60,3600,16.0,20.0,2,200000.0,1.0,0,0,0,0
33,1089,12.0,45.0,1,1500000.0,11.0,0,0,1,1
56,3136,9.0,48.0,6,2000000.0,12.0,0,1,1,1
66,4356,6.0,35.0,1,1060000.0,9.0,1,0,1,1
50,2500,9.0,44.0,4,2100000.0,6.0,0,1,1,1
44,1936,12.0,44.0,4,550000.0,1.0,1,1,0,1
45,2025,19.0,40.0,4,1500000.0,10.0,0,1,1,1
49,2401,9.0,52.0,5,1000000.0,2.0,0,1,0,0
19,361,12.0,52.0,5,400000.0,2.0,0,0,1,0
30,900,12.0,40.0,1,300000.0,1.0,0,0,0,0
62,3844,6.0,35.0,1,700000.0,1.0,0,0,0,1
31,961,14.0,40.0,1,1400000.0,6.0,1,0,1,1
51,2601,13.0,40.0,3,2600000.0,6.0,0,1,1,1
50,2500,17.0,40.0,3,1600000.0,12.0,1,1,1,1
26,676,13.0,40.0,3,1040000.0,6.0,1,0,1,1
42,1764,9.0,48.0,4,1700000.0,4.0,0,1,1,1
39,1521,8.0,48.0,4,1100000.0,8.0,1,1,1,1
46,2116,12.0,45.0,4,1500000.0,11.0,1,0,1,1
34,1156,9.0,26.0,3,600000.0,1.0,0,1,0,0
41,1681,14.0,40.0,3,1100000.0,8.0,0,1,1,1
67,4489,15.0,25.0,2,600000.0,1.0,1,1,0,1
47,2209,12.0,54.0,1,700000.0,1.0,1,0,0,0
53,2809,6.0,48.0,5,900000.0,3.0,0,1,0,0
30,900,8.0,48.0,5,400000.0,3.0,0,0,1,0
53,2809,5.0,45.0,4,600000.0,2.0,1,0,0,1
21,441,12.0,45.0,4,600000.0,2.0,0,0,0,0
21,441,8.0,8.0,3,800000.0,7.0,0,1,1,0
53,2809,17.0,40.0,4,3000000.0,11.0,0,1,1,1
35,1225,17.0,40.0,4,1500000.0,11.0,1,1,1,1
42,1764,12.0,15.0,2,1500000.0,6.0,0,0,1,0
35,1225,12.0,45.0,4,1500000.0,11.0,0,1,1,1
38,1444,12.0,42.0,3,1200000.0,9.0,0,1,1,1
47,2209,8.0,40.0,6,1000000.0,9.0,0,1,1,1
43,1849,15.0,20.0,3,1200000.0,12.0,0,0,1,1
32,1024,12.0,42.0,2,1200000.0,9.0,0,1,1,1
51,2601,15.0,40.0,4,900000.0,9.0,1,0,1,1
40,1600,15.0,21.0,3,1000000.0,3.0,1,1,0,1
41,1681,12.0,21.0,3,1300000.0,12.0,0,1,1,1
59,3481,8.0,18.0,2,400000.0,3.0,0,1,1,1
48,2304,17.0,24.0,4,300000.0,6.0,0,1,1,1
43,1849,17.0,24.0,4,400000.0,6.0,1,1,1,1
29,841,17.0,44.0,2,3700000.0,10.0,0,0,1,1
29,841,17.0,44.0,2,3700000.0,10.0,0,0,1,1
80,6400,12.0,36.0,1,400000.0,1.0,1,0,0,1
45,2025,12.0,45.0,5,1300000.0,11.0,0,1,1,1
52,2704,17.0,45.0,4,2000000.0,11.0,0,1,1,1
20,400,9.0,40.0,6,460000.0,5.0,0,0,1,0
49,2401,15.0,25.0,4,900000.0,7.0,0,1,1,1
48,2304,15.0,25.0,4,900000.0,7.0,1,1,1,1
47,2209,7.0,40.0,4,800000.0,1.0,0,0,0,0
55,3025,15.0,40.0,4,700000.0,7.0,1,0,1,1
24,576,13.0,40.0,4,200000.0,6.0,1,0,1,1
49,2401,15.0,36.0,4,900000.0,12.0,0,1,1,1
47,2209,15.0,36.0,4,900000.0,12.0,1,1,1,1
34,1156,12.0,35.0,3,700000.0,11.0,0,1,1,1
48,2304,12.0,40.0,4,1200000.0,6.0,0,1,1,1
46,2116,15.0,40.0,4,500000.0,1.0,1,1,0,1
65,4225,17.0,48.0,4,1000000.0,2.0,0,1,0,1
29,841,17.0,48.0,4,1500000.0,5.0,1,0,0,1
52,2704,12.0,6.0,1,100000.0,1.0,1,0,0,1
37,1369,12.0,42.0,4,1200000.0,9.0,1,0,1,1
57,3249,6.0,48.0,1,450000.0,4.0,1,0,1,1
20,400,12.0,51.0,1,600000.0,3.0,0,0,1,0
58,3364,6.0,18.0,3,200000.0,1.0,0,1,0,0
38,1444,12.0,35.0,3,400000.0,2.0,1,1,1,1
37,1369,12.0,40.0,1,600000.0,1.0,0,0,0,0
49,2401,14.0,40.0,5,850000.0,3.0,0,1,1,1
75,5625,6.0,14.0,1,200000.0,1.0,0,0,0,1
46,2116,8.0,42.0,4,400000.0,3.0,0,1,0,0
46,2116,7.0,42.0,4,0.0,3.0,1,1,0,0
38,1444,15.0,38.0,3,650000.0,6.0,1,0,1,1
57,3249,12.0,55.0,4,1500000.0,8.0,0,1,1,1
45,2025,14.0,55.0,4,800000.0,1.0,1,1,0,1
65,4225,12.0,40.0,6,750000.0,3.0,0,1,1,1
39,1521,12.0,40.0,6,750000.0,3.0,0,0,1,0
49,2401,15.0,40.0,2,1300000.0,1.0,1,1,0,1
33,1089,14.0,48.0,1,1800000.0,1.0,1,0,0,1
53,2809,16.0,45.0,2,2500000.0,9.0,1,0,1,1
35,1225,12.0,50.0,3,980000.0,1.0,0,1,0,1
38,1444,7.0,9.0,4,350000.0,12.0,0,1,1,1
23,529,14.0,42.0,4,150000.0,3.0,0,0,1,0
52,2704,17.0,25.0,4,950000.0,1.0,1,0,0,1
46,2116,17.0,71.0,1,740000.0,10.0,1,0,1,1
65,4225,12.0,40.0,1,800000.0,9.0,0,0,1,1
35,1225,14.0,70.0,1,780000.0,9.0,1,0,1,1
26,676,9.0,32.0,2,800000.0,6.0,0,1,1,1
24,576,15.0,32.0,2,500000.0,6.0,1,1,1,1
54,2916,12.0,48.0,4,700000.0,2.0,0,1,0,1
52,2704,15.0,48.0,4,1000000.0,8.0,1,1,1,1
39,1521,17.0,30.0,1,2500000.0,7.0,1,0,1,1
33,1089,7.0,16.0,5,900000.0,6.0,1,0,1,0
44,1936,14.0,84.0,2,350000.0,2.0,1,1,0,0
47,2209,6.0,84.0,2,350000.0,2.0,0,1,1,0
60,3600,15.0,25.0,4,500000.0,1.0,1,1,0,1
24,576,17.0,48.0,1,1200000.0,6.0,1,0,1,1
34,1156,17.0,60.0,3,1200000.0,2.0,0,0,0,1
45,2025,17.0,20.0,4,800000.0,10.0,1,0,1,1
38,1444,12.0,78.0,4,1200000.0,3.0,0,1,0,1
35,1225,14.0,78.0,4,240000.0,1.0,1,1,0,1
55,3025,12.0,56.0,3,300000.0,1.0,0,1,0,1
24,576,8.0,45.0,2,2000000.0,1.0,0,1,0,1
37,1369,12.0,35.0,3,900000.0,9.0,1,0,1,1
33,1089,12.0,40.0,1,1600000.0,11.0,0,0,1,1
69,4761,12.0,35.0,1,900000.0,10.0,1,0,1,1
29,841,14.0,15.0,7,560000.0,12.0,0,1,1,1
28,784,15.0,15.0,7,520000.0,12.0,1,1,1,1
24,576,11.0,15.0,7,64000.0,2.0,1,0,1,0
41,1681,12.0,42.0,2,400000.0,2.0,1,0,1,0
20,400,12.0,42.0,2,480000.0,1.0,0,0,0,0
67,4489,6.0,40.0,3,2000000.0,3.0,0,1,1,1
28,784,17.0,64.0,1,1040000.0,10.0,1,0,1,1
44,1936,9.0,25.0,8,400000.0,2.0,0,1,1,1
23,529,12.0,56.0,3,700000.0,4.0,1,0,1,1
46,2116,15.0,56.0,1,150000.0,1.0,1,0,0,0
51,2601,9.0,45.0,2,750000.0,6.0,1,0,1,1
25,625,10.0,45.0,2,750000.0,4.0,0,0,1,1
55,3025,12.0,20.0,2,550000.0,6.0,1,0,1,1
47,2209,12.0,20.0,2,550000.0,6.0,1,0,1,1
42,1764,6.0,24.0,4,0.0,3.0,0,1,0,1
44,1936,6.0,24.0,4,650000.0,1.0,1,1,0,1
19,361,12.0,24.0,4,0.0,3.0,1,0,0,1
37,1369,17.0,45.0,1,1500000.0,8.0,0,0,1,1
49,2401,12.0,30.0,3,580000.0,9.0,1,0,1,1
28,784,12.0,30.0,3,600000.0,3.0,0,0,1,0
23,529,6.0,30.0,3,250000.0,2.0,0,0,1,0
58,3364,15.0,72.0,5,850000.0,9.0,0,1,1,1
28,784,12.0,72.0,5,600000.0,9.0,0,0,1,1
47,2209,12.0,56.0,4,700000.0,8.0,1,1,1,1
49,2401,6.0,24.0,1,400000.0,1.0,0,0,0,0
51,2601,12.0,42.0,2,1200000.0,8.0,0,1,1,1
51,2601,10.0,48.0,6,1200000.0,10.0,0,1,1,1
45,2025,15.0,48.0,6,700000.0,1.0,1,1,0,1
45,2025,6.0,20.0,5,300000.0,1.0,0,1,0,0
21,441,12.0,16.0,1,0.0,2.0,0,0,1,1
60,3600,16.0,50.0,1,1600000.0,12.0,0,0,1,1
47,2209,12.0,48.0,5,210000.0,3.0,0,1,1,0
27,729,8.0,48.0,4,200000.0,7.0,1,0,1,0
21,441,10.0,48.0,4,600000.0,4.0,0,0,1,0
49,2401,7.0,48.0,4,900000.0,6.0,0,0,1,1
52,2704,12.0,94.0,3,1450000.0,10.0,1,0,1,1
57,3249,6.0,24.0,12,640000.0,6.0,1,0,1,0
36,1296,12.0,24.0,12,610000.0,6.0,1,0,1,0
31,961,12.0,24.0,12,720000.0,3.0,0,0,1,0
25,625,12.0,24.0,12,600000.0,5.0,1,0,1,0
22,484,12.0,24.0,12,600000.0,5.0,0,0,1,0
25,625,12.0,84.0,2,0.0,11.0,0,0,1,1
31,961,17.0,45.0,1,2950000.0,11.0,1,0,1,1
45,2025,17.0,35.0,3,5000000.0,3.0,0,1,1,1
43,1849,17.0,35.0,3,1300000.0,9.0,1,1,1,1
63,3969,12.0,35.0,3,1500000.0,6.0,0,0,1,1
20,400,12.0,35.0,3,200000.0,3.0,0,0,1,1
53,2809,9.0,42.0,5,1000000.0,6.0,0,1,1,1
41,1681,12.0,40.0,5,1000000.0,9.0,0,1,1,1
46,2116,12.0,40.0,5,600000.0,9.0,1,1,1,1
50,2500,3.0,40.0,6,320000.0,3.0,0,1,1,0
22,484,9.0,40.0,6,300000.0,3.0,0,0,1,0
21,441,7.0,40.0,6,360000.0,3.0,0,0,1,0
55,3025,17.0,40.0,3,1500000.0,2.0,0,1,0,1
43,1849,6.0,50.0,2,80000.0,4.0,1,1,1,0
31,961,15.0,36.0,4,800000.0,8.0,1,1,1,1
30,900,9.0,36.0,4,800000.0,5.0,0,1,1,1
75,5625,15.0,12.0,2,600000.0,1.0,0,1,0,1
43,1849,12.0,48.0,4,1200000.0,6.0,0,1,1,1
26,676,12.0,36.0,1,600000.0,9.0,1,0,1,1
27,729,7.0,63.0,6,1000000.0,2.0,0,1,1,0
56,3136,17.0,51.0,2,2800000.0,9.0,0,1,1,1
52,2704,6.0,40.0,5,400000.0,1.0,0,1,0,0
20,400,12.0,40.0,5,80000.0,2.0,0,0,1,0
45,2025,15.0,30.0,3,600000.0,9.0,0,1,1,1
31,961,12.0,45.0,3,650000.0,7.0,0,1,1,0
34,1156,12.0,4.0,4,78000.0,8.0,0,0,1,0
46,2116,14.0,44.0,4,500000.0,2.0,0,1,1,0
37,1369,13.0,44.0,4,50000.0,1.0,1,1,0,0
53,2809,8.0,12.0,1,1100000.0,1.0,0,0,0,0
60,3600,17.0,40.0,3,3100000.0,12.0,0,1,1,1
43,1849,12.0,48.0,4,2000000.0,6.0,1,1,0,0
44,1936,9.0,48.0,4,1000000.0,6.0,0,1,1,0
37,1369,12.0,40.0,4,1600000.0,10.0,1,0,1,1
35,1225,12.0,45.0,4,900000.0,8.0,0,1,1,1
37,1369,7.0,64.0,5,1150000.0,8.0,1,1,1,1
40,1600,7.0,64.0,5,1600000.0,6.0,0,1,1,1
57,3249,17.0,40.0,3,1200000.0,8.0,1,1,1,1
51,2601,15.0,49.0,1,400000.0,2.0,0,0,0,0
36,1296,17.0,40.0,3,1400000.0,12.0,1,0,1,1
52,2704,8.0,48.0,5,600000.0,11.0,0,1,1,1
51,2601,15.0,48.0,5,1200000.0,7.0,1,1,1,1
57,3249,15.0,35.0,2,3000000.0,10.0,1,1,1,1
54,2916,6.0,32.0,3,900000.0,2.0,0,1,1,1
21,441,13.0,32.0,3,200000.0,2.0,1,0,1,0
34,1156,17.0,40.0,2,1200000.0,10.0,1,0,1,1
64,4096,7.0,30.0,2,700000.0,3.0,0,0,0,0
58,3364,15.0,26.0,4,270000.0,7.0,1,1,1,1
65,4225,15.0,26.0,4,100000.0,1.0,0,1,0,1
55,3025,7.0,40.0,1,800000.0,6.0,0,0,1,0
30,900,11.0,3.0,4,200000.0,1.0,1,0,0,0
25,625,12.0,3.0,4,1200000.0,6.0,0,0,1,1
56,3136,14.0,9.0,7,500000.0,1.0,1,1,0,1
56,3136,12.0,9.0,7,750000.0,2.0,0,1,0,1
38,1444,15.0,45.0,2,2700000.0,10.0,1,0,1,1
41,1681,12.0,48.0,5,1300000.0,6.0,0,1,1,1
27,729,12.0,48.0,5,200000.0,1.0,1,0,0,0
48,2304,17.0,44.0,2,950000.0,12.0,0,1,1,1
42,1764,15.0,54.0,4,1000000.0,5.0,0,1,1,1
37,1369,17.0,54.0,4,1000000.0,3.0,1,1,1,1
43,1849,15.0,50.0,3,1500000.0,3.0,0,1,0,0
29,841,6.0,40.0,4,500000.0,10.0,1,0,1,1
44,1936,12.0,10.0,5,400000.0,1.0,1,0,0,1
27,729,12.0,10.0,5,900000.0,12.0,0,0,1,1
22,484,12.0,25.0,2,400000.0,2.0,1,1,0,0
41,1681,12.0,48.0,5,90000.0,1.0,1,1,0,0
67,4489,8.0,20.0,3,1000000.0,3.0,0,1,0,1
41,1681,15.0,20.0,3,1200000.0,6.0,1,0,1,1
35,1225,12.0,55.0,3,900000.0,10.0,0,0,1,1
40,1600,19.0,45.0,3,2000000.0,7.0,0,1,1,1
45,2025,15.0,50.0,5,650000.0,7.0,1,1,1,1
37,1369,12.0,24.0,3,350000.0,1.0,1,0,0,0
51,2601,12.0,54.0,5,800000.0,8.0,0,1,1,1
21,441,12.0,54.0,5,500000.0,1.0,1,0,0,1
31,961,16.0,32.0,2,400000.0,3.0,1,1,1,1
35,1225,15.0,32.0,2,3000000.0,4.0,0,1,0,1
23,529,8.0,25.0,2,400000.0,2.0,0,1,0,0
26,676,17.0,40.0,2,1400000.0,5.0,1,1,1,1
32,1024,12.0,40.0,2,800000.0,1.0,0,1,0,1
54,2916,15.0,30.0,4,700000.0,8.0,1,1,1,1
34,1156,15.0,30.0,4,80000.0,2.0,1,0,0,1
58,3364,12.0,30.0,4,800000.0,10.0,0,1,1,1
43,1849,15.0,45.0,4,600000.0,1.0,1,1,0,1
44,1936,14.0,45.0,4,1500000.0,12.0,0,1,1,1
70,4900,9.0,16.0,3,400000.0,1.0,0,1,0,1
51,2601,17.0,50.0,4,1700000.0,9.0,0,1,1,1
51,2601,17.0,50.0,4,900000.0,10.0,1,1,1,1
62,3844,12.0,48.0,2,1300000.0,2.0,1,0,0,0
30,900,12.0,48.0,2,900000.0,2.0,0,0,1,0
40,1600,15.0,68.0,4,400000.0,1.0,1,0,0,1
49,2401,12.0,48.0,4,2000000.0,6.0,0,1,0,1
50,2500,16.0,48.0,4,800000.0,11.0,1,1,1,1
51,2601,6.0,12.0,2,800000.0,5.0,0,1,0,0
50,2500,15.0,40.0,4,2500000.0,12.0,0,1,1,1
48,2304,17.0,40.0,4,1250000.0,10.0,1,1,1,1
22,484,11.0,40.0,4,900000.0,11.0,0,0,1,1
30,900,14.0,56.0,4,700000.0,1.0,0,1,0,1
37,1369,12.0,12.0,3,80000.0,2.0,1,0,1,0
51,2601,6.0,56.0,5,500000.0,1.0,1,1,0,0
61,3721,12.0,56.0,1,800000.0,1.0,1,0,0,1
48,2304,12.0,40.0,3,1000000.0,4.0,1,1,1,1
47,2209,12.0,40.0,3,1000000.0,7.0,0,1,1,1
35,1225,15.0,6.0,2,1500000.0,1.0,1,0,0,1
55,3025,12.0,6.0,2,200000.0,2.0,0,1,1,0
54,2916,12.0,24.0,4,1000000.0,1.0,0,1,0,1
49,2401,12.0,24.0,4,1300000.0,3.0,1,1,0,1
54,2916,12.0,46.0,4,500000.0,1.0,0,1,0,1
51,2601,14.0,46.0,4,640000.0,9.0,1,1,1,1
34,1156,12.0,35.0,2,900000.0,9.0,1,0,1,1
36,1296,17.0,59.0,1,1000000.0,1.0,1,0,0,1
23,529,15.0,48.0,4,400000.0,4.0,1,0,1,1
20,400,12.0,32.0,2,80000.0,2.0,1,0,1,0
28,784,12.0,40.0,1,2000000.0,1.0,0,0,0,0
67,4489,7.0,45.0,2,1500000.0,8.0,0,1,1,1
45,2025,19.0,49.0,3,800000.0,1.0,1,1,0,1
50,2500,12.0,49.0,3,1150000.0,6.0,0,1,1,1
27,729,12.0,24.0,4,400000.0,3.0,0,0,1,0
19,361,12.0,24.0,4,400000.0,3.0,0,0,1,0
50,2500,17.0,50.0,1,2000000.0,9.0,1,0,1,1
55,3025,12.0,52.0,3,972000.0,4.0,0,0,1,1
41,1681,12.0,35.0,4,2000000.0,9.0,0,1,1,1
48,2304,12.0,35.0,4,1000000.0,9.0,1,1,1,1
43,1849,15.0,56.0,3,2000000.0,2.0,0,1,0,1
32,1024,17.0,56.0,3,850000.0,7.0,1,1,1,1
33,1089,8.0,45.0,6,500000.0,1.0,1,1,0,0
36,1296,6.0,45.0,6,600000.0,4.0,0,1,1,0
40,1600,6.0,44.0,4,750000.0,6.0,0,1,1,0
25,625,6.0,60.0,1,500000.0,2.0,0,0,1,1
39,1521,7.0,48.0,1,400000.0,4.0,0,0,1,0
27,729,12.0,32.0,3,700000.0,7.0,0,1,1,1
24,576,12.0,32.0,3,400000.0,7.0,1,1,1,1
64,4096,12.0,55.0,2,2000000.0,4.0,0,1,0,1
63,3969,6.0,12.0,2,60000.0,1.0,0,1,0,1
31,961,12.0,80.0,1,987000.0,10.0,0,0,1,1
26,676,12.0,24.0,4,1300000.0,6.0,0,0,1,1
21,441,12.0,24.0,4,600000.0,4.0,1,0,1,0
48,2304,12.0,48.0,4,300000.0,1.0,1,1,0,1
29,841,12.0,42.0,1,1000000.0,4.0,1,0,1,1
26,676,15.0,45.0,2,1200000.0,12.0,1,0,1,1
44,1936,6.0,60.0,5,2000000.0,9.0,0,1,1,1
56,3136,15.0,40.0,2,1500000.0,8.0,0,1,1,1
48,2304,12.0,48.0,3,1130000.0,7.0,1,0,1,1
44,1936,12.0,36.0,5,1300000.0,9.0,0,1,1,1
39,1521,12.0,50.0,1,2200000.0,1.0,0,0,0,1
38,1444,10.0,24.0,3,600000.0,2.0,0,1,1,0
58,3364,16.0,12.0,4,800000.0,1.0,0,1,0,1
54,2916,12.0,12.0,4,1200000.0,12.0,1,1,1,1
30,900,12.0,42.0,1,1200000.0,6.0,0,0,1,1
45,2025,12.0,42.0,3,2000000.0,3.0,1,1,0,1
47,2209,12.0,42.0,3,1100000.0,3.0,0,1,1,1
21,441,12.0,42.0,3,1100000.0,3.0,0,0,1,1
44,1936,16.0,36.0,5,1400000.0,8.0,1,1,1,1
43,1849,17.0,40.0,3,1300000.0,11.0,1,0,1,1
27,729,14.0,40.0,1,4200000.0,11.0,0,0,1,1
50,2500,19.0,40.0,2,2500000.0,9.0,1,1,1,1
51,2601,15.0,40.0,2,1200000.0,9.0,0,1,1,1
63,3969,6.0,50.0,2,600000.0,9.0,0,1,1,1
41,1681,6.0,40.0,4,800000.0,11.0,0,1,1,1
30,900,12.0,84.0,3,500000.0,2.0,0,1,0,1
30,900,12.0,84.0,3,500000.0,2.0,1,1,0,1
59,3481,9.0,7.0,2,80000.0,1.0,1,0,0,1
70,4900,6.0,6.0,3,60000.0,1.0,1,0,0,1
54,2916,8.0,36.0,1,900000.0,6.0,1,0,1,0
45,2025,19.0,30.0,2,3000000.0,4.0,0,1,0,1
43,1849,19.0,30.0,2,1500000.0,9.0,1,1,1,1
50,2500,17.0,40.0,2,1500000.0,12.0,0,1,1,1
48,2304,17.0,40.0,2,1500000.0,1.0,1,1,0,1
41,1681,15.0,40.0,3,1500000.0,7.0,1,1,1,1
44,1936,17.0,40.0,3,3000000.0,7.0,0,1,1,1
46,2116,12.0,48.0,4,1100000.0,6.0,0,1,1,1
56,3136,15.0,18.0,3,400000.0,3.0,1,1,0,1
60,3600,14.0,18.0,3,2000000.0,11.0,0,1,1,1
49,2401,15.0,48.0,3,250000.0,1.0,1,0,0,1
34,1156,12.0,60.0,3,1000000.0,9.0,1,0,1,1
49,2401,15.0,50.0,2,1250000.0,8.0,1,0,1,1
40,1600,15.0,40.0,3,2000000.0,7.0,1,1,1,1
58,3364,8.0,21.0,6,1200000.0,11.0,0,1,1,1
48,2304,14.0,21.0,1,700000.0,1.0,0,0,0,0
64,4096,17.0,5.0,1,500000.0,9.0,0,0,1,1
50,2500,12.0,12.0,1,240000.0,6.0,1,0,1,1
70,4900,12.0,9.0,2,2000002.0,1.0,1,1,0,1
63,3969,17.0,40.0,2,1100000.0,10.0,0,1,1,1
51,2601,7.0,12.0,3,350000.0,1.0,0,0,0,1
46,2116,6.0,12.0,3,500000.0,2.0,0,0,1,0
47,2209,15.0,42.0,1,600000.0,1.0,0,0,0,0
37,1369,12.0,4.0,5,1000000.0,6.0,0,1,1,1
22,484,9.0,45.0,3,720000.0,6.0,0,1,1,0
30,900,7.0,36.0,9,78000.0,7.0,1,0,1,0
27,729,9.0,36.0,9,100000.0,3.0,1,0,1,0
22,484,8.0,36.0,9,560000.0,6.0,0,0,1,0
24,576,15.0,45.0,3,850000.0,8.0,1,1,1,1
26,676,13.0,45.0,3,850000.0,6.0,0,1,1,1
58,3364,12.0,48.0,1,1500000.0,2.0,0,0,0,0
42,1764,6.0,30.0,5,400000.0,1.0,0,1,0,0
47,2209,15.0,41.0,1,900000.0,1.0,0,0,0,0
71,5041,17.0,40.0,2,1800000.0,3.0,0,1,0,1
37,1369,19.0,40.0,3,2500000.0,12.0,0,1,1,1
45,2025,16.0,40.0,2,530000.0,9.0,1,1,1,1
30,900,12.0,60.0,3,1000000.0,1.0,1,0,0,0
36,1296,15.0,37.0,4,1500000.0,7.0,0,1,1,1
35,1225,19.0,37.0,4,1500000.0,1.0,1,1,0,1
43,1849,12.0,48.0,2,750000.0,2.0,1,1,0,1
38,1444,12.0,48.0,2,750000.0,2.0,0,1,0,1
61,3721,6.0,15.0,2,200000.0,1.0,0,1,0,1
59,3481,6.0,70.0,2,400000.0,2.0,1,0,1,0
20,400,10.0,70.0,2,60000.0,2.0,0,0,1,0
42,1764,12.0,20.0,3,1200000.0,3.0,0,1,1,0
61,3721,6.0,20.0,3,0.0,1.0,0,1,0,0
48,2304,12.0,45.0,5,750000.0,9.0,1,1,1,1
20,400,12.0,45.0,5,450000.0,6.0,1,0,1,1
64,4096,15.0,40.0,2,950000.0,10.0,1,1,1,1
41,1681,17.0,60.0,3,500000.0,1.0,1,0,0,1
29,841,8.0,40.0,3,200000.0,1.0,1,1,0,1
68,4624,12.0,50.0,1,1200000.0,12.0,0,0,1,1
33,1089,6.0,62.0,4,500000.0,7.0,1,1,1,0
37,1369,9.0,62.0,4,400000.0,4.0,0,1,1,0
37,1369,12.0,45.0,2,1500000.0,11.0,0,1,1,1
36,1296,12.0,45.0,2,1500000.0,11.0,0,1,1,1
24,576,12.0,48.0,4,800000.0,4.0,1,0,1,1
34,1156,12.0,24.0,4,100000.0,2.0,1,0,0,1
22,484,8.0,30.0,5,280000.0,3.0,0,0,1,0
34,1156,12.0,37.0,3,1350000.0,11.0,0,1,1,1
38,1444,13.0,37.0,3,450000.0,1.0,1,1,0,1
30,900,12.0,0.0,1,1000000.0,6.0,0,0,1,1
68,4624,6.0,40.0,5,500000.0,8.0,0,0,1,1
38,1444,12.0,40.0,5,135000.0,8.0,1,0,1,1
31,961,9.0,60.0,5,700000.0,4.0,0,0,1,0
37,1369,12.0,60.0,5,1300000.0,8.0,0,0,1,1
35,1225,9.0,60.0,5,700000.0,4.0,1,0,1,0
28,784,12.0,40.0,1,1200000.0,7.0,0,0,1,1
38,1444,6.0,50.0,5,1100000.0,7.0,0,1,1,1
20,400,9.0,50.0,5,260000.0,6.0,1,0,1,1
53,2809,15.0,40.0,1,1500000.0,2.0,1,0,0,1
50,2500,15.0,63.0,2,300000.0,2.0,1,0,0,1
38,1444,12.0,48.0,3,1700000.0,1.0,0,0,0,0
45,2025,12.0,45.0,5,1500000.0,11.0,0,1,1,1
47,2209,12.0,42.0,1,1200000.0,9.0,0,0,1,1
49,2401,6.0,20.0,3,300000.0,1.0,1,1,0,0
47,2209,15.0,18.0,3,2500000.0,6.0,0,0,0,0
48,2304,2.0,6.0,6,300000.0,4.0,0,1,0,0
27,729,11.0,6.0,6,600000.0,1.0,0,0,0,0
24,576,11.0,6.0,6,400000.0,1.0,0,0,0,0
72,5184,14.0,35.0,2,2500000.0,1.0,0,1,1,1
77,5929,12.0,5.0,2,0.0,2.0,1,0,0,1
36,1296,12.0,45.0,1,1500000.0,11.0,1,0,1,1
40,1600,12.0,45.0,3,1500000.0,11.0,0,1,1,1
43,1849,12.0,59.0,1,1300000.0,3.0,0,0,1,1
43,1849,12.0,54.0,2,1600000.0,10.0,0,1,1,1
26,676,6.0,40.0,1,1600000.0,2.0,0,0,0,0
55,3025,6.0,60.0,4,700000.0,1.0,0,1,0,0
42,1764,6.0,60.0,4,600000.0,6.0,1,1,1,1
58,3364,6.0,20.0,7,400000.0,2.0,0,1,0,1
54,2916,12.0,44.0,3,1400000.0,7.0,1,0,1,1
45,2025,12.0,42.0,4,750000.0,3.0,1,0,1,1
60,3600,6.0,44.0,2,1500000.0,2.0,0,1,1,1
54,2916,12.0,45.0,2,1300000.0,7.0,0,0,1,1
49,2401,12.0,40.0,2,1500000.0,2.0,0,0,0,0
19,361,9.0,40.0,2,500000.0,2.0,0,0,1,0
28,784,12.0,30.0,3,1000000.0,9.0,0,1,1,1
42,1764,15.0,40.0,5,860000.0,9.0,1,0,1,1
22,484,7.0,45.0,5,700000.0,7.0,0,0,1,0
49,2401,10.0,40.0,4,1700000.0,1.0,1,1,0,1
33,1089,12.0,0.0,3,1900000.0,11.0,0,0,1,1
55,3025,12.0,40.0,4,1000000.0,9.0,0,1,1,1
28,784,12.0,40.0,4,240000.0,5.0,0,0,1,0
19,361,8.0,28.0,5,600000.0,1.0,0,1,0,0
49,2401,6.0,28.0,5,650000.0,1.0,0,1,0,0
33,1089,17.0,34.0,3,850000.0,9.0,1,1,1,1
61,3721,12.0,59.0,4,1600000.0,8.0,0,1,1,1
26,676,17.0,59.0,4,1000000.0,10.0,1,0,1,1
62,3844,12.0,40.0,3,1500000.0,8.0,1,1,1,1
31,961,17.0,42.0,3,700000.0,1.0,1,1,0,1
41,1681,15.0,48.0,1,850000.0,4.0,1,0,1,1
72,5184,6.0,9.0,6,150000.0,1.0,0,1,0,1
42,1764,6.0,9.0,6,500000.0,1.0,0,1,0,1
38,1444,13.0,48.0,2,600000.0,12.0,0,1,1,1
31,961,17.0,48.0,2,200000.0,6.0,1,1,1,1
47,2209,17.0,30.0,5,800000.0,8.0,1,1,1,1
46,2116,12.0,48.0,4,900000.0,8.0,0,0,1,1
38,1444,16.0,34.0,3,303000.0,7.0,0,1,1,0
39,1521,12.0,50.0,2,1500000.0,6.0,0,0,1,1
24,576,13.0,72.0,2,300000.0,6.0,1,0,1,1
48,2304,9.0,54.0,7,900000.0,4.0,0,1,1,0
42,1764,6.0,20.0,4,400000.0,3.0,0,1,1,1
57,3249,12.0,48.0,3,1200000.0,7.0,0,0,1,0
51,2601,12.0,35.0,5,900000.0,9.0,0,1,1,1
61,3721,6.0,45.0,3,1000000.0,7.0,0,1,1,1
29,841,12.0,45.0,1,1500000.0,11.0,0,0,1,1
44,1936,14.0,30.0,2,1500000.0,6.0,0,0,1,1
36,1296,12.0,45.0,4,1500000.0,7.0,0,1,1,1
37,1369,15.0,45.0,4,800000.0,8.0,1,1,1,1
41,1681,8.0,70.0,2,0.0,1.0,1,0,0,0
16,256,9.0,70.0,2,200000.0,1.0,0,0,0,0
58,3364,9.0,52.0,4,900000.0,2.0,1,0,0,0
24,576,15.0,52.0,4,90000.0,2.0,1,0,0,0
36,1296,12.0,32.0,4,1000000.0,9.0,1,1,1,1
36,1296,12.0,32.0,4,1000000.0,8.0,0,1,1,1
35,1225,17.0,40.0,3,900000.0,6.0,1,1,0,1
38,1444,17.0,40.0,3,900000.0,6.0,0,1,0,1
59,3481,12.0,24.0,1,280000.0,3.0,1,0,1,1
48,2304,12.0,36.0,2,700000.0,3.0,1,1,1,1
24,576,16.0,4.0,1,240000.0,1.0,1,0,1,1
27,729,16.0,40.0,2,2300000.0,11.0,1,1,1,1
31,961,6.0,40.0,2,2000000.0,11.0,0,1,1,1
42,1764,12.0,42.0,3,100000.0,1.0,1,1,0,1
47,2209,12.0,42.0,3,700000.0,4.0,0,1,1,1
48,2304,6.0,16.0,4,600000.0,9.0,0,1,1,1
40,1600,6.0,54.0,2,1400000.0,3.0,0,0,1,1
43,1849,12.0,25.0,3,700000.0,9.0,1,1,1,1
47,2209,16.0,40.0,5,1200000.0,9.0,0,1,1,1
52,2704,17.0,45.0,3,1000000.0,1.0,1,0,0,1
39,1521,12.0,40.0,6,1500000.0,7.0,1,1,1,1
48,2304,19.0,40.0,6,1800000.0,7.0,0,1,0,1
58,3364,12.0,40.0,2,800000.0,1.0,0,1,0,0
55,3025,17.0,40.0,2,1500000.0,9.0,1,0,1,1
38,1444,15.0,30.0,2,1800000.0,1.0,0,1,0,1
36,1296,15.0,30.0,2,2000000.0,7.0,1,1,1,1
42,1764,6.0,42.0,5,0.0,5.0,0,1,1,1
30,900,12.0,48.0,1,1000000.0,6.0,0,0,1,1
64,4096,8.0,30.0,4,2800000.0,10.0,0,1,1,1
30,900,17.0,25.0,2,1000000.0,2.0,0,1,1,1
36,1296,12.0,25.0,2,350000.0,10.0,1,1,1,1
43,1849,12.0,72.0,6,1500000.0,10.0,0,1,1,1
37,1369,12.0,45.0,3,950000.0,9.0,0,1,1,1
63,3969,6.0,40.0,3,200000.0,1.0,1,1,0,1
34,1156,17.0,40.0,3,1100000.0,8.0,1,0,1,1
21,441,13.0,36.0,2,800000.0,6.0,0,0,1,1
51,2601,12.0,49.0,5,600000.0,8.0,1,1,1,1
24,576,12.0,49.0,5,700000.0,11.0,0,0,1,1
28,784,12.0,49.0,5,450000.0,8.0,1,0,1,1
61,3721,17.0,45.0,3,1500000.0,1.0,0,1,0,1
28,784,6.0,52.0,5,640000.0,7.0,0,1,1,1
46,2116,15.0,30.0,5,900000.0,6.0,1,1,1,1
46,2116,15.0,30.0,5,1000000.0,1.0,0,1,0,1
23,529,12.0,30.0,5,800000.0,3.0,0,0,1,1
27,729,12.0,40.0,3,250000.0,1.0,1,1,0,0
45,2025,8.0,36.0,4,480000.0,2.0,1,0,1,0
23,529,7.0,36.0,4,600000.0,3.0,0,0,1,0
43,1849,14.0,30.0,2,700000.0,9.0,1,1,1,1
51,2601,12.0,30.0,2,1200000.0,5.0,0,1,1,1
32,1024,12.0,35.0,3,400000.0,1.0,0,1,0,0
36,1296,12.0,35.0,3,800000.0,1.0,1,1,0,0
31,961,14.0,20.0,2,300000.0,1.0,0,0,0,1
68,4624,12.0,25.0,2,400000.0,1.0,1,0,0,1
40,1600,9.0,25.0,2,900000.0,1.0,0,0,0,0
47,2209,17.0,24.0,1,1300000.0,11.0,1,0,1,1
70,4900,10.0,18.0,2,600000.0,3.0,0,1,0,1
49,2401,19.0,25.0,4,300000.0,1.0,1,1,0,1
49,2401,14.0,25.0,4,500000.0,3.0,0,1,0,1
35,1225,17.0,40.0,1,3800000.0,2.0,0,0,0,1
33,1089,12.0,45.0,1,1500000.0,11.0,0,0,1,1
59,3481,12.0,48.0,5,10000000.0,1.0,0,1,0,1
31,961,12.0,48.0,5,1300000.0,12.0,1,0,1,1
26,676,15.0,50.0,1,1700000.0,9.0,1,0,1,1
31,961,15.0,36.0,1,420000.0,9.0,1,0,1,1
48,2304,17.0,50.0,3,4000000.0,12.0,0,1,1,1
36,1296,12.0,24.0,5,620000.0,7.0,1,1,1,1
32,1024,17.0,40.0,1,2000000.0,11.0,0,0,1,1
51,2601,17.0,55.0,7,600000.0,1.0,0,1,0,1
44,1936,15.0,55.0,7,875000.0,9.0,1,1,1,1
43,1849,14.0,44.0,3,1100000.0,9.0,0,1,1,1
36,1296,4.0,24.0,4,280000.0,2.0,1,0,0,0
20,400,9.0,24.0,4,600000.0,1.0,1,0,0,0
40,1600,12.0,30.0,1,400000.0,3.0,0,0,1,1
45,2025,17.0,54.0,5,1300000.0,12.0,0,1,1,1
44,1936,17.0,54.0,5,1300000.0,12.0,1,1,1,1
41,1681,12.0,35.0,2,2500000.0,1.0,0,0,0,1
24,576,15.0,28.0,1,450000.0,1.0,0,0,0,1
59,3481,12.0,30.0,4,850000.0,8.0,0,1,1,1
62,3844,15.0,30.0,4,1000000.0,12.0,1,1,1,1
30,900,12.0,30.0,4,800000.0,12.0,0,0,1,1
19,361,12.0,30.0,4,850000.0,7.0,1,0,1,1
26,676,12.0,45.0,2,1500000.0,11.0,1,1,1,1
26,676,12.0,45.0,2,1700000.0,11.0,0,1,1,1
67,4489,6.0,48.0,3,1200000.0,6.0,0,1,1,1
35,1225,12.0,48.0,3,1500000.0,11.0,1,0,1,1
52,2704,6.0,70.0,5,300000.0,2.0,1,0,0,0
26,676,8.0,70.0,5,150000.0,2.0,1,0,0,0
60,3600,6.0,70.0,2,80000.0,2.0,1,1,0,1
36,1296,12.0,45.0,3,1500000.0,11.0,0,1,1,1
38,1444,12.0,48.0,3,1950000.0,8.0,0,1,1,1
35,1225,17.0,78.0,4,1500000.0,2.0,1,1,0,1
37,1369,15.0,78.0,4,1500000.0,2.0,0,1,0,1
61,3721,12.0,40.0,3,1300000.0,9.0,1,0,1,1
32,1024,12.0,40.0,3,850000.0,7.0,0,0,1,1
29,841,12.0,40.0,3,500000.0,6.0,1,0,1,0
55,3025,12.0,60.0,8,660000.0,8.0,0,1,1,1
58,3364,12.0,40.0,4,2200000.0,9.0,0,1,1,1
37,1369,12.0,40.0,3,600000.0,4.0,0,1,1,0
63,3969,8.0,0.0,6,1100000.0,6.0,0,1,1,1
69,4761,15.0,0.0,6,1200000.0,11.0,1,1,1,1
30,900,12.0,0.0,6,30000.0,3.0,1,1,1,1
41,1681,12.0,84.0,5,2500000.0,11.0,0,1,1,1
28,784,12.0,60.0,8,400000.0,6.0,1,0,1,0
42,1764,17.0,52.0,3,1500000.0,9.0,0,1,1,1
37,1369,17.0,52.0,3,1500000.0,1.0,1,1,0,1
43,1849,8.0,16.0,4,0.0,6.0,0,1,1,1
43,1849,14.0,38.0,6,840000.0,11.0,0,1,1,1
39,1521,12.0,48.0,4,850000.0,7.0,1,1,1,1
47,2209,12.0,48.0,4,900000.0,9.0,0,1,1,1
35,1225,12.0,0.0,4,1500000.0,9.0,1,1,1,1
38,1444,15.0,0.0,4,1800000.0,9.0,0,1,1,1
62,3844,0.0,18.0,2,150000.0,1.0,0,1,0,0
66,4356,12.0,40.0,3,400000.0,4.0,0,1,1,1
48,2304,12.0,30.0,4,200000.0,1.0,0,0,0,0
54,2916,19.0,30.0,2,1400000.0,10.0,1,0,1,1
68,4624,12.0,10.0,2,0.0,2.0,0,0,0,1
41,1681,17.0,35.0,1,900000.0,9.0,1,0,1,1
49,2401,15.0,48.0,4,1000000.0,6.0,0,1,1,1
45,2025,0.0,40.0,3,1600000.0,2.0,0,0,1,0
41,1681,15.0,45.0,4,1200000.0,2.0,1,0,0,1
62,3844,6.0,35.0,3,900000.0,1.0,0,1,0,1
46,2116,17.0,45.0,3,400000.0,12.0,1,0,1,1
45,2025,13.0,48.0,2,2000000.0,6.0,0,1,1,1
44,1936,12.0,48.0,2,2700000.0,5.0,1,1,1,1
29,841,12.0,45.0,1,1500000.0,11.0,1,0,1,1
25,625,17.0,35.0,1,900000.0,9.0,1,0,1,1
61,3721,12.0,19.0,1,300000.0,1.0,1,0,0,0
47,2209,9.0,38.0,3,400000.0,5.0,1,0,1,0
28,784,13.0,12.0,4,0.0,2.0,1,0,0,1
30,900,12.0,9.0,3,300000.0,4.0,0,1,1,1
40,1600,9.0,18.0,5,500000.0,3.0,0,1,0,0
35,1225,19.0,6.0,3,100000.0,2.0,1,0,1,0
28,784,12.0,54.0,3,240000.0,2.0,0,0,1,0
28,784,17.0,70.0,2,800000.0,12.0,1,1,1,0
28,784,6.0,70.0,2,800000.0,12.0,0,1,1,0
39,1521,15.0,30.0,3,1200000.0,7.0,0,1,1,1
24,576,8.0,16.0,3,600000.0,1.0,0,1,0,1
25,625,12.0,16.0,3,623000.0,2.0,1,1,1,1
45,2025,13.0,35.0,4,1900000.0,10.0,1,0,1,1
42,1764,12.0,40.0,2,580000.0,9.0,0,0,1,1
38,1444,12.0,16.0,3,400000.0,1.0,0,1,0,0
45,2025,12.0,56.0,4,900000.0,6.0,0,1,1,1
35,1225,12.0,48.0,2,1150000.0,12.0,0,1,1,1
17,289,10.0,48.0,5,50000.0,1.0,1,0,0,1
34,1156,9.0,48.0,2,800000.0,2.0,1,1,0,0
68,4624,1.0,12.0,6,300000.0,1.0,0,1,0,1
44,1936,9.0,12.0,6,700000.0,1.0,0,0,0,1
30,900,9.0,12.0,6,300000.0,7.0,0,0,1,1
29,841,7.0,12.0,6,300000.0,6.0,1,0,1,1
59,3481,15.0,30.0,3,1000000.0,11.0,1,0,1,1
59,3481,6.0,48.0,4,850000.0,11.0,0,1,1,1
27,729,14.0,48.0,4,620000.0,11.0,0,0,1,1
57,3249,15.0,58.0,4,1800000.0,9.0,0,1,1,1
36,1296,17.0,48.0,2,3000000.0,7.0,1,1,0,1
60,3600,14.0,54.0,3,800000.0,11.0,1,1,1,1
59,3481,12.0,54.0,3,800000.0,5.0,0,1,1,1
39,1521,17.0,0.0,2,2000000.0,7.0,0,1,1,1
53,2809,12.0,54.0,5,900000.0,6.0,0,1,1,1
30,900,15.0,58.0,4,900000.0,9.0,0,0,1,1
34,1156,8.0,48.0,3,300000.0,2.0,0,1,0,0
28,784,12.0,48.0,3,300000.0,2.0,1,1,0,0
31,961,12.0,42.0,3,1000000.0,3.0,1,0,1,1
39,1521,15.0,48.0,4,2000000.0,4.0,0,1,0,1
37,1369,17.0,48.0,4,900000.0,7.0,1,1,1,1
39,1521,15.0,30.0,3,400000.0,2.0,1,0,1,1
