edad,edad2,educ,horastrabj,nhogar,P21,PP04C,mujer,casado_unido,tiene_cobertura_salud,informal_2024
30,900,12.0,40.0,3,1100000.0,11.0,0,0,1,0
24,576,12.0,40.0,3,1200000.0,7.0,0,0,1,0
58,3364,17.0,45.0,3,2500000.0,11.0,1,0,1,0
25,625,17.0,45.0,3,900000.0,11.0,1,0,1,0
52,2704,8.0,32.0,4,800000.0,9.0,0,0,1,0
34,1156,15.0,45.0,4,1100000.0,12.0,1,1,1,0
32,1024,15.0,45.0,4,892000.0,6.0,0,1,1,0
46,2116,12.0,36.0,4,0.0,3.0,1,1,1,0
45,2025,9.0,0.0,3,400000.0,2.0,1,0,0,0
44,1936,12.0,42.0,1,1800000.0,9.0,0,0,1,0
58,3364,6.0,48.0,3,900000.0,8.0,0,0,1,0
62,3844,7.0,44.0,4,2000000.0,6.0,0,0,1,0
53,2809,17.0,40.0,4,1900000.0,2.0,0,1,1,0
47,2209,17.0,50.0,3,1000000.0,11.0,0,1,1,0
49,2401,17.0,50.0,3,700000.0,7.0,1,1,1,0
32,1024,12.0,48.0,4,800000.0,8.0,0,1,1,0
54,2916,15.0,30.0,2,820000.0,8.0,1,0,1,0
55,3025,15.0,30.0,5,750000.0,9.0,1,1,1,0
29,841,16.0,30.0,5,450000.0,2.0,1,0,0,0
45,2025,15.0,44.0,4,1000000.0,8.0,1,1,1,0
43,1849,12.0,44.0,4,1250000.0,1.0,0,1,1,0
45,2025,6.0,50.0,1,1800000.0,9.0,0,0,1,0
74,5476,10.0,70.0,2,400000.0,4.0,0,1,1,1
61,3721,6.0,70.0,2,100000.0,1.0,1,1,1,0
46,2116,12.0,45.0,4,900000.0,12.0,0,1,1,0
45,2025,15.0,45.0,4,1600000.0,8.0,1,1,1,0
44,1936,17.0,48.0,4,1000000.0,2.0,0,0,1,0
26,676,15.0,48.0,4,730000.0,7.0,1,0,1,1
55,3025,12.0,25.0,16,1200000.0,12.0,0,1,1,0
32,1024,7.0,25.0,16,640000.0,3.0,1,0,1,1
25,625,8.0,25.0,16,660000.0,11.0,1,0,1,0
41,1681,16.0,48.0,3,1200000.0,4.0,1,0,1,0
53,2809,9.0,48.0,2,1200000.0,1.0,0,1,1,0
28,784,12.0,44.0,4,900000.0,6.0,0,0,0,0
21,441,12.0,44.0,4,800000.0,1.0,1,0,0,0
49,2401,12.0,45.0,1,700000.0,12.0,0,0,1,0
58,3364,12.0,30.0,7,800000.0,11.0,0,1,1,0
52,2704,15.0,30.0,7,700000.0,9.0,1,1,1,0
63,3969,15.0,30.0,1,720000.0,9.0,0,0,1,0
34,1156,8.0,48.0,4,1300000.0,8.0,0,1,1,0
46,2116,17.0,40.0,5,4500000.0,1.0,1,1,1,1
39,1521,17.0,50.0,3,1200000.0,12.0,1,1,1,0
34,1156,15.0,36.0,1,1500000.0,11.0,1,0,1,0
49,2401,12.0,40.0,3,1000000.0,6.0,1,1,1,1
54,2916,12.0,22.0,2,900000.0,1.0,0,1,1,0
49,2401,15.0,100.0,5,1000000.0,11.0,0,1,1,0
36,1296,12.0,54.0,5,900000.0,9.0,0,1,1,0
31,961,12.0,54.0,5,1600000.0,2.0,1,1,1,0
45,2025,12.0,43.0,1,1450000.0,11.0,0,0,1,0
58,3364,17.0,30.0,3,1300000.0,12.0,1,0,1,0
42,1764,12.0,45.0,1,950000.0,8.0,0,0,1,0
41,1681,12.0,36.0,1,1700000.0,8.0,0,0,1,0
50,2500,10.0,48.0,1,900000.0,3.0,0,0,0,0
24,576,12.0,30.0,7,800000.0,7.0,0,0,1,0
31,961,12.0,100.0,5,450000.0,6.0,1,1,1,1
56,3136,15.0,25.0,1,950000.0,7.0,0,0,1,0
60,3600,9.0,66.0,3,1200000.0,6.0,1,1,1,0
60,3600,14.0,40.0,2,1400000.0,11.0,0,1,1,0
39,1521,14.0,40.0,2,1500000.0,8.0,1,1,1,0
66,4356,6.0,33.0,2,800000.0,1.0,0,1,1,0
63,3969,14.0,52.0,2,1600000.0,1.0,0,1,1,0
44,1936,15.0,10.0,4,350000.0,1.0,1,1,1,0
44,1936,17.0,10.0,4,1800000.0,12.0,0,1,1,0
27,729,8.0,12.0,4,240000.0,1.0,0,0,0,0
52,2704,13.0,40.0,1,1000000.0,5.0,0,0,1,0
43,1849,15.0,42.0,3,800000.0,1.0,0,0,1,0
23,529,12.0,44.0,6,650000.0,6.0,1,0,1,0
22,484,12.0,44.0,6,720000.0,4.0,0,0,0,0
33,1089,12.0,40.0,2,800000.0,3.0,1,0,0,0
59,3481,12.0,35.0,1,1200000.0,9.0,1,0,1,0
50,2500,12.0,40.0,2,2000000.0,7.0,0,1,1,0
50,2500,14.0,40.0,2,2800000.0,9.0,1,1,1,0
49,2401,17.0,52.0,4,2000000.0,3.0,0,1,1,0
47,2209,15.0,52.0,4,2000000.0,9.0,1,1,1,0
57,3249,17.0,25.0,4,800000.0,9.0,0,0,1,0
53,2809,13.0,45.0,2,1500000.0,9.0,0,1,1,0
48,2304,12.0,45.0,2,1100000.0,8.0,1,1,1,0
42,1764,12.0,48.0,4,750000.0,9.0,0,1,1,0
63,3969,12.0,30.0,3,1500000.0,11.0,0,1,1,0
60,3600,17.0,30.0,3,3700000.0,10.0,1,1,1,0
37,1369,12.0,30.0,3,1700000.0,11.0,0,0,1,0
29,841,17.0,30.0,1,700000.0,6.0,0,0,1,0
51,2601,5.0,30.0,4,600000.0,11.0,0,1,1,0
63,3969,2.0,56.0,7,200000.0,3.0,0,1,0,0
33,1089,12.0,56.0,7,600000.0,7.0,0,0,1,0
28,784,12.0,56.0,7,0.0,5.0,0,0,0,0
23,529,11.0,58.0,2,840000.0,9.0,0,0,0,0
49,2401,7.0,12.0,4,400000.0,1.0,0,1,0,0
32,1024,15.0,40.0,1,1600000.0,6.0,1,0,1,0
48,2304,14.0,60.0,4,1380000.0,12.0,0,1,1,0
45,2025,15.0,60.0,4,1500000.0,12.0,1,1,1,0
64,4096,17.0,49.0,4,2000000.0,2.0,0,1,1,0
42,1764,12.0,48.0,4,1300000.0,10.0,1,1,1,0
50,2500,12.0,32.0,1,1500000.0,1.0,0,0,1,0
50,2500,15.0,45.0,1,1100000.0,6.0,1,0,1,0
36,1296,12.0,30.0,4,900000.0,7.0,1,1,1,0
42,1764,12.0,35.0,4,480000.0,9.0,0,1,0,0
42,1764,6.0,30.0,6,600000.0,9.0,1,0,1,0
28,784,2.0,30.0,6,400000.0,4.0,0,1,0,0
41,1681,12.0,30.0,5,600000.0,9.0,0,1,1,0
44,1936,12.0,30.0,2,850000.0,9.0,0,1,1,0
33,1089,12.0,30.0,2,100000.0,1.0,1,1,1,0
53,2809,6.0,45.0,4,800000.0,10.0,1,0,1,0
30,900,7.0,45.0,4,300000.0,2.0,0,0,0,0
25,625,8.0,45.0,4,700000.0,9.0,1,0,1,0
36,1296,7.0,32.0,4,800000.0,1.0,0,1,0,0
53,2809,15.0,45.0,2,1200000.0,11.0,1,0,1,0
21,441,12.0,45.0,2,800000.0,11.0,1,0,1,0
44,1936,17.0,60.0,3,3000000.0,12.0,0,1,1,0
30,900,12.0,9.0,4,1200000.0,8.0,0,0,1,0
41,1681,11.0,8.0,1,100000.0,1.0,0,0,0,0
57,3249,11.0,12.0,4,150000.0,5.0,0,1,0,0
55,3025,11.0,12.0,4,100000.0,1.0,1,1,0,0
43,1849,12.0,0.0,2,740000.0,10.0,1,1,1,0
42,1764,6.0,0.0,2,740000.0,10.0,1,1,1,0
39,1521,12.0,49.0,3,1800000.0,12.0,1,1,1,0
30,900,15.0,84.0,2,1400000.0,9.0,0,1,1,0
49,2401,12.0,45.0,4,2500000.0,12.0,0,1,1,0
28,784,8.0,30.0,4,900000.0,6.0,0,1,1,0
38,1444,7.0,30.0,6,500000.0,1.0,0,1,0,0
51,2601,17.0,30.0,1,1200000.0,11.0,1,0,1,0
50,2500,6.0,72.0,4,400000.0,4.0,0,1,1,0
25,625,15.0,72.0,4,800000.0,11.0,1,0,1,0
30,900,15.0,20.0,3,600000.0,7.0,0,1,1,0
49,2401,12.0,30.0,2,600000.0,9.0,1,1,1,0
44,1936,17.0,61.0,3,1500000.0,7.0,0,1,1,0
57,3249,6.0,30.0,3,700000.0,9.0,0,0,1,0
31,961,15.0,24.0,1,350000.0,3.0,1,0,1,0
35,1225,15.0,30.0,3,800000.0,9.0,1,0,1,0
51,2601,12.0,35.0,3,900000.0,11.0,1,0,1,0
62,3844,6.0,48.0,2,800000.0,3.0,0,1,1,0
29,841,17.0,26.0,2,500000.0,4.0,1,1,1,0
28,784,12.0,26.0,2,1612000.0,9.0,0,1,1,0
36,1296,17.0,30.0,2,2000000.0,1.0,0,1,1,0
34,1156,17.0,30.0,2,3000000.0,1.0,1,1,1,0
67,4489,19.0,25.0,1,800000.0,6.0,1,0,1,0
34,1156,11.0,40.0,4,1000000.0,10.0,0,1,1,0
34,1156,12.0,40.0,4,1145000.0,9.0,1,1,1,0
59,3481,17.0,44.0,3,600000.0,2.0,0,1,1,0
61,3721,6.0,24.0,4,560000.0,1.0,0,0,0,0
70,4900,12.0,40.0,1,2500000.0,2.0,0,0,1,0
43,1849,12.0,54.0,1,980000.0,10.0,0,0,1,0
33,1089,15.0,31.0,3,800000.0,9.0,1,0,1,0
45,2025,13.0,30.0,5,1500000.0,9.0,1,1,1,0
43,1849,12.0,30.0,5,1500000.0,9.0,0,1,1,0
50,2500,9.0,16.0,5,1400000.0,8.0,0,1,1,0
41,1681,12.0,48.0,3,1000000.0,5.0,0,1,1,0
49,2401,12.0,25.0,5,400000.0,2.0,0,1,1,0
49,2401,12.0,25.0,5,400000.0,2.0,1,1,1,0
41,1681,12.0,48.0,8,400000.0,1.0,0,1,0,0
27,729,8.0,48.0,8,240000.0,2.0,0,0,0,0
62,3844,15.0,30.0,2,1100000.0,7.0,0,0,1,0
40,1600,12.0,56.0,6,800000.0,3.0,1,1,1,0
42,1764,12.0,56.0,6,550000.0,9.0,0,1,1,0
30,900,13.0,41.0,1,300000.0,1.0,1,0,1,0
59,3481,15.0,90.0,1,980000.0,2.0,1,0,0,0
55,3025,19.0,44.0,3,400000.0,3.0,1,1,1,0
37,1369,14.0,52.0,2,900000.0,5.0,1,1,1,1
38,1444,17.0,52.0,2,700000.0,9.0,0,1,1,0
47,2209,15.0,42.0,1,1200000.0,9.0,1,0,1,0
39,1521,15.0,48.0,3,1300000.0,3.0,0,1,0,0
58,3364,12.0,36.0,2,700000.0,1.0,0,1,0,0
49,2401,15.0,40.0,3,700000.0,1.0,0,1,0,1
38,1444,14.0,40.0,3,1500000.0,1.0,1,1,0,0
62,3844,17.0,33.0,5,1200000.0,11.0,0,1,1,0
47,2209,17.0,40.0,4,1800000.0,12.0,0,1,1,0
45,2025,17.0,40.0,4,2000000.0,11.0,1,1,1,0
34,1156,17.0,50.0,1,1100000.0,6.0,1,0,1,0
55,3025,12.0,35.0,4,800000.0,11.0,0,0,1,0
51,2601,12.0,35.0,4,200000.0,1.0,0,0,0,0
55,3025,12.0,50.0,4,900000.0,12.0,0,1,1,0
51,2601,8.0,45.0,4,700000.0,8.0,1,1,1,0
28,784,12.0,45.0,4,400000.0,1.0,0,0,0,0
27,729,7.0,45.0,4,400000.0,3.0,0,1,0,0
64,4096,6.0,20.0,5,86000.0,11.0,0,1,0,1
25,625,11.0,20.0,5,200000.0,5.0,0,1,0,0
60,3600,12.0,38.0,2,1200000.0,12.0,0,1,1,0
42,1764,16.0,35.0,2,800000.0,12.0,1,0,1,0
26,676,17.0,40.0,1,700000.0,1.0,0,0,0,0
41,1681,12.0,88.0,3,1400000.0,9.0,0,1,1,0
35,1225,9.0,88.0,3,900000.0,2.0,1,1,1,0
52,2704,15.0,40.0,3,900000.0,6.0,0,1,1,0
36,1296,12.0,40.0,1,1700000.0,12.0,1,0,1,0
60,3600,12.0,30.0,3,500000.0,1.0,0,1,0,0
53,2809,15.0,0.0,1,1500000.0,12.0,0,0,1,0
41,1681,15.0,30.0,4,600000.0,8.0,1,1,1,0
47,2209,6.0,40.0,1,1500000.0,2.0,0,0,0,0
49,2401,6.0,48.0,3,1500000.0,5.0,0,0,0,0
53,2809,8.0,24.0,2,600000.0,1.0,0,1,0,0
32,1024,17.0,33.0,5,900000.0,10.0,0,0,1,0
27,729,12.0,33.0,5,600000.0,7.0,0,0,1,0
59,3481,15.0,28.0,2,800000.0,9.0,0,1,1,0
53,2809,15.0,28.0,2,1000000.0,9.0,1,1,1,0
55,3025,14.0,24.0,1,1300000.0,9.0,0,0,1,0
37,1369,9.0,70.0,3,500000.0,1.0,1,0,0,0
46,2116,12.0,40.0,2,300000.0,7.0,1,0,1,0
44,1936,14.0,84.0,2,1200000.0,1.0,1,0,1,0
46,2116,9.0,35.0,4,800000.0,12.0,1,0,1,0
38,1444,17.0,35.0,1,900000.0,9.0,0,0,1,0
57,3249,17.0,48.0,5,2000000.0,7.0,0,1,1,0
52,2704,17.0,48.0,5,1000000.0,1.0,1,1,1,0
57,3249,17.0,60.0,1,4000000.0,1.0,0,0,1,0
41,1681,12.0,60.0,3,1000000.0,5.0,1,0,1,0
57,3249,8.0,45.0,4,1100000.0,6.0,0,1,1,0
51,2601,6.0,48.0,8,850000.0,11.0,0,1,1,0
30,900,6.0,48.0,8,980000.0,6.0,0,0,0,1
51,2601,12.0,36.0,3,1800000.0,10.0,1,1,1,0
45,2025,12.0,36.0,3,900000.0,11.0,0,1,1,0
53,2809,12.0,32.0,5,900000.0,10.0,1,1,1,0
58,3364,12.0,32.0,5,1200000.0,2.0,0,1,1,0
31,961,12.0,3.0,3,800000.0,10.0,0,1,1,0
41,1681,15.0,36.0,1,780000.0,9.0,0,0,1,0
50,2500,12.0,48.0,4,2300000.0,1.0,0,1,1,0
39,1521,17.0,30.0,2,1500000.0,12.0,1,0,1,0
55,3025,15.0,50.0,3,1400000.0,11.0,1,1,1,0
57,3249,13.0,50.0,3,1200000.0,11.0,0,1,1,0
49,2401,12.0,16.0,2,800000.0,8.0,0,1,1,0
53,2809,12.0,25.0,5,500000.0,9.0,1,1,1,0
36,1296,12.0,60.0,5,620000.0,2.0,1,1,0,0
38,1444,12.0,60.0,5,500000.0,2.0,0,1,0,0
47,2209,12.0,0.0,3,600000.0,9.0,0,1,1,0
49,2401,12.0,0.0,3,800000.0,8.0,1,1,1,0
48,2304,15.0,20.0,2,160000.0,7.0,1,1,1,1
35,1225,14.0,42.0,4,1200000.0,6.0,0,1,1,0
33,1089,12.0,42.0,4,993000.0,6.0,1,1,1,0
31,961,15.0,40.0,1,1000000.0,12.0,0,0,1,0
37,1369,17.0,20.0,2,450000.0,9.0,1,1,1,0
35,1225,17.0,20.0,2,2000000.0,12.0,0,1,1,0
27,729,14.0,44.0,2,1000000.0,6.0,0,1,1,0
21,441,11.0,2.0,2,200000.0,1.0,1,1,0,0
27,729,12.0,2.0,2,300000.0,6.0,0,1,0,0
48,2304,6.0,19.0,4,350000.0,2.0,1,0,1,0
63,3969,9.0,16.0,2,800000.0,1.0,0,1,0,0
26,676,12.0,32.0,5,1000000.0,6.0,0,0,1,0
25,625,12.0,32.0,5,600000.0,1.0,0,1,0,0
26,676,12.0,32.0,5,400000.0,2.0,1,1,0,0
36,1296,12.0,48.0,4,1000000.0,2.0,1,1,1,0
41,1681,9.0,49.0,7,415000.0,6.0,0,0,0,0
48,2304,12.0,48.0,6,840000.0,10.0,0,1,1,0
53,2809,12.0,48.0,6,700000.0,1.0,1,1,1,0
26,676,17.0,44.0,2,1200000.0,6.0,1,1,1,1
41,1681,14.0,45.0,3,1000000.0,7.0,1,0,1,0
64,4096,12.0,20.0,1,450000.0,2.0,0,0,0,0
27,729,9.0,19.0,4,600000.0,1.0,0,1,0,0
38,1444,12.0,42.0,3,1000000.0,1.0,0,1,0,0
47,2209,12.0,35.0,2,1500000.0,7.0,1,0,1,0
34,1156,15.0,44.0,2,1800000.0,9.0,0,1,1,0
45,2025,15.0,44.0,2,1500000.0,10.0,1,1,1,0
48,2304,17.0,47.0,2,2000000.0,11.0,1,0,1,0
49,2401,17.0,30.0,3,2500000.0,7.0,0,1,1,0
48,2304,17.0,30.0,3,400000.0,7.0,1,1,1,1
34,1156,15.0,48.0,1,1200000.0,9.0,1,0,1,0
50,2500,17.0,40.0,4,1900000.0,4.0,0,1,1,0
33,1089,12.0,48.0,4,350000.0,1.0,0,0,0,0
34,1156,7.0,25.0,4,330000.0,7.0,1,0,0,1
60,3600,12.0,32.0,6,870000.0,9.0,0,1,1,0
30,900,17.0,32.0,6,280000.0,9.0,1,0,1,1
28,784,9.0,32.0,6,280000.0,9.0,0,0,1,1
27,729,9.0,32.0,6,280000.0,7.0,0,0,1,1
23,529,12.0,32.0,6,450000.0,1.0,1,0,1,0
59,3481,17.0,38.0,2,2600000.0,6.0,0,1,1,0
58,3364,15.0,44.0,3,1100000.0,11.0,1,0,1,0
70,4900,12.0,60.0,2,500000.0,1.0,0,1,1,0
65,4225,12.0,60.0,2,600000.0,5.0,1,1,1,0
36,1296,17.0,50.0,2,880000.0,9.0,1,0,1,0
33,1089,12.0,42.0,3,600000.0,12.0,1,1,1,0
52,2704,12.0,48.0,3,800000.0,1.0,0,1,0,0
52,2704,15.0,48.0,3,500000.0,7.0,1,1,1,0
45,2025,12.0,70.0,4,800000.0,1.0,0,1,1,0
22,484,8.0,24.0,6,600000.0,3.0,0,1,0,0
43,1849,6.0,36.0,7,300000.0,3.0,0,0,0,0
37,1369,12.0,36.0,7,300000.0,1.0,1,1,1,0
24,576,12.0,20.0,2,480000.0,5.0,0,0,0,1
70,4900,9.0,63.0,1,200000.0,1.0,0,0,1,0
40,1600,12.0,30.0,5,750000.0,12.0,0,1,1,0
39,1521,12.0,30.0,5,800000.0,10.0,0,1,1,0
38,1444,12.0,30.0,5,800000.0,12.0,1,1,1,0
48,2304,6.0,24.0,3,360000.0,1.0,0,0,0,0
60,3600,6.0,2.0,2,50000.0,2.0,0,0,1,0
52,2704,9.0,70.0,3,980000.0,2.0,1,1,0,0
53,2809,8.0,65.0,3,860000.0,6.0,0,1,1,0
31,961,10.0,53.0,5,600000.0,5.0,0,1,0,0
29,841,12.0,53.0,5,500000.0,1.0,1,1,0,0
49,2401,9.0,36.0,5,1000000.0,1.0,0,1,0,0
44,1936,12.0,36.0,5,800000.0,1.0,1,1,0,0
58,3364,12.0,40.0,1,1700000.0,12.0,1,0,1,0
48,2304,12.0,40.0,2,1600000.0,9.0,1,1,1,0
63,3969,14.0,40.0,2,1800000.0,11.0,0,1,1,0
39,1521,13.0,40.0,3,1000000.0,11.0,1,0,1,0
32,1024,15.0,50.0,2,690000.0,7.0,1,0,1,0
52,2704,15.0,30.0,3,800000.0,7.0,1,1,1,0
28,784,12.0,40.0,5,300000.0,2.0,0,0,0,0
41,1681,9.0,40.0,4,540000.0,2.0,0,1,0,0
40,1600,9.0,40.0,4,580000.0,8.0,1,1,0,1
33,1089,12.0,38.0,6,380000.0,6.0,0,1,0,0
49,2401,13.0,28.0,2,1120000.0,1.0,1,1,0,0
49,2401,6.0,4.0,5,50000.0,1.0,1,1,0,0
54,2916,6.0,4.0,5,500000.0,1.0,0,1,0,0
28,784,15.0,4.0,5,650000.0,12.0,1,0,1,0
54,2916,15.0,70.0,3,560000.0,1.0,1,1,0,0
53,2809,6.0,34.0,4,450000.0,1.0,0,1,1,0
70,4900,6.0,55.0,2,700000.0,1.0,0,1,1,0
76,5776,17.0,25.0,2,1800000.0,7.0,1,1,1,0
52,2704,12.0,30.0,3,300000.0,1.0,0,1,1,0
35,1225,17.0,40.0,2,900000.0,12.0,1,0,1,0
49,2401,17.0,30.0,2,2000000.0,11.0,1,1,1,0
49,2401,17.0,30.0,2,3000000.0,10.0,0,1,1,0
43,1849,12.0,40.0,2,1000000.0,6.0,0,1,1,0
52,2704,4.0,20.0,4,78000.0,5.0,1,0,0,0
65,4225,14.0,96.0,1,0.0,6.0,0,0,1,0
52,2704,12.0,84.0,5,1000000.0,12.0,0,1,1,0
45,2025,12.0,84.0,5,300000.0,1.0,1,1,1,0
54,2916,12.0,70.0,3,1200000.0,8.0,0,1,1,0
23,529,14.0,70.0,3,700000.0,8.0,0,0,1,0
49,2401,8.0,25.0,2,1100000.0,7.0,1,0,1,0
35,1225,6.0,40.0,5,700000.0,4.0,0,1,0,0
30,900,10.0,56.0,2,950000.0,3.0,0,1,0,0
46,2116,15.0,60.0,4,1500000.0,3.0,0,1,1,0
49,2401,19.0,38.0,1,950000.0,12.0,1,0,1,1
63,3969,17.0,35.0,2,2600000.0,12.0,0,1,1,0
27,729,17.0,45.0,4,2000000.0,1.0,0,0,1,0
25,625,12.0,8.0,3,300000.0,1.0,0,0,1,0
62,3844,15.0,48.0,1,400000.0,1.0,1,0,1,0
31,961,17.0,56.0,2,2000000.0,1.0,1,1,1,0
38,1444,17.0,56.0,2,1500000.0,8.0,0,1,1,0
33,1089,15.0,52.0,1,600000.0,1.0,0,0,1,0
49,2401,6.0,62.0,4,1000000.0,8.0,0,1,0,1
58,3364,12.0,48.0,2,1200000.0,6.0,1,0,1,0
26,676,12.0,66.0,2,1200000.0,6.0,1,0,1,0
46,2116,9.0,56.0,4,900000.0,7.0,0,1,1,1
51,2601,12.0,45.0,2,1000000.0,5.0,1,0,1,0
31,961,11.0,47.0,3,950000.0,3.0,1,0,1,0
38,1444,12.0,45.0,3,980000.0,12.0,1,1,1,0
33,1089,17.0,20.0,1,650000.0,5.0,0,0,0,0
28,784,12.0,56.0,3,1300000.0,7.0,0,1,1,0
56,3136,17.0,45.0,4,800000.0,8.0,1,1,1,0
35,1225,7.0,45.0,1,900000.0,6.0,0,0,1,0
54,2916,14.0,35.0,3,1000000.0,1.0,0,1,1,1
35,1225,12.0,84.0,5,1500000.0,2.0,1,1,0,0
39,1521,12.0,84.0,5,1300000.0,2.0,0,1,0,0
50,2500,6.0,70.0,4,7000000.0,6.0,0,1,1,0
56,3136,17.0,40.0,3,2900000.0,10.0,1,1,1,0
55,3025,6.0,40.0,2,800000.0,1.0,0,1,0,0
36,1296,17.0,30.0,4,1100000.0,7.0,0,1,1,0
34,1156,17.0,30.0,4,1100000.0,11.0,1,1,1,0
49,2401,15.0,25.0,1,600000.0,9.0,1,0,1,0
54,2916,12.0,40.0,1,750000.0,11.0,0,0,1,0
41,1681,14.0,50.0,3,450000.0,7.0,0,1,1,0
44,1936,14.0,50.0,3,1000000.0,2.0,1,1,1,0
44,1936,12.0,40.0,2,2000000.0,3.0,0,1,1,0
40,1600,17.0,40.0,2,860000.0,8.0,1,1,1,0
51,2601,17.0,45.0,2,700000.0,1.0,1,0,1,0
29,841,19.0,40.0,1,1500000.0,5.0,0,0,1,0
26,676,11.0,45.0,1,900000.0,12.0,1,0,1,0
26,676,12.0,40.0,3,1800000.0,1.0,0,0,1,0
32,1024,15.0,40.0,2,1800000.0,8.0,0,1,1,0
32,1024,19.0,40.0,2,2350000.0,9.0,1,1,1,0
47,2209,12.0,48.0,5,600000.0,1.0,0,1,0,0
40,1600,12.0,40.0,4,500000.0,6.0,1,1,0,0
42,1764,6.0,40.0,4,500000.0,6.0,0,1,0,1
29,841,15.0,20.0,4,950000.0,11.0,1,1,1,0
51,2601,12.0,36.0,2,1200000.0,11.0,0,1,1,0
52,2704,12.0,36.0,2,1500000.0,8.0,1,1,1,0
34,1156,8.0,69.0,3,500000.0,1.0,1,0,0,0
41,1681,12.0,40.0,3,1700000.0,6.0,0,1,1,0
41,1681,14.0,40.0,4,880000.0,3.0,1,1,1,0
38,1444,12.0,40.0,4,900000.0,1.0,0,1,0,0
38,1444,15.0,20.0,6,1500000.0,7.0,1,1,1,0
53,2809,8.0,48.0,1,800000.0,1.0,0,0,1,0
31,961,12.0,35.0,4,2000000.0,8.0,0,1,1,0
37,1369,17.0,40.0,4,1500000.0,9.0,1,1,1,0
49,2401,6.0,48.0,1,480000.0,1.0,0,0,0,0
33,1089,17.0,20.0,3,1200000.0,8.0,0,0,1,0
55,3025,6.0,40.0,1,680000.0,1.0,0,0,1,0
44,1936,15.0,40.0,3,1000000.0,10.0,1,0,1,0
34,1156,9.0,40.0,4,600000.0,1.0,0,1,0,0
64,4096,12.0,30.0,1,1700000.0,11.0,0,0,1,0
62,3844,12.0,40.0,5,1700000.0,4.0,0,0,1,0
36,1296,16.0,40.0,4,5000000.0,1.0,0,1,1,1
50,2500,12.0,32.0,2,560000.0,2.0,1,0,0,0
36,1296,15.0,40.0,5,1600000.0,7.0,0,1,1,0
42,1764,17.0,40.0,4,2100000.0,11.0,0,0,1,0
51,2601,12.0,40.0,1,1200000.0,1.0,0,0,1,0
58,3364,12.0,46.0,2,150000.0,6.0,1,1,1,0
63,3969,6.0,56.0,2,1500000.0,11.0,0,1,1,0
39,1521,14.0,28.0,2,1000000.0,10.0,0,0,1,0
62,3844,15.0,0.0,2,200000.0,2.0,1,0,1,0
36,1296,17.0,36.0,1,1900000.0,12.0,0,0,1,0
45,2025,17.0,40.0,2,1900000.0,10.0,0,1,1,0
33,1089,17.0,40.0,2,600000.0,1.0,1,1,1,0
49,2401,9.0,48.0,4,1600000.0,6.0,0,0,1,0
34,1156,15.0,20.0,3,1100000.0,11.0,0,1,1,0
41,1681,12.0,40.0,3,1800000.0,8.0,1,0,1,0
35,1225,16.0,30.0,1,1200000.0,6.0,1,0,1,0
52,2704,15.0,30.0,1,2800000.0,7.0,1,0,1,0
55,3025,12.0,40.0,2,1800000.0,10.0,0,1,1,0
47,2209,16.0,30.0,3,815000.0,6.0,1,0,1,1
63,3969,17.0,48.0,2,6000000.0,9.0,0,0,1,0
75,5625,17.0,12.0,1,2200000.0,1.0,0,0,1,0
73,5329,17.0,40.0,3,3500000.0,1.0,0,1,1,0
73,5329,17.0,40.0,3,3000000.0,12.0,1,1,1,0
36,1296,17.0,40.0,3,1800000.0,1.0,0,0,1,0
33,1089,17.0,40.0,3,1500000.0,1.0,0,1,1,0
65,4225,12.0,30.0,1,400000.0,3.0,1,0,1,0
41,1681,19.0,20.0,1,1500000.0,9.0,1,0,1,0
74,5476,17.0,48.0,2,1500000.0,1.0,0,1,1,0
37,1369,17.0,40.0,5,2350000.0,12.0,1,1,1,0
36,1296,14.0,40.0,5,1300000.0,3.0,0,1,1,0
46,2116,17.0,30.0,4,1500000.0,10.0,1,0,1,0
49,2401,12.0,30.0,2,630000.0,9.0,1,1,1,0
57,3249,15.0,40.0,4,1400000.0,7.0,1,1,1,0
27,729,15.0,40.0,4,2000000.0,9.0,0,1,1,0
35,1225,17.0,34.0,1,1000000.0,9.0,0,0,1,0
45,2025,17.0,35.0,3,1400000.0,12.0,1,0,1,0
56,3136,15.0,30.0,2,850000.0,6.0,1,0,1,0
34,1156,17.0,84.0,1,1300000.0,7.0,0,0,1,0
33,1089,17.0,32.0,1,1400000.0,9.0,0,0,1,0
62,3844,19.0,40.0,2,1800000.0,7.0,1,1,1,0
56,3136,19.0,40.0,2,2200000.0,7.0,0,1,1,0
67,4489,19.0,50.0,2,1050000.0,9.0,1,1,1,0
57,3249,17.0,40.0,3,1800000.0,12.0,1,1,1,0
58,3364,9.0,32.0,3,1200000.0,9.0,1,1,1,0
48,2304,14.0,28.0,2,850000.0,12.0,1,0,1,0
30,900,6.0,48.0,4,300000.0,2.0,0,1,1,0
36,1296,17.0,45.0,5,2000000.0,10.0,0,1,1,0
56,3136,6.0,40.0,3,900000.0,8.0,0,1,1,0
35,1225,12.0,40.0,3,2200000.0,7.0,0,1,1,0
34,1156,17.0,40.0,3,1000000.0,1.0,1,1,1,1
67,4489,17.0,8.0,1,110000.0,5.0,0,0,1,0
30,900,12.0,45.0,1,1100000.0,10.0,1,0,1,0
41,1681,17.0,40.0,1,2200000.0,12.0,0,0,1,0
34,1156,19.0,31.0,1,2600000.0,12.0,1,0,1,0
39,1521,17.0,28.0,4,8000000.0,12.0,0,1,1,0
36,1296,17.0,28.0,4,3500000.0,12.0,1,1,1,1
44,1936,13.0,62.0,1,2100000.0,12.0,1,0,1,0
49,2401,17.0,0.0,3,2500000.0,11.0,1,1,1,0
54,2916,17.0,0.0,3,2000000.0,1.0,0,1,1,0
70,4900,15.0,25.0,2,1000000.0,7.0,0,1,1,0
56,3136,12.0,39.0,4,800000.0,1.0,0,1,1,0
51,2601,17.0,35.0,2,2255000.0,10.0,1,0,1,0
23,529,15.0,35.0,2,800000.0,8.0,0,0,1,0
39,1521,19.0,28.0,1,3000000.0,11.0,0,0,1,0
24,576,16.0,40.0,3,3000000.0,12.0,1,0,1,0
49,2401,17.0,40.0,4,4000000.0,7.0,0,1,1,0
44,1936,13.0,40.0,4,3000000.0,11.0,1,1,1,0
73,5329,17.0,45.0,1,3300000.0,8.0,0,0,1,0
44,1936,19.0,40.0,2,4300000.0,11.0,0,0,1,0
32,1024,12.0,21.0,1,1000000.0,1.0,0,0,1,0
54,2916,17.0,30.0,1,3200000.0,12.0,0,0,1,0
43,1849,15.0,30.0,4,2000000.0,11.0,1,1,1,0
41,1681,12.0,0.0,1,920000.0,8.0,0,0,1,0
32,1024,17.0,40.0,2,1000000.0,3.0,1,1,1,1
51,2601,17.0,43.0,2,3000000.0,1.0,1,0,1,0
33,1089,17.0,30.0,1,1700000.0,11.0,0,0,1,0
31,961,17.0,12.0,3,600000.0,1.0,1,1,1,0
36,1296,12.0,12.0,3,1000000.0,2.0,0,1,1,0
25,625,12.0,36.0,2,1200000.0,2.0,0,1,1,0
58,3364,12.0,32.0,3,1000000.0,1.0,1,1,1,0
53,2809,15.0,45.0,6,2000000.0,1.0,0,1,1,0
62,3844,13.0,40.0,1,1800000.0,4.0,1,0,1,0
52,2704,17.0,55.0,2,2350000.0,8.0,1,0,1,0
38,1444,17.0,65.0,1,2300000.0,10.0,0,0,1,0
30,900,17.0,48.0,3,2000000.0,11.0,0,1,1,0
46,2116,19.0,40.0,4,4000000.0,11.0,1,1,1,0
62,3844,14.0,40.0,3,1200000.0,3.0,0,1,1,0
35,1225,12.0,45.0,4,1000000.0,10.0,0,1,1,0
35,1225,12.0,45.0,4,250000.0,1.0,1,1,1,0
41,1681,17.0,45.0,1,2000000.0,12.0,0,0,1,0
49,2401,15.0,42.0,3,2500000.0,11.0,0,1,1,0
40,1600,15.0,42.0,3,400000.0,4.0,1,1,1,0
61,3721,12.0,40.0,2,1100000.0,2.0,0,1,1,0
47,2209,10.0,44.0,3,800000.0,2.0,0,1,1,0
43,1849,17.0,40.0,3,1600000.0,12.0,1,1,1,0
45,2025,17.0,40.0,3,2400000.0,9.0,0,1,1,0
37,1369,16.0,35.0,3,1200000.0,12.0,0,1,1,0
34,1156,17.0,35.0,3,1300000.0,12.0,1,1,1,0
26,676,17.0,34.0,2,1900000.0,6.0,1,1,1,0
28,784,15.0,34.0,2,1200000.0,7.0,1,1,1,0
54,2916,17.0,67.0,3,1250000.0,8.0,1,1,1,0
59,3481,15.0,45.0,2,2000000.0,7.0,1,0,1,0
60,3600,17.0,0.0,4,7000000.0,2.0,1,0,1,0
28,784,16.0,48.0,2,900000.0,8.0,1,0,1,0
21,441,10.0,12.0,2,600000.0,2.0,0,0,0,0
41,1681,14.0,60.0,2,600000.0,10.0,0,1,1,0
53,2809,15.0,63.0,4,500000.0,1.0,1,0,0,0
38,1444,17.0,48.0,3,1000000.0,2.0,0,1,0,0
46,2116,12.0,54.0,3,800000.0,4.0,1,0,1,0
33,1089,17.0,36.0,2,2000000.0,9.0,1,1,1,0
33,1089,18.0,36.0,2,1500000.0,10.0,0,1,1,0
51,2601,17.0,15.0,2,1200000.0,1.0,1,1,1,0
65,4225,12.0,15.0,2,1000000.0,3.0,0,1,1,0
66,4356,17.0,27.0,1,1600000.0,6.0,1,0,1,1
46,2116,15.0,52.0,4,1800000.0,3.0,0,1,1,0
54,2916,19.0,64.0,3,2800000.0,12.0,0,1,1,0
39,1521,9.0,45.0,7,1000000.0,5.0,1,1,0,0
41,1681,12.0,44.0,4,1000000.0,3.0,1,1,1,0
60,3600,9.0,4.0,2,700000.0,7.0,1,0,1,0
22,484,9.0,4.0,2,950000.0,7.0,0,0,1,0
39,1521,14.0,40.0,3,900000.0,5.0,1,1,1,0
40,1600,14.0,40.0,3,675000.0,7.0,0,1,1,0
50,2500,17.0,64.0,3,8000000.0,1.0,1,1,1,0
64,4096,19.0,45.0,2,2100000.0,12.0,0,0,1,0
81,6561,17.0,20.0,2,1000000.0,2.0,1,1,1,0
77,5929,17.0,20.0,2,1000000.0,2.0,1,1,1,0
49,2401,15.0,35.0,2,2120000.0,12.0,0,1,1,0
45,2025,17.0,35.0,2,2300000.0,9.0,1,1,1,1
35,1225,16.0,40.0,1,2000000.0,12.0,1,0,1,0
47,2209,14.0,35.0,1,850000.0,12.0,0,0,1,0
36,1296,13.0,24.0,2,400000.0,12.0,1,0,1,0
23,529,12.0,16.0,2,800000.0,4.0,1,0,1,0
27,729,17.0,15.0,2,900000.0,9.0,1,0,1,0
40,1600,17.0,35.0,3,600000.0,9.0,0,1,0,1
42,1764,17.0,35.0,3,2000000.0,1.0,1,1,1,0
39,1521,15.0,78.0,1,1200000.0,9.0,0,0,1,0
29,841,17.0,50.0,1,2000000.0,1.0,1,0,1,0
44,1936,17.0,29.0,4,500000.0,6.0,0,1,0,0
23,529,14.0,52.0,3,800000.0,1.0,1,0,1,0
56,3136,17.0,52.0,3,2000000.0,1.0,1,0,1,0
61,3721,15.0,20.0,2,220500.0,1.0,1,0,0,0
58,3364,17.0,40.0,1,2000000.0,1.0,1,0,1,0
30,900,15.0,40.0,1,2500000.0,9.0,0,0,1,0
34,1156,14.0,48.0,2,1500000.0,9.0,1,0,1,0
55,3025,12.0,40.0,3,620000.0,9.0,1,1,1,0
35,1225,12.0,40.0,5,1000000.0,9.0,0,1,1,0
32,1024,13.0,40.0,5,750000.0,6.0,1,1,1,0
32,1024,17.0,34.0,3,600000.0,10.0,1,0,1,1
45,2025,6.0,30.0,3,400000.0,3.0,1,0,0,0
41,1681,8.0,21.0,4,1500000.0,1.0,0,1,1,0
39,1521,15.0,40.0,2,800000.0,12.0,0,0,1,0
35,1225,12.0,65.0,2,1000000.0,7.0,0,1,1,0
47,2209,15.0,70.0,1,1300000.0,1.0,0,0,0,0
59,3481,15.0,40.0,2,1100000.0,11.0,1,0,1,0
54,2916,12.0,0.0,3,1500000.0,12.0,0,1,1,0
48,2304,12.0,50.0,5,1100000.0,12.0,0,1,1,0
51,2601,16.0,50.0,5,170000.0,12.0,1,1,1,0
35,1225,15.0,48.0,3,1200000.0,7.0,1,1,1,0
31,961,12.0,48.0,3,900000.0,7.0,0,1,1,0
33,1089,15.0,36.0,1,1050000.0,1.0,0,0,1,0
44,1936,12.0,46.0,3,1000000.0,4.0,0,1,0,0
43,1849,17.0,46.0,3,800000.0,9.0,1,1,1,0
46,2116,6.0,45.0,5,1000000.0,7.0,0,1,1,1
44,1936,12.0,48.0,5,500000.0,2.0,0,1,1,0
46,2116,12.0,48.0,5,500000.0,2.0,1,1,1,0
33,1089,7.0,60.0,4,800000.0,1.0,1,0,0,1
33,1089,12.0,30.0,5,550000.0,11.0,1,1,1,0
44,1936,17.0,29.0,4,350000.0,9.0,1,1,1,0
42,1764,12.0,56.0,5,600000.0,1.0,1,1,0,0
55,3025,6.0,30.0,1,900000.0,12.0,1,0,1,0
26,676,6.0,45.0,2,750000.0,4.0,0,1,0,0
23,529,12.0,45.0,2,600000.0,5.0,1,1,0,0
52,2704,15.0,44.0,4,800000.0,8.0,1,1,1,0
51,2601,15.0,44.0,4,2000000.0,8.0,0,1,1,0
33,1089,12.0,45.0,4,400000.0,5.0,0,0,1,1
45,2025,12.0,36.0,3,2000000.0,12.0,0,1,1,0
47,2209,15.0,36.0,3,1300000.0,7.0,1,1,1,0
41,1681,12.0,32.0,4,150000.0,8.0,1,1,0,0
37,1369,12.0,12.0,1,200000.0,1.0,0,0,1,0
52,2704,12.0,30.0,5,1500000.0,1.0,0,1,0,0
31,961,13.0,45.0,1,1200000.0,9.0,0,0,1,0
42,1764,17.0,48.0,3,1500000.0,11.0,0,1,1,0
45,2025,17.0,48.0,3,550000.0,10.0,1,1,1,0
18,324,6.0,14.0,6,60000.0,2.0,0,0,0,0
58,3364,5.0,31.0,3,1600000.0,1.0,0,1,0,0
62,3844,6.0,40.0,1,800000.0,9.0,0,0,1,0
62,3844,15.0,28.0,1,70000.0,1.0,1,0,1,0
58,3364,6.0,32.0,4,850000.0,7.0,0,1,1,0
44,1936,17.0,40.0,1,1500000.0,9.0,1,0,1,0
26,676,12.0,46.0,2,40000.0,1.0,1,1,1,0
28,784,12.0,48.0,3,700000.0,7.0,1,0,1,0
29,841,8.0,15.0,5,70000.0,1.0,1,1,0,1
45,2025,9.0,40.0,5,2000000.0,6.0,0,1,1,0
55,3025,6.0,40.0,2,600000.0,3.0,0,1,0,0
55,3025,12.0,15.0,3,1500000.0,10.0,0,1,1,0
58,3364,15.0,15.0,3,1500000.0,10.0,1,1,1,0
23,529,16.0,30.0,3,900000.0,1.0,1,0,0,1
47,2209,7.0,48.0,4,800000.0,6.0,1,0,0,0
26,676,12.0,48.0,4,1200000.0,12.0,1,1,1,0
24,576,12.0,48.0,4,1150000.0,6.0,0,0,1,0
27,729,12.0,48.0,4,1400000.0,12.0,0,1,1,0
47,2209,17.0,65.0,1,2000000.0,10.0,0,0,1,0
48,2304,12.0,48.0,1,750000.0,6.0,1,0,1,0
45,2025,17.0,40.0,1,2000000.0,9.0,1,0,1,0
64,4096,15.0,68.0,1,800000.0,7.0,0,0,1,0
36,1296,6.0,48.0,4,500000.0,12.0,0,1,1,0
39,1521,12.0,6.0,4,400000.0,6.0,1,0,1,0
41,1681,8.0,40.0,4,2500000.0,12.0,0,1,1,0
42,1764,12.0,40.0,4,1000000.0,11.0,0,1,1,0
52,2704,16.0,40.0,4,960000.0,1.0,1,1,0,0
51,2601,15.0,48.0,4,900000.0,11.0,1,1,1,0
56,3136,8.0,6.0,4,160000.0,1.0,0,1,0,1
43,1849,6.0,62.0,3,160000.0,1.0,1,1,0,0
34,1156,8.0,62.0,3,800000.0,6.0,0,1,0,0
36,1296,12.0,48.0,3,900000.0,7.0,1,0,1,0
49,2401,12.0,40.0,3,1500000.0,10.0,0,1,1,0
43,1849,12.0,40.0,3,600000.0,9.0,1,1,1,0
69,4761,19.0,25.0,1,1200000.0,12.0,1,0,1,0
31,961,11.0,30.0,4,100000.0,1.0,1,0,1,0
33,1089,12.0,37.0,4,1200000.0,1.0,0,1,0,0
25,625,17.0,19.0,2,400000.0,7.0,1,0,1,0
23,529,15.0,19.0,2,600000.0,6.0,1,0,1,1
40,1600,9.0,60.0,3,560000.0,2.0,1,1,0,0
27,729,12.0,38.0,4,600000.0,6.0,0,1,1,0
33,1089,15.0,38.0,4,80000.0,1.0,1,1,1,0
32,1024,6.0,56.0,6,750000.0,1.0,0,1,0,0
19,361,12.0,44.0,3,500000.0,11.0,0,0,1,0
28,784,12.0,51.0,4,300000.0,2.0,1,1,1,0
76,5776,15.0,30.0,2,300000.0,1.0,1,0,1,0
30,900,12.0,38.0,2,625000.0,8.0,0,0,1,0
65,4225,12.0,0.0,1,1800000.0,12.0,1,0,1,0
35,1225,12.0,51.0,5,1300000.0,9.0,0,1,0,1
26,676,13.0,38.0,1,900000.0,6.0,0,0,1,1
53,2809,15.0,40.0,1,1100000.0,11.0,0,0,1,0
41,1681,12.0,23.0,6,0.0,7.0,0,1,1,0
42,1764,12.0,72.0,5,1500000.0,7.0,0,1,1,0
40,1600,12.0,72.0,5,350000.0,1.0,1,1,1,0
38,1444,6.0,24.0,5,500000.0,1.0,0,1,0,0
37,1369,6.0,40.0,2,700000.0,5.0,0,1,1,0
39,1521,15.0,52.0,1,600000.0,1.0,0,0,1,0
60,3600,12.0,60.0,5,1300000.0,9.0,0,1,1,0
56,3136,17.0,55.0,5,3000000.0,1.0,0,1,1,0
58,3364,17.0,50.0,2,3000000.0,4.0,1,1,1,0
45,2025,17.0,50.0,2,3000000.0,1.0,1,1,1,0
27,729,9.0,44.0,5,1000000.0,9.0,0,1,1,0
54,2916,17.0,55.0,5,1500000.0,1.0,1,1,1,0
26,676,14.0,18.0,2,575000.0,7.0,0,0,1,1
29,841,17.0,41.0,1,900000.0,3.0,1,0,1,1
50,2500,15.0,0.0,3,0.0,1.0,1,0,0,0
49,2401,17.0,36.0,4,700000.0,2.0,1,0,1,0
25,625,6.0,40.0,2,600000.0,2.0,0,1,0,0
24,576,12.0,40.0,2,800000.0,5.0,1,1,1,0
38,1444,12.0,40.0,6,1500000.0,9.0,0,1,1,0
38,1444,8.0,77.0,4,50000.0,1.0,1,1,1,0
57,3249,17.0,48.0,2,1500000.0,8.0,1,1,1,0
25,625,16.0,30.0,1,800000.0,9.0,1,0,1,0
44,1936,15.0,32.0,3,920000.0,9.0,1,1,1,0
24,576,17.0,32.0,3,380000.0,9.0,1,0,1,0
65,4225,15.0,4.0,2,300000.0,1.0,1,1,1,0
62,3844,12.0,35.0,1,1800000.0,1.0,0,0,1,0
32,1024,17.0,30.0,3,1000000.0,8.0,1,1,1,0
32,1024,14.0,30.0,3,1500000.0,11.0,0,1,1,0
40,1600,14.0,77.0,4,8000000.0,6.0,0,0,1,0
24,576,12.0,50.0,1,400000.0,4.0,0,0,0,0
58,3364,9.0,60.0,3,1500000.0,9.0,0,1,1,0
37,1369,12.0,72.0,4,1000000.0,9.0,0,1,1,0
51,2601,12.0,40.0,3,1500000.0,10.0,0,1,1,0
46,2116,12.0,40.0,4,1020000.0,11.0,1,0,1,0
28,784,17.0,35.0,2,1300000.0,9.0,1,0,1,0
55,3025,17.0,35.0,1,800000.0,5.0,0,0,0,0
34,1156,6.0,40.0,2,1500000.0,2.0,0,0,1,0
32,1024,6.0,48.0,1,1200000.0,6.0,0,0,1,0
44,1936,17.0,25.0,1,500000.0,8.0,1,0,1,0
51,2601,17.0,40.0,4,1200000.0,5.0,1,1,1,0
42,1764,17.0,45.0,5,4000000.0,12.0,0,1,1,0
49,2401,15.0,48.0,3,1200000.0,12.0,1,1,1,0
30,900,15.0,40.0,2,1100000.0,9.0,0,0,1,1
49,2401,15.0,50.0,1,1200000.0,4.0,1,0,1,0
28,784,12.0,96.0,4,570000.0,12.0,1,0,1,0
44,1936,15.0,80.0,4,900000.0,12.0,0,1,1,0
44,1936,12.0,40.0,4,1000000.0,1.0,0,1,1,0
64,4096,12.0,40.0,3,3000000.0,6.0,0,1,1,0
50,2500,6.0,35.0,4,600000.0,3.0,0,1,0,0
49,2401,8.0,35.0,4,600000.0,3.0,1,1,0,0
24,576,12.0,35.0,4,600000.0,3.0,0,0,1,0
30,900,12.0,45.0,1,1100000.0,1.0,0,0,1,0
64,4096,15.0,57.0,2,600000.0,1.0,1,0,1,0
60,3600,12.0,16.0,1,100000.0,1.0,1,0,1,0
57,3249,12.0,30.0,4,3000000.0,1.0,0,1,1,0
34,1156,14.0,45.0,3,2500000.0,5.0,0,1,1,0
63,3969,15.0,42.0,1,8000000.0,6.0,0,0,1,1
20,400,13.0,8.0,3,400000.0,7.0,1,0,1,1
20,400,12.0,70.0,7,840000.0,2.0,1,0,0,0
75,5625,12.0,40.0,2,2000000.0,1.0,0,1,1,0
49,2401,17.0,40.0,4,470000.0,8.0,1,1,1,0
26,676,15.0,50.0,1,900000.0,6.0,1,0,1,1
63,3969,19.0,24.0,1,800000.0,1.0,1,0,1,0
40,1600,13.0,50.0,6,2000000.0,2.0,0,1,1,0
63,3969,12.0,32.0,2,1500000.0,10.0,1,1,1,0
58,3364,12.0,32.0,2,1500000.0,10.0,0,1,1,0
49,2401,12.0,21.0,5,500000.0,2.0,0,1,0,0
46,2116,12.0,21.0,5,500000.0,2.0,1,1,0,0
42,1764,17.0,28.0,2,900000.0,1.0,0,0,1,0
35,1225,15.0,16.0,3,450000.0,2.0,0,0,1,1
53,2809,12.0,30.0,4,1500000.0,3.0,1,1,1,0
34,1156,16.0,30.0,4,900000.0,3.0,0,0,1,1
51,2601,15.0,66.0,4,1500000.0,6.0,0,1,1,0
50,2500,15.0,66.0,4,1500000.0,7.0,1,1,1,0
49,2401,17.0,70.0,4,600000.0,8.0,0,1,1,0
52,2704,12.0,70.0,4,1000000.0,11.0,1,1,1,0
44,1936,12.0,30.0,4,500000.0,12.0,0,1,1,0
47,2209,12.0,30.0,4,300000.0,2.0,1,1,1,0
34,1156,12.0,70.0,7,840000.0,2.0,1,0,0,0
29,841,8.0,0.0,3,60000.0,1.0,0,0,0,0
64,4096,6.0,30.0,1,500000.0,1.0,0,0,0,0
38,1444,12.0,50.0,6,1200000.0,3.0,1,1,1,0
47,2209,13.0,28.0,1,78000.0,6.0,1,0,1,0
54,2916,12.0,35.0,2,3625000.0,1.0,1,0,1,1
66,4356,12.0,30.0,2,3000000.0,1.0,0,1,1,0
21,441,12.0,40.0,2,200000.0,4.0,1,0,1,0
46,2116,12.0,84.0,4,1500000.0,7.0,1,1,1,0
37,1369,15.0,16.0,2,150000.0,9.0,0,1,0,0
36,1296,12.0,24.0,4,800000.0,12.0,1,1,1,0
45,2025,12.0,24.0,4,2000000.0,12.0,0,1,1,0
34,1156,12.0,48.0,2,600000.0,5.0,1,0,0,1
36,1296,12.0,84.0,1,900000.0,2.0,0,0,1,0
43,1849,12.0,48.0,3,1500000.0,8.0,1,0,1,1
21,441,10.0,48.0,3,650000.0,6.0,1,0,1,1
47,2209,19.0,30.0,4,8000000.0,5.0,1,0,1,0
37,1369,16.0,41.0,2,700050.0,7.0,1,1,1,0
38,1444,9.0,41.0,2,1300000.0,1.0,0,1,1,0
52,2704,15.0,48.0,4,1500000.0,2.0,0,1,1,0
45,2025,12.0,48.0,4,1200000.0,2.0,1,1,1,0
26,676,16.0,36.0,1,1000000.0,2.0,0,0,0,0
54,2916,9.0,32.0,3,2000000.0,12.0,0,1,1,0
56,3136,12.0,54.0,3,1000000.0,4.0,0,1,1,0
44,1936,14.0,40.0,3,1000000.0,2.0,1,1,1,0
78,6084,2.0,48.0,2,700000.0,2.0,0,1,1,0
70,4900,12.0,48.0,2,410000.0,2.0,1,1,1,0
34,1156,12.0,72.0,4,800000.0,7.0,0,1,1,0
54,2916,15.0,40.0,2,943000.0,7.0,1,1,1,0
40,1600,8.0,72.0,5,800000.0,2.0,0,1,1,0
52,2704,12.0,72.0,1,2700000.0,2.0,0,0,1,0
32,1024,17.0,40.0,2,2100000.0,9.0,1,1,1,0
33,1089,12.0,40.0,2,1600000.0,8.0,0,1,1,0
47,2209,15.0,40.0,4,600000.0,7.0,1,1,1,0
52,2704,10.0,40.0,3,1000000.0,5.0,0,1,1,0
75,5625,6.0,35.0,1,800000.0,1.0,0,0,1,0
53,2809,12.0,30.0,1,650000.0,9.0,1,0,1,0
56,3136,6.0,36.0,3,300000.0,1.0,1,0,0,0
56,3136,13.0,48.0,3,1000000.0,1.0,0,1,1,0
34,1156,12.0,54.0,7,1500000.0,3.0,0,1,0,0
28,784,17.0,25.0,1,1000000.0,1.0,0,0,1,0
39,1521,17.0,45.0,3,1500000.0,10.0,1,0,1,0
52,2704,6.0,40.0,2,950000.0,7.0,0,1,1,0
64,4096,6.0,79.0,1,900000.0,1.0,0,0,0,0
25,625,15.0,48.0,1,1000000.0,7.0,1,0,1,0
36,1296,12.0,48.0,2,700000.0,1.0,1,1,1,0
43,1849,17.0,48.0,2,2000000.0,2.0,0,1,1,0
22,484,11.0,140.0,2,1000000.0,7.0,0,0,0,0
24,576,8.0,140.0,2,800000.0,7.0,0,0,0,0
41,1681,12.0,44.0,4,800000.0,2.0,0,1,1,0
47,2209,14.0,40.0,2,8500000.0,9.0,0,1,1,1
45,2025,17.0,56.0,4,3000000.0,12.0,1,1,1,0
46,2116,15.0,56.0,4,0.0,6.0,0,1,1,1
37,1369,15.0,53.0,1,1500000.0,1.0,0,0,1,0
30,900,13.0,45.0,2,1700000.0,12.0,0,1,1,0
62,3844,17.0,40.0,1,3000000.0,7.0,0,0,1,0
31,961,9.0,48.0,5,350000.0,1.0,0,1,0,0
44,1936,6.0,40.0,6,1200000.0,10.0,0,1,1,0
25,625,9.0,40.0,6,1200000.0,10.0,0,0,1,0
44,1936,15.0,40.0,1,400000.0,1.0,1,0,1,0
28,784,12.0,60.0,2,1300000.0,8.0,0,1,1,0
24,576,4.0,60.0,2,300000.0,1.0,1,1,1,0
66,4356,6.0,40.0,2,1500000.0,1.0,0,1,1,0
30,900,15.0,40.0,4,1000000.0,2.0,0,1,1,0
29,841,12.0,40.0,4,1500000.0,1.0,1,1,1,0
37,1369,14.0,60.0,4,1400000.0,7.0,0,1,0,0
57,3249,9.0,20.0,3,1600000.0,9.0,0,1,1,0
59,3481,12.0,36.0,2,1500000.0,9.0,0,0,1,0
45,2025,15.0,40.0,2,1200000.0,8.0,1,0,1,0
25,625,12.0,40.0,1,1600000.0,11.0,0,1,1,0
50,2500,12.0,30.0,4,1800000.0,2.0,1,1,1,0
32,1024,15.0,60.0,5,400000.0,9.0,0,1,1,0
57,3249,12.0,28.0,3,730000.0,7.0,1,0,1,0
43,1849,15.0,30.0,1,2200000.0,3.0,0,0,1,0
42,1764,14.0,63.0,2,1200000.0,1.0,1,0,1,0
54,2916,17.0,45.0,1,2200000.0,7.0,1,0,1,0
60,3600,6.0,35.0,5,700000.0,10.0,0,1,1,0
49,2401,6.0,40.0,1,500000.0,1.0,0,0,0,0
51,2601,17.0,40.0,5,3000000.0,8.0,1,1,1,0
55,3025,12.0,40.0,3,1600000.0,5.0,0,1,1,0
53,2809,12.0,40.0,3,3000000.0,5.0,1,1,1,0
26,676,12.0,45.0,2,1200000.0,12.0,1,1,1,0
30,900,12.0,45.0,2,1200000.0,8.0,0,1,1,0
61,3721,6.0,50.0,3,1000000.0,1.0,0,1,0,0
33,1089,12.0,35.0,2,1000000.0,9.0,1,1,1,0
34,1156,12.0,35.0,2,1100000.0,6.0,1,1,1,0
63,3969,14.0,8.0,1,150000.0,1.0,1,0,1,0
39,1521,17.0,45.0,3,3000000.0,8.0,0,1,1,0
40,1600,15.0,45.0,3,1100000.0,8.0,1,1,1,0
43,1849,15.0,25.0,3,1000000.0,1.0,1,0,1,0
23,529,12.0,25.0,3,900000.0,1.0,0,0,1,0
30,900,16.0,48.0,4,900000.0,2.0,0,0,1,0
51,2601,10.0,38.0,1,950000.0,1.0,0,0,0,1
55,3025,12.0,44.0,2,920000.0,1.0,0,1,1,0
31,961,12.0,36.0,1,1050000.0,6.0,0,0,1,0
63,3969,5.0,36.0,4,800000.0,1.0,0,1,0,0
44,1936,17.0,45.0,3,3500000.0,9.0,0,1,1,0
58,3364,8.0,44.0,1,1400000.0,7.0,0,0,1,0
52,2704,9.0,48.0,3,800000.0,1.0,0,1,0,0
50,2500,15.0,48.0,3,350000.0,1.0,1,1,0,0
45,2025,6.0,30.0,6,1000000.0,1.0,0,1,0,0
50,2500,19.0,28.0,2,200000.0,2.0,1,1,1,0
45,2025,17.0,40.0,3,930000.0,7.0,1,0,1,0
35,1225,15.0,36.0,3,2800000.0,12.0,0,1,1,0
39,1521,12.0,26.0,3,650000.0,6.0,1,0,1,0
36,1296,12.0,24.0,4,800000.0,7.0,1,0,0,1
44,1936,12.0,40.0,3,0.0,1.0,1,1,1,0
52,2704,8.0,6.0,1,500000.0,1.0,1,0,0,0
56,3136,17.0,40.0,4,2400000.0,8.0,1,1,1,0
40,1600,16.0,40.0,4,1500000.0,1.0,1,1,1,0
63,3969,11.0,24.0,1,600000.0,1.0,0,0,1,0
29,841,12.0,20.0,3,700000.0,3.0,1,1,1,0
26,676,12.0,20.0,3,920000.0,7.0,0,1,1,0
49,2401,13.0,49.0,2,1100000.0,6.0,1,0,1,0
36,1296,12.0,45.0,4,800000.0,6.0,0,1,1,0
55,3025,19.0,32.0,2,200000.0,1.0,1,1,1,0
53,2809,6.0,44.0,3,1500000.0,1.0,0,1,1,0
44,1936,6.0,44.0,3,500000.0,1.0,1,1,1,0
39,1521,13.0,20.0,3,400000.0,1.0,0,1,0,0
30,900,14.0,100.0,3,120000.0,1.0,1,1,1,0
50,2500,15.0,50.0,4,3000000.0,3.0,0,1,1,0
54,2916,15.0,40.0,2,1700000.0,7.0,1,0,1,0
71,5041,12.0,44.0,1,600000.0,3.0,1,0,1,0
54,2916,15.0,60.0,4,800000.0,6.0,1,1,1,0
43,1849,14.0,60.0,2,900000.0,6.0,1,0,0,0
45,2025,15.0,36.0,2,1000000.0,1.0,1,0,1,0
26,676,12.0,36.0,2,1200000.0,7.0,0,0,1,0
38,1444,12.0,40.0,5,300000.0,1.0,1,1,1,0
69,4761,9.0,45.0,2,0.0,5.0,1,1,1,0
73,5329,19.0,40.0,2,6000000.0,10.0,0,1,1,0
63,3969,19.0,40.0,2,6000000.0,10.0,1,1,1,0
45,2025,9.0,30.0,4,650000.0,6.0,0,1,1,0
34,1156,12.0,48.0,1,1000000.0,7.0,0,0,1,0
22,484,11.0,40.0,4,700000.0,7.0,0,0,1,1
45,2025,15.0,40.0,3,1300000.0,9.0,1,1,1,0
48,2304,8.0,40.0,3,400000.0,12.0,0,1,1,1
47,2209,15.0,35.0,4,750000.0,2.0,0,1,1,0
35,1225,12.0,40.0,2,200000.0,9.0,1,1,1,0
37,1369,15.0,36.0,1,800000.0,1.0,0,0,1,0
32,1024,12.0,46.0,2,0.0,1.0,1,1,1,0
48,2304,17.0,51.0,3,1700000.0,9.0,0,1,1,1
46,2116,14.0,45.0,1,1200000.0,10.0,1,0,1,0
34,1156,12.0,42.0,3,2000000.0,1.0,1,1,0,1
47,2209,15.0,40.0,2,900000.0,8.0,1,0,1,0
59,3481,15.0,24.0,3,1800000.0,7.0,0,1,1,0
33,1089,12.0,96.0,6,1960000.0,8.0,0,1,1,0
51,2601,12.0,65.0,5,4000000.0,4.0,0,1,1,0
70,4900,15.0,40.0,3,2500000.0,9.0,0,1,1,0
60,3600,15.0,30.0,1,1000000.0,1.0,1,0,1,0
36,1296,12.0,45.0,1,1500000.0,7.0,0,0,1,0
55,3025,9.0,48.0,5,450000.0,1.0,0,1,0,0
18,324,11.0,48.0,5,240000.0,7.0,0,0,0,0
24,576,11.0,48.0,1,900000.0,4.0,0,0,0,1
42,1764,12.0,60.0,4,300000.0,1.0,0,1,1,0
30,900,17.0,60.0,4,1200000.0,9.0,1,1,1,0
60,3600,6.0,45.0,2,800000.0,11.0,0,1,1,0
44,1936,12.0,35.0,3,1600000.0,12.0,0,1,1,0
31,961,6.0,40.0,4,1120000.0,5.0,0,1,0,0
43,1849,6.0,35.0,4,750000.0,2.0,1,1,1,0
31,961,19.0,40.0,4,980000.0,9.0,0,1,1,0
47,2209,8.0,0.0,2,1200000.0,5.0,0,0,1,0
72,5184,15.0,10.0,2,200000.0,1.0,1,1,1,0
46,2116,14.0,3.0,2,300000.0,1.0,1,1,1,0
38,1444,12.0,3.0,2,1000000.0,7.0,0,1,1,0
29,841,17.0,30.0,1,900000.0,3.0,1,0,1,0
50,2500,15.0,84.0,1,800000.0,3.0,0,1,1,0
26,676,12.0,42.0,1,1000000.0,1.0,1,0,0,0
63,3969,17.0,60.0,5,2000000.0,8.0,0,1,1,1
54,2916,17.0,60.0,5,1500000.0,1.0,1,1,1,0
33,1089,15.0,36.0,2,870000.0,8.0,0,1,1,0
37,1369,12.0,36.0,1,400000.0,9.0,0,0,1,0
38,1444,8.0,50.0,6,1500000.0,6.0,0,1,0,0
39,1521,6.0,20.0,4,400000.0,2.0,0,1,1,0
35,1225,6.0,20.0,4,300000.0,2.0,1,1,0,0
39,1521,17.0,45.0,2,3000000.0,1.0,1,0,1,0
61,3721,17.0,30.0,3,2500000.0,1.0,0,1,1,0
24,576,17.0,30.0,3,1200000.0,12.0,0,0,1,0
33,1089,12.0,35.0,3,800000.0,11.0,1,1,1,0
56,3136,12.0,44.0,4,1100000.0,6.0,0,1,1,0
44,1936,15.0,40.0,4,1400000.0,12.0,0,1,1,0
42,1764,12.0,40.0,4,450000.0,8.0,1,1,1,0
56,3136,15.0,32.0,3,1000000.0,12.0,0,1,1,0
50,2500,19.0,32.0,3,1000000.0,8.0,1,1,1,0
26,676,17.0,45.0,1,1500000.0,3.0,0,0,1,0
29,841,15.0,50.0,6,800000.0,6.0,0,1,1,0
40,1600,14.0,50.0,6,800000.0,5.0,1,1,1,1
30,900,11.0,50.0,6,625000.0,6.0,0,0,0,1
35,1225,11.0,50.0,6,900000.0,11.0,0,1,1,0
40,1600,15.0,40.0,4,1000000.0,8.0,1,1,1,0
37,1369,17.0,40.0,3,900000.0,11.0,0,1,1,0
62,3844,12.0,54.0,2,900000.0,1.0,1,1,1,0
56,3136,15.0,60.0,4,2000000.0,9.0,1,1,1,0
26,676,17.0,60.0,4,700000.0,9.0,1,0,1,0
23,529,15.0,60.0,4,600000.0,7.0,1,0,1,0
53,2809,15.0,23.0,1,600000.0,9.0,1,0,1,0
30,900,0.0,2.0,3,80000.0,6.0,0,1,0,1
42,1764,15.0,4.0,5,800000.0,8.0,1,1,1,0
34,1156,15.0,45.0,1,300000.0,1.0,1,0,1,1
52,2704,17.0,15.0,3,1500000.0,1.0,1,1,1,0
53,2809,17.0,15.0,3,3500000.0,11.0,0,1,1,0
71,5041,7.0,48.0,1,1000000.0,2.0,0,0,1,0
32,1024,17.0,45.0,3,370000.0,6.0,1,1,1,0
35,1225,17.0,0.0,1,1500000.0,12.0,1,0,1,0
45,2025,11.0,40.0,3,1600000.0,7.0,0,1,1,0
41,1681,7.0,40.0,3,800000.0,4.0,1,1,1,0
47,2209,8.0,21.0,6,600000.0,1.0,0,1,0,0
47,2209,10.0,21.0,6,30000.0,1.0,0,1,0,0
40,1600,12.0,39.0,5,500000.0,9.0,0,1,0,0
39,1521,6.0,36.0,2,200000.0,2.0,1,1,1,0
57,3249,6.0,36.0,2,200000.0,2.0,0,1,1,0
48,2304,14.0,40.0,5,590000.0,6.0,1,1,1,0
53,2809,13.0,40.0,5,900000.0,1.0,0,1,1,0
71,5041,12.0,40.0,4,1000000.0,7.0,0,1,1,0
32,1024,17.0,40.0,4,1000000.0,7.0,1,0,1,0
48,2304,17.0,30.0,3,3500000.0,12.0,1,0,1,0
77,5929,16.0,14.0,1,250000.0,12.0,1,0,1,0
44,1936,13.0,45.0,3,300000.0,2.0,0,1,1,0
44,1936,15.0,45.0,3,750000.0,10.0,1,1,1,0
43,1849,17.0,40.0,1,1500000.0,9.0,1,0,1,0
29,841,15.0,24.0,3,800000.0,12.0,1,1,1,0
38,1444,12.0,43.0,1,900000.0,9.0,0,0,1,0
48,2304,16.0,40.0,3,1000000.0,5.0,1,1,1,0
38,1444,12.0,48.0,4,1000000.0,6.0,0,1,1,0
43,1849,15.0,40.0,3,800000.0,6.0,1,0,1,0
57,3249,12.0,66.0,4,2000000.0,1.0,0,1,1,0
34,1156,17.0,32.0,3,750000.0,2.0,1,1,1,0
37,1369,12.0,32.0,3,880000.0,2.0,0,1,1,0
36,1296,17.0,45.0,3,870000.0,9.0,1,1,1,0
36,1296,17.0,45.0,3,1000000.0,11.0,0,1,1,0
40,1600,15.0,27.0,3,1300000.0,10.0,0,1,1,0
36,1296,15.0,27.0,3,1400000.0,2.0,1,1,1,0
35,1225,17.0,36.0,1,3500000.0,1.0,0,0,1,0
56,3136,10.0,35.0,4,2000000.0,12.0,0,1,1,0
40,1600,17.0,30.0,1,1300000.0,7.0,0,0,1,0
32,1024,15.0,16.0,2,800000.0,9.0,1,0,1,0
46,2116,15.0,45.0,2,890000.0,7.0,1,0,1,0
27,729,15.0,45.0,2,700000.0,6.0,1,0,1,0
67,4489,5.0,40.0,1,1000000.0,3.0,0,0,0,0
57,3249,6.0,40.0,5,1400000.0,2.0,0,1,0,0
44,1936,15.0,45.0,3,700000.0,8.0,1,1,1,0
44,1936,12.0,45.0,3,900000.0,1.0,0,1,1,0
38,1444,15.0,40.0,3,1000000.0,8.0,1,0,1,0
52,2704,6.0,45.0,3,1000000.0,10.0,1,0,1,0
33,1089,12.0,50.0,4,1000000.0,4.0,0,1,0,0
33,1089,17.0,50.0,4,1200000.0,12.0,1,1,1,0
60,3600,6.0,55.0,4,800000.0,8.0,0,0,1,0
49,2401,17.0,45.0,1,1810000.0,1.0,1,0,1,0
65,4225,6.0,14.0,1,300000.0,1.0,0,0,0,0
66,4356,12.0,40.0,2,1500000.0,7.0,0,1,1,0
25,625,6.0,55.0,4,800000.0,1.0,0,1,1,0
20,400,12.0,8.0,4,500000.0,4.0,1,0,1,0
52,2704,14.0,45.0,5,1800000.0,6.0,0,1,1,0
55,3025,12.0,45.0,5,1500000.0,6.0,1,1,1,0
44,1936,9.0,32.0,2,500000.0,1.0,0,1,0,0
47,2209,15.0,32.0,2,150000.0,1.0,1,1,0,0
45,2025,17.0,0.0,2,600000.0,10.0,1,1,1,0
27,729,6.0,16.0,6,600000.0,1.0,1,0,0,0
55,3025,6.0,108.0,4,1100000.0,1.0,0,1,1,0
48,2304,15.0,42.0,3,780000.0,7.0,1,0,1,0
37,1369,17.0,50.0,4,1300000.0,6.0,1,1,1,0
44,1936,12.0,50.0,4,1600000.0,11.0,0,1,1,0
33,1089,12.0,48.0,4,1500000.0,1.0,0,1,1,0
36,1296,17.0,6.0,4,200000.0,6.0,1,1,1,0
34,1156,12.0,6.0,4,800000.0,2.0,0,1,1,0
61,3721,6.0,45.0,4,1000000.0,1.0,0,0,1,0
53,2809,12.0,25.0,1,200000.0,1.0,1,0,1,0
60,3600,5.0,0.0,2,30000.0,1.0,1,0,0,0
43,1849,12.0,30.0,4,800000.0,1.0,0,1,0,0
53,2809,14.0,40.0,1,800000.0,3.0,0,0,0,0
76,5776,15.0,2.0,2,200000.0,7.0,0,0,1,0
47,2209,10.0,48.0,3,1500000.0,12.0,0,1,1,0
43,1849,12.0,30.0,4,200000.0,1.0,1,1,0,0
52,2704,17.0,39.0,3,500000.0,8.0,1,0,1,0
44,1936,15.0,51.0,5,2500000.0,12.0,0,1,1,0
54,2916,15.0,31.0,3,800000.0,9.0,0,1,1,0
48,2304,12.0,31.0,3,1000000.0,1.0,1,1,1,0
64,4096,9.0,30.0,1,700000.0,8.0,1,0,1,0
28,784,12.0,54.0,4,737000.0,10.0,1,1,1,0
20,400,12.0,39.0,3,800000.0,3.0,0,0,1,1
41,1681,15.0,60.0,2,700000.0,1.0,0,1,1,0
40,1600,15.0,20.0,2,960000.0,11.0,1,0,1,0
41,1681,6.0,48.0,3,1500000.0,6.0,0,1,1,0
50,2500,13.0,12.0,2,200000.0,1.0,1,0,1,0
48,2304,6.0,56.0,6,1200000.0,1.0,0,1,0,1
42,1764,12.0,45.0,4,900000.0,6.0,0,1,1,0
30,900,12.0,45.0,4,900000.0,11.0,1,1,1,0
47,2209,17.0,40.0,2,3100000.0,12.0,0,0,1,0
39,1521,15.0,36.0,4,790000.0,10.0,0,1,1,0
31,961,15.0,36.0,4,790000.0,10.0,1,1,1,0
56,3136,15.0,72.0,2,250000.0,1.0,0,0,0,0
46,2116,12.0,0.0,3,1200000.0,10.0,0,0,1,0
25,625,12.0,48.0,1,350000.0,11.0,0,0,1,0
56,3136,13.0,42.0,1,1200000.0,1.0,0,0,1,0
57,3249,3.0,45.0,2,200000.0,1.0,0,1,0,0
59,3481,15.0,48.0,1,1500000.0,1.0,0,0,1,0
54,2916,15.0,40.0,3,5000000.0,12.0,0,0,1,0
44,1936,19.0,44.0,1,1200000.0,12.0,0,0,1,0
54,2916,17.0,48.0,2,1560000.0,10.0,1,0,1,0
28,784,12.0,48.0,2,2200000.0,7.0,1,0,1,0
34,1156,9.0,50.0,6,1500000.0,11.0,0,1,1,0
67,4489,19.0,41.0,1,5000000.0,11.0,0,0,1,1
54,2916,12.0,68.0,4,1000000.0,10.0,0,1,1,0
50,2500,12.0,68.0,4,160000.0,3.0,1,1,1,0
28,784,12.0,40.0,2,1400000.0,9.0,1,1,1,0
28,784,12.0,40.0,2,700000.0,2.0,0,1,0,0
25,625,14.0,30.0,1,680000.0,12.0,1,0,1,0
45,2025,12.0,49.0,3,500000.0,1.0,0,0,0,0
56,3136,8.0,36.0,5,800000.0,3.0,0,1,0,0
55,3025,9.0,36.0,5,400000.0,2.0,1,1,0,0
22,484,7.0,36.0,5,400000.0,2.0,1,0,0,0
45,2025,15.0,48.0,4,1000000.0,2.0,0,1,1,0
49,2401,15.0,40.0,3,1500000.0,9.0,1,0,1,0
57,3249,15.0,30.0,3,800000.0,12.0,0,1,1,0
55,3025,17.0,30.0,3,800000.0,12.0,1,1,1,0
26,676,9.0,36.0,5,450000.0,5.0,0,0,0,0
23,529,9.0,36.0,5,450000.0,5.0,0,0,0,0
51,2601,12.0,40.0,5,1800000.0,11.0,0,1,1,0
24,576,17.0,40.0,5,600000.0,10.0,1,0,1,0
35,1225,12.0,54.0,4,1000000.0,7.0,0,1,1,0
41,1681,19.0,40.0,4,1400000.0,6.0,0,1,1,0
40,1600,17.0,40.0,2,2300000.0,9.0,0,0,1,0
49,2401,19.0,25.0,1,1100000.0,3.0,1,0,1,0
46,2116,15.0,40.0,1,1800000.0,3.0,1,0,1,0
40,1600,10.0,30.0,3,1300000.0,6.0,1,0,1,0
38,1444,17.0,40.0,2,1100000.0,8.0,1,1,1,0
36,1296,14.0,40.0,2,1000000.0,2.0,0,1,1,0
28,784,17.0,24.0,2,600000.0,6.0,1,0,1,1
45,2025,17.0,52.0,3,1500000.0,12.0,0,1,1,0
46,2116,16.0,52.0,3,350000.0,3.0,1,1,1,0
42,1764,15.0,60.0,1,1200000.0,1.0,0,0,1,0
53,2809,12.0,43.0,1,2500000.0,12.0,0,0,1,0
30,900,12.0,45.0,2,1550000.0,7.0,0,1,1,0
31,961,12.0,16.0,6,800000.0,10.0,0,1,1,0
42,1764,14.0,30.0,3,840000.0,9.0,1,0,1,0
38,1444,12.0,42.0,2,1400000.0,12.0,1,0,1,0
36,1296,15.0,25.0,3,700000.0,2.0,1,0,1,0
41,1681,16.0,42.0,2,800000.0,6.0,1,1,1,0
41,1681,11.0,42.0,2,2000000.0,6.0,0,1,1,0
35,1225,12.0,52.0,2,4500000.0,3.0,1,1,1,0
31,961,17.0,45.0,2,1000000.0,4.0,1,1,1,0
35,1225,12.0,45.0,2,1000000.0,6.0,0,1,1,0
33,1089,16.0,90.0,3,1200000.0,1.0,0,1,1,0
63,3969,12.0,20.0,3,1500000.0,2.0,0,1,1,1
49,2401,17.0,24.0,3,670000.0,1.0,1,1,1,0
48,2304,15.0,24.0,3,1800000.0,2.0,0,1,1,0
56,3136,13.0,45.0,2,1000000.0,2.0,1,1,1,0
56,3136,12.0,45.0,2,1000000.0,2.0,0,1,1,0
36,1296,15.0,36.0,2,1200000.0,10.0,1,0,1,0
35,1225,16.0,36.0,2,700000.0,10.0,1,0,1,1
20,400,12.0,65.0,3,0.0,2.0,1,1,0,0
66,4356,2.0,70.0,4,500000.0,2.0,0,0,0,0
36,1296,9.0,40.0,4,300000.0,6.0,0,1,0,0
34,1156,17.0,24.0,2,1200000.0,1.0,1,0,1,0
31,961,17.0,40.0,1,2000000.0,8.0,0,0,1,0
39,1521,17.0,40.0,1,2000000.0,7.0,0,0,1,0
60,3600,6.0,54.0,2,1000000.0,3.0,0,0,1,0
34,1156,12.0,54.0,2,2500000.0,7.0,0,0,1,0
27,729,12.0,5.0,5,240000.0,1.0,0,1,0,0
28,784,12.0,5.0,5,200000.0,1.0,1,1,0,0
43,1849,12.0,84.0,6,800000.0,1.0,0,1,0,0
41,1681,17.0,45.0,1,1000000.0,4.0,0,0,1,0
65,4225,17.0,30.0,6,500000.0,6.0,1,0,1,0
39,1521,17.0,30.0,6,650000.0,2.0,0,1,0,1
38,1444,12.0,30.0,6,390000.0,7.0,1,0,1,0
25,625,8.0,48.0,4,600000.0,3.0,1,1,1,0
57,3249,6.0,24.0,1,700000.0,3.0,1,0,1,0
36,1296,12.0,44.0,4,1800000.0,9.0,0,1,1,0
63,3969,17.0,12.0,1,680000.0,10.0,1,0,1,0
36,1296,9.0,27.0,3,700000.0,2.0,0,1,1,0
38,1444,17.0,30.0,3,100000.0,1.0,0,0,1,0
61,3721,12.0,72.0,2,900000.0,1.0,0,1,1,0
59,3481,12.0,48.0,2,550000.0,1.0,0,1,1,0
61,3721,12.0,48.0,2,300000.0,1.0,1,1,1,0
47,2209,12.0,48.0,5,1500000.0,9.0,0,1,1,0
34,1156,17.0,48.0,5,1500000.0,9.0,1,1,1,0
38,1444,8.0,72.0,5,1800000.0,6.0,1,1,1,0
40,1600,19.0,48.0,4,1500000.0,12.0,1,1,1,0
27,729,12.0,48.0,3,800000.0,3.0,0,1,1,0
61,3721,15.0,40.0,4,1200000.0,8.0,0,1,1,0
55,3025,17.0,48.0,1,1500000.0,1.0,1,0,1,0
34,1156,17.0,60.0,3,5800000.0,11.0,0,1,1,0
31,961,15.0,60.0,3,1800000.0,11.0,1,1,1,0
50,2500,6.0,48.0,8,800000.0,2.0,0,1,0,1
42,1764,6.0,40.0,1,350000.0,6.0,0,0,0,0
47,2209,12.0,37.0,4,1200000.0,8.0,0,1,1,0
42,1764,12.0,37.0,4,900000.0,4.0,1,1,1,0
33,1089,12.0,48.0,1,1000000.0,7.0,0,0,1,0
41,1681,12.0,40.0,5,2000000.0,6.0,1,1,1,0
52,2704,6.0,30.0,1,300000.0,1.0,0,0,0,0
40,1600,15.0,40.0,3,2000000.0,7.0,1,0,1,0
65,4225,12.0,40.0,2,300000.0,1.0,1,0,1,0
48,2304,14.0,12.0,3,300000.0,1.0,1,0,1,0
22,484,12.0,20.0,3,500000.0,4.0,1,0,1,1
35,1225,12.0,45.0,4,2000000.0,11.0,0,1,1,0
47,2209,6.0,44.0,5,800000.0,1.0,0,1,0,0
47,2209,12.0,25.0,3,700000.0,1.0,1,1,1,0
42,1764,16.0,45.0,2,3500000.0,9.0,0,1,1,0
39,1521,12.0,60.0,4,3000000.0,10.0,0,1,1,0
43,1849,17.0,97.0,4,1800000.0,8.0,0,1,1,0
47,2209,12.0,40.0,4,800000.0,7.0,0,1,0,0
45,2025,12.0,40.0,4,350000.0,8.0,1,1,0,1
37,1369,17.0,25.0,4,800000.0,8.0,1,1,1,0
58,3364,6.0,52.0,3,600000.0,6.0,0,1,0,0
32,1024,6.0,52.0,3,400000.0,6.0,0,1,1,0
58,3364,6.0,30.0,3,400000.0,8.0,0,1,1,0
29,841,12.0,24.0,6,1300000.0,7.0,0,1,1,0
35,1225,7.0,48.0,5,1500000.0,10.0,0,1,1,0
55,3025,15.0,60.0,1,100000.0,1.0,1,0,1,0
33,1089,17.0,30.0,3,900000.0,4.0,1,0,1,0
33,1089,17.0,30.0,3,1200000.0,7.0,1,0,1,0
42,1764,19.0,50.0,3,500000.0,1.0,1,1,1,0
44,1936,15.0,50.0,3,400000.0,1.0,0,1,1,0
57,3249,15.0,24.0,3,250000.0,1.0,0,0,0,0
26,676,9.0,24.0,3,500000.0,3.0,0,0,0,0
29,841,9.0,24.0,3,800000.0,3.0,0,0,0,0
39,1521,11.0,28.0,5,900000.0,1.0,0,1,1,0
59,3481,15.0,40.0,3,1300000.0,7.0,1,0,1,0
39,1521,17.0,40.0,4,1500000.0,9.0,1,0,1,0
48,2304,15.0,44.0,4,1000000.0,12.0,1,1,1,0
41,1681,12.0,48.0,1,800000.0,6.0,0,0,1,0
41,1681,12.0,38.0,3,650000.0,10.0,1,0,1,0
34,1156,12.0,48.0,2,750000.0,5.0,0,0,1,1
31,961,12.0,48.0,2,400000.0,4.0,0,0,1,0
33,1089,17.0,30.0,2,800000.0,4.0,0,1,1,0
33,1089,17.0,30.0,2,850000.0,6.0,1,1,1,0
63,3969,12.0,48.0,1,1800000.0,6.0,0,0,1,0
58,3364,15.0,30.0,2,690000.0,10.0,0,0,1,0
35,1225,12.0,56.0,2,600000.0,2.0,0,1,0,0
40,1600,12.0,56.0,2,200000.0,2.0,1,1,0,0
42,1764,12.0,45.0,3,740000.0,7.0,1,0,1,0
37,1369,17.0,40.0,2,700000.0,6.0,1,0,0,1
54,2916,12.0,40.0,3,1200000.0,4.0,1,0,1,0
29,841,12.0,40.0,3,594000.0,7.0,0,0,1,0
45,2025,12.0,60.0,4,1200000.0,6.0,1,1,1,0
50,2500,12.0,30.0,4,1100000.0,8.0,0,1,1,0
27,729,12.0,30.0,4,1100000.0,8.0,0,0,1,0
46,2116,8.0,31.0,3,200000.0,1.0,1,0,0,0
58,3364,6.0,26.0,5,50000.0,1.0,1,1,0,0
37,1369,12.0,48.0,4,1000000.0,2.0,1,1,1,0
35,1225,12.0,48.0,4,1000000.0,2.0,0,1,1,0
45,2025,17.0,20.0,3,800000.0,10.0,0,1,1,0
49,2401,15.0,20.0,3,730000.0,10.0,1,1,1,0
37,1369,12.0,51.0,4,600000.0,3.0,0,1,0,0
46,2116,12.0,40.0,6,800000.0,1.0,1,0,1,0
54,2916,12.0,48.0,4,600000.0,1.0,1,0,1,0
47,2209,17.0,44.0,5,1500000.0,4.0,0,1,1,0
48,2304,17.0,30.0,2,1400000.0,6.0,1,0,1,0
60,3600,6.0,60.0,5,3000000.0,9.0,0,1,1,0
31,961,12.0,60.0,5,1200000.0,7.0,1,0,1,0
36,1296,9.0,40.0,4,1000000.0,7.0,0,1,1,0
20,400,12.0,40.0,6,480000.0,3.0,1,0,1,0
51,2601,15.0,54.0,3,1150000.0,8.0,0,1,1,0
44,1936,16.0,54.0,3,250000.0,6.0,1,1,1,1
45,2025,15.0,54.0,6,1400000.0,10.0,0,1,1,0
39,1521,12.0,72.0,5,1500000.0,9.0,0,1,1,0
33,1089,12.0,72.0,5,1400000.0,1.0,1,1,1,0
41,1681,12.0,60.0,1,200000.0,1.0,1,0,1,0
63,3969,8.0,30.0,4,100000.0,9.0,0,1,1,0
32,1024,15.0,30.0,4,1200000.0,9.0,1,0,1,0
66,4356,12.0,30.0,4,100000.0,1.0,1,1,1,0
38,1444,12.0,30.0,4,210000.0,7.0,1,0,0,1
19,361,12.0,30.0,4,200000.0,1.0,1,0,0,0
63,3969,6.0,48.0,2,800000.0,1.0,0,1,1,0
36,1296,15.0,45.0,6,400000.0,6.0,1,1,1,0
60,3600,15.0,0.0,1,780000.0,7.0,1,0,1,0
49,2401,8.0,72.0,6,4200000.0,10.0,0,1,1,0
47,2209,6.0,72.0,6,400000.0,1.0,1,1,1,0
50,2500,17.0,30.0,4,1000000.0,1.0,0,1,1,1
46,2116,12.0,54.0,5,1410000.0,8.0,0,1,1,0
35,1225,12.0,40.0,4,700000.0,6.0,0,1,1,0
41,1681,12.0,72.0,9,4800000.0,10.0,0,1,1,0
23,529,12.0,72.0,9,500000.0,5.0,0,0,0,0
60,3600,14.0,40.0,6,2300000.0,7.0,0,1,1,0
53,2809,9.0,40.0,6,1000000.0,7.0,1,1,1,0
26,676,15.0,48.0,1,750000.0,1.0,1,0,1,0
66,4356,15.0,30.0,4,700000.0,8.0,0,1,1,0
40,1600,15.0,63.0,2,1500000.0,2.0,1,1,1,0
36,1296,12.0,21.0,4,600000.0,9.0,0,0,1,0
58,3364,12.0,30.0,3,500000.0,1.0,0,1,1,0
57,3249,15.0,40.0,2,3200000.0,10.0,0,0,1,0
37,1369,12.0,40.0,2,600000.0,2.0,0,0,0,0
32,1024,11.0,35.0,7,800000.0,6.0,0,1,0,1
54,2916,12.0,44.0,1,1250000.0,6.0,0,0,1,0
55,3025,12.0,63.0,2,0.0,2.0,0,1,1,0
53,2809,6.0,48.0,4,800000.0,7.0,1,0,1,0
47,2209,17.0,30.0,5,900000.0,8.0,0,1,1,0
65,4225,12.0,42.0,6,150000.0,2.0,1,1,1,0
65,4225,6.0,40.0,2,800000.0,1.0,0,1,0,0
45,2025,12.0,40.0,5,800000.0,1.0,0,1,0,0
31,961,15.0,60.0,3,1100000.0,5.0,0,1,1,0
33,1089,12.0,91.0,1,700000.0,1.0,0,0,0,0
37,1369,12.0,42.0,6,1500000.0,2.0,1,1,1,0
61,3721,14.0,54.0,1,450000.0,1.0,1,0,1,0
37,1369,9.0,66.0,4,300000.0,1.0,0,1,1,0
43,1849,12.0,30.0,2,600000.0,2.0,1,0,1,0
44,1936,14.0,40.0,5,600000.0,1.0,1,1,0,0
29,841,15.0,2.0,4,100000.0,9.0,1,1,1,0
62,3844,6.0,40.0,3,200000.0,1.0,1,1,1,0
45,2025,6.0,36.0,3,300000.0,1.0,0,1,1,0
52,2704,12.0,24.0,1,800000.0,10.0,1,0,1,0
51,2601,6.0,20.0,3,700000.0,1.0,0,1,0,0
59,3481,8.0,40.0,4,1450000.0,9.0,0,1,1,0
35,1225,6.0,58.0,1,700000.0,5.0,0,0,0,1
53,2809,15.0,30.0,2,4100000.0,6.0,1,0,1,0
48,2304,16.0,72.0,1,1900000.0,11.0,0,0,1,0
37,1369,12.0,40.0,2,2400000.0,9.0,1,0,1,0
31,961,6.0,63.0,2,420000.0,1.0,0,0,0,0
46,2116,15.0,32.0,3,1700000.0,8.0,1,0,1,0
54,2916,15.0,0.0,2,1200000.0,10.0,1,1,1,0
53,2809,15.0,20.0,2,700000.0,7.0,1,1,1,0
34,1156,12.0,40.0,1,2000000.0,6.0,0,0,1,0
34,1156,12.0,70.0,5,400000.0,1.0,1,1,0,0
33,1089,12.0,70.0,5,500000.0,1.0,0,1,0,0
36,1296,12.0,34.0,1,500000.0,3.0,0,0,1,0
39,1521,15.0,32.0,2,1200000.0,8.0,0,1,1,0
36,1296,17.0,32.0,2,1300000.0,9.0,0,1,1,0
47,2209,17.0,35.0,3,900000.0,12.0,1,1,1,0
43,1849,12.0,60.0,4,1380000.0,8.0,0,1,1,0
48,2304,12.0,30.0,4,1300000.0,7.0,0,1,1,0
51,2601,15.0,30.0,4,1480000.0,7.0,1,1,1,0
44,1936,12.0,77.0,3,1000000.0,3.0,1,0,1,0
58,3364,6.0,24.0,4,580000.0,11.0,1,0,1,0
23,529,12.0,44.0,2,580000.0,3.0,0,0,1,0
34,1156,12.0,36.0,3,2000000.0,12.0,1,0,1,0
41,1681,7.0,48.0,4,1000000.0,1.0,0,1,1,0
36,1296,15.0,48.0,4,1500000.0,8.0,1,1,1,0
36,1296,14.0,30.0,2,2000000.0,8.0,1,0,1,0
43,1849,15.0,48.0,2,1500000.0,9.0,1,1,1,0
47,2209,17.0,48.0,2,900000.0,1.0,0,1,1,0
44,1936,13.0,40.0,3,1300000.0,6.0,1,1,1,0
31,961,6.0,0.0,5,1100000.0,9.0,0,1,1,0
29,841,10.0,0.0,5,780000.0,6.0,1,1,0,1
40,1600,12.0,44.0,1,3000000.0,1.0,0,0,0,0
56,3136,6.0,48.0,3,400000.0,1.0,1,0,1,0
37,1369,12.0,48.0,5,1500000.0,8.0,0,1,1,0
44,1936,8.0,40.0,3,1500000.0,9.0,0,1,1,0
42,1764,6.0,54.0,5,2000000.0,2.0,0,1,0,0
22,484,10.0,54.0,5,700000.0,2.0,0,0,0,0
57,3249,6.0,48.0,5,1600000.0,9.0,1,0,1,0
50,2500,15.0,48.0,4,1000000.0,1.0,0,1,1,0
51,2601,8.0,32.0,3,1400000.0,9.0,0,1,1,0
42,1764,8.0,40.0,6,2700000.0,9.0,0,1,1,0
29,841,13.0,32.0,3,350000.0,8.0,0,0,1,1
32,1024,12.0,48.0,4,980000.0,6.0,0,1,1,0
51,2601,15.0,25.0,2,850000.0,7.0,1,0,1,0
34,1156,12.0,20.0,3,1000000.0,9.0,1,0,1,0
61,3721,8.0,30.0,2,1300000.0,9.0,0,0,1,0
30,900,10.0,30.0,2,850000.0,6.0,0,0,1,0
39,1521,12.0,48.0,4,1070000.0,8.0,0,1,1,0
48,2304,8.0,48.0,4,1800000.0,8.0,0,1,1,0
25,625,12.0,52.0,2,1700000.0,12.0,0,0,1,0
51,2601,9.0,48.0,1,1800000.0,9.0,0,0,1,0
61,3721,6.0,48.0,1,1300000.0,9.0,0,0,1,0
53,2809,12.0,48.0,1,1500000.0,1.0,0,0,1,0
30,900,10.0,30.0,1,600000.0,1.0,0,0,0,0
35,1225,12.0,46.0,3,200000.0,1.0,1,0,0,0
53,2809,12.0,44.0,2,1800000.0,6.0,0,1,1,0
31,961,12.0,52.0,2,64000.0,3.0,1,0,1,0
21,441,8.0,18.0,11,0.0,1.0,0,1,0,1
20,400,8.0,18.0,11,0.0,5.0,0,0,0,0
34,1156,14.0,24.0,1,200000.0,6.0,0,0,1,0
35,1225,9.0,60.0,6,1800000.0,7.0,0,1,1,0
48,2304,6.0,20.0,2,400000.0,1.0,0,0,0,0
54,2916,3.0,46.0,1,800000.0,1.0,0,0,0,0
54,2916,9.0,30.0,4,2000000.0,9.0,0,1,1,0
29,841,12.0,30.0,4,1000000.0,8.0,1,1,1,0
43,1849,15.0,30.0,3,1900000.0,7.0,1,1,1,0
47,2209,19.0,50.0,4,1800000.0,7.0,0,1,1,0
50,2500,0.0,50.0,4,1800000.0,7.0,1,1,1,0
55,3025,12.0,36.0,4,4000000.0,10.0,0,1,1,0
56,3136,9.0,48.0,1,1800000.0,8.0,0,0,1,0
45,2025,17.0,40.0,2,3000000.0,9.0,0,1,1,0
41,1681,17.0,40.0,2,2800000.0,8.0,1,1,1,0
47,2209,12.0,48.0,2,1500000.0,9.0,0,1,1,0
45,2025,12.0,48.0,2,1700000.0,9.0,1,1,1,0
52,2704,13.0,20.0,2,500000.0,4.0,1,1,0,0
45,2025,11.0,20.0,2,400000.0,1.0,0,1,0,0
28,784,12.0,35.0,2,1000000.0,2.0,0,1,0,0
35,1225,12.0,34.0,3,1500000.0,10.0,0,1,1,0
38,1444,12.0,45.0,3,1200000.0,6.0,1,0,1,0
48,2304,15.0,0.0,2,900000.0,11.0,1,0,1,0
39,1521,18.0,32.0,2,3800000.0,7.0,0,1,1,0
40,1600,12.0,30.0,3,1200000.0,9.0,1,1,1,0
49,2401,17.0,30.0,3,2000000.0,9.0,0,1,1,0
48,2304,12.0,39.0,1,900000.0,7.0,0,0,1,1
49,2401,12.0,48.0,1,1300000.0,7.0,0,0,1,0
55,3025,17.0,30.0,2,300000.0,9.0,0,1,1,0
39,1521,12.0,36.0,1,1800000.0,8.0,0,0,1,0
46,2116,12.0,30.0,4,1300000.0,7.0,1,1,1,0
24,576,12.0,30.0,4,500000.0,10.0,1,0,1,0
39,1521,15.0,56.0,5,1200000.0,9.0,0,1,1,0
39,1521,7.0,48.0,4,980000.0,2.0,0,1,1,0
38,1444,15.0,48.0,4,1200000.0,8.0,1,1,1,0
38,1444,15.0,24.0,1,2400000.0,8.0,0,0,1,0
54,2916,9.0,40.0,1,1700000.0,7.0,0,0,1,0
54,2916,6.0,40.0,1,800000.0,1.0,0,0,1,0
28,784,17.0,6.0,1,230000.0,12.0,1,0,1,0
30,900,12.0,60.0,1,500000.0,2.0,0,0,0,0
41,1681,9.0,48.0,1,200000.0,1.0,0,0,1,0
23,529,12.0,40.0,2,1000000.0,9.0,0,0,1,0
53,2809,6.0,45.0,4,700000.0,1.0,0,1,1,0
33,1089,15.0,35.0,2,1100000.0,6.0,0,1,1,0
30,900,15.0,35.0,2,980000.0,7.0,1,1,1,0
59,3481,6.0,35.0,2,600000.0,9.0,0,1,1,1
39,1521,15.0,40.0,1,1600000.0,12.0,0,0,1,0
28,784,15.0,60.0,3,900000.0,8.0,0,0,1,0
39,1521,12.0,20.0,6,500000.0,3.0,0,1,0,0
45,2025,12.0,48.0,5,600000.0,11.0,1,1,1,0
47,2209,8.0,30.0,2,80000.0,1.0,1,1,1,0
60,3600,15.0,35.0,2,1200000.0,9.0,1,1,1,0
42,1764,16.0,40.0,3,1200000.0,9.0,0,1,1,0
40,1600,12.0,40.0,3,580000.0,8.0,1,1,1,0
59,3481,15.0,40.0,3,2000000.0,10.0,0,1,1,0
50,2500,12.0,50.0,3,200000.0,1.0,1,1,1,0
41,1681,12.0,40.0,3,950000.0,6.0,0,1,1,1
29,841,10.0,7.0,5,60000.0,1.0,1,0,0,0
27,729,10.0,12.0,1,200000.0,1.0,0,0,0,0
50,2500,12.0,36.0,3,700000.0,1.0,0,0,0,0
44,1936,17.0,60.0,3,2000000.0,1.0,0,1,0,1
43,1849,17.0,60.0,3,980000.0,8.0,1,1,1,0
49,2401,12.0,0.0,3,1500000.0,7.0,0,1,1,1
36,1296,15.0,0.0,5,450000.0,9.0,1,1,1,0
40,1600,15.0,0.0,5,750000.0,7.0,0,1,1,0
59,3481,12.0,48.0,2,700000.0,9.0,1,0,1,0
36,1296,12.0,12.0,5,160000.0,6.0,1,0,0,1
23,529,6.0,48.0,3,900000.0,7.0,0,1,0,1
48,2304,7.0,54.0,5,980000.0,6.0,0,1,1,0
63,3969,12.0,54.0,9,1000000.0,6.0,0,1,1,0
44,1936,0.0,42.0,4,240000.0,1.0,0,1,0,0
35,1225,12.0,25.0,5,400000.0,1.0,0,0,0,1
52,2704,12.0,48.0,5,1200000.0,2.0,0,0,1,0
24,576,12.0,48.0,5,400000.0,2.0,1,0,0,1
53,2809,9.0,32.0,1,600000.0,1.0,0,0,0,0
50,2500,15.0,40.0,1,900000.0,10.0,0,0,1,0
56,3136,9.0,28.0,2,700000.0,8.0,1,0,1,0
47,2209,15.0,30.0,4,1370000.0,9.0,1,1,1,0
39,1521,9.0,48.0,1,680000.0,3.0,0,0,0,0
43,1849,17.0,40.0,3,900000.0,3.0,1,1,1,0
51,2601,6.0,36.0,2,1600000.0,9.0,0,0,1,0
42,1764,15.0,49.0,5,1120000.0,1.0,0,1,0,0
35,1225,15.0,49.0,5,700000.0,1.0,1,1,0,0
65,4225,6.0,55.0,4,200000.0,1.0,0,0,0,0
23,529,12.0,55.0,4,200000.0,1.0,0,0,0,0
39,1521,12.0,60.0,4,700000.0,1.0,0,1,1,0
44,1936,12.0,60.0,4,480000.0,2.0,1,1,1,0
39,1521,17.0,35.0,2,1400000.0,12.0,1,0,1,0
48,2304,17.0,35.0,2,1000000.0,11.0,1,1,1,0
36,1296,9.0,54.0,3,1300000.0,8.0,0,1,1,0
56,3136,6.0,20.0,4,100000.0,2.0,0,1,0,0
54,2916,6.0,20.0,4,300000.0,2.0,1,1,0,0
23,529,12.0,48.0,3,800000.0,1.0,1,0,0,0
61,3721,7.0,20.0,2,250000.0,1.0,1,1,1,0
47,2209,17.0,24.0,4,1000000.0,10.0,1,1,1,0
55,3025,9.0,45.0,2,1200000.0,12.0,0,1,1,0
48,2304,12.0,32.0,5,420000.0,8.0,0,1,1,0
47,2209,6.0,32.0,5,600000.0,9.0,1,1,1,0
44,1936,7.0,72.0,4,600000.0,8.0,0,1,1,0
33,1089,6.0,30.0,2,800000.0,8.0,0,0,1,1
63,3969,11.0,30.0,2,600000.0,3.0,1,0,1,0
41,1681,15.0,35.0,4,2000000.0,9.0,1,1,1,0
38,1444,12.0,35.0,4,900000.0,2.0,0,1,1,0
34,1156,12.0,35.0,1,700000.0,1.0,0,0,1,0
29,841,5.0,40.0,6,600000.0,4.0,0,0,0,0
50,2500,12.0,40.0,6,900000.0,4.0,0,1,1,0
47,2209,8.0,16.0,3,400000.0,5.0,1,0,1,0
30,900,12.0,45.0,4,400000.0,7.0,0,1,1,1
52,2704,15.0,20.0,1,500000.0,1.0,1,0,0,0
42,1764,12.0,48.0,4,9500000.0,3.0,0,1,1,0
40,1600,15.0,48.0,4,9500000.0,3.0,1,1,1,0
39,1521,14.0,40.0,4,1400000.0,3.0,1,1,1,0
43,1849,17.0,40.0,4,950000.0,1.0,0,1,1,0
60,3600,15.0,62.0,3,1000000.0,1.0,0,1,1,0
28,784,9.0,30.0,5,400000.0,1.0,0,1,0,0
34,1156,6.0,70.0,8,500000.0,8.0,0,1,1,0
58,3364,9.0,40.0,1,1000000.0,6.0,1,0,1,0
29,841,17.0,48.0,1,2200000.0,6.0,0,0,1,0
34,1156,12.0,48.0,4,1200000.0,5.0,0,1,1,0
56,3136,6.0,48.0,8,1000000.0,2.0,0,1,0,0
22,484,6.0,48.0,8,500000.0,2.0,0,1,0,0
49,2401,8.0,28.0,3,200000.0,1.0,1,0,0,0
40,1600,17.0,30.0,5,850000.0,9.0,1,1,1,0
51,2601,17.0,30.0,5,850000.0,9.0,0,1,1,0
29,841,12.0,54.0,4,180000.0,1.0,1,0,1,0
46,2116,8.0,45.0,5,1100000.0,8.0,0,1,1,0
48,2304,6.0,40.0,5,500000.0,1.0,0,1,0,0
36,1296,12.0,40.0,5,250000.0,1.0,1,1,0,0
47,2209,17.0,48.0,4,1000000.0,5.0,1,1,1,0
39,1521,14.0,48.0,4,1500000.0,1.0,0,1,1,0
77,5929,10.0,30.0,1,1100000.0,8.0,0,0,1,0
72,5184,6.0,40.0,2,1200000.0,8.0,0,1,1,0
44,1936,13.0,18.0,4,800000.0,7.0,0,1,1,0
28,784,8.0,55.0,3,600000.0,2.0,0,1,0,0
38,1444,9.0,40.0,5,300000.0,1.0,0,1,0,0
38,1444,8.0,48.0,4,1100000.0,6.0,0,1,1,0
34,1156,12.0,40.0,3,1100000.0,7.0,0,1,1,0
53,2809,12.0,30.0,4,800000.0,8.0,0,1,1,0
43,1849,12.0,30.0,4,900000.0,8.0,1,1,1,0
48,2304,9.0,40.0,4,1200000.0,8.0,0,1,1,0
45,2025,12.0,40.0,4,1000000.0,8.0,1,1,1,0
53,2809,7.0,40.0,2,1300000.0,8.0,0,1,1,0
35,1225,6.0,40.0,4,250000.0,3.0,0,1,0,0
54,2916,12.0,40.0,4,1500000.0,7.0,0,0,1,0
20,400,12.0,40.0,4,480000.0,5.0,1,0,1,1
35,1225,12.0,35.0,8,300000.0,1.0,0,0,0,0
41,1681,12.0,52.0,3,500000.0,1.0,1,0,0,0
66,4356,12.0,48.0,5,1500000.0,1.0,0,1,0,0
62,3844,12.0,35.0,1,1200000.0,9.0,0,0,1,0
53,2809,1.0,30.0,4,800000.0,9.0,1,0,1,0
35,1225,12.0,36.0,3,600000.0,4.0,0,1,0,0
24,576,12.0,36.0,3,600000.0,4.0,1,1,0,0
36,1296,7.0,84.0,6,1200000.0,1.0,1,1,0,0
36,1296,6.0,84.0,6,620000.0,1.0,0,1,0,1
52,2704,11.0,40.0,5,900000.0,2.0,0,1,0,0
20,400,11.0,40.0,5,250000.0,2.0,0,0,0,1
26,676,12.0,66.0,2,500000.0,3.0,1,1,1,0
54,2916,17.0,49.0,3,1100000.0,9.0,1,0,1,0
56,3136,6.0,30.0,2,1000000.0,8.0,1,0,1,0
36,1296,15.0,30.0,2,1200000.0,9.0,0,0,1,0
46,2116,12.0,48.0,3,1000000.0,9.0,1,0,1,0
66,4356,6.0,105.0,2,400000.0,1.0,0,1,1,0
33,1089,12.0,48.0,3,500000.0,3.0,0,0,0,0
60,3600,17.0,30.0,1,800000.0,5.0,0,0,1,0
33,1089,9.0,35.0,8,500000.0,1.0,0,0,0,0
47,2209,6.0,44.0,3,800000.0,1.0,0,1,0,0
34,1156,12.0,54.0,3,350000.0,1.0,0,1,0,0
31,961,12.0,40.0,3,45000.0,1.0,1,1,0,0
24,576,3.0,40.0,3,400000.0,1.0,0,1,0,0
46,2116,6.0,30.0,5,400000.0,7.0,0,1,0,1
30,900,12.0,30.0,5,430000.0,7.0,1,1,0,1
51,2601,17.0,50.0,5,1000000.0,8.0,0,1,1,0
62,3844,2.0,9.0,2,400000.0,1.0,0,0,0,0
35,1225,15.0,34.0,1,1000000.0,7.0,0,0,1,0
56,3136,0.0,30.0,2,700000.0,2.0,1,1,1,0
35,1225,12.0,42.0,2,1400000.0,6.0,0,0,1,0
36,1296,6.0,12.0,4,20000.0,1.0,1,1,0,0
43,1849,6.0,12.0,4,820000.0,7.0,0,1,1,0
42,1764,14.0,40.0,2,1100000.0,8.0,0,1,1,0
44,1936,16.0,40.0,2,1200000.0,9.0,1,1,1,0
39,1521,12.0,48.0,3,1000000.0,2.0,1,1,1,0
38,1444,10.0,48.0,3,500000.0,7.0,0,1,1,1
38,1444,6.0,72.0,6,1060000.0,8.0,0,1,1,0
53,2809,4.0,56.0,2,600000.0,7.0,0,1,1,1
42,1764,12.0,48.0,5,400000.0,1.0,0,1,0,1
64,4096,6.0,30.0,3,880000.0,7.0,0,1,1,0
66,4356,6.0,50.0,6,1200000.0,6.0,0,0,1,0
28,784,8.0,42.0,4,400000.0,2.0,0,1,0,0
35,1225,9.0,50.0,4,600000.0,1.0,0,1,0,0
48,2304,1.0,18.0,3,25000.0,1.0,1,0,0,0
51,2601,5.0,56.0,2,700000.0,1.0,1,0,0,0
21,441,12.0,48.0,2,400000.0,1.0,1,1,0,0
50,2500,17.0,40.0,4,1600000.0,1.0,0,1,1,0
47,2209,17.0,40.0,4,900000.0,1.0,1,1,1,0
47,2209,6.0,35.0,3,200000.0,1.0,0,1,1,0
54,2916,15.0,23.0,3,430000.0,8.0,1,1,1,0
43,1849,6.0,44.0,3,800000.0,1.0,0,1,0,0
17,289,8.0,40.0,5,300000.0,7.0,0,0,0,1
41,1681,9.0,52.0,4,500000.0,2.0,1,1,0,0
43,1849,12.0,52.0,4,490000.0,1.0,0,1,0,0
31,961,14.0,50.0,3,500000.0,6.0,1,1,1,0
30,900,14.0,50.0,3,1012000.0,10.0,0,1,1,0
51,2601,17.0,50.0,4,500000.0,1.0,1,1,1,0
42,1764,12.0,36.0,1,300000.0,1.0,0,0,0,0
61,3721,7.0,45.0,4,700000.0,4.0,0,1,0,0
37,1369,15.0,46.0,4,630000.0,10.0,0,1,1,0
27,729,13.0,48.0,4,1000000.0,7.0,0,0,0,0
37,1369,15.0,20.0,5,800000.0,8.0,1,1,1,0
31,961,15.0,40.0,3,700000.0,7.0,0,1,1,0
31,961,15.0,40.0,3,700000.0,6.0,1,1,1,0
48,2304,15.0,36.0,4,1400000.0,8.0,1,1,1,0
50,2500,17.0,0.0,2,1500000.0,9.0,0,1,1,0
45,2025,12.0,0.0,2,1000000.0,1.0,1,1,1,0
33,1089,17.0,30.0,3,900000.0,8.0,1,1,1,0
65,4225,12.0,24.0,2,1200000.0,11.0,1,0,1,0
45,2025,12.0,40.0,2,1100000.0,7.0,0,0,1,0
21,441,12.0,40.0,2,800000.0,7.0,0,0,0,0
48,2304,15.0,20.0,5,2500000.0,7.0,0,1,1,0
39,1521,8.0,91.0,4,400000.0,3.0,0,1,0,0
55,3025,8.0,48.0,4,600000.0,7.0,0,0,0,1
39,1521,8.0,35.0,4,1200000.0,7.0,0,1,0,0
34,1156,15.0,48.0,2,890000.0,2.0,1,0,1,0
28,784,15.0,40.0,1,880000.0,7.0,0,0,1,0
48,2304,15.0,24.0,1,400000.0,1.0,0,0,0,0
63,3969,9.0,46.0,1,1500000.0,1.0,0,0,1,0
48,2304,12.0,30.0,4,900000.0,9.0,1,1,1,0
50,2500,12.0,30.0,4,1800000.0,7.0,0,1,1,0
52,2704,8.0,25.0,4,400000.0,8.0,0,1,1,0
44,1936,12.0,40.0,2,1800000.0,6.0,1,0,1,0
45,2025,15.0,54.0,3,900000.0,1.0,1,0,1,0
59,3481,17.0,40.0,2,1000000.0,7.0,1,0,1,0
63,3969,15.0,44.0,3,1000000.0,6.0,1,1,1,0
41,1681,8.0,25.0,3,200000.0,1.0,1,0,1,0
44,1936,12.0,48.0,1,1200000.0,7.0,0,0,1,0
39,1521,12.0,44.0,4,1000000.0,8.0,0,1,1,0
38,1444,17.0,44.0,4,800000.0,7.0,1,1,1,0
46,2116,15.0,48.0,4,800000.0,7.0,1,1,1,0
43,1849,12.0,50.0,6,1800000.0,8.0,0,1,1,0
38,1444,6.0,30.0,3,800000.0,5.0,0,1,0,0
42,1764,15.0,40.0,3,1200000.0,4.0,1,0,1,0
40,1600,15.0,28.0,2,400000.0,1.0,1,1,1,0
34,1156,17.0,45.0,2,3000000.0,11.0,1,1,1,0
31,961,15.0,46.0,3,780000.0,3.0,0,1,1,0
29,841,12.0,46.0,3,1000000.0,3.0,1,1,1,0
38,1444,6.0,25.0,4,200000.0,1.0,0,1,0,0
50,2500,6.0,32.0,3,1200000.0,7.0,0,0,0,0
57,3249,15.0,30.0,2,800000.0,7.0,0,1,1,0
50,2500,12.0,72.0,5,200000.0,2.0,0,0,0,0
28,784,11.0,72.0,5,200000.0,2.0,0,0,0,0
22,484,9.0,72.0,5,200000.0,2.0,0,1,0,0
39,1521,15.0,42.0,3,600000.0,1.0,1,0,0,0
41,1681,12.0,48.0,4,1100000.0,9.0,0,1,1,0
40,1600,15.0,48.0,4,1500000.0,9.0,1,1,1,0
56,3136,17.0,40.0,1,8000000.0,11.0,1,0,1,0
33,1089,12.0,40.0,3,1000000.0,8.0,0,1,1,0
44,1936,17.0,40.0,1,1000000.0,1.0,0,0,1,0
53,2809,17.0,35.0,3,1200000.0,8.0,1,0,1,0
58,3364,6.0,10.0,4,370000.0,1.0,1,0,1,0
54,2916,12.0,30.0,5,3000000.0,12.0,0,1,1,0
52,2704,17.0,30.0,5,1600000.0,12.0,1,1,1,0
45,2025,14.0,35.0,3,300000.0,3.0,1,0,0,0
43,1849,12.0,30.0,4,500000.0,2.0,1,0,0,0
27,729,12.0,30.0,4,350000.0,1.0,1,0,0,0
24,576,12.0,30.0,4,250000.0,1.0,1,0,0,0
48,2304,9.0,20.0,5,100000.0,1.0,1,0,0,0
56,3136,15.0,48.0,2,900000.0,10.0,1,1,1,0
24,576,12.0,48.0,7,300000.0,1.0,0,0,1,0
57,3249,12.0,48.0,2,750000.0,6.0,0,1,0,1
56,3136,12.0,30.0,9,1000000.0,9.0,0,1,1,0
43,1849,12.0,15.0,5,150000.0,1.0,1,1,1,0
53,2809,10.0,48.0,1,1000000.0,5.0,0,0,1,0
57,3249,6.0,96.0,4,450000.0,1.0,1,1,1,0
65,4225,10.0,96.0,4,800000.0,7.0,0,1,1,0
46,2116,12.0,30.0,1,300000.0,5.0,0,0,1,0
63,3969,6.0,10.0,3,400000.0,1.0,1,1,0,0
44,1936,15.0,54.0,2,550000.0,8.0,1,0,1,0
48,2304,14.0,60.0,4,500000.0,6.0,0,1,0,0
44,1936,15.0,60.0,4,300000.0,1.0,1,1,0,0
56,3136,6.0,48.0,5,900000.0,7.0,1,0,1,0
30,900,12.0,48.0,7,900000.0,7.0,0,1,1,0
50,2500,6.0,30.0,4,200000.0,1.0,1,0,1,0
53,2809,12.0,30.0,9,800000.0,8.0,1,1,1,0
30,900,10.0,30.0,9,200000.0,7.0,1,0,1,0
45,2025,12.0,48.0,4,1600000.0,10.0,0,1,1,0
43,1849,15.0,48.0,4,600000.0,1.0,1,1,1,0
45,2025,12.0,48.0,6,1300000.0,9.0,0,1,1,0
37,1369,12.0,48.0,6,700000.0,10.0,1,1,1,0
32,1024,12.0,48.0,5,400000.0,2.0,1,1,0,0
36,1296,15.0,48.0,5,900000.0,11.0,0,1,1,0
30,900,9.0,48.0,5,400000.0,4.0,0,0,0,0
55,3025,12.0,54.0,6,800000.0,1.0,0,1,1,0
62,3844,17.0,55.0,3,1000000.0,9.0,0,1,1,0
49,2401,12.0,40.0,2,700000.0,9.0,1,0,1,0
37,1369,12.0,48.0,4,800000.0,4.0,0,1,1,0
34,1156,12.0,48.0,4,1000000.0,7.0,1,1,1,1
47,2209,10.0,36.0,3,450000.0,9.0,1,0,1,0
28,784,12.0,30.0,9,1000000.0,8.0,1,0,1,0
33,1089,17.0,20.0,3,300000.0,1.0,1,0,0,0
50,2500,12.0,30.0,1,800000.0,9.0,0,0,1,0
55,3025,15.0,30.0,2,1500000.0,9.0,0,0,1,0
49,2401,11.0,54.0,6,500000.0,1.0,1,1,1,0
29,841,15.0,54.0,6,300000.0,3.0,1,0,1,0
26,676,16.0,54.0,6,250000.0,1.0,1,0,1,0
35,1225,9.0,60.0,4,980000.0,9.0,0,1,1,0
50,2500,17.0,58.0,3,1800000.0,5.0,0,1,0,0
57,3249,12.0,40.0,2,280000.0,7.0,1,0,0,0
42,1764,9.0,29.0,5,800000.0,1.0,0,1,0,0
61,3721,15.0,40.0,1,1200000.0,4.0,0,0,1,0
53,2809,15.0,44.0,3,692000.0,7.0,1,0,1,0
51,2601,12.0,60.0,5,450000.0,9.0,0,1,1,0
47,2209,15.0,60.0,5,700000.0,9.0,1,1,1,0
44,1936,17.0,48.0,2,600000.0,5.0,0,1,0,0
38,1444,10.0,48.0,2,78000.0,3.0,1,1,0,0
47,2209,15.0,30.0,2,1200000.0,9.0,0,1,1,0
38,1444,12.0,30.0,2,610000.0,9.0,1,1,1,0
43,1849,12.0,78.0,5,1000000.0,1.0,0,1,1,0
23,529,12.0,29.0,5,400000.0,9.0,0,0,0,0
21,441,12.0,29.0,5,300000.0,3.0,0,0,0,0
75,5625,6.0,15.0,6,400000.0,1.0,0,1,1,0
42,1764,17.0,48.0,1,2500000.0,10.0,0,0,1,0
61,3721,14.0,48.0,5,780000.0,10.0,0,1,1,0
56,3136,15.0,48.0,5,900000.0,8.0,1,1,1,0
37,1369,11.0,48.0,5,600000.0,10.0,0,0,1,0
25,625,12.0,36.0,4,500000.0,5.0,0,0,0,0
28,784,12.0,36.0,4,600000.0,1.0,1,0,0,0
48,2304,12.0,30.0,6,800000.0,9.0,1,0,1,0
29,841,14.0,60.0,5,2500000.0,8.0,0,0,1,1
71,5041,17.0,30.0,4,800000.0,10.0,1,0,1,0
40,1600,15.0,30.0,4,700000.0,10.0,1,0,1,0
51,2601,14.0,48.0,3,700000.0,1.0,1,0,0,0
51,2601,12.0,56.0,6,950000.0,9.0,1,0,1,0
41,1681,12.0,15.0,6,300000.0,1.0,0,0,0,0
35,1225,15.0,15.0,6,400000.0,9.0,1,0,1,0
50,2500,15.0,15.0,6,600000.0,9.0,1,0,1,0
24,576,12.0,30.0,6,200000.0,5.0,0,0,0,1
46,2116,12.0,48.0,4,2000000.0,8.0,0,1,1,0
51,2601,12.0,80.0,4,1000000.0,1.0,0,1,1,0
51,2601,15.0,80.0,4,800000.0,8.0,1,1,1,0
44,1936,12.0,98.0,4,800000.0,1.0,1,0,1,0
59,3481,12.0,30.0,3,700000.0,9.0,1,0,1,0
32,1024,12.0,30.0,3,650000.0,9.0,1,0,1,0
50,2500,10.0,30.0,3,900000.0,9.0,1,1,1,0
65,4225,12.0,30.0,3,1000000.0,7.0,0,1,1,0
57,3249,17.0,40.0,2,3500000.0,9.0,1,0,1,0
33,1089,7.0,80.0,7,900000.0,6.0,0,1,0,0
46,2116,12.0,15.0,6,250000.0,2.0,0,0,0,0
49,2401,10.0,60.0,4,600000.0,6.0,0,1,0,1
42,1764,8.0,49.0,6,300000.0,2.0,0,1,0,0
22,484,12.0,10.0,6,250000.0,4.0,0,0,0,0
47,2209,2.0,48.0,6,450000.0,7.0,0,0,1,1
49,2401,9.0,68.0,3,700000.0,7.0,0,1,1,0
60,3600,16.0,30.0,5,1300000.0,7.0,1,1,1,0
57,3249,15.0,30.0,5,2000000.0,9.0,0,1,1,0
51,2601,15.0,30.0,2,1100000.0,8.0,1,1,1,0
52,2704,12.0,30.0,2,800000.0,9.0,0,1,1,0
63,3969,12.0,25.0,3,200000.0,1.0,0,1,1,0
37,1369,15.0,25.0,3,2500000.0,10.0,1,0,1,0
34,1156,15.0,48.0,2,1000000.0,7.0,1,0,1,0
42,1764,9.0,60.0,4,500000.0,2.0,1,1,0,0
23,529,12.0,60.0,4,240000.0,6.0,0,0,0,1
58,3364,12.0,45.0,6,750000.0,10.0,1,1,1,0
56,3136,6.0,45.0,6,1000000.0,10.0,0,1,1,0
33,1089,9.0,84.0,5,700000.0,10.0,0,1,0,0
44,1936,12.0,70.0,4,700000.0,1.0,1,0,0,0
46,2116,12.0,84.0,5,600000.0,1.0,1,1,0,0
39,1521,15.0,43.0,6,2000000.0,9.0,0,1,1,0
41,1681,15.0,40.0,3,1000000.0,9.0,0,1,1,0
52,2704,9.0,35.0,5,1500000.0,9.0,0,1,1,0
33,1089,12.0,35.0,5,600000.0,9.0,0,0,1,0
48,2304,12.0,12.0,5,160000.0,1.0,1,0,0,0
29,841,12.0,24.0,1,500000.0,1.0,0,0,0,0
46,2116,6.0,60.0,4,500000.0,2.0,0,1,0,0
22,484,12.0,84.0,5,200000.0,4.0,0,0,0,0
33,1089,12.0,40.0,5,1200000.0,6.0,0,1,1,0
26,676,12.0,35.0,5,600000.0,9.0,0,0,1,0
27,729,14.0,56.0,1,600000.0,5.0,1,0,0,1
34,1156,12.0,16.0,2,300000.0,2.0,1,0,0,1
45,2025,12.0,6.0,6,100000.0,1.0,1,1,0,0
63,3969,12.0,16.0,4,300000.0,6.0,0,0,1,1
40,1600,15.0,16.0,4,850000.0,8.0,0,1,1,0
48,2304,16.0,30.0,1,600000.0,8.0,1,0,1,1
44,1936,7.0,18.0,2,360000.0,1.0,1,0,0,0
33,1089,15.0,70.0,3,1300000.0,5.0,0,1,1,0
30,900,14.0,70.0,3,300000.0,1.0,1,1,0,0
41,1681,17.0,40.0,2,1500000.0,1.0,0,1,1,0
33,1089,6.0,6.0,6,1000000.0,10.0,0,1,1,0
49,2401,15.0,63.0,3,800000.0,10.0,1,1,1,1
49,2401,12.0,63.0,3,3000000.0,10.0,0,1,1,0
43,1849,15.0,48.0,3,1000000.0,7.0,0,1,1,0
60,3600,12.0,30.0,3,600000.0,9.0,1,0,1,0
21,441,12.0,12.0,4,350000.0,1.0,0,0,0,0
47,2209,12.0,40.0,5,1000000.0,1.0,0,1,0,0
37,1369,17.0,40.0,2,1800000.0,1.0,1,1,1,0
67,4489,17.0,48.0,2,3000000.0,1.0,0,1,1,0
64,4096,17.0,48.0,2,3000000.0,1.0,1,1,1,0
37,1369,12.0,48.0,4,500000.0,1.0,0,1,0,0
41,1681,15.0,8.0,3,500000.0,1.0,1,0,0,0
64,4096,4.0,30.0,5,600000.0,1.0,0,0,0,0
30,900,12.0,30.0,5,350000.0,2.0,1,0,0,0
48,2304,6.0,40.0,4,1200000.0,9.0,0,0,1,0
40,1600,15.0,40.0,2,700000.0,3.0,0,1,0,0
26,676,15.0,40.0,2,400000.0,2.0,1,1,0,0
51,2601,6.0,34.0,4,900000.0,6.0,0,1,1,1
44,1936,12.0,18.0,4,40000.0,1.0,1,0,0,0
65,4225,17.0,70.0,2,6000000.0,4.0,0,1,1,0
55,3025,17.0,70.0,2,4000000.0,1.0,1,1,1,0
51,2601,15.0,15.0,1,800000.0,8.0,0,0,1,0
44,1936,12.0,42.0,4,600000.0,5.0,0,1,1,1
57,3249,15.0,49.0,2,1000000.0,1.0,1,1,1,0
57,3249,17.0,49.0,2,2000000.0,3.0,0,1,1,0
47,2209,17.0,40.0,4,2000000.0,2.0,0,1,1,0
49,2401,17.0,40.0,4,2000000.0,2.0,1,1,1,0
55,3025,17.0,60.0,4,5000000.0,9.0,0,1,1,0
47,2209,17.0,60.0,4,5000000.0,1.0,1,1,1,0
28,784,12.0,30.0,5,300000.0,1.0,0,0,0,0
50,2500,12.0,30.0,3,500000.0,9.0,1,0,1,0
42,1764,6.0,60.0,6,600000.0,8.0,0,1,1,0
35,1225,16.0,20.0,2,300000.0,1.0,1,0,0,0
25,625,17.0,42.0,4,120000.0,1.0,0,0,0,0
40,1600,15.0,30.0,3,870000.0,7.0,1,1,1,0
52,2704,15.0,15.0,2,120000.0,1.0,1,0,1,0
56,3136,17.0,35.0,3,3000000.0,8.0,1,1,1,0
61,3721,6.0,24.0,4,150000.0,1.0,1,1,0,0
58,3364,12.0,24.0,4,200000.0,1.0,0,1,0,0
27,729,12.0,24.0,4,200000.0,1.0,1,0,0,0
25,625,12.0,24.0,4,1300000.0,6.0,0,0,1,0
38,1444,12.0,52.0,5,1800000.0,8.0,0,1,1,0
58,3364,8.0,20.0,1,300000.0,1.0,0,0,0,0
45,2025,9.0,30.0,3,600000.0,3.0,0,1,0,0
40,1600,16.0,10.0,1,100000.0,3.0,1,0,0,0
29,841,12.0,92.0,5,1400000.0,7.0,0,1,1,0
55,3025,6.0,45.0,5,150000.0,1.0,1,1,0,0
53,2809,6.0,45.0,5,150000.0,1.0,0,1,0,0
59,3481,15.0,30.0,2,900000.0,9.0,1,0,1,0
57,3249,12.0,48.0,2,1200000.0,6.0,0,1,1,0
52,2704,9.0,48.0,7,800000.0,2.0,0,1,1,0
26,676,15.0,42.0,1,800000.0,6.0,1,0,1,0
36,1296,15.0,45.0,5,200000.0,6.0,1,0,0,0
32,1024,12.0,45.0,5,300000.0,1.0,0,0,0,0
23,529,15.0,45.0,5,370000.0,1.0,1,0,0,0
61,3721,6.0,65.0,6,350000.0,3.0,0,1,0,0
55,3025,6.0,65.0,6,350000.0,10.0,1,1,1,0
29,841,12.0,65.0,6,432000.0,3.0,1,0,0,0
28,784,9.0,65.0,6,432000.0,3.0,1,0,0,0
77,5929,10.0,70.0,1,600000.0,4.0,0,0,1,0
43,1849,12.0,25.0,3,360000.0,2.0,1,0,0,0
42,1764,15.0,40.0,1,1000000.0,2.0,1,0,1,0
30,900,12.0,42.0,3,150000.0,1.0,1,0,0,0
62,3844,8.0,63.0,3,1500000.0,6.0,0,1,1,0
47,2209,6.0,42.0,1,900000.0,2.0,0,0,0,0
39,1521,8.0,40.0,4,450000.0,1.0,0,1,0,0
56,3136,8.0,21.0,2,800000.0,1.0,0,0,0,0
46,2116,12.0,48.0,2,1200000.0,12.0,1,1,1,0
51,2601,12.0,24.0,3,200000.0,1.0,0,1,0,0
41,1681,12.0,30.0,2,480000.0,8.0,1,0,1,0
42,1764,15.0,48.0,4,600000.0,10.0,0,1,1,0
36,1296,13.0,40.0,4,320000.0,7.0,1,1,0,1
31,961,15.0,25.0,4,500000.0,1.0,0,0,0,0
27,729,17.0,25.0,4,500000.0,4.0,1,0,0,0
25,625,15.0,25.0,4,350000.0,4.0,1,0,0,0
46,2116,15.0,54.0,2,400000.0,1.0,1,1,1,0
40,1600,12.0,48.0,6,1000000.0,8.0,0,1,1,0
24,576,15.0,48.0,6,500000.0,8.0,0,0,1,1
33,1089,12.0,25.0,3,600000.0,8.0,0,0,1,0
34,1156,12.0,40.0,4,950000.0,10.0,0,1,1,0
22,484,12.0,12.0,6,800000.0,7.0,0,0,1,0
42,1764,6.0,28.0,5,450000.0,6.0,1,0,0,1
53,2809,12.0,36.0,3,350000.0,1.0,0,0,0,0
48,2304,15.0,40.0,3,1400000.0,3.0,1,0,1,0
50,2500,17.0,42.0,1,1500000.0,8.0,0,0,1,0
54,2916,13.0,42.0,3,510000.0,2.0,1,0,0,0
46,2116,15.0,0.0,5,820000.0,6.0,1,1,1,0
45,2025,15.0,0.0,5,1600000.0,1.0,0,1,1,0
44,1936,15.0,48.0,4,650000.0,10.0,1,1,1,0
44,1936,12.0,48.0,4,900000.0,10.0,0,1,1,0
54,2916,12.0,48.0,4,900000.0,7.0,0,1,1,0
42,1764,6.0,48.0,4,800000.0,7.0,1,1,1,0
20,400,12.0,48.0,4,0.0,7.0,0,0,1,0
50,2500,12.0,20.0,3,380000.0,9.0,0,1,0,1
55,3025,14.0,33.0,3,450000.0,8.0,1,0,1,0
66,4356,12.0,25.0,3,420000.0,9.0,1,0,1,0
36,1296,12.0,25.0,3,410000.0,8.0,0,0,1,0
29,841,16.0,25.0,3,300000.0,7.0,1,0,1,1
51,2601,17.0,49.0,4,1200000.0,4.0,0,1,1,0
28,784,17.0,16.0,5,500000.0,3.0,1,0,1,0
24,576,12.0,42.0,3,200000.0,2.0,1,0,0,0
29,841,17.0,48.0,2,1000000.0,3.0,1,1,1,0
32,1024,17.0,48.0,2,1200000.0,12.0,0,1,1,0
59,3481,16.0,25.0,4,560000.0,9.0,0,1,1,0
44,1936,17.0,25.0,4,650000.0,9.0,1,1,1,0
46,2116,9.0,36.0,6,500000.0,3.0,1,1,1,0
43,1849,6.0,48.0,5,400000.0,2.0,0,1,0,0
51,2601,6.0,40.0,4,700000.0,6.0,0,1,1,0
60,3600,12.0,40.0,3,1500000.0,1.0,0,1,1,0
29,841,15.0,40.0,3,800000.0,5.0,0,0,1,0
39,1521,12.0,42.0,4,2000000.0,1.0,0,1,0,0
38,1444,16.0,40.0,4,400000.0,1.0,1,1,1,0
42,1764,15.0,40.0,4,1500000.0,8.0,0,1,1,0
50,2500,15.0,20.0,1,600000.0,8.0,1,0,1,0
37,1369,12.0,40.0,1,420000.0,7.0,0,0,1,0
58,3364,15.0,20.0,1,500000.0,8.0,1,0,1,0
39,1521,17.0,20.0,3,550000.0,6.0,1,1,1,0
44,1936,17.0,20.0,3,650000.0,8.0,0,1,1,0
48,2304,12.0,25.0,6,500000.0,8.0,1,1,1,0
26,676,12.0,25.0,6,800000.0,7.0,0,0,1,0
25,625,15.0,25.0,6,450000.0,5.0,1,0,1,1
48,2304,17.0,48.0,5,500000.0,6.0,1,1,1,0
37,1369,15.0,56.0,1,2000000.0,1.0,0,0,1,0
42,1764,6.0,40.0,2,850000.0,7.0,1,0,1,0
48,2304,6.0,40.0,3,1200000.0,6.0,1,1,1,0
32,1024,17.0,40.0,2,930000.0,6.0,1,1,1,0
45,2025,12.0,40.0,2,1500000.0,8.0,0,1,1,0
36,1296,12.0,56.0,1,3000000.0,2.0,1,0,1,0
31,961,12.0,55.0,3,1600000.0,9.0,0,1,1,0
38,1444,15.0,25.0,3,1000000.0,7.0,1,0,1,0
19,361,11.0,25.0,3,250000.0,4.0,0,0,0,1
31,961,14.0,48.0,3,580000.0,1.0,1,0,0,0
56,3136,9.0,20.0,4,450000.0,9.0,1,0,1,0
54,2916,15.0,44.0,3,600000.0,7.0,1,1,1,0
48,2304,14.0,24.0,7,500000.0,1.0,0,1,0,0
49,2401,12.0,24.0,7,350000.0,6.0,1,1,1,0
32,1024,12.0,24.0,7,340000.0,3.0,1,1,0,0
22,484,12.0,24.0,7,200000.0,4.0,0,0,0,0
40,1600,4.0,40.0,3,800000.0,2.0,0,1,1,1
53,2809,17.0,10.0,6,700000.0,9.0,1,0,1,0
41,1681,8.0,59.0,2,900000.0,7.0,1,0,1,0
43,1849,12.0,48.0,4,1500000.0,10.0,0,1,1,0
42,1764,12.0,48.0,4,650000.0,3.0,1,1,1,0
32,1024,12.0,40.0,5,900000.0,8.0,1,1,1,0
49,2401,12.0,30.0,2,450000.0,9.0,1,1,1,0
57,3249,14.0,30.0,5,410000.0,10.0,1,1,1,0
54,2916,6.0,30.0,5,700000.0,10.0,0,1,1,0
35,1225,12.0,30.0,5,470000.0,6.0,0,0,1,1
32,1024,12.0,30.0,5,400000.0,1.0,1,0,0,0
39,1521,15.0,20.0,4,500000.0,8.0,1,0,1,0
24,576,6.0,40.0,1,450000.0,5.0,0,0,0,1
64,4096,12.0,44.0,2,1200000.0,5.0,1,0,1,0
32,1024,15.0,44.0,2,970000.0,5.0,1,0,1,0
54,2916,6.0,20.0,3,350000.0,6.0,1,1,0,1
61,3721,12.0,35.0,4,1000000.0,8.0,0,1,1,0
59,3481,9.0,60.0,2,200000.0,2.0,0,1,0,0
61,3721,8.0,40.0,3,600000.0,1.0,0,1,0,0
48,2304,8.0,54.0,2,2000000.0,11.0,0,1,1,0
31,961,12.0,48.0,4,1200000.0,7.0,1,1,1,0
32,1024,12.0,48.0,4,1400000.0,8.0,0,1,1,0
27,729,6.0,28.0,5,400000.0,2.0,1,1,0,0
40,1600,6.0,28.0,5,900000.0,2.0,0,1,0,0
47,2209,6.0,30.0,2,370000.0,1.0,1,0,1,0
23,529,12.0,30.0,2,1200000.0,5.0,1,0,1,0
80,6400,8.0,36.0,2,0.0,2.0,1,0,1,0
30,900,12.0,36.0,2,900000.0,10.0,0,0,1,0
59,3481,13.0,25.0,4,550000.0,8.0,1,1,1,0
63,3969,12.0,25.0,4,500000.0,8.0,0,1,1,0
35,1225,17.0,25.0,4,650000.0,7.0,1,0,1,0
55,3025,15.0,40.0,1,500000.0,9.0,1,0,1,0
48,2304,17.0,36.0,5,650000.0,8.0,0,1,1,0
37,1369,12.0,36.0,5,350000.0,8.0,1,1,1,1
22,484,16.0,20.0,1,400000.0,3.0,0,0,0,0
53,2809,12.0,35.0,4,500000.0,1.0,1,1,1,0
42,1764,17.0,40.0,4,1000000.0,8.0,0,1,1,0
32,1024,8.0,50.0,4,500000.0,2.0,1,1,0,0
63,3969,6.0,6.0,2,120000.0,3.0,1,0,1,0
60,3600,12.0,35.0,2,1000000.0,2.0,0,1,1,0
56,3136,12.0,35.0,2,2000000.0,1.0,1,1,1,0
36,1296,12.0,25.0,3,380000.0,7.0,0,1,1,0
29,841,17.0,40.0,4,1200000.0,6.0,1,1,1,1
35,1225,12.0,40.0,4,1400000.0,6.0,0,1,1,0
26,676,12.0,12.0,4,940000.0,3.0,1,0,1,0
25,625,12.0,12.0,4,470000.0,2.0,1,0,1,0
28,784,16.0,25.0,4,0.0,2.0,1,0,1,0
27,729,17.0,15.0,3,480000.0,3.0,0,0,1,0
35,1225,17.0,40.0,3,1050000.0,7.0,1,1,1,0
37,1369,17.0,30.0,1,880000.0,9.0,1,0,1,0
32,1024,12.0,48.0,1,800000.0,10.0,0,0,1,0
40,1600,15.0,40.0,5,750000.0,9.0,0,1,1,0
40,1600,15.0,40.0,5,700000.0,9.0,1,1,1,0
41,1681,12.0,48.0,4,600000.0,9.0,1,1,1,0
43,1849,8.0,48.0,4,400000.0,10.0,0,1,1,0
24,576,12.0,48.0,4,300000.0,6.0,0,0,0,0
53,2809,14.0,20.0,3,300000.0,8.0,1,0,0,1
44,1936,12.0,8.0,3,800000.0,1.0,0,1,1,0
52,2704,12.0,8.0,3,500000.0,8.0,1,1,1,0
42,1764,7.0,50.0,4,700000.0,2.0,0,1,0,0
44,1936,6.0,40.0,2,900000.0,6.0,0,0,1,0
39,1521,8.0,56.0,2,1000000.0,11.0,0,0,1,0
35,1225,12.0,30.0,1,900000.0,6.0,0,0,1,0
50,2500,17.0,30.0,1,1800000.0,8.0,0,0,1,0
67,4489,12.0,52.0,3,450000.0,2.0,1,0,0,0
30,900,15.0,52.0,3,600000.0,6.0,1,0,1,0
30,900,15.0,52.0,3,450000.0,2.0,1,0,1,0
56,3136,15.0,25.0,1,420000.0,6.0,0,0,1,0
47,2209,17.0,31.0,1,550000.0,6.0,1,0,1,0
38,1444,15.0,40.0,3,930000.0,9.0,0,1,1,0
55,3025,12.0,40.0,3,700000.0,8.0,0,1,1,0
32,1024,17.0,40.0,3,750000.0,9.0,1,0,1,0
31,961,6.0,48.0,5,480000.0,3.0,0,1,0,0
53,2809,6.0,48.0,5,420000.0,9.0,0,0,1,0
52,2704,10.0,25.0,1,550000.0,9.0,0,0,1,0
43,1849,12.0,48.0,7,950000.0,8.0,0,1,1,0
45,2025,9.0,25.0,4,300000.0,9.0,0,1,0,1
27,729,12.0,25.0,4,250000.0,8.0,0,0,0,1
59,3481,6.0,36.0,2,300000.0,1.0,0,1,0,0
59,3481,10.0,25.0,2,400000.0,10.0,1,0,1,0
30,900,6.0,48.0,3,420000.0,2.0,0,1,0,0
61,3721,12.0,25.0,4,400000.0,2.0,0,1,1,0
20,400,12.0,25.0,4,0.0,2.0,0,0,1,0
44,1936,15.0,23.0,4,1012000.0,7.0,1,0,1,0
46,2116,9.0,70.0,3,1500000.0,2.0,0,1,1,0
74,5476,6.0,72.0,2,900000.0,1.0,0,1,1,0
35,1225,9.0,40.0,5,500000.0,1.0,0,1,1,0
34,1156,15.0,40.0,1,800000.0,9.0,1,0,1,0
33,1089,11.0,40.0,2,400000.0,5.0,0,0,0,1
35,1225,15.0,40.0,3,700000.0,8.0,1,1,1,0
45,2025,15.0,45.0,2,520000.0,8.0,1,0,1,0
49,2401,12.0,30.0,4,600000.0,9.0,0,1,1,0
43,1849,12.0,30.0,4,1000000.0,7.0,1,1,1,0
27,729,14.0,30.0,1,350000.0,8.0,0,0,0,1
30,900,16.0,40.0,2,700000.0,6.0,0,1,1,1
43,1849,15.0,20.0,4,700000.0,8.0,0,1,1,0
39,1521,15.0,20.0,4,700000.0,9.0,1,1,1,0
49,2401,9.0,33.0,5,300000.0,7.0,0,1,0,1
59,3481,6.0,54.0,2,950000.0,6.0,0,1,1,0
65,4225,17.0,20.0,3,1300000.0,9.0,0,1,1,0
38,1444,9.0,48.0,3,650000.0,5.0,0,1,0,0
36,1296,12.0,30.0,5,800000.0,3.0,0,1,0,0
28,784,14.0,20.0,2,700000.0,9.0,1,0,1,0
55,3025,12.0,35.0,4,3000000.0,2.0,1,1,1,0
59,3481,17.0,35.0,4,3000000.0,9.0,0,1,1,0
32,1024,17.0,35.0,2,700000.0,12.0,0,1,1,0
28,784,12.0,35.0,3,760000.0,10.0,1,1,1,0
27,729,7.0,35.0,3,1000000.0,3.0,0,1,1,0
50,2500,14.0,25.0,3,500000.0,8.0,1,1,1,0
53,2809,13.0,25.0,3,500000.0,9.0,0,1,1,0
25,625,15.0,25.0,3,350000.0,10.0,1,0,1,0
43,1849,15.0,60.0,5,450000.0,9.0,1,1,1,0
52,2704,6.0,40.0,1,650000.0,1.0,0,0,1,0
40,1600,15.0,25.0,2,850000.0,7.0,0,1,1,0
20,400,12.0,33.0,5,350000.0,5.0,0,0,0,0
55,3025,6.0,48.0,1,550000.0,1.0,0,0,0,0
43,1849,12.0,16.0,2,250000.0,1.0,1,0,0,0
54,2916,6.0,30.0,6,300000.0,1.0,0,1,0,0
31,961,6.0,30.0,6,700000.0,9.0,0,1,1,0
34,1156,6.0,35.0,2,480000.0,9.0,0,1,1,0
52,2704,6.0,45.0,6,200000.0,1.0,1,1,1,0
42,1764,17.0,40.0,4,1000000.0,2.0,0,1,1,0
50,2500,12.0,40.0,4,0.0,2.0,1,1,1,0
40,1600,6.0,56.0,8,800000.0,2.0,1,0,0,0
58,3364,8.0,10.0,4,200000.0,1.0,0,1,0,0
33,1089,17.0,35.0,2,1200000.0,7.0,1,1,1,0
52,2704,17.0,35.0,3,4500000.0,9.0,0,1,1,0
55,3025,17.0,35.0,3,4000000.0,1.0,1,1,1,0
57,3249,17.0,30.0,3,5500000.0,11.0,1,1,1,0
65,4225,17.0,30.0,3,1800000.0,11.0,0,1,1,0
37,1369,17.0,40.0,4,1100000.0,10.0,1,1,1,0
54,2916,3.0,12.0,4,300000.0,1.0,0,1,0,0
53,2809,12.0,35.0,3,930000.0,7.0,1,1,1,0
54,2916,12.0,35.0,3,1500000.0,10.0,0,1,1,0
39,1521,17.0,25.0,2,1500000.0,9.0,1,1,1,0
37,1369,12.0,48.0,1,900000.0,8.0,0,0,1,0
35,1225,15.0,23.0,3,700000.0,8.0,1,1,1,0
38,1444,15.0,23.0,3,500000.0,8.0,0,1,1,0
39,1521,12.0,40.0,2,1200000.0,10.0,0,1,1,0
42,1764,12.0,48.0,2,600000.0,7.0,0,1,1,1
44,1936,12.0,40.0,5,2000000.0,8.0,0,1,1,0
30,900,12.0,35.0,2,350000.0,2.0,1,1,1,0
32,1024,12.0,25.0,4,450000.0,9.0,0,0,0,0
25,625,12.0,25.0,4,650000.0,10.0,0,0,1,1
32,1024,12.0,25.0,4,380000.0,8.0,1,0,1,1
23,529,12.0,25.0,4,500000.0,6.0,1,0,0,0
24,576,12.0,20.0,2,400000.0,9.0,0,1,1,0
34,1156,15.0,36.0,4,450000.0,3.0,1,1,0,0
39,1521,17.0,65.0,5,1000000.0,4.0,1,1,1,0
61,3721,8.0,24.0,2,600000.0,2.0,0,1,0,0
36,1296,12.0,40.0,5,500000.0,2.0,0,0,0,0
29,841,16.0,42.0,1,600000.0,5.0,1,0,0,0
55,3025,15.0,56.0,2,2200000.0,8.0,0,1,1,0
63,3969,17.0,56.0,2,2000000.0,1.0,1,1,1,0
32,1024,15.0,40.0,3,600000.0,8.0,1,1,1,0
36,1296,15.0,40.0,3,450000.0,8.0,0,1,1,0
57,3249,15.0,32.0,3,700000.0,8.0,1,0,1,0
32,1024,15.0,32.0,3,200000.0,9.0,1,0,0,1
41,1681,15.0,48.0,2,1100000.0,1.0,1,0,1,0
30,900,14.0,25.0,3,650000.0,9.0,1,0,1,0
23,529,15.0,20.0,2,400000.0,1.0,1,1,0,0
46,2116,16.0,48.0,5,800000.0,9.0,1,1,1,0
56,3136,12.0,44.0,6,900000.0,6.0,0,1,1,0
31,961,15.0,44.0,6,800000.0,9.0,0,1,1,0
48,2304,9.0,25.0,5,600000.0,8.0,1,0,1,0
38,1444,12.0,20.0,5,400000.0,6.0,1,0,0,1
42,1764,10.0,65.0,5,1500000.0,11.0,0,1,1,0
54,2916,6.0,5.0,9,60000.0,2.0,0,1,0,0
43,1849,12.0,35.0,4,900000.0,8.0,0,1,1,0
34,1156,12.0,8.0,3,180000.0,2.0,1,0,1,0
35,1225,12.0,28.0,6,1500000.0,11.0,1,1,1,0
36,1296,6.0,28.0,6,1500000.0,1.0,0,1,1,0
49,2401,17.0,40.0,4,550000.0,9.0,1,1,1,0
51,2601,9.0,36.0,3,680000.0,1.0,0,1,1,0
52,2704,6.0,36.0,3,420000.0,9.0,1,1,1,0
25,625,15.0,36.0,3,900000.0,9.0,1,0,1,0
27,729,12.0,48.0,9,450000.0,2.0,0,0,0,0
31,961,15.0,25.0,5,800000.0,9.0,0,0,1,0
21,441,15.0,25.0,5,800000.0,9.0,1,0,1,0
42,1764,12.0,40.0,4,650000.0,9.0,1,1,1,0
61,3721,6.0,40.0,3,420000.0,10.0,0,1,1,0
28,784,16.0,40.0,3,480000.0,6.0,1,0,0,1
70,4900,6.0,25.0,2,400000.0,8.0,0,0,1,0
65,4225,12.0,48.0,1,1000000.0,7.0,0,0,1,0
33,1089,16.0,40.0,2,450000.0,1.0,0,0,1,0
35,1225,16.0,16.0,2,300000.0,1.0,1,0,0,0
49,2401,15.0,54.0,1,550000.0,9.0,0,0,1,1
31,961,6.0,5.0,9,320000.0,4.0,0,0,0,0
24,576,12.0,23.0,2,100000.0,1.0,0,0,0,0
41,1681,12.0,60.0,3,1200000.0,8.0,1,1,1,0
39,1521,12.0,60.0,3,1300000.0,9.0,0,1,1,0
30,900,12.0,48.0,9,500000.0,1.0,0,0,0,1
24,576,12.0,48.0,9,450000.0,2.0,0,0,0,0
43,1849,12.0,30.0,3,300000.0,1.0,1,0,1,0
44,1936,17.0,25.0,4,450000.0,8.0,1,0,1,0
28,784,17.0,25.0,4,700000.0,9.0,1,0,1,0
53,2809,6.0,20.0,2,450000.0,9.0,1,0,1,0
37,1369,6.0,35.0,5,450000.0,9.0,0,1,1,0
50,2500,6.0,35.0,4,300000.0,1.0,0,1,0,0
58,3364,15.0,105.0,6,2800000.0,6.0,0,1,1,0
49,2401,12.0,35.0,4,1000000.0,12.0,1,0,1,0
26,676,7.0,15.0,5,150000.0,1.0,1,0,0,0
30,900,12.0,12.0,3,240000.0,4.0,0,0,0,0
49,2401,8.0,40.0,3,1200000.0,7.0,1,1,1,0
53,2809,15.0,84.0,5,900000.0,9.0,0,1,1,0
45,2025,17.0,64.0,4,1200000.0,1.0,1,1,1,0
36,1296,17.0,30.0,3,200000.0,1.0,1,1,1,0
32,1024,15.0,48.0,3,1000000.0,8.0,1,0,1,0
36,1296,17.0,40.0,4,2200000.0,10.0,0,1,1,0
33,1089,16.0,40.0,4,700000.0,1.0,1,1,1,0
52,2704,15.0,84.0,5,600000.0,10.0,1,1,1,0
62,3844,9.0,90.0,2,47000.0,1.0,1,0,1,0
39,1521,6.0,7.0,4,280000.0,2.0,0,1,0,0
41,1681,17.0,40.0,1,300000.0,2.0,0,0,1,0
24,576,14.0,30.0,3,200000.0,1.0,0,1,1,0
22,484,9.0,25.0,5,400000.0,3.0,0,0,0,0
53,2809,5.0,66.0,4,1000000.0,4.0,0,1,1,0
35,1225,14.0,48.0,3,1000000.0,8.0,0,0,1,1
27,729,12.0,48.0,5,600000.0,7.0,1,0,1,0
44,1936,9.0,40.0,5,700000.0,7.0,0,1,1,0
47,2209,15.0,40.0,4,1500000.0,7.0,0,1,1,0
43,1849,7.0,49.0,3,400000.0,1.0,1,0,0,0
46,2116,12.0,0.0,2,1200000.0,9.0,1,0,1,0
52,2704,15.0,40.0,1,500000.0,9.0,1,0,1,0
49,2401,17.0,20.0,5,700000.0,8.0,0,1,1,0
45,2025,13.0,20.0,5,500000.0,9.0,1,1,1,0
37,1369,12.0,60.0,4,1300000.0,11.0,0,1,1,0
58,3364,8.0,40.0,3,600000.0,9.0,1,0,1,0
63,3969,12.0,34.0,4,1200000.0,11.0,0,1,1,0
24,576,12.0,34.0,4,1300000.0,7.0,0,0,1,0
38,1444,10.0,50.0,3,200000.0,2.0,1,1,1,0
54,2916,14.0,40.0,2,500000.0,1.0,1,0,1,0
37,1369,8.0,84.0,4,400000.0,2.0,1,1,0,0
42,1764,6.0,84.0,4,400000.0,2.0,0,1,0,0
32,1024,12.0,60.0,2,1500000.0,10.0,0,1,1,0
49,2401,17.0,61.0,3,1500000.0,5.0,0,1,1,0
55,3025,12.0,18.0,1,350000.0,3.0,1,0,1,0
23,529,12.0,48.0,4,950000.0,4.0,0,0,0,0
30,900,14.0,48.0,1,1000000.0,7.0,0,0,1,0
27,729,6.0,48.0,5,480000.0,7.0,0,1,0,0
28,784,14.0,14.0,2,200000.0,1.0,0,1,1,0
27,729,15.0,14.0,2,600000.0,12.0,1,1,1,0
50,2500,12.0,20.0,4,1000000.0,3.0,0,1,1,0
54,2916,4.0,48.0,2,900000.0,1.0,0,1,0,0
52,2704,15.0,35.0,1,1400000.0,10.0,1,0,1,0
52,2704,15.0,30.0,2,300000.0,1.0,1,0,0,0
39,1521,14.0,48.0,2,1200000.0,3.0,1,1,1,0
49,2401,15.0,70.0,2,700000.0,2.0,0,0,1,0
51,2601,19.0,40.0,3,3400000.0,6.0,0,1,1,0
46,2116,19.0,40.0,3,1500000.0,1.0,1,1,1,0
43,1849,12.0,40.0,4,1500000.0,12.0,0,1,1,0
46,2116,15.0,24.0,3,900000.0,11.0,1,1,1,0
46,2116,12.0,24.0,3,900000.0,9.0,0,1,1,0
49,2401,15.0,20.0,4,1100000.0,8.0,1,1,1,0
57,3249,12.0,15.0,2,200000.0,1.0,0,1,0,0
39,1521,15.0,30.0,3,1300000.0,7.0,0,1,1,0
40,1600,15.0,44.0,3,1300000.0,2.0,1,1,1,0
44,1936,15.0,50.0,4,3000000.0,1.0,0,1,1,0
50,2500,17.0,50.0,4,1500000.0,1.0,1,1,1,0
44,1936,12.0,48.0,4,0.0,2.0,1,1,1,0
51,2601,17.0,40.0,3,3500000.0,10.0,0,1,1,0
42,1764,15.0,40.0,3,2100000.0,10.0,1,1,1,0
39,1521,17.0,24.0,3,1200000.0,7.0,1,0,1,0
37,1369,17.0,45.0,4,4000000.0,2.0,1,1,1,0
50,2500,15.0,60.0,3,1800000.0,1.0,1,0,1,0
61,3721,4.0,8.0,3,130000.0,1.0,0,1,0,0
50,2500,12.0,48.0,5,1300000.0,8.0,0,1,1,0
52,2704,17.0,32.0,2,1200000.0,6.0,1,0,1,0
47,2209,14.0,40.0,2,1200000.0,11.0,1,0,1,0
46,2116,16.0,40.0,4,850000.0,2.0,1,1,1,0
50,2500,15.0,40.0,4,3000000.0,8.0,0,1,1,0
55,3025,17.0,18.0,4,0.0,3.0,0,1,1,0
54,2916,17.0,18.0,4,2500000.0,1.0,1,1,1,0
46,2116,17.0,64.0,4,800000.0,5.0,0,1,1,0
50,2500,17.0,48.0,4,1500000.0,1.0,0,1,1,0
49,2401,14.0,48.0,4,1500000.0,2.0,1,1,1,0
50,2500,12.0,63.0,3,2500000.0,1.0,0,1,0,0
64,4096,6.0,6.0,1,50000.0,1.0,0,0,0,0
51,2601,12.0,48.0,3,1500000.0,3.0,0,0,0,0
57,3249,8.0,40.0,3,300000.0,3.0,0,1,0,0
54,2916,6.0,40.0,3,150000.0,1.0,1,1,0,0
37,1369,6.0,40.0,2,600000.0,2.0,0,1,0,0
26,676,6.0,48.0,1,200000.0,1.0,0,0,0,0
54,2916,6.0,30.0,6,400000.0,1.0,0,1,0,0
53,2809,6.0,36.0,5,600000.0,1.0,0,1,1,0
45,2025,6.0,22.0,3,2000000.0,1.0,0,1,0,0
31,961,17.0,22.0,3,1000000.0,7.0,1,1,1,0
36,1296,12.0,50.0,4,1000000.0,1.0,0,1,0,0
53,2809,10.0,84.0,3,7000000.0,8.0,0,1,1,0
33,1089,15.0,40.0,1,2000000.0,9.0,1,0,1,0
50,2500,15.0,51.0,5,1000000.0,12.0,0,1,1,0
66,4356,6.0,17.0,1,400000.0,1.0,0,0,0,0
49,2401,12.0,35.0,3,1300000.0,9.0,0,1,1,0
53,2809,12.0,35.0,3,1200000.0,6.0,1,1,1,0
42,1764,15.0,60.0,4,1900000.0,8.0,1,1,1,0
34,1156,17.0,36.0,3,1500000.0,7.0,1,1,1,0
41,1681,12.0,45.0,3,2000000.0,8.0,0,1,1,0
36,1296,12.0,45.0,3,200000.0,1.0,1,1,1,1
36,1296,12.0,35.0,2,1500000.0,10.0,1,0,1,0
30,900,12.0,45.0,5,1200000.0,7.0,1,1,1,0
43,1849,15.0,30.0,3,1000000.0,12.0,0,1,1,0
34,1156,15.0,76.0,2,800000.0,8.0,0,1,1,0
32,1024,17.0,76.0,2,800000.0,8.0,1,1,1,0
45,2025,17.0,48.0,4,1100000.0,12.0,0,1,1,0
51,2601,12.0,48.0,3,1000000.0,1.0,0,1,0,0
42,1764,12.0,60.0,5,1300000.0,12.0,0,1,1,0
53,2809,7.0,40.0,4,700000.0,6.0,0,1,1,1
37,1369,15.0,40.0,3,1700000.0,7.0,1,1,1,0
28,784,10.0,50.0,1,800000.0,1.0,0,0,0,0
30,900,11.0,36.0,3,78000.0,4.0,1,0,0,0
20,400,10.0,56.0,1,900000.0,3.0,0,0,0,0
40,1600,14.0,50.0,1,800000.0,2.0,0,0,0,0
64,4096,17.0,24.0,1,700000.0,1.0,1,0,1,0
59,3481,6.0,42.0,1,300000.0,2.0,0,0,1,0
66,4356,14.0,40.0,2,800000.0,1.0,0,0,0,0
61,3721,17.0,40.0,2,3000000.0,12.0,0,0,1,0
56,3136,12.0,30.0,4,1200000.0,8.0,1,1,1,0
35,1225,13.0,30.0,4,1200000.0,8.0,1,0,1,0
31,961,14.0,30.0,4,1800000.0,11.0,1,0,1,0
61,3721,6.0,20.0,3,250000.0,1.0,0,1,1,0
69,4761,10.0,42.0,2,500000.0,2.0,0,1,1,0
64,4096,10.0,42.0,2,0.0,2.0,1,1,1,0
51,2601,17.0,41.0,3,1500000.0,9.0,0,1,1,0
56,3136,14.0,35.0,3,2500000.0,7.0,0,1,1,0
40,1600,17.0,40.0,2,3200000.0,7.0,1,0,1,0
29,841,15.0,40.0,3,1200000.0,8.0,0,1,1,0
26,676,15.0,40.0,3,890000.0,7.0,1,1,1,0
42,1764,12.0,40.0,1,1500000.0,10.0,1,0,1,0
65,4225,12.0,40.0,3,1800000.0,6.0,0,1,1,0
46,2116,12.0,40.0,1,2000000.0,11.0,0,0,1,0
37,1369,17.0,40.0,2,3000000.0,7.0,0,1,1,0
45,2025,6.0,72.0,4,2500000.0,9.0,0,1,1,0
39,1521,15.0,48.0,3,900000.0,6.0,0,1,1,0
37,1369,14.0,48.0,3,900000.0,6.0,1,1,1,0
47,2209,14.0,36.0,5,500000.0,1.0,1,1,0,0
48,2304,14.0,30.0,4,850000.0,8.0,0,0,1,0
59,3481,12.0,40.0,3,1100000.0,7.0,1,1,1,0
44,1936,17.0,45.0,5,3800000.0,1.0,0,1,1,0
42,1764,19.0,45.0,5,3000000.0,1.0,1,1,1,0
51,2601,12.0,32.0,6,1800000.0,8.0,0,1,1,0
53,2809,12.0,32.0,6,1000000.0,1.0,1,1,1,0
46,2116,12.0,48.0,1,1500000.0,1.0,0,0,0,0
49,2401,15.0,48.0,3,1800000.0,2.0,1,0,1,0
21,441,12.0,48.0,3,1100000.0,6.0,0,0,1,0
56,3136,5.0,50.0,7,1200000.0,2.0,0,1,0,0
34,1156,17.0,40.0,2,1000000.0,8.0,1,1,1,0
34,1156,17.0,44.0,1,2000000.0,1.0,0,0,1,0
53,2809,7.0,72.0,4,1200000.0,7.0,0,1,1,0
33,1089,17.0,35.0,2,2500000.0,12.0,1,0,1,0
46,2116,17.0,40.0,2,1200000.0,11.0,0,1,1,1
30,900,12.0,40.0,1,1500000.0,6.0,0,0,0,0
32,1024,12.0,48.0,4,1600000.0,12.0,0,1,1,0
56,3136,15.0,25.0,3,850000.0,8.0,0,1,1,0
47,2209,12.0,24.0,4,1500000.0,1.0,1,0,1,0
42,1764,7.0,35.0,6,1100000.0,1.0,0,1,0,0
39,1521,8.0,35.0,6,900000.0,3.0,1,1,0,0
33,1089,12.0,20.0,3,1300000.0,5.0,1,0,1,0
49,2401,15.0,40.0,4,500000.0,2.0,0,1,1,0
49,2401,14.0,40.0,4,500000.0,2.0,1,1,1,0
45,2025,17.0,42.0,1,1500000.0,11.0,0,0,1,0
41,1681,12.0,84.0,2,1000000.0,8.0,0,1,1,0
44,1936,16.0,40.0,3,2800000.0,10.0,0,1,1,0
52,2704,12.0,44.0,4,900000.0,6.0,0,1,0,1
37,1369,15.0,40.0,4,2500000.0,7.0,0,1,1,0
34,1156,14.0,40.0,4,1000000.0,10.0,1,1,1,0
53,2809,10.0,55.0,1,800000.0,1.0,0,0,0,0
45,2025,12.0,32.0,1,1800000.0,7.0,0,0,1,0
57,3249,12.0,35.0,1,1800000.0,7.0,0,0,1,0
48,2304,17.0,63.0,1,3500000.0,10.0,1,0,1,0
33,1089,15.0,40.0,2,1200000.0,4.0,1,1,1,0
33,1089,15.0,40.0,2,1200000.0,7.0,0,1,1,0
35,1225,12.0,40.0,4,1600000.0,8.0,1,1,1,0
35,1225,6.0,40.0,4,1800000.0,6.0,0,1,1,0
58,3364,12.0,40.0,4,1200000.0,8.0,0,1,1,0
60,3600,12.0,40.0,4,200000.0,1.0,1,1,1,0
27,729,15.0,40.0,4,900000.0,8.0,1,0,1,0
26,676,15.0,40.0,4,1000000.0,7.0,0,0,1,0
35,1225,12.0,21.0,2,300000.0,2.0,0,1,0,0
40,1600,15.0,35.0,2,3000000.0,12.0,0,1,1,0
29,841,12.0,48.0,1,1250000.0,8.0,0,0,1,0
35,1225,13.0,35.0,1,800000.0,9.0,0,0,1,0
45,2025,17.0,40.0,6,2000000.0,8.0,0,1,1,0
38,1444,15.0,40.0,6,800000.0,3.0,1,1,1,0
54,2916,17.0,40.0,5,2500000.0,8.0,1,1,1,0
49,2401,17.0,40.0,5,2000000.0,9.0,0,1,1,0
38,1444,8.0,91.0,5,700000.0,2.0,1,1,0,0
58,3364,15.0,35.0,4,1700000.0,3.0,0,1,1,0
55,3025,15.0,35.0,4,1500000.0,7.0,1,1,1,0
44,1936,17.0,30.0,3,1500000.0,6.0,1,0,1,0
45,2025,15.0,56.0,2,1800000.0,11.0,0,1,1,0
48,2304,14.0,40.0,3,1600000.0,11.0,0,1,1,0
56,3136,6.0,35.0,9,900000.0,7.0,1,1,1,1
60,3600,6.0,35.0,9,800000.0,6.0,0,1,1,0
38,1444,6.0,35.0,9,500000.0,4.0,0,0,0,0
24,576,14.0,35.0,4,1000000.0,5.0,0,0,1,0
33,1089,17.0,54.0,3,1400000.0,7.0,1,1,1,0
59,3481,6.0,70.0,2,560000.0,4.0,0,0,0,1
42,1764,12.0,35.0,4,1000000.0,11.0,0,0,1,0
22,484,12.0,35.0,3,7000000.0,11.0,0,0,1,0
42,1764,8.0,24.0,1,700000.0,1.0,0,0,0,0
18,324,9.0,35.0,6,700000.0,5.0,0,0,1,0
58,3364,10.0,40.0,1,1400000.0,2.0,0,0,1,0
51,2601,7.0,44.0,5,0.0,5.0,1,1,1,0
50,2500,8.0,44.0,5,1600000.0,5.0,0,1,1,0
46,2116,15.0,48.0,2,2000000.0,8.0,0,1,1,0
48,2304,15.0,48.0,2,1900000.0,9.0,1,1,1,0
23,529,12.0,48.0,3,1000000.0,12.0,1,1,1,0
38,1444,12.0,35.0,5,600000.0,2.0,1,1,1,0
45,2025,12.0,60.0,4,1500000.0,10.0,0,1,1,0
21,441,12.0,35.0,6,1200000.0,5.0,0,0,0,1
34,1156,13.0,50.0,3,1700000.0,8.0,1,0,1,0
39,1521,12.0,40.0,5,5000000.0,5.0,0,1,1,0
37,1369,17.0,40.0,5,4000000.0,6.0,1,1,1,0
31,961,15.0,24.0,1,3000000.0,9.0,0,0,1,0
42,1764,12.0,38.0,4,4500000.0,11.0,0,1,1,0
57,3249,15.0,40.0,3,1000000.0,7.0,0,1,1,0
54,2916,17.0,40.0,3,1000000.0,8.0,1,1,1,0
49,2401,19.0,40.0,4,2500000.0,9.0,1,1,1,0
44,1936,14.0,35.0,1,4100000.0,11.0,1,0,1,0
39,1521,17.0,53.0,5,3000000.0,7.0,0,1,1,0
50,2500,15.0,35.0,5,2500000.0,2.0,0,0,0,0
53,2809,17.0,48.0,4,2000000.0,10.0,0,1,1,0
41,1681,5.0,12.0,5,120000.0,1.0,0,1,0,0
31,961,9.0,24.0,3,60000.0,2.0,0,1,0,0
61,3721,19.0,35.0,4,1500000.0,11.0,0,1,1,0
57,3249,19.0,35.0,4,2000000.0,11.0,1,1,1,0
48,2304,12.0,24.0,4,100000.0,1.0,1,1,1,0
53,2809,15.0,55.0,3,1000000.0,8.0,1,0,1,0
53,2809,17.0,40.0,4,1000000.0,8.0,1,0,1,0
48,2304,12.0,40.0,4,1200000.0,10.0,0,0,1,0
40,1600,17.0,40.0,2,1800000.0,8.0,1,1,1,0
40,1600,17.0,40.0,2,1700000.0,8.0,0,1,1,0
52,2704,15.0,48.0,5,1000000.0,8.0,0,1,1,0
51,2601,12.0,48.0,5,300000.0,1.0,1,1,1,0
30,900,15.0,48.0,5,500000.0,7.0,1,0,0,0
44,1936,15.0,32.0,3,1800000.0,8.0,0,1,1,0
75,5625,17.0,20.0,2,1000000.0,2.0,0,1,1,0
53,2809,12.0,24.0,4,1000000.0,8.0,0,1,1,0
25,625,6.0,55.0,3,2000000.0,7.0,0,0,1,0
30,900,17.0,55.0,3,1200000.0,1.0,1,0,1,0
49,2401,15.0,48.0,2,1200000.0,6.0,0,1,1,0
50,2500,15.0,48.0,2,1000000.0,9.0,1,1,1,0
38,1444,6.0,40.0,7,740000.0,6.0,0,1,1,0
29,841,16.0,45.0,3,1600000.0,10.0,0,1,1,0
53,2809,12.0,50.0,4,1000000.0,8.0,1,0,1,0
50,2500,12.0,50.0,4,700000.0,7.0,1,1,1,0
51,2601,5.0,40.0,5,80000.0,2.0,0,1,0,0
41,1681,8.0,40.0,4,300000.0,3.0,0,1,0,0
54,2916,17.0,40.0,1,780000.0,9.0,0,0,1,0
34,1156,15.0,40.0,1,900000.0,9.0,1,0,1,1
46,2116,12.0,40.0,3,1200000.0,9.0,1,0,1,0
62,3844,8.0,70.0,5,400000.0,1.0,0,0,0,0
53,2809,6.0,56.0,3,1100000.0,9.0,0,1,1,0
23,529,12.0,40.0,2,720000.0,7.0,0,0,0,0
37,1369,7.0,40.0,1,0.0,9.0,0,0,1,0
61,3721,6.0,66.0,7,300000.0,1.0,0,1,0,0
49,2401,17.0,29.0,4,1000000.0,9.0,0,1,1,0
27,729,13.0,29.0,4,580000.0,7.0,0,0,0,0
40,1600,12.0,40.0,1,800000.0,2.0,1,0,0,0
41,1681,12.0,48.0,3,700000.0,6.0,1,0,1,0
43,1849,12.0,48.0,3,800000.0,6.0,1,0,1,1
27,729,12.0,36.0,2,300000.0,2.0,1,0,0,0
25,625,12.0,36.0,2,200000.0,2.0,1,0,0,0
36,1296,8.0,44.0,4,1000000.0,5.0,0,1,1,0
39,1521,12.0,44.0,4,1600000.0,6.0,1,1,1,0
32,1024,12.0,77.0,4,500000.0,8.0,1,0,0,1
29,841,12.0,70.0,5,1000000.0,1.0,1,0,0,0
37,1369,12.0,66.0,7,600000.0,2.0,0,0,0,0
51,2601,17.0,55.0,4,2100000.0,10.0,0,1,1,0
52,2704,17.0,55.0,4,500000.0,2.0,1,1,1,1
57,3249,6.0,18.0,10,200000.0,1.0,0,0,0,0
48,2304,15.0,50.0,5,1800000.0,12.0,0,1,1,0
31,961,10.0,66.0,7,500000.0,2.0,0,0,0,0
48,2304,13.0,40.0,4,1200000.0,8.0,0,1,1,0
37,1369,12.0,64.0,2,700000.0,1.0,1,0,1,0
32,1024,15.0,30.0,3,700000.0,11.0,0,1,1,0
56,3136,15.0,45.0,1,1000000.0,9.0,1,0,1,0
38,1444,12.0,48.0,2,400000.0,1.0,0,0,0,0
62,3844,10.0,21.0,7,150000.0,1.0,0,1,1,0
36,1296,8.0,21.0,7,480000.0,2.0,0,1,0,0
48,2304,17.0,50.0,5,200000.0,1.0,1,1,1,0
64,4096,17.0,50.0,3,1100000.0,10.0,0,0,1,0
32,1024,15.0,50.0,3,350000.0,5.0,0,1,0,0
69,4761,15.0,3.0,8,250000.0,1.0,0,1,1,0
39,1521,12.0,16.0,2,200000.0,1.0,1,0,0,0
58,3364,8.0,12.0,4,400000.0,2.0,0,0,1,0
32,1024,12.0,35.0,8,650000.0,2.0,1,0,0,0
32,1024,12.0,50.0,3,300000.0,1.0,1,1,0,0
61,3721,17.0,40.0,3,1000000.0,4.0,0,1,1,0
73,5329,6.0,48.0,6,150000.0,1.0,0,1,1,0
40,1600,10.0,48.0,6,150000.0,2.0,0,0,0,0
57,3249,12.0,15.0,3,800000.0,1.0,0,1,0,0
56,3136,12.0,48.0,4,1200000.0,1.0,0,1,1,0
49,2401,17.0,48.0,4,1500000.0,1.0,1,1,1,0
23,529,9.0,12.0,4,400000.0,2.0,0,0,0,0
26,676,13.0,23.0,4,600000.0,8.0,1,0,1,1
24,576,10.0,35.0,8,500000.0,6.0,1,0,1,0
56,3136,6.0,6.0,7,20000.0,1.0,1,1,1,0
57,3249,6.0,6.0,7,100000.0,1.0,0,1,1,0
31,961,9.0,64.0,4,900000.0,9.0,0,1,1,0
57,3249,17.0,40.0,3,700000.0,7.0,1,1,1,0
42,1764,12.0,54.0,5,700000.0,1.0,0,0,0,0
23,529,12.0,6.0,7,200000.0,4.0,1,0,0,0
50,2500,10.0,52.0,3,400000.0,2.0,1,1,0,0
39,1521,15.0,52.0,3,300000.0,2.0,1,1,1,0
47,2209,15.0,25.0,5,1200000.0,8.0,1,1,1,0
49,2401,15.0,46.0,4,250000.0,3.0,0,1,0,1
48,2304,10.0,40.0,3,950000.0,5.0,0,0,1,0
50,2500,14.0,44.0,5,1450000.0,6.0,0,1,1,0
44,1936,17.0,44.0,5,1900000.0,7.0,1,1,1,0
45,2025,12.0,32.0,3,1200000.0,11.0,1,0,1,0
30,900,16.0,50.0,3,600000.0,10.0,1,1,1,0
24,576,12.0,46.0,4,200000.0,3.0,1,0,1,1
60,3600,12.0,20.0,1,300000.0,1.0,1,0,1,0
54,2916,15.0,54.0,2,1200000.0,7.0,0,1,1,0
37,1369,12.0,44.0,4,1200000.0,6.0,1,1,1,0
47,2209,12.0,44.0,4,1700000.0,8.0,0,1,1,0
55,3025,6.0,25.0,4,500000.0,8.0,0,0,1,0
65,4225,17.0,25.0,4,2200000.0,7.0,0,1,1,0
39,1521,12.0,40.0,3,800000.0,7.0,0,1,1,0
39,1521,12.0,40.0,3,600000.0,1.0,1,1,1,0
31,961,17.0,38.0,2,580000.0,1.0,1,1,1,0
33,1089,16.0,38.0,2,1880000.0,10.0,0,1,1,0
58,3364,6.0,40.0,2,450000.0,1.0,0,0,0,0
42,1764,17.0,48.0,3,1300000.0,8.0,1,0,1,0
69,4761,17.0,25.0,4,1500000.0,1.0,1,1,1,0
31,961,17.0,25.0,4,500000.0,7.0,0,0,1,0
60,3600,17.0,40.0,5,1000000.0,9.0,1,0,1,0
32,1024,12.0,40.0,5,600000.0,9.0,1,0,1,0
58,3364,16.0,45.0,5,2200000.0,10.0,0,1,1,0
50,2500,9.0,21.0,2,150000.0,1.0,1,0,1,0
37,1369,12.0,40.0,1,1500000.0,5.0,0,0,0,0
50,2500,6.0,84.0,2,400000.0,2.0,1,0,0,0
36,1296,14.0,48.0,3,900000.0,12.0,1,0,1,0
51,2601,12.0,46.0,3,1000000.0,12.0,0,1,1,0
57,3249,12.0,46.0,3,800000.0,12.0,1,1,1,0
25,625,11.0,46.0,3,250000.0,3.0,1,0,0,0
26,676,10.0,29.0,3,78000.0,6.0,1,0,0,0
40,1600,12.0,40.0,4,500000.0,4.0,1,0,1,0
32,1024,12.0,48.0,2,1200000.0,8.0,1,0,1,0
29,841,15.0,10.0,5,630000.0,7.0,1,1,1,0
40,1600,10.0,56.0,3,300000.0,1.0,0,1,1,0
38,1444,12.0,56.0,3,78000.0,4.0,1,1,0,0
27,729,10.0,40.0,3,660000.0,5.0,0,0,0,0
50,2500,12.0,30.0,6,1500000.0,5.0,1,1,1,0
51,2601,12.0,30.0,6,1500000.0,8.0,0,1,1,0
41,1681,12.0,48.0,4,700000.0,6.0,0,1,0,0
42,1764,12.0,48.0,4,0.0,2.0,1,1,1,0
35,1225,12.0,60.0,1,1200000.0,11.0,0,0,1,0
38,1444,7.0,48.0,3,1000000.0,2.0,0,1,1,0
47,2209,12.0,20.0,2,800000.0,2.0,1,0,0,0
31,961,10.0,9.0,3,300000.0,1.0,0,1,0,0
42,1764,12.0,40.0,4,700000.0,1.0,0,1,0,0
32,1024,12.0,44.0,4,90000.0,1.0,1,1,1,0
39,1521,15.0,44.0,4,300000.0,1.0,0,1,0,0
37,1369,15.0,52.0,5,880000.0,1.0,0,1,1,0
32,1024,12.0,52.0,5,600000.0,1.0,1,1,1,0
32,1024,15.0,40.0,1,950000.0,5.0,1,0,1,0
51,2601,12.0,40.0,3,800000.0,9.0,0,1,1,0
33,1089,10.0,50.0,4,800000.0,1.0,0,1,0,0
32,1024,12.0,50.0,4,700000.0,9.0,1,1,1,0
25,625,12.0,20.0,2,650000.0,2.0,0,0,0,0
47,2209,6.0,50.0,6,400000.0,1.0,0,1,1,0
25,625,15.0,40.0,1,450000.0,7.0,0,0,1,1
51,2601,15.0,40.0,4,1600000.0,9.0,1,0,1,0
28,784,15.0,40.0,4,600000.0,9.0,1,0,1,0
39,1521,14.0,56.0,2,900000.0,5.0,1,1,1,0
63,3969,12.0,30.0,4,440000.0,7.0,1,0,1,1
53,2809,17.0,40.0,3,1500000.0,11.0,0,1,1,0
52,2704,17.0,40.0,3,1500000.0,11.0,1,1,1,0
28,784,17.0,30.0,1,750000.0,7.0,0,0,1,1
42,1764,17.0,72.0,5,1000000.0,10.0,1,1,1,1
60,3600,6.0,35.0,4,560000.0,6.0,0,0,0,1
37,1369,17.0,30.0,3,1200000.0,10.0,0,1,1,0
35,1225,17.0,30.0,3,600000.0,1.0,1,1,1,0
44,1936,17.0,60.0,5,3000000.0,12.0,0,1,1,0
38,1444,17.0,40.0,4,2000000.0,2.0,0,1,1,0
38,1444,17.0,40.0,4,1000000.0,2.0,1,1,1,0
58,3364,12.0,40.0,4,800000.0,7.0,0,1,1,0
35,1225,6.0,48.0,6,1000000.0,10.0,0,1,1,0
41,1681,7.0,35.0,4,400000.0,1.0,0,1,0,0
59,3481,12.0,45.0,1,1300000.0,7.0,0,0,1,0
47,2209,8.0,30.0,5,1200000.0,9.0,0,1,1,0
46,2116,6.0,30.0,5,440000.0,9.0,1,1,1,1
44,1936,12.0,30.0,4,600000.0,1.0,0,1,0,0
44,1936,12.0,30.0,4,440000.0,9.0,1,1,1,1
63,3969,12.0,30.0,6,200000.0,1.0,0,1,0,0
44,1936,12.0,30.0,4,440000.0,8.0,0,1,1,1
45,2025,12.0,30.0,4,480000.0,6.0,1,1,1,0
53,2809,15.0,48.0,3,2000000.0,9.0,0,1,1,0
52,2704,15.0,48.0,3,1400000.0,7.0,1,1,1,0
63,3969,8.0,30.0,2,85000.0,2.0,0,1,1,0
55,3025,6.0,40.0,3,800000.0,7.0,0,1,0,1
45,2025,12.0,40.0,5,1000000.0,4.0,0,1,1,0
53,2809,12.0,48.0,3,1300000.0,9.0,0,0,1,0
46,2116,12.0,36.0,1,500000.0,11.0,1,0,1,0
53,2809,6.0,30.0,1,850000.0,10.0,0,0,1,0
29,841,12.0,0.0,4,440000.0,9.0,0,0,1,1
36,1296,17.0,30.0,3,950000.0,11.0,1,1,1,0
33,1089,15.0,30.0,3,1110000.0,9.0,0,1,1,0
45,2025,9.0,24.0,2,440000.0,10.0,0,0,1,0
39,1521,12.0,48.0,4,1000000.0,6.0,0,1,1,0
37,1369,9.0,30.0,4,800000.0,7.0,0,1,1,0
55,3025,13.0,31.0,2,480000.0,8.0,1,0,1,0
45,2025,17.0,48.0,3,2000000.0,8.0,0,1,1,0
40,1600,15.0,48.0,4,555000.0,7.0,1,1,1,0
25,625,12.0,9.0,2,150000.0,1.0,1,0,0,1
49,2401,12.0,63.0,3,1500000.0,12.0,0,1,1,0
65,4225,17.0,30.0,2,1800000.0,10.0,0,0,1,0
27,729,13.0,30.0,2,350000.0,7.0,0,0,1,1
60,3600,15.0,50.0,2,2500000.0,11.0,0,1,1,0
25,625,12.0,24.0,2,500000.0,3.0,1,0,0,1
62,3844,12.0,50.0,1,2000000.0,3.0,0,0,1,0
52,2704,6.0,30.0,5,920000.0,10.0,1,1,1,1
57,3249,4.0,30.0,5,860000.0,10.0,0,1,1,0
31,961,12.0,30.0,5,440000.0,10.0,1,0,1,0
59,3481,10.0,40.0,3,800000.0,3.0,0,0,1,0
29,841,12.0,40.0,3,3000000.0,12.0,0,0,1,0
26,676,9.0,40.0,3,1000000.0,6.0,0,0,1,0
39,1521,12.0,24.0,3,500000.0,2.0,1,1,1,0
41,1681,12.0,24.0,3,300000.0,1.0,0,1,0,0
45,2025,12.0,40.0,5,1000000.0,8.0,1,1,1,0
53,2809,0.0,30.0,2,1800000.0,2.0,0,1,0,0
39,1521,12.0,38.0,3,500000.0,3.0,0,1,0,0
59,3481,12.0,30.0,1,300000.0,1.0,0,0,0,0
59,3481,17.0,50.0,2,850000.0,9.0,1,1,1,0
60,3600,8.0,48.0,3,500000.0,3.0,0,1,0,0
54,2916,15.0,48.0,3,500000.0,3.0,1,1,0,0
31,961,12.0,48.0,3,500000.0,3.0,0,0,0,0
35,1225,5.0,20.0,1,300000.0,1.0,0,0,0,0
54,2916,14.0,32.0,2,260000.0,10.0,1,0,1,1
34,1156,12.0,32.0,2,350000.0,7.0,0,0,1,0
66,4356,11.0,70.0,2,200000.0,1.0,1,0,1,0
47,2209,12.0,40.0,5,1000000.0,8.0,1,1,1,0
52,2704,12.0,48.0,5,180000.0,12.0,1,0,0,0
32,1024,12.0,48.0,4,500000.0,5.0,0,1,1,0
30,900,12.0,48.0,4,500000.0,5.0,1,1,1,0
24,576,8.0,48.0,5,480000.0,6.0,0,0,0,1
39,1521,14.0,44.0,5,1500000.0,1.0,0,1,1,0
39,1521,17.0,44.0,5,500000.0,1.0,1,1,0,0
44,1936,15.0,32.0,3,650000.0,1.0,0,1,0,1
45,2025,15.0,32.0,3,1000000.0,9.0,1,1,1,0
27,729,10.0,24.0,6,440000.0,9.0,0,1,1,1
58,3364,6.0,30.0,5,680000.0,12.0,1,1,1,0
58,3364,6.0,30.0,5,880000.0,10.0,0,1,1,0
23,529,12.0,24.0,1,300000.0,3.0,0,0,0,0
27,729,6.0,40.0,4,320000.0,2.0,0,1,0,0
54,2916,9.0,40.0,3,700000.0,7.0,0,1,1,0
64,4096,6.0,12.0,2,40000.0,1.0,0,1,1,0
46,2116,15.0,42.0,3,900000.0,10.0,1,0,1,0
44,1936,15.0,42.0,3,600000.0,1.0,0,0,0,0
71,5041,6.0,40.0,2,400000.0,1.0,0,1,1,0
65,4225,6.0,36.0,3,500000.0,2.0,0,1,0,0
37,1369,7.0,48.0,5,600000.0,2.0,0,1,0,0
34,1156,8.0,48.0,5,600000.0,2.0,1,1,0,0
54,2916,6.0,60.0,2,700000.0,1.0,0,1,0,0
48,2304,8.0,30.0,3,950000.0,10.0,1,0,1,0
22,484,12.0,30.0,5,600000.0,12.0,0,0,1,0
35,1225,9.0,36.0,5,600000.0,6.0,1,0,0,0
48,2304,12.0,30.0,3,1000000.0,12.0,1,0,1,0
58,3364,13.0,40.0,3,1200000.0,2.0,1,0,1,0
46,2116,9.0,48.0,4,1500000.0,8.0,0,1,1,0
39,1521,17.0,48.0,4,900000.0,9.0,1,1,1,0
43,1849,6.0,40.0,6,800000.0,8.0,0,1,0,0
37,1369,9.0,44.0,4,1200000.0,11.0,0,1,1,0
42,1764,16.0,44.0,4,950000.0,6.0,1,1,1,0
77,5929,6.0,3.0,2,100000.0,1.0,0,0,1,0
49,2401,6.0,3.0,2,260000.0,9.0,0,0,1,0
70,4900,12.0,24.0,6,260000.0,1.0,0,1,1,0
33,1089,17.0,48.0,2,800000.0,8.0,1,0,1,0
38,1444,7.0,48.0,2,800000.0,9.0,0,0,1,1
50,2500,17.0,40.0,3,1200000.0,9.0,0,1,1,0
50,2500,17.0,40.0,3,800000.0,9.0,1,1,1,0
39,1521,17.0,48.0,3,1105000.0,11.0,1,0,1,0
54,2916,17.0,25.0,3,950000.0,9.0,1,1,1,0
56,3136,6.0,25.0,3,650000.0,1.0,0,1,0,1
51,2601,19.0,48.0,3,1500000.0,12.0,0,1,1,0
47,2209,19.0,48.0,3,1700000.0,12.0,1,1,1,0
45,2025,12.0,48.0,6,1500000.0,9.0,0,1,1,0
36,1296,8.0,40.0,4,1200000.0,9.0,0,1,1,0
44,1936,12.0,40.0,4,440000.0,9.0,1,1,1,1
33,1089,15.0,20.0,3,290000.0,1.0,1,1,1,1
54,2916,14.0,50.0,5,900000.0,6.0,0,1,0,0
58,3364,8.0,15.0,4,600000.0,1.0,0,1,1,0
26,676,12.0,40.0,4,700000.0,11.0,0,1,1,0
23,529,14.0,57.0,2,400000.0,7.0,1,0,1,0
49,2401,8.0,27.0,2,300000.0,3.0,0,1,0,0
59,3481,6.0,40.0,5,1100000.0,6.0,0,1,1,0
50,2500,12.0,65.0,3,500000.0,2.0,0,1,0,0
50,2500,15.0,65.0,3,500000.0,2.0,1,1,0,0
40,1600,4.0,36.0,3,480000.0,1.0,0,1,0,0
59,3481,3.0,24.0,2,300000.0,1.0,0,0,0,0
54,2916,9.0,30.0,4,500000.0,1.0,0,1,0,0
47,2209,15.0,50.0,3,500000.0,8.0,1,0,1,0
56,3136,19.0,40.0,3,1400000.0,12.0,1,1,1,0
30,900,17.0,54.0,3,3000000.0,3.0,1,1,1,0
57,3249,15.0,72.0,2,2000000.0,6.0,1,1,1,0
39,1521,12.0,20.0,3,900000.0,10.0,0,1,1,0
51,2601,14.0,50.0,5,400000.0,1.0,1,1,0,0
55,3025,12.0,25.0,4,500000.0,5.0,1,1,1,0
28,784,4.0,17.0,5,250000.0,1.0,0,1,1,0
36,1296,11.0,40.0,5,360000.0,7.0,0,1,0,0
47,2209,6.0,30.0,3,800000.0,3.0,1,1,0,0
45,2025,6.0,30.0,3,800000.0,8.0,0,1,0,0
35,1225,15.0,19.0,3,700000.0,10.0,1,0,1,0
59,3481,6.0,24.0,2,600000.0,9.0,0,1,1,0
56,3136,15.0,0.0,2,1400000.0,8.0,0,1,1,0
55,3025,15.0,0.0,2,600000.0,6.0,1,1,1,0
39,1521,15.0,70.0,4,1500000.0,2.0,0,1,1,0
36,1296,16.0,70.0,4,1500000.0,9.0,1,1,1,0
55,3025,17.0,30.0,3,3000000.0,8.0,0,1,1,0
41,1681,12.0,40.0,7,625000.0,4.0,0,1,0,0
65,4225,17.0,45.0,2,2000000.0,8.0,0,1,1,0
54,2916,17.0,72.0,2,4000000.0,11.0,0,1,1,0
43,1849,13.0,66.0,4,440000.0,8.0,1,0,1,1
23,529,14.0,66.0,4,500000.0,4.0,0,0,0,0
18,324,12.0,50.0,4,100000.0,6.0,1,0,1,1
58,3364,12.0,25.0,4,600000.0,5.0,0,1,1,0
33,1089,8.0,40.0,5,480000.0,3.0,0,1,0,0
27,729,11.0,15.0,3,120000.0,1.0,1,0,0,0
56,3136,19.0,35.0,5,700000.0,11.0,0,1,1,0
55,3025,15.0,35.0,5,380000.0,11.0,1,1,1,0
48,2304,9.0,84.0,5,70000.0,3.0,0,1,1,0
47,2209,15.0,84.0,5,300000.0,3.0,1,1,1,0
47,2209,6.0,32.0,9,800000.0,5.0,0,1,0,0
57,3249,17.0,40.0,6,1200000.0,10.0,0,1,1,0
35,1225,17.0,40.0,4,4000000.0,12.0,0,1,1,0
44,1936,16.0,48.0,1,920000.0,11.0,1,0,1,0
21,441,12.0,40.0,3,350000.0,5.0,1,0,1,0
56,3136,12.0,35.0,4,1700000.0,8.0,1,0,1,0
49,2401,13.0,45.0,4,1000000.0,10.0,0,1,1,0
42,1764,15.0,72.0,4,1500000.0,11.0,1,0,1,0
46,2116,12.0,30.0,2,1100000.0,10.0,1,0,1,0
38,1444,12.0,42.0,4,460000.0,9.0,0,1,1,1
56,3136,15.0,25.0,3,1000000.0,9.0,1,0,1,0
54,2916,15.0,24.0,5,260000.0,6.0,1,1,1,1
56,3136,12.0,24.0,5,350000.0,4.0,0,1,0,1
63,3969,16.0,45.0,5,2500000.0,12.0,0,1,1,0
21,441,12.0,40.0,6,500000.0,1.0,0,0,1,0
61,3721,6.0,4.0,2,400000.0,1.0,0,0,1,0
49,2401,15.0,40.0,4,1800000.0,10.0,0,1,1,0
22,484,15.0,40.0,4,560000.0,9.0,0,0,1,0
27,729,12.0,60.0,2,1500000.0,1.0,0,1,0,0
26,676,12.0,60.0,2,800000.0,1.0,1,1,0,0
42,1764,12.0,40.0,5,1100000.0,7.0,0,1,1,0
40,1600,17.0,40.0,5,930000.0,6.0,1,1,1,0
48,2304,6.0,16.0,1,300000.0,1.0,0,0,0,0
54,2916,12.0,40.0,1,1200000.0,9.0,0,0,1,0
48,2304,12.0,36.0,2,800000.0,8.0,0,0,1,0
52,2704,15.0,58.0,1,2000000.0,10.0,0,0,1,0
33,1089,17.0,40.0,4,1100000.0,12.0,1,1,1,0
34,1156,17.0,40.0,4,2000000.0,4.0,0,1,1,0
56,3136,12.0,56.0,4,500000.0,1.0,0,1,1,0
53,2809,12.0,56.0,4,1500000.0,7.0,1,1,1,0
26,676,15.0,56.0,4,700000.0,8.0,1,0,1,0
26,676,15.0,56.0,4,700000.0,8.0,1,0,1,0
38,1444,15.0,48.0,4,1300000.0,2.0,0,1,1,0
65,4225,9.0,32.0,2,300000.0,1.0,0,1,0,0
37,1369,12.0,52.0,5,900000.0,2.0,0,1,0,0
31,961,9.0,40.0,4,0.0,4.0,0,1,0,0
61,3721,6.0,40.0,5,800000.0,9.0,1,0,1,0
34,1156,12.0,40.0,5,800000.0,9.0,1,1,1,0
35,1225,12.0,40.0,5,120000.0,3.0,0,0,0,0
43,1849,15.0,40.0,5,1000000.0,9.0,0,1,1,0
64,4096,6.0,42.0,2,250000.0,1.0,0,1,1,0
50,2500,15.0,25.0,4,790000.0,8.0,1,1,1,0
50,2500,12.0,36.0,2,500000.0,6.0,0,0,1,1
44,1936,12.0,60.0,4,2000000.0,8.0,0,1,1,0
26,676,10.0,84.0,2,1100000.0,12.0,0,0,1,0
30,900,12.0,48.0,4,1000000.0,6.0,0,1,1,0
27,729,15.0,22.0,3,290000.0,3.0,0,1,0,0
31,961,14.0,48.0,6,200000.0,1.0,1,0,0,0
61,3721,6.0,48.0,2,987000.0,5.0,0,1,1,0
28,784,12.0,0.0,2,420000.0,1.0,1,0,0,0
49,2401,14.0,20.0,1,300000.0,1.0,0,0,0,0
63,3969,14.0,0.0,1,1200000.0,10.0,1,0,1,0
61,3721,15.0,30.0,5,800000.0,10.0,0,1,1,0
25,625,14.0,25.0,1,700000.0,5.0,0,0,1,0
49,2401,17.0,25.0,4,1300000.0,11.0,0,1,1,0
62,3844,12.0,35.0,3,1400000.0,9.0,1,1,1,0
41,1681,12.0,60.0,4,800000.0,9.0,1,1,1,1
37,1369,12.0,42.0,4,3500000.0,11.0,0,1,1,0
39,1521,9.0,42.0,4,1500000.0,10.0,1,1,1,0
45,2025,8.0,12.0,4,400000.0,1.0,0,0,0,0
28,784,12.0,22.0,3,160000.0,1.0,1,1,0,1
34,1156,12.0,45.0,4,1200000.0,2.0,0,1,1,0
34,1156,15.0,45.0,4,800000.0,8.0,1,1,1,0
46,2116,0.0,56.0,4,90000.0,2.0,0,1,0,0
40,1600,6.0,36.0,4,200000.0,2.0,0,1,0,1
36,1296,12.0,36.0,4,200000.0,2.0,1,1,0,0
37,1369,6.0,36.0,5,400000.0,1.0,0,1,0,0
42,1764,15.0,48.0,3,1200000.0,12.0,0,1,1,0
41,1681,12.0,48.0,3,150000.0,1.0,1,1,1,0
55,3025,6.0,28.0,1,600000.0,12.0,0,0,1,0
28,784,12.0,24.0,1,440000.0,7.0,0,0,1,1
45,2025,15.0,40.0,2,1200000.0,12.0,1,0,1,0
44,1936,12.0,45.0,4,700000.0,5.0,0,1,0,1
37,1369,12.0,45.0,4,780000.0,8.0,1,1,0,0
64,4096,12.0,35.0,3,1000000.0,1.0,0,1,1,0
40,1600,12.0,40.0,2,1000000.0,7.0,1,1,1,0
57,3249,6.0,30.0,2,700000.0,8.0,1,1,1,0
59,3481,6.0,30.0,2,500000.0,7.0,0,1,1,0
63,3969,15.0,32.0,4,80000.0,3.0,0,1,0,0
32,1024,17.0,42.0,1,2000000.0,3.0,0,0,1,0
39,1521,17.0,25.0,3,510000.0,11.0,0,1,1,1
38,1444,17.0,25.0,3,1600000.0,9.0,1,1,1,0
20,400,12.0,36.0,5,100000.0,2.0,0,0,0,0
33,1089,7.0,60.0,4,1500000.0,7.0,0,1,1,0
29,841,15.0,44.0,3,350000.0,2.0,0,1,0,0
46,2116,17.0,55.0,1,1400000.0,9.0,0,0,1,0
23,529,12.0,57.0,4,700000.0,1.0,0,1,1,0
28,784,14.0,57.0,4,200000.0,1.0,1,1,1,1
45,2025,17.0,30.0,4,900000.0,8.0,1,1,1,0
38,1444,12.0,3.0,3,950000.0,8.0,0,1,0,1
24,576,9.0,94.0,3,700000.0,3.0,0,0,0,0
56,3136,6.0,18.0,2,440000.0,10.0,0,1,1,1
29,841,12.0,35.0,3,180000.0,6.0,1,0,0,1
51,2601,8.0,44.0,2,500000.0,2.0,1,0,0,0
26,676,17.0,66.0,3,900000.0,12.0,0,1,1,0
37,1369,12.0,40.0,1,1000000.0,12.0,0,0,1,0
40,1600,14.0,15.0,2,445000.0,3.0,1,0,1,0
56,3136,12.0,48.0,1,800000.0,3.0,0,0,0,0
50,2500,14.0,45.0,2,1000000.0,6.0,1,0,1,0
68,4624,17.0,40.0,1,1000000.0,8.0,1,0,1,0
44,1936,9.0,40.0,2,1000000.0,8.0,0,0,1,0
56,3136,12.0,20.0,4,870000.0,7.0,0,1,1,0
25,625,15.0,20.0,4,500000.0,4.0,0,0,1,1
48,2304,12.0,36.0,6,10000000.0,5.0,0,1,1,0
34,1156,12.0,48.0,4,1500000.0,8.0,0,1,1,0
81,6561,12.0,36.0,1,800000.0,1.0,0,0,1,0
55,3025,12.0,15.0,1,50000.0,12.0,1,0,0,0
58,3364,5.0,30.0,2,200000.0,1.0,1,0,1,0
50,2500,14.0,48.0,2,1350000.0,7.0,1,1,1,0
52,2704,9.0,48.0,2,850000.0,10.0,0,1,1,0
51,2601,15.0,46.0,4,900000.0,10.0,1,1,1,0
52,2704,17.0,46.0,4,900000.0,9.0,0,1,1,0
50,2500,19.0,56.0,5,450000.0,3.0,0,1,1,0
48,2304,17.0,56.0,5,1000000.0,8.0,1,1,1,0
43,1849,12.0,36.0,4,200000.0,1.0,1,1,1,0
63,3969,12.0,45.0,1,700000.0,1.0,0,0,1,0
40,1600,13.0,45.0,4,1000000.0,10.0,0,1,1,0
42,1764,13.0,45.0,4,460000.0,3.0,1,1,1,0
22,484,12.0,56.0,5,500000.0,2.0,0,0,1,0
49,2401,15.0,35.0,2,2500000.0,8.0,0,1,1,0
54,2916,12.0,35.0,2,550000.0,7.0,1,1,1,0
62,3844,6.0,40.0,3,1600000.0,3.0,0,1,1,0
51,2601,17.0,30.0,7,920000.0,8.0,1,0,1,0
28,784,12.0,30.0,7,800000.0,9.0,1,1,1,0
32,1024,6.0,30.0,7,220000.0,9.0,0,1,1,0
57,3249,14.0,36.0,4,670000.0,8.0,1,0,1,0
35,1225,8.0,36.0,5,1100000.0,7.0,0,1,1,0
36,1296,12.0,36.0,5,945000.0,10.0,1,1,1,0
47,2209,12.0,25.0,2,100000.0,3.0,1,0,1,0
33,1089,15.0,48.0,3,950000.0,12.0,1,0,1,0
22,484,12.0,20.0,5,400000.0,1.0,0,0,0,0
37,1369,15.0,30.0,3,1000000.0,6.0,0,1,1,0
37,1369,19.0,40.0,4,1800000.0,9.0,0,1,1,0
43,1849,6.0,30.0,2,700000.0,3.0,1,0,1,0
41,1681,6.0,31.0,4,900000.0,2.0,0,1,0,0
28,784,15.0,25.0,2,300000.0,12.0,1,0,1,0
50,2500,8.0,48.0,4,480000.0,1.0,1,0,0,0
64,4096,12.0,60.0,1,500000.0,8.0,0,0,1,0
60,3600,8.0,45.0,2,2000000.0,11.0,0,1,1,0
47,2209,12.0,45.0,1,1500000.0,11.0,1,0,1,0
34,1156,13.0,40.0,3,800000.0,11.0,1,0,1,0
33,1089,10.0,66.0,7,1200000.0,9.0,0,1,1,0
38,1444,12.0,66.0,7,480000.0,6.0,1,1,1,0
48,2304,15.0,43.0,1,1630000.0,7.0,1,0,1,0
75,5625,9.0,35.0,2,500000.0,2.0,0,1,1,0
66,4356,15.0,40.0,2,800000.0,2.0,1,0,1,0
38,1444,12.0,40.0,2,800000.0,2.0,1,0,1,0
65,4225,17.0,30.0,2,300000.0,1.0,1,0,1,0
42,1764,8.0,44.0,6,1300000.0,7.0,0,1,1,0
61,3721,15.0,40.0,3,600000.0,1.0,1,0,1,0
34,1156,17.0,40.0,3,400000.0,1.0,1,0,0,0
48,2304,15.0,20.0,2,1000000.0,12.0,1,0,1,1
54,2916,12.0,48.0,2,1650000.0,7.0,0,1,1,0
30,900,15.0,30.0,3,950000.0,11.0,1,1,1,0
43,1849,16.0,36.0,4,600000.0,1.0,1,1,0,0
41,1681,7.0,36.0,4,2000000.0,1.0,0,1,0,0
63,3969,6.0,40.0,2,600000.0,6.0,0,1,1,0
40,1600,9.0,30.0,3,650000.0,1.0,0,1,0,0
32,1024,12.0,30.0,3,1000000.0,11.0,0,0,1,0
48,2304,13.0,54.0,2,1500000.0,9.0,1,0,1,0
38,1444,6.0,48.0,4,380000.0,5.0,0,1,0,0
57,3249,12.0,48.0,6,550000.0,3.0,0,0,0,0
22,484,12.0,48.0,6,350000.0,3.0,0,0,0,0
47,2209,12.0,48.0,6,480000.0,3.0,0,1,0,0
46,2116,12.0,48.0,1,600000.0,2.0,0,0,0,0
49,2401,17.0,30.0,5,800000.0,7.0,1,1,1,0
32,1024,17.0,40.0,1,1500000.0,9.0,0,0,1,0
36,1296,9.0,48.0,1,900000.0,6.0,0,0,1,0
50,2500,9.0,48.0,4,2200000.0,8.0,0,0,1,0
52,2704,6.0,40.0,5,1800000.0,9.0,0,1,1,0
53,2809,9.0,40.0,5,1500000.0,5.0,1,1,1,0
54,2916,3.0,48.0,4,420000.0,3.0,0,1,0,0
30,900,17.0,40.0,3,900000.0,7.0,1,0,1,0
45,2025,15.0,48.0,2,780000.0,7.0,0,0,1,0
47,2209,12.0,42.0,2,600000.0,7.0,1,0,1,0
44,1936,12.0,40.0,2,1700000.0,10.0,1,0,1,0
26,676,16.0,40.0,2,600000.0,6.0,0,0,1,0
55,3025,12.0,0.0,1,3500000.0,12.0,0,0,1,0
49,2401,15.0,0.0,2,1200000.0,11.0,1,0,1,0
55,3025,15.0,40.0,2,2000000.0,10.0,1,0,1,0
27,729,12.0,45.0,2,1500000.0,6.0,1,0,1,0
52,2704,12.0,72.0,2,1400000.0,9.0,1,0,1,0
25,625,12.0,72.0,2,500000.0,5.0,0,0,1,1
30,900,10.0,40.0,3,500000.0,7.0,1,0,1,0
52,2704,12.0,32.0,2,1600000.0,9.0,0,0,1,0
31,961,17.0,40.0,1,1800000.0,9.0,1,0,1,0
32,1024,15.0,72.0,2,2000000.0,2.0,0,1,0,0
57,3249,15.0,20.0,2,750000.0,8.0,0,1,1,0
51,2601,15.0,20.0,2,400000.0,6.0,1,1,1,0
51,2601,12.0,60.0,5,1800000.0,7.0,0,1,1,0
55,3025,15.0,60.0,5,1200000.0,8.0,1,1,1,0
22,484,15.0,60.0,5,2500000.0,9.0,0,1,1,0
29,841,17.0,72.0,2,1000000.0,1.0,1,1,0,0
26,676,17.0,44.0,1,1430000.0,8.0,0,0,1,0
33,1089,15.0,36.0,1,2500000.0,7.0,1,0,1,1
39,1521,15.0,50.0,1,2500000.0,5.0,0,0,1,0
43,1849,12.0,70.0,2,300000.0,1.0,1,0,1,0
28,784,12.0,60.0,1,1800000.0,1.0,0,0,0,0
30,900,17.0,40.0,2,3000000.0,10.0,0,1,1,0
31,961,15.0,45.0,1,1500000.0,8.0,1,0,1,1
38,1444,17.0,35.0,1,3300000.0,12.0,0,0,1,0
40,1600,17.0,40.0,4,4500000.0,7.0,0,1,1,0
51,2601,6.0,45.0,4,1500000.0,11.0,0,1,1,0
46,2116,8.0,45.0,4,1000000.0,8.0,1,1,1,0
24,576,12.0,45.0,4,900000.0,11.0,0,0,1,0
42,1764,7.0,54.0,4,1500000.0,7.0,0,1,1,0
21,441,12.0,54.0,4,1100000.0,7.0,0,0,1,0
62,3844,2.0,20.0,3,500000.0,1.0,0,1,1,0
38,1444,12.0,35.0,3,1500000.0,9.0,1,0,1,0
42,1764,12.0,20.0,5,1200000.0,1.0,0,1,0,0
32,1024,12.0,45.0,3,1500000.0,10.0,0,1,1,0
51,2601,14.0,56.0,5,400000.0,2.0,0,1,0,0
48,2304,12.0,56.0,5,400000.0,2.0,1,1,0,0
45,2025,8.0,6.0,3,1000000.0,4.0,0,1,1,0
27,729,0.0,36.0,2,250000.0,1.0,0,1,0,0
53,2809,12.0,48.0,2,750000.0,1.0,0,1,0,0
36,1296,15.0,55.0,1,600000.0,7.0,0,0,1,0
45,2025,15.0,36.0,5,1300000.0,12.0,0,1,1,0
42,1764,12.0,30.0,3,550000.0,3.0,1,0,0,0
31,961,12.0,45.0,1,1500000.0,11.0,0,0,1,0
54,2916,12.0,45.0,2,800000.0,2.0,0,1,0,1
47,2209,6.0,4.0,4,150000.0,1.0,1,1,1,0
59,3481,6.0,4.0,4,360000.0,6.0,0,1,0,1
69,4761,7.0,20.0,2,0.0,2.0,0,1,1,0
70,4900,7.0,20.0,2,300000.0,1.0,1,1,1,0
51,2601,10.0,35.0,3,1200000.0,7.0,0,0,1,0
22,484,12.0,35.0,3,800000.0,2.0,1,0,1,1
55,3025,17.0,40.0,8,3500000.0,11.0,1,1,1,0
64,4096,17.0,40.0,8,200000.0,1.0,0,1,1,0
31,961,13.0,40.0,8,900000.0,12.0,0,0,1,0
25,625,15.0,40.0,8,700000.0,9.0,1,0,1,0
54,2916,7.0,48.0,2,900000.0,2.0,0,1,0,0
78,6084,6.0,24.0,1,250000.0,1.0,1,0,1,0
52,2704,15.0,40.0,3,1000000.0,5.0,1,0,1,0
28,784,14.0,40.0,3,400000.0,12.0,1,0,1,1
34,1156,8.0,53.0,4,1100000.0,9.0,0,1,1,0
39,1521,9.0,48.0,4,1000000.0,1.0,0,1,0,0
36,1296,17.0,48.0,4,4000000.0,1.0,1,1,0,0
50,2500,12.0,38.0,9,900000.0,2.0,0,1,0,0
54,2916,16.0,40.0,1,3000000.0,11.0,1,0,1,0
55,3025,13.0,45.0,2,2000000.0,12.0,0,1,1,0
53,2809,14.0,45.0,2,2000000.0,12.0,1,1,1,0
34,1156,12.0,24.0,1,750000.0,6.0,0,0,0,0
51,2601,12.0,30.0,7,500000.0,1.0,0,1,1,0
47,2209,12.0,30.0,7,900000.0,9.0,1,1,1,0
43,1849,12.0,33.0,3,600000.0,1.0,0,1,0,0
40,1600,12.0,33.0,3,78000.0,7.0,1,1,0,0
24,576,12.0,52.0,6,500000.0,1.0,1,0,0,0
50,2500,6.0,52.0,6,600000.0,2.0,1,0,1,0
30,900,12.0,52.0,6,500000.0,2.0,1,0,0,0
51,2601,15.0,42.0,7,650000.0,1.0,0,1,0,0
25,625,15.0,42.0,7,350000.0,1.0,1,0,0,0
26,676,17.0,40.0,2,900000.0,8.0,0,1,1,0
41,1681,15.0,48.0,4,1100000.0,8.0,1,1,1,0
50,2500,6.0,44.0,4,1000000.0,10.0,0,1,1,0
39,1521,6.0,68.0,1,400000.0,2.0,0,0,0,0
52,2704,14.0,62.0,2,700000.0,3.0,1,0,1,0
41,1681,13.0,80.0,4,800000.0,8.0,0,1,1,1
49,2401,12.0,40.0,3,800000.0,1.0,1,1,1,0
50,2500,12.0,35.0,4,1500000.0,10.0,0,1,1,0
41,1681,15.0,84.0,3,2000000.0,3.0,0,1,1,0
40,1600,14.0,84.0,3,1000000.0,4.0,1,1,1,0
50,2500,12.0,0.0,3,1800000.0,6.0,1,1,1,0
48,2304,12.0,0.0,3,1800000.0,11.0,0,1,1,0
30,900,12.0,0.0,3,1800000.0,11.0,0,0,1,0
32,1024,9.0,30.0,1,900000.0,2.0,0,0,1,0
60,3600,6.0,60.0,2,600000.0,5.0,1,0,1,0
30,900,10.0,77.0,3,500000.0,3.0,0,1,0,0
23,529,12.0,44.0,4,900000.0,7.0,0,1,1,0
30,900,15.0,28.0,2,1000000.0,6.0,0,0,1,0
62,3844,17.0,40.0,1,2000000.0,3.0,1,0,1,0
54,2916,6.0,30.0,6,800000.0,10.0,0,1,1,0
33,1089,12.0,42.0,4,350000.0,1.0,0,0,0,0
49,2401,15.0,35.0,4,1300000.0,12.0,1,1,1,0
37,1369,12.0,44.0,2,400000.0,2.0,0,1,0,0
49,2401,9.0,84.0,4,870000.0,11.0,0,1,1,0
42,1764,9.0,84.0,4,380000.0,12.0,1,1,1,0
35,1225,12.0,20.0,4,400000.0,1.0,1,1,0,0
37,1369,12.0,20.0,4,800000.0,3.0,0,1,0,0
55,3025,15.0,20.0,3,700000.0,8.0,1,0,1,0
31,961,17.0,35.0,1,1000000.0,9.0,1,0,1,0
29,841,12.0,45.0,1,1500000.0,11.0,0,0,1,0
46,2116,15.0,20.0,3,800000.0,7.0,0,1,1,0
59,3481,6.0,56.0,1,560000.0,6.0,1,0,0,0
22,484,12.0,40.0,2,50000.0,1.0,0,0,0,0
84,7056,7.0,20.0,2,300000.0,2.0,0,1,1,0
57,3249,15.0,40.0,2,1200000.0,2.0,1,0,1,0
38,1444,15.0,40.0,4,2000000.0,11.0,0,1,1,0
43,1849,15.0,40.0,4,1700000.0,11.0,1,1,1,0
53,2809,6.0,54.0,1,1000000.0,1.0,1,0,1,0
47,2209,6.0,40.0,4,600000.0,7.0,0,1,0,0
29,841,8.0,30.0,1,350000.0,2.0,0,0,1,0
37,1369,9.0,48.0,3,360000.0,6.0,0,1,0,0
42,1764,12.0,30.0,2,750000.0,9.0,1,0,1,0
36,1296,6.0,36.0,1,350000.0,2.0,0,0,1,0
38,1444,15.0,50.0,4,800000.0,7.0,1,1,1,0
32,1024,17.0,50.0,4,1400000.0,8.0,0,1,1,0
59,3481,12.0,38.0,1,2900000.0,7.0,0,0,1,0
50,2500,17.0,40.0,2,2000000.0,12.0,1,1,1,0
51,2601,17.0,40.0,2,2000000.0,10.0,0,1,1,0
49,2401,12.0,45.0,2,1300000.0,10.0,0,1,1,0
53,2809,4.0,44.0,1,150000.0,1.0,0,0,0,0
37,1369,0.0,45.0,5,1300000.0,9.0,0,1,1,0
37,1369,17.0,48.0,1,800000.0,8.0,1,0,1,0
60,3600,6.0,30.0,2,500000.0,1.0,0,1,0,0
45,2025,19.0,25.0,3,1800000.0,1.0,1,1,1,0
52,2704,15.0,25.0,2,1000000.0,8.0,1,0,1,0
39,1521,7.0,40.0,4,400000.0,1.0,0,1,0,1
29,841,12.0,45.0,1,600000.0,2.0,0,0,0,0
60,3600,8.0,40.0,1,600000.0,2.0,0,0,1,0
49,2401,6.0,54.0,1,1000000.0,9.0,0,0,1,0
38,1444,15.0,54.0,2,1200000.0,12.0,0,0,1,0
43,1849,12.0,54.0,2,1400000.0,12.0,0,0,1,0
55,3025,12.0,45.0,5,1500000.0,11.0,0,1,1,0
50,2500,6.0,48.0,2,500000.0,2.0,0,1,0,0
62,3844,17.0,35.0,2,2000000.0,3.0,1,1,1,0
59,3481,17.0,60.0,4,700000.0,10.0,0,1,1,0
50,2500,0.0,40.0,4,850000.0,9.0,0,1,1,0
55,3025,6.0,60.0,4,900000.0,7.0,0,1,1,1
33,1089,16.0,40.0,1,1000000.0,5.0,1,0,0,0
48,2304,6.0,35.0,3,800000.0,1.0,0,1,0,0
33,1089,15.0,35.0,3,900000.0,1.0,1,1,1,0
27,729,12.0,56.0,2,800000.0,7.0,1,0,1,0
53,2809,3.0,42.0,4,500000.0,1.0,0,0,0,0
28,784,12.0,40.0,5,600000.0,6.0,0,1,0,0
63,3969,6.0,30.0,1,500000.0,1.0,0,1,1,0
60,3600,12.0,48.0,6,1400000.0,8.0,0,1,1,0
34,1156,7.0,42.0,4,700000.0,1.0,0,0,0,0
26,676,6.0,42.0,4,400000.0,3.0,0,0,0,0
27,729,13.0,30.0,5,600000.0,4.0,0,0,0,0
24,576,13.0,28.0,4,900000.0,12.0,0,0,1,0
55,3025,12.0,25.0,2,890000.0,3.0,1,0,1,0
23,529,12.0,25.0,2,1300000.0,5.0,1,0,1,0
21,441,15.0,72.0,4,1030000.0,7.0,0,1,0,1
51,2601,15.0,60.0,3,400000.0,5.0,1,1,1,0
56,3136,12.0,20.0,5,240000.0,3.0,0,1,0,0
36,1296,12.0,30.0,2,650000.0,6.0,1,0,1,0
22,484,15.0,72.0,4,650000.0,6.0,0,0,0,1
32,1024,12.0,54.0,5,1000000.0,4.0,1,1,1,0
40,1600,10.0,48.0,5,1400000.0,7.0,1,1,0,1
56,3136,12.0,10.0,1,250000.0,1.0,0,0,0,0
47,2209,15.0,40.0,5,1500000.0,10.0,1,1,1,0
43,1849,12.0,72.0,5,1200000.0,1.0,0,1,1,0
48,2304,12.0,48.0,3,480000.0,1.0,0,0,0,0
47,2209,12.0,40.0,1,1900000.0,10.0,0,0,1,0
31,961,12.0,45.0,4,1500000.0,11.0,0,0,1,0
31,961,12.0,56.0,2,1500000.0,8.0,0,1,1,0
52,2704,9.0,48.0,1,450000.0,6.0,0,0,1,0
54,2916,3.0,25.0,3,540000.0,10.0,1,1,1,0
60,3600,12.0,25.0,1,0.0,7.0,0,0,0,0
57,3249,6.0,49.0,1,500000.0,3.0,1,0,1,0
27,729,6.0,42.0,2,600000.0,3.0,0,1,1,0
44,1936,14.0,40.0,3,1135000.0,7.0,0,1,1,0
39,1521,15.0,40.0,3,300000.0,1.0,1,1,1,0
64,4096,5.0,40.0,5,1000000.0,5.0,0,1,1,0
60,3600,6.0,40.0,5,900000.0,9.0,1,1,1,0
33,1089,11.0,40.0,5,528000.0,5.0,0,0,1,0
36,1296,12.0,44.0,3,1000000.0,6.0,0,1,1,0
48,2304,12.0,48.0,4,820000.0,7.0,0,1,1,0
25,625,8.0,48.0,4,600000.0,5.0,0,0,0,0
47,2209,9.0,32.0,3,900000.0,1.0,0,1,1,0
34,1156,15.0,20.0,4,600000.0,8.0,1,1,1,0
41,1681,17.0,35.0,2,480000.0,2.0,1,1,1,0
47,2209,12.0,25.0,2,1100000.0,7.0,0,1,1,1
46,2116,12.0,20.0,1,300000.0,1.0,0,0,0,0
33,1089,6.0,46.0,3,910000.0,7.0,0,1,1,0
30,900,17.0,40.0,2,900000.0,4.0,1,1,1,1
36,1296,17.0,40.0,2,900000.0,2.0,0,1,1,0
30,900,11.0,30.0,5,225000.0,3.0,0,1,0,0
42,1764,15.0,48.0,1,1200000.0,4.0,1,0,1,0
43,1849,15.0,35.0,1,1200000.0,8.0,1,0,1,0
63,3969,9.0,70.0,2,500000.0,1.0,1,0,1,0
38,1444,12.0,30.0,3,1300000.0,2.0,0,0,1,0
44,1936,15.0,45.0,4,900000.0,7.0,1,1,1,0
31,961,12.0,45.0,1,1500000.0,11.0,0,0,1,0
52,2704,6.0,30.0,3,400000.0,1.0,1,1,1,0
33,1089,13.0,45.0,2,1500000.0,12.0,0,1,1,0
32,1024,12.0,45.0,2,1000000.0,12.0,1,1,1,0
44,1936,12.0,36.0,2,1200000.0,10.0,1,1,1,0
31,961,12.0,35.0,2,2000000.0,8.0,0,0,1,0
40,1600,10.0,40.0,5,700000.0,10.0,0,1,1,0
38,1444,12.0,40.0,6,1000000.0,5.0,0,1,0,0
52,2704,9.0,48.0,4,900000.0,3.0,0,1,1,0
63,3969,15.0,48.0,4,1500000.0,11.0,1,1,1,0
53,2809,12.0,30.0,1,750000.0,7.0,1,0,1,0
26,676,12.0,48.0,3,900000.0,6.0,0,0,1,0
44,1936,12.0,48.0,2,640000.0,8.0,1,0,1,0
24,576,12.0,48.0,2,800000.0,7.0,0,0,0,0
42,1764,15.0,40.0,4,600000.0,6.0,1,0,1,0
36,1296,19.0,40.0,1,1500000.0,1.0,0,0,1,0
28,784,16.0,40.0,1,1700000.0,12.0,1,0,1,0
48,2304,17.0,50.0,3,2000000.0,10.0,1,1,1,0
37,1369,17.0,50.0,3,1400000.0,10.0,0,1,1,0
38,1444,17.0,48.0,3,0.0,2.0,1,1,1,0
53,2809,19.0,48.0,3,1400000.0,7.0,0,1,1,0
39,1521,17.0,40.0,3,1500000.0,5.0,0,1,1,0
33,1089,15.0,40.0,3,2000000.0,11.0,1,1,1,0
63,3969,17.0,43.0,1,2500000.0,10.0,0,0,1,0
45,2025,15.0,60.0,3,700000.0,1.0,0,1,1,0
43,1849,7.0,45.0,5,2000000.0,10.0,0,1,1,0
39,1521,7.0,54.0,2,1000000.0,11.0,0,0,1,0
58,3364,9.0,25.0,5,800000.0,11.0,0,1,1,0
55,3025,12.0,25.0,5,200000.0,2.0,1,1,1,0
31,961,12.0,25.0,5,300000.0,2.0,1,1,1,0
34,1156,12.0,25.0,5,600000.0,2.0,0,1,1,0
51,2601,9.0,48.0,5,900000.0,2.0,0,1,0,0
20,400,11.0,48.0,5,400000.0,2.0,0,0,0,0
47,2209,12.0,42.0,4,1500000.0,11.0,0,1,1,0
38,1444,12.0,60.0,4,1500000.0,10.0,0,1,1,0
64,4096,15.0,48.0,1,700000.0,8.0,1,0,1,0
56,3136,17.0,40.0,3,1500000.0,1.0,0,1,1,0
52,2704,17.0,40.0,3,3500000.0,7.0,1,1,1,0
69,4761,19.0,9.0,2,4000000.0,1.0,1,1,1,0
64,4096,19.0,9.0,2,3000000.0,8.0,0,1,1,0
39,1521,12.0,45.0,5,1500000.0,11.0,0,1,1,0
50,2500,15.0,44.0,6,700000.0,7.0,1,1,1,0
36,1296,12.0,42.0,1,1100000.0,4.0,0,0,1,0
35,1225,15.0,56.0,2,600000.0,1.0,0,0,0,0
50,2500,15.0,43.0,3,1300000.0,10.0,0,1,1,0
53,2809,8.0,60.0,2,1500000.0,5.0,0,1,1,0
44,1936,6.0,48.0,4,1000000.0,1.0,0,1,1,0
58,3364,12.0,48.0,2,1500000.0,3.0,0,1,1,0
31,961,12.0,48.0,2,800000.0,1.0,1,1,1,0
40,1600,8.0,54.0,3,1300000.0,6.0,0,1,1,0
50,2500,12.0,35.0,2,900000.0,9.0,1,0,1,0
35,1225,13.0,50.0,3,2000000.0,8.0,1,1,1,0
37,1369,12.0,50.0,3,2000000.0,8.0,0,1,1,0
42,1764,13.0,30.0,2,1180000.0,10.0,1,0,1,0
37,1369,9.0,48.0,4,700000.0,1.0,1,1,1,0
32,1024,12.0,8.0,4,200000.0,5.0,1,0,1,0
63,3969,6.0,40.0,3,800000.0,1.0,0,0,0,0
25,625,12.0,40.0,1,1900000.0,8.0,1,0,1,0
21,441,10.0,50.0,5,450000.0,3.0,0,0,0,0
44,1936,12.0,12.0,4,400000.0,6.0,0,1,1,0
32,1024,12.0,12.0,4,200000.0,6.0,1,1,1,0
23,529,12.0,54.0,2,1400000.0,7.0,0,1,1,0
21,441,12.0,54.0,2,1100000.0,9.0,1,1,1,0
29,841,15.0,52.0,2,900000.0,4.0,0,1,0,0
31,961,16.0,52.0,2,800000.0,4.0,1,1,0,0
56,3136,17.0,60.0,3,1800000.0,11.0,1,1,1,0
45,2025,17.0,45.0,2,685000.0,6.0,0,1,1,0
62,3844,12.0,42.0,5,600000.0,1.0,1,0,1,0
53,2809,12.0,48.0,2,1400000.0,9.0,0,0,1,0
25,625,12.0,48.0,2,2500000.0,6.0,0,0,1,0
50,2500,12.0,35.0,1,2500000.0,8.0,1,0,1,0
41,1681,15.0,40.0,2,2000000.0,8.0,1,0,1,0
61,3721,6.0,40.0,1,1300000.0,9.0,0,0,1,0
36,1296,13.0,16.0,4,150000.0,3.0,1,0,0,0
57,3249,17.0,40.0,2,4000000.0,4.0,1,1,1,0
56,3136,14.0,40.0,2,4500000.0,12.0,0,1,1,0
40,1600,15.0,38.0,3,2300000.0,9.0,1,1,1,0
43,1849,15.0,38.0,3,1900000.0,12.0,0,1,1,0
46,2116,15.0,40.0,2,1500000.0,7.0,1,0,1,0
50,2500,12.0,48.0,3,1000000.0,2.0,0,1,0,0
51,2601,12.0,48.0,3,0.0,2.0,1,1,0,0
26,676,12.0,48.0,2,600000.0,1.0,0,1,0,0
24,576,12.0,48.0,2,500000.0,3.0,1,1,0,0
36,1296,12.0,48.0,1,400000.0,4.0,0,0,0,0
39,1521,12.0,56.0,1,1100000.0,8.0,0,0,1,0
38,1444,12.0,30.0,5,320000.0,1.0,0,1,0,0
60,3600,12.0,48.0,1,1000000.0,1.0,0,0,0,0
64,4096,17.0,48.0,3,4000000.0,7.0,0,1,1,0
30,900,9.0,30.0,4,220000.0,1.0,0,0,0,0
35,1225,12.0,18.0,4,1600000.0,9.0,0,1,1,0
36,1296,12.0,18.0,4,80000.0,2.0,1,1,1,0
52,2704,17.0,40.0,2,1000000.0,1.0,1,0,1,0
46,2116,15.0,30.0,1,820000.0,11.0,1,0,1,0
43,1849,12.0,35.0,5,1500000.0,9.0,0,1,1,0
28,784,14.0,36.0,7,480000.0,4.0,0,0,0,0
22,484,12.0,0.0,3,980000.0,9.0,1,0,1,0
54,2916,15.0,40.0,2,1200000.0,6.0,0,0,1,0
34,1156,15.0,56.0,2,1100000.0,6.0,0,1,1,0
32,1024,15.0,56.0,2,600000.0,5.0,1,1,0,0
46,2116,12.0,48.0,2,500000.0,2.0,1,0,0,0
54,2916,12.0,4.0,5,20000.0,2.0,1,1,0,0
59,3481,12.0,4.0,5,580000.0,3.0,0,1,0,0
44,1936,12.0,40.0,1,600000.0,8.0,0,0,0,0
38,1444,12.0,72.0,2,1000000.0,6.0,0,1,1,0
63,3969,12.0,40.0,6,1500000.0,7.0,0,1,1,0
25,625,12.0,40.0,6,750000.0,7.0,1,0,1,1
41,1681,15.0,15.0,3,144000.0,3.0,1,0,1,0
35,1225,9.0,20.0,6,200000.0,5.0,1,0,0,0
36,1296,15.0,72.0,2,800000.0,6.0,1,1,1,0
36,1296,8.0,60.0,5,1500000.0,2.0,0,1,1,0
38,1444,12.0,40.0,6,1000000.0,1.0,0,0,0,0
46,2116,15.0,48.0,5,1200000.0,11.0,0,1,1,0
57,3249,15.0,48.0,3,950000.0,9.0,1,1,1,0
44,1936,12.0,48.0,1,1000000.0,7.0,0,0,1,0
35,1225,17.0,36.0,1,1100000.0,8.0,1,0,1,0
43,1849,17.0,45.0,4,3800000.0,6.0,1,1,1,0
54,2916,17.0,43.0,2,1800000.0,11.0,0,1,1,0
46,2116,12.0,21.0,5,160000.0,1.0,1,1,1,0
24,576,14.0,21.0,5,250000.0,1.0,1,0,1,0
53,2809,6.0,9.0,3,1400000.0,7.0,0,1,1,0
43,1849,6.0,25.0,3,540000.0,4.0,1,0,0,0
57,3249,12.0,42.0,4,90000.0,1.0,1,0,1,0
38,1444,17.0,40.0,3,4000000.0,7.0,0,1,1,0
39,1521,17.0,40.0,3,2000000.0,1.0,1,1,1,0
64,4096,17.0,42.0,2,5000000.0,3.0,0,1,1,0
62,3844,12.0,42.0,2,1000000.0,3.0,1,1,1,0
34,1156,17.0,40.0,1,3500000.0,8.0,1,0,1,0
66,4356,6.0,35.0,1,1060000.0,9.0,1,0,1,0
50,2500,9.0,44.0,4,2100000.0,6.0,0,1,1,0
44,1936,12.0,44.0,4,550000.0,1.0,1,1,1,0
62,3844,6.0,35.0,1,700000.0,1.0,0,0,1,0
51,2601,13.0,40.0,3,2600000.0,6.0,0,1,1,0
50,2500,17.0,40.0,3,1600000.0,12.0,1,1,1,0
42,1764,9.0,48.0,4,1700000.0,4.0,0,1,1,0
41,1681,14.0,40.0,3,1100000.0,8.0,0,1,1,0
53,2809,6.0,48.0,5,900000.0,3.0,0,1,0,0
42,1764,12.0,15.0,2,1500000.0,6.0,0,0,0,1
38,1444,12.0,42.0,3,1200000.0,9.0,0,1,1,0
47,2209,8.0,40.0,6,1000000.0,9.0,0,1,1,0
40,1600,15.0,21.0,3,1000000.0,3.0,1,1,1,0
41,1681,12.0,21.0,3,1300000.0,12.0,0,1,1,0
45,2025,12.0,45.0,5,1300000.0,11.0,0,1,1,0
20,400,9.0,40.0,6,460000.0,5.0,0,0,0,0
65,4225,17.0,48.0,4,1000000.0,2.0,0,1,1,0
37,1369,12.0,42.0,4,1200000.0,9.0,1,0,1,0
49,2401,14.0,40.0,5,850000.0,3.0,0,1,1,0
75,5625,6.0,14.0,1,200000.0,1.0,0,0,1,0
46,2116,8.0,42.0,4,400000.0,3.0,0,1,0,0
46,2116,7.0,42.0,4,0.0,3.0,1,1,0,0
38,1444,15.0,38.0,3,650000.0,6.0,1,0,1,0
38,1444,7.0,9.0,4,350000.0,12.0,0,1,1,0
46,2116,17.0,71.0,1,740000.0,10.0,1,0,1,0
35,1225,14.0,70.0,1,780000.0,9.0,1,0,1,0
39,1521,17.0,30.0,1,2500000.0,7.0,1,0,1,0
60,3600,15.0,25.0,4,500000.0,1.0,1,1,1,0
24,576,17.0,48.0,1,1200000.0,6.0,1,0,1,0
34,1156,17.0,60.0,3,1200000.0,2.0,0,0,1,0
45,2025,17.0,20.0,4,800000.0,10.0,1,0,1,0
38,1444,12.0,78.0,4,1200000.0,3.0,0,1,1,0
35,1225,14.0,78.0,4,240000.0,1.0,1,1,1,0
55,3025,12.0,56.0,3,300000.0,1.0,0,1,1,0
37,1369,12.0,35.0,3,900000.0,9.0,1,0,1,0
51,2601,9.0,45.0,2,750000.0,6.0,1,0,1,0
55,3025,12.0,20.0,2,550000.0,6.0,1,0,1,0
28,784,12.0,72.0,5,600000.0,9.0,0,0,1,0
47,2209,12.0,56.0,4,700000.0,8.0,1,1,1,0
51,2601,12.0,42.0,2,1200000.0,8.0,0,1,1,0
49,2401,7.0,48.0,4,900000.0,6.0,0,0,1,0
52,2704,12.0,94.0,3,1450000.0,10.0,1,0,1,0
57,3249,6.0,24.0,12,640000.0,6.0,1,0,0,1
36,1296,12.0,24.0,12,610000.0,6.0,1,0,0,1
31,961,12.0,24.0,12,720000.0,3.0,0,0,0,0
25,625,12.0,24.0,12,600000.0,5.0,1,0,0,0
22,484,12.0,24.0,12,600000.0,5.0,0,0,0,0
63,3969,12.0,35.0,3,1500000.0,6.0,0,0,1,0
53,2809,9.0,42.0,5,1000000.0,6.0,0,1,1,0
27,729,7.0,63.0,6,1000000.0,2.0,0,1,0,0
34,1156,12.0,4.0,4,78000.0,8.0,0,0,0,1
37,1369,12.0,40.0,4,1600000.0,10.0,1,0,1,0
51,2601,15.0,49.0,1,400000.0,2.0,0,0,0,0
36,1296,17.0,40.0,3,1400000.0,12.0,1,0,1,0
52,2704,8.0,48.0,5,600000.0,11.0,0,1,1,0
51,2601,15.0,48.0,5,1200000.0,7.0,1,1,1,0
57,3249,15.0,35.0,2,3000000.0,10.0,1,1,1,0
34,1156,17.0,40.0,2,1200000.0,10.0,1,0,1,0
64,4096,7.0,30.0,2,700000.0,3.0,0,0,0,0
30,900,11.0,3.0,4,200000.0,1.0,1,0,0,0
25,625,12.0,3.0,4,1200000.0,6.0,0,0,1,0
56,3136,14.0,9.0,7,500000.0,1.0,1,1,1,0
56,3136,12.0,9.0,7,750000.0,2.0,0,1,1,0
38,1444,15.0,45.0,2,2700000.0,10.0,1,0,1,0
42,1764,15.0,54.0,4,1000000.0,5.0,0,1,1,0
37,1369,17.0,54.0,4,1000000.0,3.0,1,1,1,0
44,1936,12.0,10.0,5,400000.0,1.0,1,0,1,0
41,1681,12.0,48.0,5,90000.0,1.0,1,1,0,0
35,1225,12.0,55.0,3,900000.0,10.0,0,0,1,0
45,2025,15.0,50.0,5,650000.0,7.0,1,1,1,0
37,1369,12.0,24.0,3,350000.0,1.0,1,0,0,0
43,1849,15.0,45.0,4,600000.0,1.0,1,1,1,0
70,4900,9.0,16.0,3,400000.0,1.0,0,1,1,0
51,2601,17.0,50.0,4,1700000.0,9.0,0,1,1,0
50,2500,16.0,48.0,4,800000.0,11.0,1,1,1,0
55,3025,12.0,6.0,2,200000.0,2.0,0,1,0,0
54,2916,12.0,46.0,4,500000.0,1.0,0,1,1,0
20,400,12.0,32.0,2,80000.0,2.0,1,0,0,0
28,784,12.0,40.0,1,2000000.0,1.0,0,0,0,0
45,2025,19.0,49.0,3,800000.0,1.0,1,1,1,0
19,361,12.0,24.0,4,400000.0,3.0,0,0,0,0
25,625,6.0,60.0,1,500000.0,2.0,0,0,1,0
27,729,12.0,32.0,3,700000.0,7.0,0,1,1,0
64,4096,12.0,55.0,2,2000000.0,4.0,0,1,1,0
63,3969,6.0,12.0,2,60000.0,1.0,0,1,1,0
31,961,12.0,80.0,1,987000.0,10.0,0,0,1,0
48,2304,12.0,48.0,4,300000.0,1.0,1,1,1,0
29,841,12.0,42.0,1,1000000.0,4.0,1,0,1,0
44,1936,12.0,36.0,5,1300000.0,9.0,0,1,1,0
44,1936,16.0,36.0,5,1400000.0,8.0,1,1,1,0
50,2500,19.0,40.0,2,2500000.0,9.0,1,1,1,0
51,2601,15.0,40.0,2,1200000.0,9.0,0,1,1,0
54,2916,8.0,36.0,1,900000.0,6.0,1,0,0,0
50,2500,17.0,40.0,2,1500000.0,12.0,0,1,1,0
48,2304,17.0,40.0,2,1500000.0,1.0,1,1,1,0
49,2401,15.0,48.0,3,250000.0,1.0,1,0,1,0
34,1156,12.0,60.0,3,1000000.0,9.0,1,0,1,0
48,2304,14.0,21.0,1,700000.0,1.0,0,0,0,0
64,4096,17.0,5.0,1,500000.0,9.0,0,0,1,0
70,4900,12.0,9.0,2,2000002.0,1.0,1,1,1,0
63,3969,17.0,40.0,2,1100000.0,10.0,0,1,1,0
51,2601,7.0,12.0,3,350000.0,1.0,0,0,1,0
27,729,9.0,36.0,9,100000.0,3.0,1,0,0,1
22,484,8.0,36.0,9,560000.0,6.0,0,0,0,1
58,3364,12.0,48.0,1,1500000.0,2.0,0,0,0,0
37,1369,19.0,40.0,3,2500000.0,12.0,0,1,1,0
45,2025,16.0,40.0,2,530000.0,9.0,1,1,1,0
59,3481,6.0,70.0,2,400000.0,2.0,1,0,0,0
64,4096,15.0,40.0,2,950000.0,10.0,1,1,1,0
45,2025,12.0,45.0,5,1500000.0,11.0,0,1,1,0
47,2209,12.0,42.0,1,1200000.0,9.0,0,0,1,0
48,2304,2.0,6.0,6,300000.0,4.0,0,1,0,0
27,729,11.0,6.0,6,600000.0,1.0,0,0,0,0
24,576,11.0,6.0,6,400000.0,1.0,0,0,0,0
72,5184,14.0,35.0,2,2500000.0,1.0,0,1,1,0
77,5929,12.0,5.0,2,0.0,2.0,1,0,1,0
43,1849,12.0,59.0,1,1300000.0,3.0,0,0,1,0
58,3364,6.0,20.0,7,400000.0,2.0,0,1,1,0
49,2401,12.0,40.0,2,1500000.0,2.0,0,0,0,0
55,3025,12.0,40.0,4,1000000.0,9.0,0,1,1,0
33,1089,17.0,34.0,3,850000.0,9.0,1,1,1,0
26,676,17.0,59.0,4,1000000.0,10.0,1,0,1,0
31,961,17.0,42.0,3,700000.0,1.0,1,1,1,0
72,5184,6.0,9.0,6,150000.0,1.0,0,1,1,0
47,2209,17.0,30.0,5,800000.0,8.0,1,1,1,0
46,2116,12.0,48.0,4,900000.0,8.0,0,0,1,0
38,1444,16.0,34.0,3,303000.0,7.0,0,1,0,1
51,2601,12.0,35.0,5,900000.0,9.0,0,1,1,0
36,1296,12.0,45.0,4,1500000.0,7.0,0,1,1,0
37,1369,15.0,45.0,4,800000.0,8.0,1,1,1,0
35,1225,17.0,40.0,3,900000.0,6.0,1,1,1,0
38,1444,17.0,40.0,3,900000.0,6.0,0,1,1,0
59,3481,12.0,24.0,1,280000.0,3.0,1,0,1,0
47,2209,16.0,40.0,5,1200000.0,9.0,0,1,1,1
38,1444,15.0,30.0,2,1800000.0,1.0,0,1,1,0
36,1296,15.0,30.0,2,2000000.0,7.0,1,1,1,0
30,900,17.0,25.0,2,1000000.0,2.0,0,1,1,0
43,1849,12.0,72.0,6,1500000.0,10.0,0,1,1,0
21,441,13.0,36.0,2,800000.0,6.0,0,0,1,1
61,3721,17.0,45.0,3,1500000.0,1.0,0,1,1,0
43,1849,14.0,30.0,2,700000.0,9.0,1,1,1,0
51,2601,12.0,30.0,2,1200000.0,5.0,0,1,1,0
32,1024,12.0,35.0,3,400000.0,1.0,0,1,0,0
36,1296,12.0,35.0,3,800000.0,1.0,1,1,0,0
31,961,14.0,20.0,2,300000.0,1.0,0,0,1,0
47,2209,17.0,24.0,1,1300000.0,11.0,1,0,1,0
59,3481,12.0,48.0,5,10000000.0,1.0,0,1,1,0
31,961,12.0,48.0,5,1300000.0,12.0,1,0,1,0
51,2601,17.0,55.0,7,600000.0,1.0,0,1,1,0
44,1936,15.0,55.0,7,875000.0,9.0,1,1,1,0
45,2025,17.0,54.0,5,1300000.0,12.0,0,1,1,0
44,1936,17.0,54.0,5,1300000.0,12.0,1,1,1,0
41,1681,12.0,35.0,2,2500000.0,1.0,0,0,1,0
36,1296,12.0,45.0,3,1500000.0,11.0,0,1,1,0
58,3364,12.0,40.0,4,2200000.0,9.0,0,1,1,0
41,1681,12.0,84.0,5,2500000.0,11.0,0,1,1,0
28,784,12.0,60.0,8,400000.0,6.0,1,0,0,1
42,1764,17.0,52.0,3,1500000.0,9.0,0,1,1,0
37,1369,17.0,52.0,3,1500000.0,1.0,1,1,1,0
45,2025,0.0,40.0,3,1600000.0,2.0,0,0,0,0
24,576,8.0,16.0,3,600000.0,1.0,0,1,1,0
25,625,12.0,16.0,3,623000.0,2.0,1,1,1,0
68,4624,1.0,12.0,6,300000.0,1.0,0,1,1,0
59,3481,15.0,30.0,3,1000000.0,11.0,1,0,1,0
59,3481,6.0,48.0,4,850000.0,11.0,0,1,1,0
27,729,14.0,48.0,4,620000.0,11.0,0,0,1,0
31,961,12.0,42.0,3,1000000.0,3.0,1,0,1,0
