edad,edad2,educ,horastrabj,nhogar,P21,PP04C,mujer,casado_unido,tiene_cobertura_salud
30,900,15.0,70.0,2,1315000.0,9.0,0,1,1
30,900,15.0,70.0,2,657500.0,12.0,1,1,1
44,1936,15.0,49.0,5,3287500.0,10.0,0,1,1
46,2116,19.0,49.0,5,2761500.0,12.0,1,1,1
36,1296,17.0,32.0,3,1183500.0,12.0,0,1,1
46,2116,15.0,32.0,3,1052000.0,12.0,1,1,1
44,1936,15.0,40.0,2,483920.0,7.0,1,1,1
50,2500,17.0,48.0,4,1183500.0,11.0,1,1,1
26,676,15.0,48.0,4,1052000.0,2.0,0,0,1
28,784,17.0,60.0,2,1972500.0,12.0,0,0,1
47,2209,17.0,30.0,4,789000.0,8.0,1,1,1
66,4356,17.0,12.0,1,1183500.0,1.0,1,0,1
45,2025,17.0,45.0,3,1052000.0,9.0,1,0,1
43,1849,15.0,35.0,3,789000.0,1.0,0,1,0
46,2116,15.0,35.0,3,657500.0,7.0,1,1,1
58,3364,6.0,45.0,4,526000.0,4.0,0,1,0
53,2809,8.0,45.0,4,289300.0,1.0,1,1,0
20,400,12.0,45.0,4,526000.0,2.0,0,0,0
60,3600,12.0,30.0,3,394500.0,1.0,0,1,1
61,3721,12.0,30.0,3,657500.0,11.0,1,1,1
32,1024,12.0,30.0,3,657500.0,6.0,0,0,1
49,2401,12.0,45.0,3,1709500.0,7.0,1,1,1
46,2116,12.0,45.0,3,1052000.0,9.0,0,1,1
52,2704,12.0,30.0,5,657500.0,9.0,1,1,1
43,1849,12.0,48.0,2,986250.0,5.0,0,1,1
41,1681,14.0,48.0,2,854750.0,6.0,1,1,1
44,1936,12.0,24.0,3,526000.0,2.0,0,0,1
44,1936,17.0,30.0,1,1578000.0,12.0,1,0,1
29,841,17.0,40.0,2,920500.0,8.0,1,1,1
27,729,12.0,40.0,2,1183500.0,8.0,0,1,1
52,2704,10.0,60.0,9,657500.0,6.0,1,0,1
34,1156,12.0,60.0,9,657500.0,9.0,1,0,1
32,1024,9.0,60.0,9,1052000.0,4.0,0,0,1
72,5184,6.0,16.0,2,263000.0,1.0,0,1,1
29,841,12.0,35.0,1,1052000.0,7.0,0,0,1
68,4624,19.0,9.0,2,3945000.0,1.0,1,1,1
63,3969,16.0,9.0,2,3945000.0,8.0,0,1,1
51,2601,12.0,44.0,4,1841000.0,12.0,0,1,1
50,2500,17.0,44.0,4,2630000.0,2.0,1,1,1
44,1936,17.0,48.0,7,2367000.0,3.0,0,1,1
45,2025,17.0,48.0,7,1052000.0,3.0,1,1,1
43,1849,17.0,40.0,3,1052000.0,1.0,1,0,1
37,1369,19.0,53.0,1,2498500.0,12.0,0,0,1
35,1225,17.0,41.0,3,920500.0,9.0,1,1,1
35,1225,15.0,41.0,3,1183500.0,12.0,0,1,1
43,1849,12.0,47.0,5,657500.0,7.0,0,1,1
40,1600,12.0,47.0,5,789000.0,6.0,1,1,1
53,2809,17.0,50.0,3,1512250.0,7.0,1,0,1
25,625,15.0,50.0,3,447100.0,7.0,1,0,1
55,3025,12.0,0.0,2,263000.0,1.0,0,1,1
61,3721,10.0,40.0,2,1578000.0,8.0,1,1,1
47,2209,17.0,28.0,3,1183500.0,9.0,1,1,1
43,1849,7.0,28.0,3,920500.0,1.0,0,1,1
35,1225,17.0,40.0,4,1972500.0,10.0,0,1,1
29,841,12.0,40.0,4,920500.0,10.0,1,1,1
60,3600,12.0,24.0,2,599640.0,1.0,0,1,1
59,3481,8.0,62.0,2,263000.0,2.0,1,0,0
21,441,8.0,62.0,2,263000.0,2.0,0,0,1
38,1444,12.0,40.0,3,920500.0,7.0,1,1,1
65,4225,12.0,84.0,2,131500.0,1.0,1,1,1
46,2116,14.0,48.0,3,1076985.0,10.0,1,0,1
52,2704,17.0,10.0,1,526000.0,2.0,1,0,1
34,1156,6.0,24.0,1,394500.0,2.0,0,0,1
34,1156,5.0,36.0,7,946800.0,4.0,0,1,0
25,625,12.0,60.0,1,789000.0,6.0,0,0,0
65,4225,7.0,8.0,1,526000.0,1.0,1,0,1
48,2304,12.0,9.0,4,1972500.0,1.0,0,1,0
80,6400,3.0,22.0,1,65750.0,1.0,1,1,1
32,1024,12.0,48.0,4,789000.0,12.0,0,1,1
47,2209,17.0,24.0,3,3024500.0,7.0,1,0,1
41,1681,12.0,35.0,4,1183500.0,11.0,0,1,1
38,1444,12.0,35.0,4,1183500.0,11.0,1,1,1
50,2500,17.0,30.0,4,263000.0,1.0,0,1,1
61,3721,10.0,40.0,1,1052000.0,12.0,0,0,1
43,1849,8.0,30.0,4,591750.0,12.0,0,1,0
40,1600,8.0,66.0,4,920500.0,2.0,0,1,1
38,1444,10.0,60.0,9,1262400.0,6.0,0,1,1
27,729,12.0,35.0,7,920500.0,1.0,1,0,0
23,529,12.0,35.0,7,368200.0,5.0,0,0,0
55,3025,15.0,30.0,1,1052000.0,6.0,0,0,1
42,1764,12.0,6.0,1,52600.0,3.0,0,0,0
33,1089,13.0,40.0,4,1025700.0,12.0,1,1,1
31,961,15.0,40.0,4,920500.0,5.0,0,1,1
41,1681,17.0,50.0,1,657500.0,1.0,1,0,1
39,1521,17.0,35.0,4,2630000.0,1.0,1,1,1
71,5041,4.0,16.0,2,526000.0,1.0,1,1,1
36,1296,17.0,0.0,3,1315000.0,12.0,0,1,1
58,3364,17.0,40.0,3,5128500.0,12.0,0,1,1
68,4624,6.0,15.0,2,526000.0,1.0,0,1,1
45,2025,12.0,42.0,4,1183500.0,8.0,0,1,1
45,2025,15.0,42.0,4,1709500.0,7.0,1,1,1
74,5476,17.0,24.0,1,2367000.0,1.0,0,0,1
35,1225,17.0,48.0,2,1709500.0,10.0,1,1,1
40,1600,17.0,48.0,2,1578000.0,10.0,0,1,1
56,3136,13.0,40.0,4,1117750.0,12.0,0,1,1
53,2809,12.0,40.0,4,789000.0,7.0,1,1,1
70,4900,17.0,25.0,1,1972500.0,1.0,0,0,1
39,1521,9.0,54.0,4,1025700.0,6.0,1,0,1
33,1089,17.0,74.0,2,789000.0,7.0,0,1,1
34,1156,19.0,74.0,2,1052000.0,1.0,1,1,1
28,784,17.0,40.0,3,986250.0,7.0,1,0,1
49,2401,6.0,40.0,2,789000.0,3.0,0,1,1
34,1156,13.0,45.0,2,1578000.0,12.0,0,0,1
38,1444,12.0,30.0,4,604900.0,3.0,0,1,1
40,1600,15.0,30.0,4,420800.0,10.0,1,1,1
53,2809,15.0,45.0,4,2498500.0,11.0,0,1,1
50,2500,15.0,45.0,4,920500.0,12.0,1,1,1
39,1521,12.0,40.0,3,591750.0,8.0,0,1,1
22,484,14.0,24.0,3,469455.0,5.0,0,0,0
60,3600,6.0,24.0,3,578600.0,5.0,0,1,0
43,1849,17.0,22.0,4,328750.0,9.0,1,1,1
38,1444,6.0,40.0,6,473400.0,6.0,0,1,0
32,1024,6.0,40.0,6,102570.0,8.0,1,1,0
47,2209,16.0,43.0,5,539150.0,6.0,1,1,1
52,2704,13.0,43.0,5,526000.0,1.0,0,1,1
29,841,12.0,48.0,4,1315000.0,11.0,0,1,1
41,1681,14.0,0.0,3,894200.0,9.0,1,0,1
35,1225,17.0,48.0,2,2367000.0,1.0,0,1,1
58,3364,6.0,48.0,1,460250.0,4.0,1,0,0
56,3136,6.0,60.0,3,394500.0,2.0,0,1,0
21,441,7.0,60.0,3,131500.0,2.0,0,0,0
20,400,12.0,60.0,9,263000.0,2.0,1,0,1
43,1849,12.0,40.0,4,789000.0,1.0,0,1,1
41,1681,17.0,40.0,4,657500.0,6.0,1,1,1
41,1681,7.0,48.0,3,1052000.0,11.0,0,1,1
39,1521,15.0,48.0,3,1052000.0,12.0,1,1,1
36,1296,12.0,50.0,4,460250.0,6.0,1,1,1
36,1296,14.0,50.0,4,1117750.0,9.0,0,1,1
46,2116,17.0,70.0,5,1315000.0,8.0,1,1,1
47,2209,12.0,70.0,5,1315000.0,8.0,0,1,1
23,529,12.0,6.0,3,52600.0,1.0,0,1,0
50,2500,16.0,12.0,4,723250.0,7.0,0,1,1
33,1089,7.0,10.0,4,263000.0,10.0,1,0,0
34,1156,17.0,35.0,3,1972500.0,10.0,0,1,1
33,1089,17.0,35.0,3,1183500.0,10.0,1,1,1
35,1225,12.0,30.0,4,486550.0,8.0,1,1,1
43,1849,17.0,35.0,4,2630000.0,1.0,0,1,1
32,1024,12.0,40.0,3,1052000.0,11.0,1,0,1
40,1600,10.0,56.0,4,1183500.0,5.0,0,1,1
29,841,9.0,48.0,3,460250.0,3.0,0,1,0
26,676,12.0,48.0,3,223550.0,1.0,1,1,0
60,3600,8.0,42.0,6,236700.0,3.0,0,1,0
55,3025,8.0,42.0,6,552300.0,7.0,1,1,1
29,841,12.0,42.0,6,223550.0,3.0,1,0,0
27,729,8.0,42.0,6,197250.0,3.0,1,0,0
37,1369,12.0,56.0,4,526000.0,1.0,1,1,1
43,1849,18.0,45.0,1,4339500.0,12.0,0,0,1
33,1089,12.0,30.0,4,1972500.0,11.0,0,0,1
43,1849,12.0,48.0,3,631200.0,8.0,1,0,1
39,1521,15.0,40.0,4,920500.0,9.0,0,1,1
51,2601,17.0,50.0,1,2630000.0,2.0,1,0,1
20,400,12.0,60.0,8,328750.0,1.0,0,0,1
19,361,12.0,60.0,8,473400.0,5.0,0,0,1
25,625,15.0,48.0,1,986250.0,6.0,0,0,1
36,1296,12.0,52.0,4,657500.0,1.0,1,1,1
62,3844,10.0,40.0,1,394500.0,1.0,0,1,0
42,1764,12.0,48.0,2,986250.0,7.0,0,1,1
54,2916,12.0,50.0,1,1446500.0,7.0,0,0,1
71,5041,15.0,23.0,1,1157200.0,9.0,1,0,1
21,441,9.0,48.0,1,657500.0,12.0,0,0,1
35,1225,17.0,48.0,4,1972500.0,1.0,0,1,0
31,961,17.0,44.0,1,1315000.0,7.0,1,0,1
39,1521,15.0,45.0,1,1078300.0,7.0,0,0,1
69,4761,12.0,30.0,2,263000.0,1.0,1,1,1
63,3969,15.0,40.0,2,657500.0,12.0,0,1,1
63,3969,15.0,40.0,2,657500.0,12.0,1,1,1
47,2209,15.0,60.0,4,1709500.0,9.0,0,1,1
39,1521,13.0,60.0,4,1709500.0,9.0,1,1,1
59,3481,15.0,50.0,3,789000.0,4.0,1,1,1
34,1156,12.0,45.0,2,1578000.0,10.0,0,0,1
42,1764,6.0,45.0,2,1709500.0,10.0,0,0,1
48,2304,12.0,35.0,3,1315000.0,11.0,0,1,1
42,1764,12.0,35.0,3,657500.0,8.0,1,1,1
35,1225,12.0,45.0,2,1315000.0,2.0,0,1,0
28,784,12.0,2.0,5,631200.0,3.0,0,0,0
32,1024,6.0,36.0,7,394500.0,1.0,0,1,0
52,2704,12.0,66.0,1,789000.0,3.0,0,0,0
32,1024,17.0,40.0,3,1578000.0,10.0,1,1,1
37,1369,15.0,40.0,3,189360.0,7.0,0,1,0
37,1369,5.0,9.0,1,131500.0,1.0,0,0,0
53,2809,6.0,48.0,4,394500.0,2.0,0,1,1
54,2916,9.0,48.0,4,657500.0,7.0,1,1,1
31,961,17.0,25.0,4,591750.0,7.0,1,0,1
30,900,9.0,42.0,3,65750.0,2.0,0,1,0
30,900,12.0,42.0,3,65750.0,2.0,1,1,0
50,2500,12.0,45.0,4,1972500.0,11.0,0,1,1
51,2601,14.0,45.0,4,13150.0,1.0,1,1,1
40,1600,12.0,105.0,5,328750.0,3.0,1,1,0
44,1936,12.0,105.0,5,263000.0,1.0,0,1,0
18,324,11.0,105.0,5,65750.0,3.0,1,0,0
26,676,12.0,48.0,1,920500.0,2.0,1,0,1
64,4096,8.0,8.0,4,197250.0,1.0,0,1,0
30,900,12.0,8.0,4,105200.0,2.0,1,0,0
43,1849,17.0,28.0,2,526000.0,8.0,1,0,1
62,3844,6.0,8.0,4,210400.0,2.0,1,1,0
38,1444,7.0,48.0,4,920500.0,4.0,1,0,1
30,900,12.0,56.0,1,631200.0,5.0,0,0,0
53,2809,10.0,0.0,1,1709500.0,8.0,0,0,1
25,625,11.0,12.0,3,118350.0,3.0,1,0,0
20,400,8.0,12.0,3,157800.0,1.0,0,0,0
47,2209,3.0,45.0,4,1841000.0,10.0,0,1,1
44,1936,9.0,48.0,3,789000.0,7.0,1,1,0
35,1225,18.0,31.0,1,355050.0,6.0,1,0,1
20,400,15.0,30.0,5,1183500.0,9.0,1,0,1
25,625,15.0,40.0,1,920500.0,12.0,0,0,1
40,1600,12.0,20.0,4,102570.0,5.0,1,1,0
49,2401,15.0,30.0,5,0.0,7.0,1,0,1
34,1156,12.0,48.0,5,920500.0,1.0,1,1,0
38,1444,12.0,48.0,5,657500.0,3.0,0,1,1
39,1521,6.0,30.0,4,920500.0,11.0,1,1,1
66,4356,12.0,30.0,4,105200.0,1.0,0,1,1
31,961,14.0,40.0,1,1249250.0,10.0,1,0,1
41,1681,9.0,45.0,2,1709500.0,11.0,1,0,1
45,2025,15.0,40.0,1,1446500.0,4.0,0,0,1
26,676,13.0,40.0,1,1972500.0,10.0,0,0,1
26,676,12.0,84.0,1,1972500.0,6.0,0,0,1
31,961,11.0,40.0,4,0.0,10.0,1,0,1
18,324,11.0,2.0,5,473400.0,2.0,0,1,0
35,1225,9.0,72.0,4,2630000.0,12.0,0,1,1
37,1369,11.0,72.0,4,210400.0,1.0,1,1,1
50,2500,12.0,55.0,3,1315000.0,12.0,0,1,1
54,2916,12.0,55.0,3,624625.0,8.0,1,1,1
39,1521,12.0,18.0,2,263000.0,1.0,0,0,0
52,2704,17.0,40.0,3,1972500.0,10.0,1,0,1
36,1296,15.0,19.0,3,197250.0,1.0,1,1,0
47,2209,6.0,35.0,6,946800.0,6.0,0,1,0
33,1089,10.0,60.0,1,591750.0,7.0,0,0,1
28,784,12.0,48.0,4,920500.0,9.0,0,0,1
22,484,12.0,48.0,4,657500.0,12.0,1,0,0
16,256,10.0,105.0,5,657500.0,3.0,1,0,0
31,961,9.0,40.0,1,920500.0,2.0,0,0,0
52,2704,15.0,30.0,1,604900.0,9.0,0,0,1
43,1849,12.0,48.0,3,723250.0,10.0,0,1,1
30,900,6.0,48.0,3,263000.0,1.0,1,1,0
20,400,10.0,50.0,5,420800.0,3.0,1,1,1
23,529,6.0,50.0,5,420800.0,3.0,1,0,0
22,484,12.0,50.0,5,1709500.0,10.0,0,1,1
47,2209,15.0,55.0,1,1025700.0,3.0,0,0,1
40,1600,14.0,8.0,4,460250.0,3.0,0,1,1
30,900,17.0,45.0,1,1052000.0,6.0,1,0,1
61,3721,15.0,40.0,1,1446500.0,2.0,1,0,1
35,1225,17.0,40.0,3,394500.0,12.0,1,1,1
31,961,15.0,40.0,3,394500.0,12.0,0,1,1
25,625,17.0,40.0,1,2104000.0,10.0,0,0,1
53,2809,15.0,42.0,3,920500.0,8.0,0,1,1
47,2209,12.0,42.0,3,197250.0,1.0,1,1,1
18,324,13.0,42.0,3,315600.0,2.0,0,0,1
18,324,12.0,72.0,2,118350.0,4.0,1,0,0
51,2601,8.0,36.0,6,328750.0,1.0,0,1,1
60,3600,12.0,30.0,4,526000.0,9.0,1,1,1
28,784,12.0,30.0,4,657500.0,9.0,1,0,1
60,3600,6.0,40.0,5,1222950.0,2.0,0,1,1
24,576,17.0,58.0,2,1117750.0,11.0,0,1,1
54,2916,6.0,40.0,2,920500.0,7.0,1,0,1
24,576,13.0,40.0,2,19725.0,2.0,1,0,1
44,1936,12.0,42.0,4,1183500.0,4.0,0,1,1
42,1764,12.0,42.0,4,920500.0,1.0,1,1,1
24,576,12.0,42.0,4,920500.0,4.0,0,0,1
25,625,13.0,40.0,1,2104000.0,2.0,0,0,1
36,1296,15.0,40.0,3,1183500.0,9.0,0,1,1
26,676,12.0,58.0,2,1315000.0,11.0,1,1,1
26,676,15.0,58.0,2,1052000.0,11.0,0,1,1
34,1156,15.0,70.0,3,920500.0,1.0,1,1,1
36,1296,12.0,70.0,3,1709500.0,8.0,0,1,1
41,1681,13.0,54.0,1,2498500.0,9.0,0,0,1
70,4900,6.0,40.0,1,197250.0,1.0,0,0,1
43,1849,0.0,35.0,8,394500.0,2.0,0,1,0
25,625,15.0,36.0,2,1236100.0,8.0,0,1,1
26,676,17.0,36.0,2,1341300.0,6.0,1,1,1
27,729,11.0,46.0,1,319545.0,9.0,1,0,0
23,529,13.0,40.0,3,263000.0,5.0,0,0,1
73,5329,8.0,8.0,2,236700.0,1.0,0,1,1
69,4761,8.0,118.0,1,723250.0,1.0,0,0,1
47,2209,6.0,48.0,1,197250.0,1.0,0,0,0
37,1369,15.0,30.0,1,1315000.0,9.0,1,0,1
39,1521,6.0,59.0,2,933650.0,1.0,0,1,1
20,400,12.0,40.0,2,407650.0,9.0,0,0,1
40,1600,15.0,40.0,3,986250.0,7.0,1,0,1
30,900,10.0,40.0,6,460250.0,8.0,0,1,0
56,3136,17.0,30.0,5,1183500.0,7.0,1,1,1
46,2116,8.0,13.0,5,131500.0,2.0,0,1,0
46,2116,12.0,13.0,5,223550.0,3.0,1,1,0
25,625,17.0,13.0,5,0.0,3.0,1,0,1
20,400,12.0,13.0,5,210400.0,3.0,0,0,0
60,3600,6.0,30.0,5,789000.0,1.0,0,1,1
41,1681,12.0,72.0,5,526000.0,2.0,1,0,0
59,3481,17.0,16.0,1,157800.0,8.0,1,0,1
46,2116,12.0,24.0,1,526000.0,8.0,0,0,0
26,676,12.0,3.0,5,263000.0,2.0,0,1,0
44,1936,16.0,16.0,3,65750.0,1.0,1,0,0
71,5041,4.0,44.0,2,381350.0,6.0,0,1,1
71,5041,3.0,44.0,2,394500.0,6.0,1,1,1
25,625,12.0,45.0,2,1183500.0,9.0,0,1,1
19,361,12.0,24.0,4,1117750.0,7.0,0,0,1
20,400,13.0,40.0,4,789000.0,2.0,1,0,1
55,3025,10.0,40.0,4,2630000.0,12.0,0,1,1
28,784,15.0,40.0,4,1578000.0,5.0,0,0,1
39,1521,12.0,40.0,5,1183500.0,8.0,0,1,1
29,841,15.0,36.0,2,1578000.0,7.0,1,1,1
62,3844,9.0,30.0,4,394500.0,3.0,0,1,1
24,576,12.0,30.0,1,986250.0,9.0,1,0,1
49,2401,6.0,45.0,4,986250.0,8.0,0,0,1
24,576,10.0,45.0,4,657500.0,2.0,0,1,0
27,729,12.0,60.0,4,526000.0,2.0,0,1,1
25,625,13.0,60.0,4,470770.0,12.0,1,1,1
38,1444,17.0,37.0,1,1972500.0,12.0,1,0,1
44,1936,7.0,60.0,4,2498500.0,11.0,0,1,1
62,3844,16.0,76.0,2,894200.0,2.0,0,1,1
48,2304,12.0,76.0,2,394500.0,2.0,1,1,1
55,3025,12.0,44.0,1,1125640.0,3.0,0,0,1
53,2809,12.0,40.0,2,394500.0,7.0,1,1,0
59,3481,17.0,40.0,3,1972500.0,12.0,0,1,1
52,2704,15.0,40.0,3,394500.0,7.0,1,1,1
53,2809,15.0,40.0,2,854750.0,5.0,1,1,1
51,2601,9.0,40.0,2,920500.0,7.0,0,1,1
35,1225,11.0,45.0,4,657500.0,5.0,0,1,1
48,2304,10.0,48.0,5,263000.0,1.0,0,1,0
48,2304,12.0,48.0,5,102570.0,6.0,1,1,1
21,441,12.0,48.0,5,263000.0,2.0,1,0,0
36,1296,9.0,48.0,6,1052000.0,1.0,0,1,1
49,2401,15.0,37.0,4,920500.0,9.0,1,1,1
21,441,13.0,37.0,4,328750.0,10.0,1,0,1
23,529,12.0,37.0,4,789000.0,10.0,0,0,1
49,2401,14.0,48.0,4,1315000.0,1.0,0,1,0
51,2601,12.0,37.0,4,3945000.0,12.0,0,1,1
41,1681,12.0,30.0,4,102570.0,9.0,1,0,0
55,3025,6.0,56.0,3,657500.0,8.0,0,1,1
46,2116,6.0,40.0,2,263000.0,1.0,0,0,0
20,400,12.0,40.0,2,460250.0,1.0,1,0,1
24,576,12.0,48.0,4,591750.0,9.0,1,0,1
43,1849,17.0,45.0,4,1841000.0,6.0,0,1,1
34,1156,12.0,45.0,2,3945000.0,12.0,1,1,1
42,1764,8.0,50.0,2,1052000.0,9.0,0,1,1
49,2401,12.0,60.0,2,394500.0,1.0,1,0,0
60,3600,12.0,30.0,2,789000.0,1.0,0,1,0
38,1444,9.0,30.0,3,78900.0,1.0,1,0,0
49,2401,6.0,20.0,2,1052000.0,7.0,0,1,1
34,1156,12.0,40.0,4,1972500.0,9.0,0,1,1
27,729,13.0,40.0,4,1052000.0,3.0,1,1,1
35,1225,12.0,40.0,4,959950.0,9.0,1,1,1
21,441,12.0,30.0,2,394500.0,7.0,1,0,0
26,676,6.0,40.0,3,526000.0,2.0,0,1,0
47,2209,12.0,60.0,3,657500.0,2.0,1,1,1
45,2025,9.0,60.0,3,394500.0,1.0,0,1,1
38,1444,12.0,27.0,6,591750.0,2.0,0,1,1
52,2704,17.0,39.0,3,854750.0,10.0,1,1,1
52,2704,12.0,39.0,3,657500.0,7.0,0,1,1
65,4225,15.0,12.0,2,526000.0,7.0,1,0,1
43,1849,12.0,30.0,4,657500.0,10.0,1,1,1
57,3249,1.0,48.0,6,315600.0,3.0,0,0,0
31,961,9.0,48.0,6,378720.0,5.0,0,0,0
25,625,9.0,48.0,6,0.0,6.0,1,0,0
51,2601,17.0,35.0,2,1052000.0,12.0,1,0,1
55,3025,14.0,32.0,1,767960.0,7.0,1,0,1
25,625,12.0,32.0,4,1578000.0,9.0,0,1,1
35,1225,17.0,45.0,3,526000.0,1.0,1,1,1
37,1369,16.0,45.0,3,1578000.0,6.0,0,1,1
46,2116,8.0,42.0,2,460250.0,1.0,0,0,0
41,1681,6.0,40.0,7,0.0,5.0,0,1,0
38,1444,6.0,40.0,7,420800.0,3.0,1,1,0
19,361,9.0,40.0,7,168320.0,4.0,0,1,0
40,1600,15.0,45.0,3,789000.0,9.0,1,0,1
47,2209,15.0,28.0,1,526000.0,1.0,0,1,1
35,1225,19.0,35.0,1,526000.0,7.0,0,0,1
28,784,14.0,64.0,1,1972500.0,12.0,0,0,1
54,2916,17.0,12.0,1,920500.0,1.0,0,0,0
58,3364,12.0,20.0,1,526000.0,1.0,1,0,1
50,2500,15.0,45.0,3,1183500.0,11.0,1,0,1
47,2209,17.0,35.0,3,1183500.0,9.0,1,0,1
56,3136,14.0,45.0,2,1315000.0,6.0,1,1,1
72,5184,14.0,45.0,2,1315000.0,6.0,0,1,1
26,676,10.0,40.0,2,526000.0,3.0,0,1,1
27,729,11.0,40.0,2,102570.0,6.0,1,1,1
53,2809,7.0,44.0,1,1052000.0,1.0,0,1,0
56,3136,9.0,65.0,2,789000.0,3.0,0,1,1
54,2916,9.0,65.0,2,0.0,3.0,1,1,1
40,1600,15.0,20.0,3,631200.0,7.0,1,1,1
30,900,17.0,45.0,3,920500.0,1.0,1,1,1
61,3721,8.0,60.0,4,1578000.0,4.0,0,0,0
29,841,12.0,60.0,4,526000.0,4.0,0,0,0
22,484,12.0,60.0,4,789000.0,1.0,1,0,0
42,1764,12.0,68.0,1,2630000.0,1.0,0,0,1
55,3025,12.0,48.0,1,1841000.0,6.0,0,0,1
44,1936,19.0,40.0,4,3287500.0,9.0,0,1,1
41,1681,15.0,40.0,4,1578000.0,8.0,1,1,1
47,2209,9.0,48.0,4,394500.0,1.0,1,1,0
30,900,15.0,4.0,2,526000.0,11.0,0,0,1
33,1089,12.0,45.0,3,1117750.0,7.0,0,1,1
49,2401,6.0,48.0,4,263000.0,1.0,0,1,0
41,1681,17.0,40.0,3,2367000.0,7.0,0,1,1
40,1600,17.0,40.0,3,2367000.0,11.0,1,1,1
32,1024,12.0,42.0,3,585175.0,7.0,1,0,1
48,2304,15.0,72.0,1,1315000.0,2.0,1,0,1
20,400,12.0,40.0,7,0.0,3.0,0,1,0
48,2304,8.0,49.0,4,1709500.0,6.0,0,0,1
31,961,15.0,30.0,2,789000.0,9.0,1,1,1
32,1024,17.0,30.0,2,920500.0,5.0,0,1,1
34,1156,17.0,40.0,1,1052000.0,1.0,0,0,1
27,729,9.0,40.0,4,762700.0,8.0,0,1,1
68,4624,15.0,44.0,1,578600.0,5.0,0,0,1
40,1600,8.0,40.0,2,920500.0,8.0,0,1,1
57,3249,17.0,48.0,2,789000.0,9.0,1,1,1
39,1521,17.0,48.0,2,1841000.0,9.0,0,1,1
49,2401,17.0,54.0,3,2761500.0,7.0,0,1,1
65,4225,15.0,30.0,2,1052000.0,9.0,1,1,1
46,2116,10.0,40.0,3,854750.0,6.0,1,0,1
53,2809,12.0,40.0,1,526000.0,3.0,0,0,1
54,2916,6.0,72.0,3,1183500.0,1.0,0,1,1
43,1849,15.0,45.0,1,762700.0,9.0,0,0,1
23,529,13.0,60.0,4,558875.0,7.0,1,0,0
34,1156,12.0,60.0,4,105200.0,1.0,0,1,1
33,1089,12.0,60.0,4,105200.0,2.0,0,1,1
43,1849,6.0,54.0,1,1052000.0,7.0,0,0,0
49,2401,9.0,84.0,3,2630000.0,8.0,0,1,1
50,2500,14.0,46.0,2,1117750.0,7.0,1,1,1
56,3136,19.0,46.0,2,2630000.0,10.0,0,1,1
53,2809,12.0,30.0,3,3945000.0,11.0,0,0,1
18,324,3.0,40.0,7,420800.0,3.0,1,1,0
23,529,16.0,30.0,2,105200.0,3.0,0,0,1
50,2500,12.0,35.0,2,1052000.0,8.0,1,0,1
23,529,12.0,40.0,1,1052000.0,6.0,0,1,1
51,2601,6.0,60.0,2,1052000.0,1.0,0,0,1
46,2116,12.0,48.0,2,1249250.0,8.0,1,0,1
48,2304,9.0,36.0,3,197250.0,1.0,1,0,0
65,4225,10.0,45.0,1,854750.0,1.0,0,0,0
34,1156,6.0,40.0,5,263000.0,5.0,0,1,0
62,3844,12.0,30.0,1,719305.0,10.0,0,0,1
57,3249,13.0,30.0,4,657500.0,1.0,0,1,0
38,1444,6.0,26.0,1,526000.0,1.0,0,0,0
38,1444,12.0,9.0,1,394500.0,5.0,0,0,0
44,1936,12.0,45.0,1,1414940.0,10.0,0,0,1
58,3364,12.0,8.0,2,151225.0,2.0,1,0,0
24,576,12.0,8.0,2,328750.0,1.0,0,0,0
26,676,7.0,40.0,1,920500.0,6.0,0,0,0
47,2209,12.0,36.0,1,526000.0,7.0,0,0,1
27,729,17.0,40.0,2,394500.0,1.0,1,1,1
42,1764,17.0,40.0,3,1315000.0,11.0,0,1,1
44,1936,17.0,40.0,3,657500.0,9.0,1,1,1
39,1521,12.0,40.0,2,263000.0,3.0,1,0,0
24,576,17.0,40.0,1,197250.0,1.0,1,0,1
35,1225,15.0,45.0,2,1183500.0,11.0,1,0,1
34,1156,14.0,45.0,2,789000.0,11.0,1,0,1
45,2025,12.0,30.0,6,736400.0,9.0,1,0,1
28,784,12.0,30.0,6,526000.0,7.0,0,0,0
44,1936,17.0,52.0,3,1709500.0,12.0,0,1,1
45,2025,16.0,52.0,3,657500.0,3.0,1,1,1
23,529,17.0,36.0,3,526000.0,12.0,1,0,1
21,441,10.0,36.0,3,526000.0,12.0,0,0,1
52,2704,9.0,70.0,1,1104600.0,5.0,0,0,0
58,3364,17.0,48.0,3,526000.0,2.0,0,1,1
54,2916,19.0,48.0,3,263000.0,2.0,1,1,1
53,2809,12.0,30.0,6,1183500.0,12.0,0,1,1
24,576,12.0,30.0,6,526000.0,12.0,0,0,1
41,1681,12.0,30.0,2,526000.0,2.0,1,0,1
38,1444,12.0,48.0,2,1249250.0,7.0,0,0,1
37,1369,12.0,48.0,2,657500.0,4.0,0,0,0
52,2704,12.0,62.0,3,460250.0,3.0,0,1,1
54,2916,12.0,62.0,3,460250.0,3.0,1,1,1
18,324,11.0,62.0,3,0.0,3.0,0,0,1
23,529,12.0,40.0,2,789000.0,12.0,1,1,1
22,484,11.0,40.0,2,657500.0,11.0,0,1,1
41,1681,15.0,40.0,3,854750.0,6.0,1,0,1
50,2500,17.0,36.0,2,1052000.0,12.0,1,1,1
54,2916,17.0,21.0,2,986250.0,9.0,0,1,1
48,2304,17.0,6.0,4,854750.0,12.0,1,1,1
41,1681,12.0,80.0,4,762700.0,7.0,0,1,1
39,1521,12.0,80.0,4,591750.0,1.0,1,1,1
17,289,9.0,30.0,7,526000.0,4.0,0,0,0
27,729,12.0,40.0,2,1052000.0,2.0,0,1,1
23,529,15.0,40.0,2,447100.0,5.0,1,1,1
65,4225,6.0,40.0,2,1315000.0,1.0,0,1,1
52,2704,17.0,23.0,2,828450.0,9.0,1,0,1
28,784,12.0,66.0,2,2367000.0,12.0,0,0,1
64,4096,9.0,45.0,1,881050.0,11.0,0,0,1
33,1089,12.0,60.0,1,1052000.0,1.0,0,0,1
40,1600,15.0,48.0,1,394500.0,1.0,1,0,1
22,484,12.0,36.0,3,657500.0,3.0,0,0,0
22,484,12.0,0.0,3,657500.0,12.0,1,1,1
23,529,12.0,0.0,3,657500.0,12.0,0,1,1
40,1600,6.0,48.0,4,1315000.0,6.0,0,1,1
36,1296,16.0,49.0,1,1578000.0,9.0,0,0,1
73,5329,6.0,24.0,2,526000.0,2.0,0,1,1
71,5041,6.0,24.0,2,131500.0,2.0,1,1,1
49,2401,17.0,30.0,3,1709500.0,11.0,1,0,1
30,900,14.0,40.0,1,1249250.0,4.0,1,0,1
73,5329,16.0,12.0,1,394500.0,4.0,0,0,1
54,2916,12.0,30.0,4,789000.0,10.0,1,0,1
30,900,12.0,30.0,4,526000.0,9.0,1,0,1
48,2304,12.0,25.0,2,789000.0,7.0,0,0,1
69,4761,3.0,12.0,2,131500.0,3.0,0,1,1
25,625,13.0,44.0,1,723250.0,5.0,1,0,0
59,3481,12.0,48.0,1,263000.0,1.0,1,0,1
41,1681,13.0,59.0,2,1052000.0,1.0,1,0,1
49,2401,15.0,24.0,4,1709500.0,1.0,0,1,1
34,1156,12.0,40.0,3,920500.0,5.0,0,0,0
29,841,9.0,20.0,3,315600.0,3.0,0,0,0
25,625,9.0,20.0,3,341900.0,6.0,1,0,0
35,1225,12.0,20.0,5,131500.0,3.0,1,1,0
37,1369,12.0,20.0,5,328750.0,3.0,0,1,0
25,625,8.0,30.0,6,854750.0,9.0,1,0,1
64,4096,17.0,40.0,1,2893000.0,12.0,0,0,1
28,784,10.0,54.0,5,328750.0,1.0,1,1,1
45,2025,12.0,48.0,1,789000.0,6.0,0,0,1
70,4900,17.0,30.0,3,710100.0,5.0,0,1,1
55,3025,15.0,39.0,3,263000.0,12.0,1,1,1
45,2025,17.0,39.0,3,1315000.0,3.0,0,1,1
53,2809,17.0,30.0,1,3945000.0,12.0,0,0,1
42,1764,14.0,48.0,3,1709500.0,12.0,1,0,1
19,361,12.0,48.0,3,1315000.0,1.0,1,0,1
38,1444,15.0,40.0,2,2630000.0,9.0,1,1,1
34,1156,8.0,48.0,3,920500.0,11.0,0,1,1
31,961,15.0,48.0,3,1052000.0,9.0,1,1,1
63,3969,15.0,44.0,4,1183500.0,12.0,1,1,1
29,841,12.0,44.0,4,1117750.0,9.0,0,0,1
24,576,13.0,44.0,4,526000.0,9.0,1,0,1
48,2304,14.0,58.0,1,723250.0,7.0,1,0,1
46,2116,12.0,34.0,4,210400.0,2.0,1,1,1
25,625,12.0,34.0,4,1315000.0,7.0,0,0,1
64,4096,12.0,44.0,4,1578000.0,11.0,0,1,1
54,2916,19.0,50.0,7,1315000.0,12.0,1,0,1
59,3481,19.0,50.0,7,3287500.0,12.0,1,0,1
74,5476,17.0,3.0,1,78900.0,1.0,0,0,1
55,3025,17.0,36.0,6,1052000.0,12.0,1,1,1
54,2916,17.0,36.0,6,1315000.0,12.0,0,1,1
38,1444,15.0,36.0,4,881050.0,10.0,0,1,1
30,900,15.0,36.0,4,881050.0,10.0,1,1,1
30,900,15.0,40.0,3,854750.0,8.0,1,1,1
55,3025,12.0,18.0,2,460250.0,1.0,0,1,0
48,2304,6.0,18.0,2,184100.0,8.0,1,1,1
38,1444,17.0,45.0,4,1315000.0,9.0,1,1,1
39,1521,15.0,40.0,1,1578000.0,6.0,0,0,1
33,1089,17.0,30.0,3,657500.0,3.0,1,0,1
61,3721,15.0,40.0,1,3287500.0,10.0,0,0,1
43,1849,9.0,48.0,2,2630000.0,11.0,0,1,1
51,2601,15.0,48.0,2,1972500.0,8.0,1,1,1
26,676,17.0,48.0,2,394500.0,10.0,0,1,1
30,900,17.0,48.0,2,1052000.0,10.0,1,1,1
64,4096,14.0,112.0,1,3287500.0,6.0,0,0,1
30,900,11.0,30.0,4,526000.0,3.0,1,1,0
35,1225,11.0,30.0,4,920500.0,1.0,0,1,0
28,784,12.0,30.0,4,328750.0,7.0,0,0,0
28,784,6.0,30.0,4,526000.0,8.0,0,1,1
36,1296,6.0,54.0,4,1183500.0,1.0,0,1,0
29,841,17.0,35.0,3,920500.0,8.0,1,0,1
28,784,12.0,48.0,4,526000.0,6.0,1,0,1
24,576,12.0,48.0,4,1052000.0,9.0,0,1,1
53,2809,15.0,40.0,2,1052000.0,12.0,1,1,1
49,2401,15.0,40.0,3,1052000.0,7.0,1,1,1
52,2704,15.0,45.0,3,3287500.0,7.0,0,1,1
49,2401,12.0,45.0,3,1052000.0,6.0,1,1,1
41,1681,12.0,48.0,3,526000.0,8.0,0,1,1
46,2116,9.0,54.0,2,1052000.0,8.0,0,0,1
48,2304,17.0,24.0,2,1972500.0,9.0,1,1,1
48,2304,17.0,24.0,2,263000.0,10.0,1,1,1
38,1444,12.0,40.0,2,1446500.0,12.0,0,1,1
35,1225,12.0,40.0,2,1446500.0,10.0,0,1,1
35,1225,12.0,30.0,3,157800.0,1.0,0,0,0
37,1369,15.0,48.0,2,657500.0,8.0,1,0,1
34,1156,9.0,36.0,4,657500.0,1.0,0,1,0
50,2500,12.0,30.0,4,2630000.0,11.0,1,0,1
23,529,12.0,30.0,4,1052000.0,7.0,0,0,1
51,2601,12.0,56.0,3,263000.0,1.0,1,0,0
40,1600,17.0,40.0,1,2630000.0,12.0,0,0,1
49,2401,15.0,32.0,1,1183500.0,10.0,0,0,1
51,2601,12.0,35.0,1,959950.0,8.0,0,0,1
59,3481,15.0,39.0,1,394500.0,1.0,1,0,1
59,3481,12.0,18.0,2,920500.0,1.0,0,1,1
38,1444,12.0,48.0,5,263000.0,1.0,1,0,0
43,1849,9.0,35.0,1,789000.0,2.0,0,0,0
28,784,9.0,30.0,5,526000.0,1.0,0,0,1
31,961,12.0,0.0,3,683800.0,2.0,0,1,0
35,1225,15.0,0.0,3,867900.0,7.0,1,1,1
58,3364,14.0,25.0,1,4602500.0,1.0,1,0,1
59,3481,15.0,84.0,1,657500.0,1.0,0,0,1
29,841,15.0,14.0,1,460250.0,9.0,0,0,1
48,2304,12.0,48.0,4,1315000.0,10.0,0,1,1
21,441,14.0,48.0,4,394500.0,12.0,1,0,1
44,1936,12.0,56.0,5,3287500.0,12.0,0,1,1
33,1089,7.0,45.0,6,526000.0,9.0,0,1,0
71,5041,9.0,0.0,1,657500.0,1.0,0,0,1
80,6400,17.0,20.0,3,407650.0,5.0,1,0,1
53,2809,12.0,40.0,4,815300.0,12.0,0,1,1
49,2401,12.0,40.0,4,105200.0,1.0,1,1,0
19,361,13.0,40.0,4,63120.0,2.0,1,0,0
56,3136,12.0,40.0,2,1183500.0,5.0,1,1,1
57,3249,17.0,40.0,2,1315000.0,3.0,0,1,1
57,3249,6.0,6.0,6,105200.0,2.0,0,1,1
43,1849,6.0,62.0,3,591750.0,12.0,0,0,1
50,2500,15.0,35.0,2,328750.0,2.0,1,1,1
36,1296,19.0,35.0,3,2104000.0,6.0,0,1,1
22,484,14.0,48.0,1,657500.0,6.0,1,0,1
47,2209,12.0,48.0,3,1315000.0,12.0,0,1,1
24,576,12.0,48.0,3,657500.0,6.0,0,0,1
44,1936,17.0,0.0,1,263000.0,8.0,1,0,1
51,2601,12.0,50.0,6,1315000.0,7.0,1,1,1
25,625,15.0,50.0,6,394500.0,5.0,0,0,1
24,576,14.0,50.0,6,394500.0,5.0,0,0,1
29,841,15.0,44.0,4,1315000.0,11.0,0,1,1
28,784,10.0,44.0,4,1315000.0,2.0,1,1,1
40,1600,12.0,72.0,5,1183500.0,4.0,0,1,1
41,1681,15.0,72.0,5,1052000.0,7.0,1,1,1
31,961,12.0,48.0,2,657500.0,6.0,0,1,1
29,841,12.0,48.0,2,460250.0,1.0,1,1,1
60,3600,6.0,52.0,2,1315000.0,8.0,0,1,1
35,1225,8.0,35.0,6,263000.0,1.0,1,1,0
37,1369,8.0,72.0,3,1052000.0,3.0,0,1,1
34,1156,12.0,72.0,3,230125.0,9.0,1,1,1
42,1764,10.0,54.0,2,1052000.0,12.0,0,0,1
40,1600,17.0,54.0,2,13150000.0,10.0,1,1,0
40,1600,17.0,48.0,2,1183500.0,12.0,1,0,1
41,1681,12.0,56.0,1,591750.0,2.0,0,0,1
65,4225,17.0,20.0,3,657500.0,2.0,0,1,1
20,400,15.0,40.0,2,197250.0,3.0,1,0,0
53,2809,6.0,40.0,2,526000.0,1.0,0,1,0
25,625,12.0,45.0,1,1183500.0,12.0,0,1,1
45,2025,17.0,48.0,4,2630000.0,12.0,1,1,1
45,2025,13.0,48.0,4,1315000.0,12.0,0,1,1
56,3136,6.0,50.0,3,657500.0,11.0,0,0,0
59,3481,8.0,14.0,3,52600.0,1.0,1,0,0
53,2809,17.0,8.0,2,197250.0,1.0,1,0,0
29,841,17.0,8.0,2,197250.0,1.0,0,0,0
30,900,12.0,44.0,1,1446500.0,8.0,1,0,1
58,3364,2.0,40.0,2,578600.0,1.0,0,0,0
62,3844,5.0,40.0,2,263000.0,1.0,0,0,0
49,2401,19.0,40.0,1,1841000.0,9.0,1,0,1
38,1444,12.0,35.0,2,894200.0,2.0,1,0,1
47,2209,17.0,40.0,6,1052000.0,8.0,1,1,1
57,3249,15.0,40.0,6,1052000.0,7.0,0,1,1
36,1296,15.0,40.0,3,789000.0,1.0,0,1,1
34,1156,17.0,40.0,3,1578000.0,9.0,1,1,1
31,961,15.0,30.0,1,1315000.0,10.0,0,0,1
36,1296,17.0,39.0,5,1315000.0,12.0,0,1,1
44,1936,6.0,48.0,1,2630000.0,9.0,0,0,1
37,1369,9.0,20.0,4,236700.0,3.0,1,1,0
38,1444,9.0,20.0,4,263000.0,1.0,0,1,0
41,1681,15.0,56.0,5,986250.0,8.0,1,1,1
36,1296,6.0,0.0,6,328750.0,1.0,0,1,0
40,1600,15.0,45.0,4,920500.0,12.0,0,1,1
46,2116,6.0,46.0,3,0.0,6.0,0,0,1
36,1296,12.0,46.0,3,0.0,7.0,0,0,1
40,1600,5.0,46.0,3,0.0,7.0,0,0,1
74,5476,6.0,40.0,1,1183500.0,2.0,0,0,1
48,2304,17.0,30.0,1,394500.0,7.0,1,0,1
40,1600,17.0,20.0,4,92050.0,9.0,1,1,1
63,3969,4.0,8.0,4,131500.0,9.0,0,0,0
27,729,12.0,8.0,4,526000.0,7.0,0,1,0
24,576,12.0,48.0,2,1578000.0,8.0,1,1,1
27,729,12.0,48.0,2,1315000.0,6.0,0,1,1
24,576,16.0,24.0,1,657500.0,11.0,1,0,1
51,2601,15.0,20.0,4,789000.0,8.0,1,1,1
50,2500,15.0,20.0,4,1578000.0,8.0,0,1,1
28,784,17.0,60.0,1,1972500.0,11.0,0,0,1
45,2025,8.0,45.0,5,711415.0,4.0,1,1,1
29,841,12.0,40.0,2,789000.0,5.0,0,1,0
35,1225,12.0,45.0,3,657500.0,7.0,0,1,1
37,1369,17.0,40.0,1,1709500.0,11.0,0,0,1
26,676,10.0,35.0,4,657500.0,1.0,1,0,0
39,1521,12.0,54.0,4,1052000.0,11.0,0,1,1
57,3249,6.0,24.0,4,657500.0,7.0,0,1,1
52,2704,12.0,55.0,5,789000.0,8.0,0,1,1
47,2209,7.0,35.0,4,854750.0,3.0,1,0,0
32,1024,15.0,48.0,4,986250.0,5.0,1,1,0
38,1444,8.0,48.0,4,407650.0,7.0,0,1,0
35,1225,6.0,35.0,6,394500.0,6.0,0,1,0
46,2116,6.0,40.0,3,1117750.0,7.0,1,0,1
52,2704,19.0,33.0,1,5260000.0,1.0,0,0,1
72,5184,17.0,40.0,1,1446500.0,8.0,0,1,1
50,2500,10.0,35.0,3,789000.0,7.0,0,0,1
21,441,12.0,35.0,3,657500.0,11.0,1,0,1
51,2601,12.0,40.0,3,986250.0,6.0,1,0,1
27,729,15.0,40.0,3,102570.0,11.0,1,0,1
58,3364,6.0,35.0,1,526000.0,6.0,0,0,1
36,1296,9.0,14.0,3,197250.0,1.0,1,0,0
36,1296,17.0,45.0,2,3287500.0,11.0,0,1,1
36,1296,17.0,41.0,5,2498500.0,12.0,1,1,1
37,1369,12.0,41.0,5,1315000.0,10.0,0,1,1
32,1024,17.0,45.0,2,1972500.0,10.0,1,1,1
32,1024,13.0,45.0,2,1972500.0,10.0,0,1,1
50,2500,15.0,12.0,2,631200.0,1.0,1,1,1
53,2809,12.0,12.0,2,1183500.0,4.0,0,1,1
67,4489,17.0,20.0,2,0.0,4.0,1,1,1
73,5329,19.0,20.0,1,394500.0,1.0,1,0,1
39,1521,17.0,54.0,4,1972500.0,10.0,0,1,1
39,1521,19.0,54.0,4,1315000.0,9.0,1,1,1
28,784,12.0,0.0,5,102570.0,6.0,1,1,0
60,3600,17.0,50.0,3,3945000.0,2.0,0,1,1
51,2601,13.0,2.0,2,105200.0,1.0,1,0,1
36,1296,17.0,38.0,2,1052000.0,1.0,1,1,1
34,1156,15.0,38.0,2,1183500.0,12.0,0,1,1
63,3969,12.0,40.0,2,1052000.0,3.0,1,0,1
20,400,12.0,40.0,2,184100.0,3.0,1,0,1
44,1936,12.0,40.0,5,1972500.0,10.0,0,1,1
60,3600,17.0,72.0,1,1578000.0,9.0,0,0,1
25,625,17.0,24.0,1,526000.0,1.0,0,0,0
61,3721,9.0,66.0,3,789000.0,2.0,0,1,0
59,3481,10.0,66.0,3,920500.0,12.0,1,1,1
32,1024,12.0,32.0,4,394500.0,1.0,1,0,1
56,3136,17.0,65.0,3,4339500.0,2.0,0,1,1
56,3136,15.0,65.0,3,1972500.0,9.0,1,1,1
70,4900,15.0,19.0,2,328750.0,3.0,1,1,1
72,5184,17.0,19.0,2,328750.0,3.0,0,1,1
44,1936,15.0,45.0,4,1052000.0,12.0,1,1,1
59,3481,12.0,24.0,4,526000.0,1.0,0,0,0
30,900,11.0,47.0,3,1052000.0,4.0,1,0,1
43,1849,12.0,34.0,5,789000.0,7.0,0,1,1
31,961,12.0,34.0,5,263000.0,6.0,1,1,1
22,484,11.0,54.0,2,1183500.0,7.0,0,1,1
20,400,11.0,54.0,2,39450.0,1.0,1,1,1
45,2025,17.0,5.0,4,0.0,1.0,1,1,1
42,1764,12.0,5.0,4,1446500.0,7.0,0,1,1
25,625,12.0,36.0,3,526000.0,3.0,1,1,1
31,961,6.0,36.0,3,789000.0,4.0,0,1,1
49,2401,6.0,40.0,2,526000.0,1.0,0,1,0
49,2401,6.0,40.0,2,460250.0,5.0,1,1,0
37,1369,7.0,20.0,6,526000.0,1.0,0,1,0
66,4356,17.0,16.0,3,13150.0,1.0,0,1,1
26,676,15.0,16.0,3,270890.0,7.0,0,0,1
18,324,12.0,55.0,5,131500.0,1.0,1,0,1
63,3969,6.0,48.0,4,920500.0,12.0,0,1,1
34,1156,17.0,48.0,2,1275550.0,12.0,1,1,1
34,1156,17.0,48.0,2,1183500.0,11.0,0,1,1
36,1296,12.0,60.0,5,657500.0,8.0,0,1,1
44,1936,15.0,0.0,2,499700.0,10.0,1,1,1
41,1681,4.0,0.0,2,1315000.0,8.0,0,1,0
35,1225,11.0,44.0,5,92050.0,7.0,0,0,0
48,2304,12.0,20.0,4,263000.0,1.0,1,1,0
55,3025,6.0,20.0,4,920500.0,7.0,0,1,1
36,1296,13.0,48.0,1,1183500.0,6.0,0,0,1
50,2500,12.0,42.0,6,1183500.0,8.0,0,1,1
49,2401,12.0,42.0,6,1578000.0,11.0,1,1,1
52,2704,12.0,40.0,1,1841000.0,12.0,0,0,1
48,2304,6.0,16.0,5,263000.0,1.0,1,1,0
56,3136,5.0,16.0,5,526000.0,1.0,0,1,0
27,729,14.0,16.0,5,723250.0,12.0,1,0,1
49,2401,9.0,52.0,2,1052000.0,2.0,0,1,1
68,4624,13.0,40.0,3,460250.0,3.0,0,1,1
50,2500,12.0,40.0,3,736400.0,8.0,1,1,1
24,576,15.0,40.0,3,157800.0,3.0,0,0,1
54,2916,17.0,75.0,5,2498500.0,2.0,1,1,1
23,529,16.0,75.0,5,1209800.0,6.0,0,0,1
43,1849,14.0,36.0,3,1236100.0,7.0,0,1,1
45,2025,17.0,36.0,3,3550500.0,8.0,1,1,1
43,1849,12.0,35.0,3,1183500.0,12.0,1,0,1
57,3249,19.0,75.0,5,1709500.0,7.0,0,1,1
48,2304,9.0,40.0,4,920500.0,7.0,0,1,1
50,2500,15.0,40.0,4,920500.0,8.0,1,1,1
66,4356,8.0,4.0,3,26300.0,1.0,0,1,1
32,1024,8.0,4.0,3,394500.0,6.0,0,0,0
33,1089,10.0,44.0,4,1130900.0,8.0,0,1,1
40,1600,12.0,24.0,2,565450.0,7.0,0,0,0
54,2916,14.0,30.0,6,894200.0,8.0,0,1,1
23,529,17.0,50.0,3,0.0,10.0,0,0,1
51,2601,17.0,40.0,2,1315000.0,1.0,1,0,1
41,1681,12.0,40.0,5,526000.0,1.0,1,1,1
56,3136,19.0,12.0,2,39450.0,1.0,1,0,1
24,576,16.0,23.0,2,1052000.0,4.0,1,0,1
41,1681,12.0,40.0,2,789000.0,7.0,0,0,1
61,3721,12.0,42.0,1,920500.0,1.0,0,0,1
45,2025,19.0,40.0,4,4602500.0,12.0,1,1,1
42,1764,17.0,40.0,4,3945000.0,9.0,0,1,1
57,3249,17.0,45.0,1,3945000.0,2.0,1,0,1
43,1849,19.0,28.0,2,4471000.0,11.0,0,0,1
25,625,12.0,30.0,2,789000.0,7.0,0,0,1
47,2209,17.0,40.0,3,1972500.0,11.0,1,1,1
50,2500,12.0,40.0,3,4602500.0,11.0,0,1,1
32,1024,12.0,60.0,3,1578000.0,12.0,0,1,1
36,1296,5.0,20.0,6,328750.0,2.0,0,1,0
56,3136,6.0,35.0,3,591750.0,9.0,0,0,1
47,2209,17.0,70.0,2,2630000.0,11.0,1,0,1
45,2025,12.0,3.0,2,39450.0,1.0,1,1,1
37,1369,12.0,3.0,2,1116435.0,7.0,0,1,1
51,2601,15.0,20.0,1,920500.0,8.0,1,0,1
49,2401,12.0,18.0,2,263000.0,1.0,1,1,1
53,2809,7.0,40.0,3,1183500.0,9.0,0,1,1
19,361,10.0,40.0,3,657500.0,6.0,1,0,1
51,2601,10.0,40.0,3,526000.0,5.0,1,1,1
57,3249,17.0,48.0,1,1709500.0,12.0,1,0,1
43,1849,12.0,45.0,4,6575000.0,7.0,0,1,1
21,441,12.0,45.0,4,920500.0,7.0,1,0,1
36,1296,16.0,96.0,3,1183500.0,10.0,0,1,1
33,1089,17.0,96.0,3,1183500.0,10.0,1,1,1
62,3844,13.0,40.0,3,1315000.0,9.0,0,1,1
59,3481,17.0,40.0,3,1578000.0,8.0,1,1,1
36,1296,12.0,40.0,3,1315000.0,9.0,0,0,1
42,1764,8.0,30.0,1,0.0,3.0,0,0,0
43,1849,12.0,30.0,2,1052000.0,9.0,1,0,1
25,625,16.0,30.0,2,920500.0,2.0,0,0,1
51,2601,12.0,36.0,2,1578000.0,9.0,0,0,1
46,2116,9.0,29.0,3,263000.0,10.0,1,0,1
71,5041,6.0,35.0,3,920500.0,9.0,1,0,1
62,3844,4.0,30.0,1,499700.0,1.0,0,0,0
37,1369,12.0,42.0,2,1183500.0,12.0,1,0,1
32,1024,12.0,98.0,3,1104600.0,2.0,1,1,0
36,1296,6.0,98.0,3,3156000.0,3.0,0,1,0
69,4761,15.0,16.0,2,394500.0,1.0,0,1,1
64,4096,12.0,16.0,2,263000.0,4.0,1,1,1
29,841,12.0,44.0,7,789000.0,2.0,0,0,0
32,1024,12.0,44.0,7,657500.0,1.0,0,0,0
41,1681,7.0,39.0,1,526000.0,3.0,0,0,0
46,2116,12.0,30.0,1,341900.0,1.0,1,1,1
61,3721,11.0,1.0,1,131500.0,1.0,1,0,1
56,3136,12.0,40.0,3,1578000.0,7.0,0,1,1
54,2916,10.0,60.0,4,3945000.0,11.0,0,1,1
30,900,10.0,60.0,4,3682000.0,11.0,0,0,1
50,2500,8.0,40.0,3,1578000.0,9.0,1,0,1
34,1156,6.0,12.0,3,102570.0,3.0,1,0,0
37,1369,6.0,40.0,6,394500.0,1.0,0,1,0
30,900,12.0,40.0,3,1578000.0,10.0,1,0,1
21,441,7.0,30.0,6,394500.0,3.0,0,1,1
36,1296,15.0,20.0,4,723250.0,10.0,1,0,1
58,3364,17.0,44.0,5,2630000.0,10.0,0,1,1
21,441,12.0,44.0,5,920500.0,7.0,1,0,1
56,3136,17.0,44.0,5,1038850.0,10.0,1,1,1
28,784,15.0,48.0,1,1183500.0,7.0,1,0,1
62,3844,15.0,44.0,2,1315000.0,11.0,1,1,1
49,2401,13.0,50.0,1,526000.0,9.0,1,0,1
61,3721,17.0,44.0,2,1972500.0,12.0,0,1,1
40,1600,19.0,24.0,4,3156000.0,12.0,0,1,1
37,1369,17.0,24.0,3,920500.0,3.0,1,1,1
37,1369,17.0,24.0,3,1709500.0,3.0,0,1,1
61,3721,13.0,45.0,3,1052000.0,9.0,1,0,1
33,1089,19.0,45.0,3,1052000.0,6.0,1,0,1
41,1681,19.0,24.0,4,1578000.0,11.0,1,1,1
23,529,12.0,16.0,1,414225.0,4.0,0,0,0
32,1024,10.0,27.0,3,394500.0,1.0,0,1,0
47,2209,3.0,24.0,5,591750.0,2.0,1,1,0
64,4096,6.0,24.0,5,591750.0,2.0,0,1,0
20,400,12.0,30.0,4,394500.0,10.0,1,0,1
42,1764,12.0,30.0,4,394500.0,10.0,1,0,1
33,1089,12.0,40.0,2,499700.0,9.0,1,0,1
51,2601,6.0,48.0,5,2235500.0,9.0,0,1,1
44,1936,12.0,48.0,5,1052000.0,11.0,1,1,1
36,1296,19.0,60.0,1,657500.0,4.0,0,0,1
28,784,12.0,45.0,1,1578000.0,11.0,1,0,1
31,961,12.0,40.0,2,1052000.0,6.0,0,1,1
32,1024,14.0,30.0,4,920500.0,12.0,1,1,1
33,1089,6.0,30.0,4,920500.0,1.0,0,1,0
49,2401,15.0,30.0,3,1709500.0,11.0,1,0,1
39,1521,14.0,54.0,3,1183500.0,7.0,0,1,1
31,961,12.0,54.0,3,1183500.0,1.0,1,1,1
34,1156,12.0,72.0,3,1052000.0,7.0,0,1,1
30,900,15.0,72.0,3,986250.0,8.0,1,1,1
29,841,15.0,48.0,1,1315000.0,6.0,1,0,1
37,1369,17.0,25.0,2,1512250.0,9.0,0,0,1
51,2601,12.0,35.0,3,789000.0,1.0,0,1,0
51,2601,12.0,35.0,3,657500.0,7.0,1,1,1
32,1024,12.0,30.0,2,660130.0,9.0,0,1,1
34,1156,12.0,30.0,2,1578000.0,9.0,1,1,1
27,729,17.0,30.0,1,1203225.0,6.0,1,0,1
56,3136,17.0,40.0,5,920500.0,1.0,0,1,1
51,2601,17.0,40.0,5,526000.0,1.0,1,1,1
37,1369,19.0,32.0,1,1578000.0,1.0,1,0,1
42,1764,17.0,54.0,4,1315000.0,10.0,0,1,1
41,1681,12.0,54.0,4,1052000.0,10.0,1,1,1
38,1444,11.0,44.0,4,3945000.0,1.0,0,1,1
35,1225,17.0,44.0,4,3945000.0,1.0,1,1,1
54,2916,12.0,54.0,2,1709500.0,12.0,0,1,1
52,2704,14.0,54.0,2,1709500.0,12.0,1,1,1
59,3481,10.0,38.0,3,1183500.0,7.0,1,0,1
23,529,12.0,38.0,3,1052000.0,7.0,1,0,1
45,2025,8.0,22.0,3,39450.0,1.0,1,0,0
39,1521,5.0,77.0,5,65750.0,2.0,1,1,0
64,4096,12.0,77.0,5,210400.0,1.0,0,1,0
16,256,9.0,77.0,5,0.0,2.0,1,0,0
36,1296,6.0,21.0,5,13150.0,1.0,1,1,0
42,1764,7.0,21.0,5,52600.0,1.0,0,1,0
67,4489,17.0,0.0,3,789000.0,1.0,0,1,1
33,1089,16.0,0.0,3,946800.0,10.0,1,0,1
29,841,19.0,47.0,2,1315000.0,11.0,0,1,1
26,676,15.0,47.0,2,1052000.0,7.0,1,1,1
33,1089,9.0,45.0,3,1183500.0,6.0,1,1,1
34,1156,15.0,45.0,3,1315000.0,6.0,0,1,1
22,484,12.0,20.0,5,657500.0,5.0,0,0,0
19,361,12.0,42.0,5,591750.0,1.0,0,0,0
46,2116,5.0,44.0,2,1315000.0,9.0,0,0,1
27,729,10.0,70.0,5,710100.0,6.0,1,0,0
40,1600,12.0,44.0,4,789000.0,3.0,0,1,1
30,900,17.0,45.0,1,1972500.0,11.0,1,0,1
30,900,12.0,42.0,2,1315000.0,9.0,1,1,1
31,961,12.0,42.0,2,1578000.0,11.0,0,1,1
63,3969,14.0,72.0,1,1972500.0,1.0,0,0,1
25,625,12.0,45.0,5,920500.0,7.0,1,0,1
35,1225,17.0,20.0,3,1052000.0,8.0,1,0,1
26,676,12.0,42.0,5,315600.0,3.0,1,0,0
24,576,12.0,42.0,5,1052000.0,6.0,0,0,1
21,441,8.0,42.0,5,420800.0,4.0,0,0,0
60,3600,6.0,42.0,5,591750.0,2.0,1,1,1
57,3249,12.0,42.0,5,526000.0,1.0,0,1,0
48,2304,12.0,60.0,2,1052000.0,10.0,0,1,1
55,3025,12.0,60.0,2,39450.0,5.0,1,1,1
63,3969,6.0,10.0,2,131500.0,1.0,1,0,1
44,1936,12.0,10.0,2,368200.0,7.0,1,0,1
62,3844,14.0,20.0,3,789000.0,1.0,0,1,1
45,2025,17.0,40.0,2,920500.0,8.0,1,0,1
65,4225,6.0,40.0,3,52600.0,1.0,0,0,1
45,2025,12.0,28.0,5,526000.0,1.0,1,0,1
42,1764,12.0,28.0,5,789000.0,7.0,1,0,1
29,841,12.0,30.0,3,526000.0,11.0,0,1,1
25,625,12.0,30.0,3,236700.0,1.0,1,1,1
38,1444,12.0,26.0,3,591750.0,4.0,1,1,1
40,1600,12.0,26.0,3,2498500.0,10.0,0,1,1
42,1764,6.0,10.0,3,26300.0,1.0,1,0,0
43,1849,13.0,30.0,4,526000.0,8.0,0,1,1
44,1936,13.0,30.0,4,486550.0,6.0,1,1,1
58,3364,6.0,28.0,2,394500.0,1.0,0,0,0
56,3136,6.0,48.0,1,263000.0,3.0,0,0,0
44,1936,17.0,60.0,3,1052000.0,10.0,1,1,1
43,1849,15.0,45.0,4,789000.0,9.0,1,1,1
43,1849,6.0,60.0,1,1052000.0,7.0,0,0,0
23,529,12.0,40.0,1,1144050.0,8.0,0,0,1
36,1296,6.0,48.0,4,526000.0,1.0,0,1,0
62,3844,15.0,30.0,1,499700.0,7.0,1,0,1
32,1024,12.0,30.0,4,355050.0,9.0,0,0,1
28,784,15.0,20.0,3,1144050.0,8.0,0,1,1
25,625,15.0,20.0,3,486550.0,7.0,1,1,1
44,1936,17.0,50.0,5,223550.0,5.0,0,1,1
39,1521,17.0,40.0,2,3287500.0,1.0,1,0,1
33,1089,15.0,56.0,3,460250.0,7.0,1,1,1
43,1849,15.0,48.0,5,631200.0,8.0,1,1,1
45,2025,6.0,48.0,5,460250.0,1.0,0,1,0
23,529,12.0,48.0,5,263000.0,2.0,1,0,0
33,1089,9.0,14.0,3,526000.0,9.0,0,1,1
32,1024,16.0,14.0,3,499700.0,8.0,1,1,1
32,1024,5.0,56.0,5,1052000.0,5.0,0,1,0
39,1521,15.0,36.0,3,1052000.0,9.0,1,1,1
32,1024,12.0,56.0,4,263000.0,2.0,1,1,1
38,1444,17.0,36.0,3,3287500.0,9.0,0,1,1
48,2304,14.0,64.0,2,394500.0,1.0,1,1,1
70,4900,17.0,64.0,2,263000.0,1.0,0,1,1
37,1369,16.0,48.0,3,1578000.0,12.0,0,1,1
45,2025,15.0,50.0,3,1315000.0,6.0,0,1,1
37,1369,17.0,27.0,1,657500.0,5.0,0,0,1
43,1849,8.0,40.0,3,378720.0,3.0,1,0,1
60,3600,15.0,45.0,3,789000.0,1.0,1,0,1
33,1089,17.0,45.0,3,394500.0,1.0,1,0,1
28,784,17.0,40.0,1,1972500.0,9.0,1,0,1
41,1681,6.0,48.0,2,710100.0,6.0,1,1,1
59,3481,9.0,35.0,3,789000.0,4.0,0,1,0
42,1764,12.0,48.0,2,710100.0,2.0,1,1,1
42,1764,9.0,48.0,2,310340.0,7.0,1,0,0
20,400,8.0,48.0,2,565450.0,9.0,1,0,0
48,2304,9.0,3.0,2,394500.0,1.0,0,1,0
34,1156,12.0,42.0,3,328750.0,6.0,1,0,0
34,1156,15.0,56.0,3,657500.0,2.0,0,1,0
32,1024,12.0,56.0,3,263000.0,2.0,1,1,0
41,1681,12.0,45.0,4,920500.0,8.0,0,1,1
65,4225,17.0,45.0,1,1841000.0,10.0,0,0,1
61,3721,6.0,54.0,3,1117750.0,9.0,0,1,1
52,2704,6.0,30.0,5,460250.0,2.0,1,0,1
38,1444,12.0,30.0,5,460250.0,8.0,1,0,1
26,676,9.0,30.0,5,789000.0,6.0,0,0,0
69,4761,6.0,0.0,2,236700.0,3.0,0,1,1
47,2209,12.0,48.0,6,394500.0,1.0,0,1,0
45,2025,15.0,48.0,6,131500.0,1.0,1,1,0
24,576,15.0,48.0,6,131500.0,1.0,1,0,0
60,3600,15.0,35.0,1,394500.0,1.0,1,0,1
64,4096,15.0,20.0,3,2630000.0,4.0,1,0,1
27,729,17.0,20.0,3,1052000.0,4.0,1,1,1
58,3364,12.0,30.0,1,526000.0,6.0,1,0,1
27,729,8.0,8.0,8,98625.0,7.0,1,0,0
29,841,8.0,8.0,8,526000.0,9.0,0,0,1
55,3025,9.0,84.0,2,1315000.0,1.0,0,1,1
33,1089,8.0,60.0,2,789000.0,7.0,0,0,0
34,1156,12.0,20.0,4,210400.0,1.0,1,1,0
36,1296,12.0,20.0,4,368200.0,2.0,0,1,0
38,1444,9.0,48.0,3,1841000.0,9.0,0,1,1
22,484,11.0,44.0,2,394500.0,6.0,1,0,1
22,484,12.0,44.0,2,394500.0,6.0,1,0,1
51,2601,12.0,30.0,2,789000.0,1.0,0,0,0
31,961,10.0,35.0,4,789000.0,6.0,1,0,0
33,1089,9.0,72.0,6,460250.0,2.0,1,1,1
40,1600,12.0,25.0,6,460250.0,1.0,0,1,0
44,1936,15.0,25.0,6,460250.0,8.0,1,1,1
47,2209,17.0,56.0,1,959950.0,9.0,1,0,1
40,1600,12.0,34.0,4,854750.0,8.0,0,1,1
41,1681,16.0,34.0,4,552300.0,2.0,1,1,1
40,1600,12.0,45.0,3,2104000.0,7.0,0,1,1
18,324,10.0,45.0,3,1578000.0,10.0,0,0,1
49,2401,14.0,38.0,3,1025700.0,1.0,1,0,1
41,1681,12.0,60.0,4,631200.0,9.0,0,1,1
40,1600,14.0,60.0,4,604900.0,8.0,1,1,1
33,1089,14.0,60.0,5,2235500.0,9.0,0,1,1
27,729,12.0,54.0,3,920500.0,4.0,0,1,1
34,1156,15.0,24.0,4,249850.0,3.0,0,0,0
33,1089,12.0,24.0,4,236700.0,10.0,1,0,0
37,1369,17.0,40.0,3,1315000.0,5.0,0,1,1
27,729,15.0,37.0,2,164375.0,8.0,1,0,1
32,1024,12.0,40.0,2,1827850.0,10.0,0,1,1
34,1156,10.0,40.0,2,1236100.0,12.0,1,1,1
63,3969,12.0,32.0,2,2235500.0,6.0,0,1,1
49,2401,16.0,37.0,2,1315000.0,7.0,1,0,1
47,2209,17.0,16.0,2,131500.0,9.0,1,0,1
25,625,16.0,15.0,1,420800.0,12.0,1,0,1
35,1225,13.0,48.0,1,723250.0,7.0,0,0,1
30,900,12.0,63.0,6,1709500.0,2.0,0,1,0
19,361,12.0,63.0,6,315600.0,2.0,0,1,0
25,625,12.0,54.0,2,1170350.0,12.0,1,1,1
26,676,15.0,40.0,2,381350.0,8.0,1,1,1
27,729,15.0,40.0,2,1183500.0,12.0,0,1,1
28,784,12.0,48.0,3,526000.0,4.0,1,1,1
25,625,12.0,48.0,3,526000.0,4.0,0,1,1
52,2704,14.0,35.0,3,2367000.0,8.0,0,1,1
30,900,12.0,30.0,6,236700.0,3.0,0,1,0
68,4624,14.0,40.0,2,1183500.0,6.0,1,1,1
71,5041,14.0,40.0,2,1183500.0,6.0,0,1,1
42,1764,12.0,30.0,6,657500.0,7.0,1,0,1
53,2809,12.0,30.0,1,460250.0,8.0,0,0,1
50,2500,6.0,40.0,6,1578000.0,11.0,0,1,1
30,900,10.0,40.0,6,526000.0,3.0,0,0,0
69,4761,12.0,36.0,1,568080.0,1.0,0,0,1
25,625,12.0,18.0,3,315600.0,3.0,1,0,0
47,2209,12.0,52.0,4,526000.0,1.0,1,1,1
28,784,8.0,8.0,8,105200.0,1.0,0,0,0
58,3364,9.0,30.0,1,657500.0,8.0,0,0,1
45,2025,14.0,56.0,5,1052000.0,7.0,0,1,1
33,1089,6.0,24.0,2,328750.0,6.0,0,0,1
53,2809,12.0,40.0,4,105200.0,1.0,0,1,1
25,625,8.0,40.0,4,102570.0,6.0,0,0,1
60,3600,8.0,40.0,6,1315000.0,8.0,0,1,1
23,529,12.0,12.0,4,1078300.0,9.0,0,1,1
29,841,9.0,18.0,1,263000.0,1.0,0,0,0
53,2809,6.0,60.0,1,1709500.0,6.0,0,0,1
64,4096,12.0,50.0,3,3287500.0,11.0,0,1,1
38,1444,12.0,30.0,1,2498500.0,7.0,0,0,1
39,1521,6.0,40.0,6,1446500.0,10.0,0,1,1
18,324,10.0,40.0,6,657500.0,2.0,0,0,1
52,2704,6.0,48.0,3,1578000.0,8.0,0,1,1
30,900,17.0,48.0,3,355050.0,11.0,0,0,1
35,1225,12.0,40.0,4,723250.0,2.0,0,1,0
36,1296,15.0,40.0,3,1183500.0,9.0,1,1,1
44,1936,15.0,50.0,4,660130.0,2.0,1,1,1
43,1849,14.0,50.0,4,1098025.0,11.0,1,1,1
43,1849,12.0,30.0,3,394500.0,5.0,1,1,1
33,1089,17.0,54.0,2,2367000.0,6.0,0,1,1
30,900,17.0,54.0,2,1052000.0,5.0,1,1,1
63,3969,17.0,30.0,1,881050.0,7.0,1,0,1
38,1444,15.0,40.0,3,1288700.0,8.0,1,0,1
29,841,12.0,54.0,2,394500.0,1.0,0,1,1
39,1521,8.0,72.0,4,1315000.0,7.0,0,1,1
37,1369,15.0,72.0,4,789000.0,9.0,1,1,1
39,1521,17.0,40.0,5,1315000.0,1.0,1,1,1
27,729,16.0,25.0,1,920500.0,1.0,0,0,1
36,1296,12.0,48.0,5,1052000.0,8.0,1,1,1
36,1296,12.0,48.0,5,1183500.0,11.0,0,1,1
36,1296,12.0,15.0,5,263000.0,6.0,0,0,0
41,1681,12.0,70.0,5,657500.0,3.0,0,1,1
45,2025,12.0,70.0,5,394500.0,3.0,1,1,1
50,2500,17.0,30.0,3,3945000.0,11.0,0,0,1
70,4900,15.0,4.0,6,236700.0,1.0,0,1,1
31,961,12.0,4.0,6,1052000.0,7.0,0,1,1
35,1225,15.0,31.0,3,394500.0,1.0,1,0,1
30,900,15.0,45.0,1,1052000.0,12.0,0,0,1
29,841,9.0,40.0,2,986250.0,2.0,0,1,0
31,961,12.0,40.0,4,789000.0,1.0,0,1,1
34,1156,11.0,78.0,4,499700.0,3.0,1,1,0
43,1849,15.0,25.0,2,591750.0,9.0,0,1,1
39,1521,12.0,25.0,2,526000.0,3.0,1,1,1
26,676,7.0,36.0,4,263000.0,2.0,0,0,0
25,625,7.0,36.0,4,263000.0,2.0,0,0,0
62,3844,8.0,8.0,3,131500.0,1.0,1,0,1
24,576,6.0,8.0,3,473400.0,4.0,0,0,1
45,2025,17.0,40.0,3,1709500.0,9.0,0,1,1
27,729,12.0,40.0,6,1183500.0,9.0,0,0,1
52,2704,15.0,20.0,2,657500.0,7.0,1,1,1
57,3249,6.0,20.0,2,1052000.0,8.0,0,1,1
65,4225,12.0,30.0,2,460250.0,9.0,0,0,1
44,1936,15.0,36.0,3,657500.0,8.0,1,1,1
53,2809,12.0,48.0,4,1249250.0,1.0,1,0,1
45,2025,6.0,40.0,1,1183500.0,7.0,0,0,1
37,1369,17.0,35.0,3,1315000.0,10.0,1,0,1
47,2209,0.0,48.0,2,920500.0,7.0,0,1,1
58,3364,12.0,40.0,4,1315000.0,9.0,0,1,1
59,3481,12.0,40.0,4,394500.0,1.0,1,1,1
26,676,15.0,40.0,4,1315000.0,9.0,1,0,1
25,625,15.0,40.0,4,526000.0,8.0,0,0,1
43,1849,14.0,71.0,2,102570.0,4.0,1,1,1
37,1369,12.0,25.0,5,394500.0,8.0,1,0,0
31,961,12.0,20.0,4,328750.0,7.0,1,1,1
65,4225,12.0,30.0,4,749550.0,8.0,0,1,1
34,1156,12.0,30.0,4,394500.0,1.0,0,0,0
39,1521,15.0,63.0,2,1315000.0,2.0,1,1,1
34,1156,15.0,63.0,2,0.0,2.0,0,1,1
36,1296,12.0,59.0,1,460250.0,6.0,0,0,0
29,841,12.0,40.0,5,986250.0,8.0,1,1,1
42,1764,15.0,36.0,4,1052000.0,8.0,1,0,1
54,2916,9.0,45.0,3,789000.0,6.0,0,1,0
31,961,15.0,45.0,3,775850.0,2.0,0,0,1
44,1936,12.0,24.0,3,526000.0,4.0,0,1,1
54,2916,12.0,45.0,3,920500.0,7.0,0,1,1
50,2500,12.0,45.0,3,789000.0,3.0,1,1,1
39,1521,6.0,38.0,1,394500.0,2.0,0,0,0
53,2809,16.0,48.0,2,2367000.0,10.0,1,1,1
60,3600,9.0,40.0,3,789000.0,1.0,0,1,1
60,3600,15.0,5.0,2,65750.0,1.0,1,0,1
50,2500,12.0,36.0,3,657500.0,3.0,1,0,1
57,3249,15.0,20.0,3,460250.0,2.0,1,0,1
37,1369,15.0,20.0,3,986250.0,3.0,1,0,1
33,1089,12.0,30.0,3,1091450.0,12.0,0,1,1
49,2401,15.0,25.0,1,657500.0,10.0,1,0,1
30,900,12.0,48.0,4,249850.0,1.0,1,1,1
29,841,7.0,48.0,4,526000.0,3.0,0,1,1
37,1369,15.0,35.0,3,789000.0,1.0,0,0,1
63,3969,17.0,25.0,4,1052000.0,8.0,0,1,1
22,484,17.0,25.0,1,526000.0,6.0,1,0,1
22,484,12.0,42.0,5,789000.0,1.0,0,1,0
60,3600,17.0,60.0,5,1315000.0,8.0,0,1,1
27,729,17.0,60.0,5,526000.0,8.0,0,0,1
59,3481,6.0,40.0,7,197250.0,2.0,0,1,0
60,3600,14.0,40.0,4,394500.0,1.0,1,1,0
25,625,15.0,40.0,4,328750.0,2.0,1,0,1
49,2401,12.0,32.0,2,526000.0,4.0,1,0,0
65,4225,9.0,45.0,2,1220320.0,7.0,0,0,1
51,2601,12.0,33.0,2,723250.0,8.0,1,1,1
37,1369,12.0,33.0,2,986250.0,11.0,0,1,1
22,484,12.0,36.0,3,105200.0,5.0,0,0,0
37,1369,12.0,60.0,4,3945000.0,3.0,0,1,1
37,1369,12.0,60.0,4,3945000.0,3.0,1,1,1
24,576,9.0,36.0,3,328750.0,1.0,1,0,0
38,1444,15.0,30.0,1,789000.0,6.0,1,0,0
22,484,12.0,40.0,1,394500.0,2.0,0,0,0
39,1521,12.0,30.0,4,473400.0,7.0,0,1,1
32,1024,12.0,30.0,4,3287500.0,8.0,0,1,1
20,400,8.0,48.0,4,394500.0,3.0,0,0,0
49,2401,17.0,48.0,4,1052000.0,1.0,0,1,1
48,2304,15.0,48.0,4,0.0,1.0,1,1,1
71,5041,17.0,48.0,2,5523000.0,12.0,0,1,1
62,3844,15.0,48.0,2,5260000.0,12.0,1,1,1
27,729,12.0,20.0,4,657500.0,1.0,0,1,0
36,1296,6.0,48.0,4,131500.0,1.0,1,0,0
52,2704,15.0,40.0,2,1262400.0,7.0,1,0,1
45,2025,12.0,30.0,4,526000.0,12.0,1,1,1
46,2116,12.0,30.0,4,591750.0,12.0,0,1,1
43,1849,12.0,24.0,5,189360.0,8.0,0,1,0
37,1369,6.0,24.0,5,210400.0,1.0,1,1,0
31,961,12.0,48.0,3,999400.0,6.0,1,0,0
60,3600,6.0,40.0,3,460250.0,10.0,0,1,1
28,784,16.0,40.0,3,460250.0,7.0,1,0,0
52,2704,15.0,20.0,3,236700.0,9.0,1,0,0
28,784,17.0,24.0,2,526000.0,1.0,1,0,1
27,729,17.0,24.0,2,657500.0,1.0,1,0,1
60,3600,7.0,12.0,2,526000.0,1.0,1,1,1
47,2209,12.0,35.0,6,341900.0,2.0,0,1,0
46,2116,12.0,35.0,6,189360.0,5.0,1,1,0
26,676,12.0,35.0,6,341900.0,2.0,0,1,0
36,1296,17.0,40.0,2,1052000.0,7.0,0,1,1
56,3136,15.0,40.0,2,723250.0,1.0,1,1,1
49,2401,6.0,30.0,3,657500.0,5.0,0,1,1
39,1521,12.0,50.0,4,102570.0,6.0,1,1,1
32,1024,11.0,63.0,3,866585.0,7.0,1,0,1
42,1764,12.0,40.0,3,1052000.0,9.0,0,1,1
36,1296,13.0,40.0,3,736400.0,6.0,1,0,1
39,1521,14.0,40.0,1,3287500.0,8.0,1,0,1
47,2209,10.0,40.0,5,1183500.0,4.0,0,1,1
24,576,12.0,40.0,5,0.0,4.0,1,0,0
21,441,12.0,40.0,5,657500.0,7.0,0,0,1
32,1024,12.0,24.0,4,1183500.0,12.0,0,1,1
32,1024,15.0,24.0,4,789000.0,8.0,1,1,1
46,2116,15.0,20.0,3,723250.0,8.0,0,1,1
38,1444,15.0,20.0,3,657500.0,8.0,1,1,1
31,961,6.0,31.0,4,263000.0,2.0,0,1,0
53,2809,6.0,30.0,6,526000.0,8.0,0,1,1
39,1521,12.0,40.0,7,131500.0,2.0,0,0,0
46,2116,12.0,30.0,3,394500.0,1.0,1,1,1
21,441,13.0,30.0,1,460250.0,3.0,1,0,1
35,1225,12.0,22.0,2,789000.0,6.0,1,0,1
47,2209,12.0,30.0,6,2630000.0,4.0,0,1,1
27,729,8.0,30.0,6,920500.0,4.0,0,0,1
38,1444,15.0,48.0,4,1315000.0,7.0,1,0,1
40,1600,12.0,60.0,3,1052000.0,1.0,1,1,1
38,1444,12.0,60.0,3,1841000.0,9.0,0,1,1
52,2704,14.0,53.0,3,920500.0,6.0,1,0,1
60,3600,17.0,60.0,2,1315000.0,4.0,0,1,1
62,3844,17.0,60.0,2,1052000.0,6.0,1,1,1
45,2025,12.0,70.0,5,789000.0,3.0,0,1,0
36,1296,12.0,70.0,5,526000.0,8.0,1,1,1
47,2209,12.0,84.0,3,328750.0,4.0,0,1,0
43,1849,16.0,84.0,3,394500.0,11.0,1,1,1
31,961,15.0,40.0,2,1972500.0,7.0,0,1,1
48,2304,17.0,18.0,5,499700.0,4.0,0,1,1
44,1936,17.0,18.0,5,591750.0,9.0,1,1,1
31,961,6.0,48.0,2,1052000.0,9.0,0,1,1
43,1849,14.0,18.0,4,907350.0,8.0,0,1,1
48,2304,17.0,30.0,5,986250.0,2.0,1,1,1
56,3136,15.0,30.0,5,986250.0,2.0,0,1,1
37,1369,9.0,70.0,5,263000.0,1.0,0,1,0
31,961,12.0,30.0,3,1052000.0,1.0,1,0,0
26,676,15.0,30.0,1,657500.0,8.0,1,0,1
40,1600,17.0,40.0,4,1578000.0,10.0,0,1,1
29,841,14.0,6.0,2,631200.0,2.0,0,0,1
59,3481,8.0,2.0,1,92050.0,1.0,1,0,1
47,2209,12.0,50.0,4,420800.0,1.0,0,1,0
29,841,15.0,20.0,3,736400.0,7.0,1,1,1
37,1369,15.0,20.0,3,1315000.0,12.0,0,1,1
36,1296,3.0,70.0,1,1578000.0,3.0,0,0,1
54,2916,15.0,40.0,3,1052000.0,9.0,1,0,1
58,3364,6.0,48.0,4,512850.0,6.0,0,1,1
33,1089,17.0,31.0,3,473400.0,2.0,1,1,0
36,1296,12.0,31.0,3,532575.0,3.0,0,1,0
61,3721,17.0,40.0,1,1972500.0,12.0,0,0,1
47,2209,8.0,20.0,3,591750.0,7.0,0,1,0
20,400,17.0,54.0,4,815300.0,8.0,1,1,1
43,1849,15.0,40.0,4,854750.0,9.0,1,1,1
51,2601,11.0,40.0,4,1709500.0,1.0,0,1,1
53,2809,6.0,54.0,4,1183500.0,1.0,0,1,1
37,1369,6.0,48.0,4,420800.0,2.0,0,1,0
56,3136,12.0,48.0,6,526000.0,3.0,0,0,0
21,441,12.0,48.0,6,263000.0,2.0,0,0,0
32,1024,12.0,40.0,2,789000.0,3.0,1,0,0
34,1156,17.0,60.0,3,2630000.0,12.0,0,1,1
61,3721,2.0,24.0,3,394500.0,1.0,0,1,1
25,625,17.0,40.0,3,1709500.0,9.0,0,1,1
40,1600,6.0,70.0,6,2367000.0,8.0,0,1,1
60,3600,12.0,40.0,1,1170350.0,4.0,0,0,1
45,2025,16.0,48.0,1,1578000.0,12.0,0,0,1
36,1296,12.0,40.0,5,907350.0,5.0,0,1,0
26,676,12.0,36.0,3,197250.0,1.0,1,0,1
28,784,12.0,25.0,5,263000.0,4.0,0,0,0
40,1600,12.0,36.0,4,1052000.0,6.0,0,1,1
26,676,12.0,48.0,1,1052000.0,6.0,0,0,1
33,1089,17.0,16.0,2,5260000.0,1.0,1,0,1
37,1369,9.0,24.0,4,328750.0,6.0,1,0,0
66,4356,12.0,48.0,1,657500.0,1.0,1,0,1
56,3136,15.0,20.0,3,920500.0,7.0,1,1,1
54,2916,14.0,20.0,3,657500.0,2.0,0,1,1
49,2401,7.0,54.0,4,1578000.0,9.0,0,1,1
30,900,12.0,48.0,3,2038250.0,8.0,0,1,1
32,1024,16.0,35.0,3,1578000.0,7.0,1,1,1
33,1089,15.0,35.0,3,1052000.0,10.0,0,1,1
48,2304,12.0,39.0,1,789000.0,8.0,0,0,1
40,1600,12.0,45.0,5,1183500.0,6.0,1,1,1
21,441,12.0,48.0,2,1512250.0,8.0,0,1,1
37,1369,12.0,30.0,3,1315000.0,6.0,1,0,1
38,1444,15.0,40.0,2,2367000.0,9.0,1,0,1
53,2809,12.0,40.0,2,657500.0,2.0,1,1,1
42,1764,12.0,28.0,3,263000.0,2.0,1,0,0
37,1369,19.0,32.0,4,1841000.0,11.0,1,1,1
45,2025,15.0,32.0,4,789000.0,10.0,0,1,1
42,1764,15.0,30.0,2,920500.0,1.0,0,0,0
59,3481,12.0,40.0,2,1052000.0,3.0,0,1,1
40,1600,15.0,48.0,4,723250.0,9.0,1,1,1
69,4761,7.0,44.0,2,789000.0,1.0,0,1,1
66,4356,13.0,44.0,2,1117750.0,1.0,1,1,1
49,2401,6.0,40.0,4,263000.0,3.0,0,1,0
44,1936,8.0,84.0,4,6575000.0,7.0,0,1,1
37,1369,9.0,84.0,4,1052000.0,10.0,1,1,1
78,6084,14.0,40.0,1,986250.0,11.0,1,0,1
44,1936,12.0,60.0,4,920500.0,2.0,0,1,1
26,676,14.0,15.0,4,1052000.0,3.0,0,0,1
38,1444,15.0,30.0,2,986250.0,10.0,1,0,1
43,1849,3.0,28.0,3,197250.0,1.0,0,0,0
49,2401,12.0,48.0,3,2235500.0,9.0,0,1,1
24,576,12.0,48.0,3,1972500.0,10.0,0,0,1
21,441,15.0,34.0,2,789000.0,6.0,1,1,0
46,2116,12.0,48.0,6,460250.0,3.0,0,0,0
33,1089,6.0,15.0,4,289300.0,4.0,0,1,0
26,676,9.0,56.0,5,157800.0,4.0,1,0,1
49,2401,17.0,56.0,2,552300.0,5.0,1,1,0
49,2401,17.0,28.0,4,1183500.0,11.0,1,1,1
46,2116,17.0,28.0,4,1183500.0,12.0,0,1,1
37,1369,12.0,60.0,3,2630000.0,8.0,1,0,1
39,1521,14.0,39.0,3,1052000.0,12.0,1,1,1
48,2304,17.0,39.0,3,4997000.0,7.0,0,1,1
30,900,17.0,60.0,3,1643750.0,11.0,1,1,1
57,3249,15.0,0.0,3,1972500.0,6.0,1,0,1
35,1225,14.0,48.0,3,1183500.0,2.0,0,0,1
33,1089,12.0,12.0,7,591750.0,6.0,0,1,1
35,1225,12.0,12.0,7,657500.0,8.0,1,1,1
36,1296,12.0,48.0,4,986250.0,8.0,0,1,1
35,1225,15.0,48.0,4,736400.0,8.0,1,1,1
56,3136,9.0,0.0,3,1972500.0,10.0,0,0,1
43,1849,17.0,40.0,1,1709500.0,8.0,0,0,1
61,3721,12.0,40.0,2,657500.0,6.0,0,1,1
35,1225,17.0,48.0,1,1578000.0,10.0,0,0,1
40,1600,12.0,36.0,1,1025700.0,9.0,0,0,1
59,3481,8.0,48.0,3,526000.0,1.0,0,1,1
33,1089,15.0,44.0,4,986250.0,6.0,0,1,1
27,729,12.0,40.0,4,394500.0,6.0,0,0,0
42,1764,12.0,48.0,1,1446500.0,7.0,0,0,1
53,2809,8.0,9.0,4,315600.0,1.0,0,1,1
32,1024,16.0,48.0,3,657500.0,9.0,1,1,1
49,2401,10.0,72.0,2,4602500.0,10.0,0,0,1
55,3025,12.0,72.0,3,5917500.0,9.0,0,1,1
71,5041,8.0,40.0,1,394500.0,4.0,1,0,1
47,2209,12.0,35.0,3,789000.0,12.0,1,1,1
23,529,11.0,63.0,1,1578000.0,7.0,0,0,1
35,1225,11.0,63.0,1,1183500.0,5.0,0,0,1
22,484,11.0,24.0,3,210400.0,4.0,0,0,0
55,3025,14.0,40.0,3,1288700.0,7.0,1,0,1
49,2401,14.0,35.0,3,1709500.0,11.0,0,1,1
52,2704,7.0,40.0,5,696950.0,12.0,1,0,1
31,961,17.0,40.0,5,657500.0,12.0,1,0,1
24,576,12.0,40.0,5,236700.0,1.0,0,0,0
47,2209,15.0,40.0,4,1288700.0,12.0,0,1,1
43,1849,16.0,40.0,4,657500.0,9.0,1,1,1
32,1024,17.0,30.0,2,789000.0,10.0,0,0,1
23,529,12.0,40.0,4,197250.0,3.0,0,0,1
19,361,12.0,40.0,4,0.0,5.0,1,0,0
51,2601,15.0,56.0,3,1709500.0,12.0,0,1,1
24,576,12.0,56.0,3,1052000.0,1.0,1,0,1
55,3025,15.0,42.0,1,1052000.0,1.0,1,0,1
34,1156,12.0,40.0,5,1183500.0,2.0,1,1,1
48,2304,9.0,40.0,4,263000.0,3.0,1,1,0
21,441,11.0,44.0,2,1052000.0,5.0,0,0,0
23,529,8.0,44.0,2,1052000.0,5.0,0,0,0
40,1600,17.0,15.0,4,920500.0,8.0,1,1,1
55,3025,17.0,15.0,4,1315000.0,11.0,0,1,1
75,5625,6.0,25.0,1,328750.0,1.0,1,0,1
43,1849,6.0,48.0,1,394500.0,1.0,0,0,0
52,2704,9.0,40.0,4,394500.0,1.0,0,1,0
53,2809,6.0,40.0,4,789000.0,9.0,1,1,1
45,2025,10.0,36.0,3,1315000.0,4.0,0,1,0
46,2116,12.0,36.0,3,1315000.0,4.0,1,1,0
62,3844,11.0,33.0,3,789000.0,1.0,0,1,1
49,2401,12.0,60.0,7,1052000.0,2.0,0,1,1
25,625,12.0,60.0,7,368200.0,6.0,1,0,1
20,400,12.0,60.0,7,394500.0,2.0,0,0,1
34,1156,12.0,30.0,4,920500.0,6.0,0,1,1
33,1089,17.0,30.0,4,1052000.0,7.0,1,1,1
44,1936,6.0,30.0,4,479975.0,7.0,0,0,1
20,400,10.0,30.0,4,394500.0,2.0,0,1,0
39,1521,6.0,48.0,4,657500.0,2.0,0,1,0
37,1369,15.0,48.0,4,1709500.0,4.0,1,1,1
42,1764,17.0,70.0,4,1183500.0,8.0,0,1,1
42,1764,12.0,70.0,4,526000.0,1.0,1,1,1
41,1681,12.0,48.0,4,854750.0,11.0,0,1,1
47,2209,12.0,40.0,3,881050.0,8.0,0,1,1
43,1849,6.0,28.0,2,499700.0,6.0,1,1,1
47,2209,6.0,28.0,2,591750.0,2.0,0,1,0
60,3600,6.0,45.0,3,394500.0,2.0,0,1,0
52,2704,8.0,50.0,3,591750.0,9.0,0,1,1
33,1089,7.0,12.0,3,103885.0,12.0,1,0,0
63,3969,6.0,18.0,1,368200.0,2.0,0,0,0
44,1936,12.0,40.0,3,920500.0,12.0,1,1,1
45,2025,12.0,40.0,3,1052000.0,12.0,0,1,1
20,400,12.0,40.0,3,19725.0,2.0,0,0,1
45,2025,12.0,16.0,1,131500.0,1.0,0,0,0
48,2304,17.0,12.0,1,394500.0,1.0,0,0,1
48,2304,12.0,48.0,2,920500.0,10.0,0,1,1
51,2601,15.0,48.0,2,789000.0,10.0,1,1,1
35,1225,12.0,40.0,3,1249250.0,7.0,0,1,1
31,961,12.0,45.0,2,1052000.0,6.0,0,1,1
31,961,12.0,45.0,2,447100.0,6.0,1,1,1
64,4096,17.0,40.0,2,657500.0,1.0,1,0,1
75,5625,15.0,30.0,2,105200.0,1.0,0,0,1
38,1444,16.0,30.0,2,263000.0,1.0,0,0,0
57,3249,12.0,25.0,5,1578000.0,1.0,0,1,0
22,484,12.0,25.0,5,486550.0,3.0,1,0,1
20,400,12.0,25.0,5,118350.0,3.0,0,0,0
42,1764,12.0,30.0,3,1052000.0,10.0,0,0,1
46,2116,14.0,35.0,5,394500.0,1.0,1,1,0
45,2025,14.0,35.0,5,828450.0,10.0,0,1,1
61,3721,15.0,40.0,3,986250.0,12.0,0,1,1
57,3249,15.0,40.0,3,1183500.0,10.0,1,1,1
42,1764,12.0,48.0,4,1972500.0,10.0,0,1,1
45,2025,11.0,50.0,6,789000.0,1.0,0,1,1
44,1936,10.0,50.0,6,157800.0,1.0,1,1,1
62,3844,6.0,27.0,2,118350.0,2.0,0,1,1
29,841,12.0,12.0,4,394500.0,1.0,0,1,0
54,2916,12.0,56.0,6,236700.0,1.0,0,1,0
28,784,9.0,36.0,1,526000.0,2.0,0,0,0
30,900,7.0,40.0,2,131500.0,1.0,0,1,0
44,1936,17.0,30.0,2,657500.0,11.0,1,0,1
62,3844,19.0,28.0,1,526000.0,1.0,1,0,1
23,529,14.0,40.0,4,789000.0,4.0,0,0,1
62,3844,19.0,54.0,3,3945000.0,2.0,0,1,1
24,576,19.0,54.0,3,1972500.0,12.0,0,0,1
60,3600,19.0,54.0,3,2630000.0,10.0,1,1,1
46,2116,17.0,40.0,3,1052000.0,9.0,0,1,1
45,2025,17.0,40.0,3,1578000.0,9.0,1,1,1
41,1681,12.0,30.0,3,1183500.0,9.0,1,1,1
47,2209,12.0,72.0,1,591750.0,2.0,0,0,0
49,2401,12.0,18.0,5,105200.0,1.0,0,0,1
59,3481,6.0,40.0,5,1052000.0,9.0,0,0,1
24,576,9.0,48.0,2,1315000.0,1.0,0,1,1
28,784,17.0,40.0,2,1183500.0,3.0,1,1,1
31,961,17.0,40.0,2,1512250.0,8.0,0,1,1
46,2116,12.0,50.0,3,1052000.0,9.0,1,0,1
54,2916,12.0,35.0,2,2630000.0,3.0,1,1,1
58,3364,17.0,35.0,2,3287500.0,8.0,0,1,1
37,1369,15.0,40.0,4,65750.0,1.0,1,1,1
41,1681,15.0,40.0,4,1315000.0,8.0,0,1,1
46,2116,12.0,40.0,3,920500.0,6.0,1,0,1
42,1764,12.0,30.0,5,197250.0,1.0,0,1,1
58,3364,17.0,40.0,2,1183500.0,10.0,0,1,1
58,3364,12.0,40.0,2,710100.0,10.0,1,1,1
61,3721,17.0,35.0,1,1117750.0,12.0,1,0,1
30,900,6.0,32.0,5,328750.0,3.0,0,1,0
64,4096,12.0,44.0,1,5260000.0,1.0,0,0,1
31,961,17.0,45.0,1,920500.0,3.0,0,0,1
38,1444,15.0,35.0,3,526000.0,1.0,0,0,0
34,1156,12.0,35.0,3,394500.0,1.0,0,0,0
34,1156,17.0,60.0,1,920500.0,1.0,0,0,1
33,1089,9.0,40.0,2,499700.0,9.0,1,0,0
53,2809,15.0,44.0,4,302450.0,6.0,1,0,1
23,529,15.0,44.0,4,789000.0,9.0,1,0,1
31,961,12.0,16.0,1,131500.0,5.0,0,0,1
32,1024,12.0,44.0,3,1183500.0,7.0,0,1,1
47,2209,6.0,50.0,3,1709500.0,6.0,0,1,1
29,841,7.0,0.0,4,1531975.0,12.0,0,1,1
26,676,10.0,0.0,4,210400.0,1.0,1,1,1
39,1521,19.0,43.0,2,920500.0,12.0,1,1,1
43,1849,17.0,43.0,2,1315000.0,11.0,0,1,1
38,1444,17.0,40.0,3,2630000.0,2.0,1,1,1
35,1225,12.0,10.0,4,263000.0,1.0,1,0,0
32,1024,17.0,40.0,1,1315000.0,5.0,0,0,1
43,1849,17.0,25.0,4,1183500.0,11.0,0,1,1
41,1681,17.0,25.0,4,1183500.0,11.0,1,1,1
33,1089,9.0,40.0,4,789000.0,1.0,0,1,1
39,1521,12.0,60.0,2,1183500.0,11.0,1,0,1
39,1521,6.0,56.0,3,920500.0,9.0,1,0,1
45,2025,15.0,60.0,4,854750.0,6.0,1,1,1
34,1156,15.0,24.0,3,881050.0,7.0,0,0,1
56,3136,12.0,72.0,2,1709500.0,1.0,0,0,1
41,1681,9.0,62.0,4,526000.0,4.0,0,1,0
62,3844,15.0,40.0,2,1183500.0,9.0,1,0,1
43,1849,12.0,35.0,5,1249250.0,10.0,1,1,1
47,2209,12.0,35.0,5,1578000.0,11.0,0,1,1
51,2601,12.0,30.0,4,486550.0,7.0,1,1,1
56,3136,8.0,30.0,4,591750.0,9.0,0,1,1
43,1849,4.0,32.0,1,789000.0,4.0,0,0,0
33,1089,12.0,56.0,1,1052000.0,7.0,0,0,1
57,3249,15.0,50.0,2,789000.0,12.0,0,0,1
53,2809,12.0,4.0,3,394500.0,7.0,0,1,0
42,1764,4.0,3.0,5,65750.0,1.0,0,1,1
40,1600,12.0,48.0,1,1183500.0,9.0,0,0,1
41,1681,12.0,40.0,1,920500.0,11.0,0,0,1
66,4356,17.0,40.0,2,5260000.0,3.0,0,1,1
62,3844,17.0,40.0,2,4602500.0,1.0,1,1,1
30,900,12.0,25.0,1,920500.0,3.0,0,0,1
53,2809,15.0,30.0,1,526000.0,1.0,0,0,1
21,441,12.0,25.0,1,552300.0,10.0,0,0,1
43,1849,14.0,40.0,2,1643750.0,11.0,0,1,1
40,1600,12.0,48.0,5,657500.0,1.0,0,1,0
31,961,17.0,40.0,2,1275550.0,10.0,1,1,1
45,2025,17.0,30.0,4,1315000.0,9.0,1,0,1
55,3025,6.0,48.0,3,920500.0,8.0,0,1,1
54,2916,6.0,48.0,3,657500.0,1.0,1,1,1
36,1296,6.0,36.0,8,315600.0,2.0,0,1,0
38,1444,11.0,24.0,4,210400.0,2.0,0,1,0
32,1024,8.0,24.0,4,210400.0,2.0,1,1,0
37,1369,8.0,56.0,3,1052000.0,2.0,0,1,0
57,3249,6.0,48.0,1,368200.0,1.0,0,0,0
23,529,12.0,57.0,4,920500.0,2.0,0,1,1
45,2025,8.0,20.0,5,526000.0,1.0,0,1,0
22,484,9.0,20.0,5,394500.0,1.0,0,0,0
57,3249,15.0,56.0,2,1052000.0,11.0,0,1,1
39,1521,12.0,36.0,7,236700.0,7.0,1,0,1
47,2209,17.0,30.0,1,1183500.0,8.0,1,0,1
41,1681,6.0,36.0,6,263000.0,2.0,0,1,0
23,529,9.0,36.0,6,394500.0,4.0,0,0,0
66,4356,6.0,12.0,1,394500.0,1.0,0,0,1
19,361,12.0,49.0,7,526000.0,2.0,1,0,0
48,2304,6.0,40.0,4,657500.0,2.0,1,0,0
26,676,14.0,40.0,4,394500.0,8.0,1,0,0
51,2601,16.0,40.0,1,328750.0,4.0,0,0,0
51,2601,6.0,36.0,2,131500.0,2.0,1,0,0
23,529,6.0,36.0,2,197250.0,2.0,0,0,0
33,1089,15.0,48.0,2,789000.0,7.0,0,0,1
26,676,16.0,40.0,2,328750.0,1.0,1,1,0
57,3249,12.0,48.0,2,328750.0,3.0,0,1,1
30,900,12.0,48.0,2,131500.0,1.0,1,1,1
53,2809,12.0,24.0,2,604900.0,8.0,0,0,1
43,1849,10.0,3.0,5,526000.0,9.0,1,1,1
55,3025,15.0,25.0,3,789000.0,7.0,1,0,1
51,2601,15.0,40.0,1,1709500.0,10.0,0,0,1
24,576,12.0,60.0,3,394500.0,7.0,1,1,0
28,784,9.0,60.0,3,447100.0,7.0,0,1,1
28,784,15.0,20.0,2,328750.0,3.0,1,0,1
29,841,15.0,20.0,2,526000.0,1.0,1,0,0
50,2500,14.0,8.0,3,631200.0,1.0,1,0,1
26,676,17.0,40.0,1,986250.0,9.0,0,0,1
27,729,17.0,60.0,1,1972500.0,7.0,1,0,1
22,484,12.0,54.0,1,1052000.0,7.0,0,0,0
46,2116,9.0,48.0,5,568080.0,2.0,0,1,0
42,1764,12.0,48.0,5,568080.0,2.0,1,1,0
25,625,17.0,35.0,1,920500.0,5.0,0,0,1
40,1600,17.0,31.0,3,526000.0,8.0,1,1,1
43,1849,15.0,31.0,3,263000.0,1.0,0,1,1
48,2304,11.0,48.0,2,504960.0,2.0,0,0,0
25,625,6.0,48.0,3,526000.0,5.0,0,0,0
30,900,12.0,30.0,2,460250.0,10.0,1,0,1
54,2916,12.0,48.0,3,762700.0,9.0,0,1,1
30,900,17.0,48.0,3,657500.0,9.0,1,0,1
57,3249,15.0,56.0,2,789000.0,9.0,1,1,1
34,1156,8.0,112.0,4,657500.0,6.0,0,1,0
58,3364,12.0,30.0,4,1249250.0,6.0,0,1,1
38,1444,12.0,50.0,3,3287500.0,10.0,0,1,1
37,1369,9.0,50.0,3,526000.0,1.0,1,1,1
46,2116,6.0,35.0,4,657500.0,1.0,0,0,0
59,3481,6.0,35.0,2,2104000.0,1.0,0,1,0
26,676,12.0,44.0,4,526000.0,7.0,1,1,1
65,4225,12.0,40.0,2,460250.0,1.0,1,0,1
37,1369,12.0,40.0,2,1117750.0,10.0,1,0,1
38,1444,6.0,40.0,6,920500.0,7.0,0,1,1
20,400,14.0,40.0,4,157800.0,7.0,1,0,0
39,1521,15.0,50.0,2,920500.0,1.0,0,1,1
34,1156,17.0,50.0,2,263000.0,12.0,1,1,1
28,784,6.0,40.0,6,1052000.0,8.0,0,1,1
36,1296,12.0,50.0,4,2630000.0,10.0,0,1,1
43,1849,14.0,49.0,5,1972500.0,6.0,0,1,1
39,1521,15.0,49.0,5,1841000.0,6.0,1,1,1
40,1600,17.0,54.0,1,1052000.0,1.0,0,0,1
33,1089,17.0,40.0,2,1775250.0,7.0,0,1,1
33,1089,15.0,82.0,5,197250.0,2.0,1,1,0
32,1024,8.0,82.0,5,197250.0,2.0,0,1,0
37,1369,15.0,30.0,1,2367000.0,8.0,0,0,1
27,729,17.0,36.0,1,328750.0,3.0,1,0,1
35,1225,12.0,48.0,1,986250.0,8.0,0,0,1
36,1296,6.0,45.0,5,631200.0,11.0,0,1,1
19,361,12.0,45.0,5,252480.0,2.0,1,0,0
26,676,12.0,18.0,3,591750.0,8.0,1,0,1
24,576,14.0,18.0,3,0.0,6.0,1,0,0
46,2116,12.0,40.0,4,1144050.0,6.0,0,1,1
45,2025,15.0,40.0,4,1446500.0,7.0,1,1,1
24,576,14.0,40.0,3,1315000.0,11.0,0,0,1
33,1089,12.0,25.0,4,197250.0,2.0,1,1,0
34,1156,12.0,25.0,4,197250.0,2.0,0,1,0
52,2704,12.0,35.0,3,433950.0,1.0,0,0,0
33,1089,12.0,84.0,1,394500.0,1.0,1,0,0
30,900,8.0,40.0,3,433950.0,5.0,0,1,0
26,676,10.0,40.0,3,401075.0,4.0,1,1,1
54,2916,12.0,24.0,4,368200.0,1.0,1,0,1
51,2601,17.0,0.0,3,1972500.0,9.0,0,1,1
41,1681,15.0,0.0,3,1972500.0,8.0,1,1,1
73,5329,10.0,60.0,2,591750.0,7.0,0,1,1
41,1681,12.0,25.0,4,460250.0,9.0,1,1,1
71,5041,13.0,50.0,5,2630000.0,10.0,0,0,1
42,1764,16.0,50.0,5,1972500.0,10.0,1,1,1
43,1849,12.0,48.0,5,854750.0,2.0,1,1,1
35,1225,12.0,48.0,5,789000.0,7.0,0,1,1
61,3721,6.0,45.0,3,394500.0,1.0,1,1,1
19,361,10.0,40.0,5,526000.0,8.0,0,0,0
23,529,6.0,48.0,1,526000.0,6.0,0,0,0
36,1296,12.0,50.0,3,341900.0,10.0,1,0,1
49,2401,15.0,40.0,4,433950.0,9.0,1,1,1
51,2601,12.0,40.0,5,920500.0,1.0,0,1,0
32,1024,16.0,35.0,1,473400.0,1.0,1,0,1
53,2809,17.0,35.0,3,789000.0,1.0,0,0,1
24,576,12.0,35.0,3,526000.0,1.0,0,0,1
47,2209,7.0,54.0,2,102570.0,12.0,1,1,0
28,784,12.0,45.0,2,1578000.0,11.0,1,0,1
39,1521,17.0,48.0,4,4339500.0,10.0,0,1,1
53,2809,0.0,18.0,2,263000.0,1.0,0,1,0
42,1764,12.0,26.0,1,394500.0,8.0,0,0,1
30,900,18.0,24.0,1,1204540.0,3.0,0,0,0
48,2304,17.0,56.0,4,1315000.0,2.0,1,1,1
69,4761,12.0,48.0,1,2104000.0,2.0,0,0,1
26,676,15.0,40.0,4,986250.0,4.0,0,0,1
25,625,14.0,40.0,4,1183500.0,6.0,0,0,1
22,484,13.0,40.0,4,1183500.0,6.0,0,0,1
44,1936,17.0,40.0,4,1052000.0,2.0,1,1,1
45,2025,12.0,48.0,1,394500.0,1.0,0,0,0
48,2304,17.0,30.0,5,657500.0,9.0,1,1,1
43,1849,15.0,44.0,5,657500.0,5.0,0,1,0
31,961,15.0,44.0,5,328750.0,4.0,1,1,1
62,3844,17.0,4.0,2,657500.0,9.0,1,0,1
47,2209,15.0,44.0,2,657500.0,1.0,1,0,1
32,1024,17.0,30.0,3,394500.0,1.0,1,1,1
36,1296,16.0,40.0,3,2630000.0,6.0,0,1,1
41,1681,16.0,40.0,3,526000.0,1.0,1,1,1
43,1849,14.0,46.0,5,1578000.0,12.0,0,1,1
39,1521,15.0,46.0,5,920500.0,7.0,1,1,1
38,1444,17.0,30.0,3,1052000.0,6.0,0,1,1
51,2601,12.0,63.0,4,2235500.0,12.0,0,1,1
53,2809,15.0,63.0,4,854750.0,7.0,1,1,1
37,1369,16.0,48.0,1,1841000.0,12.0,0,0,1
47,2209,15.0,40.0,2,815300.0,12.0,1,0,1
37,1369,12.0,30.0,4,1249250.0,12.0,0,1,1
51,2601,12.0,40.0,2,199880.0,1.0,1,0,1
53,2809,15.0,25.0,5,789000.0,7.0,1,1,1
26,676,13.0,25.0,5,0.0,9.0,0,0,0
40,1600,12.0,35.0,1,1709500.0,4.0,0,0,1
44,1936,12.0,40.0,4,1709500.0,10.0,0,1,1
60,3600,6.0,40.0,1,1446500.0,9.0,0,0,1
31,961,14.0,32.0,1,1446500.0,10.0,1,0,1
25,625,17.0,48.0,1,1683200.0,9.0,0,0,1
63,3969,6.0,60.0,2,263000.0,1.0,1,1,1
30,900,17.0,84.0,2,105200.0,1.0,1,0,1
39,1521,15.0,40.0,1,657500.0,9.0,0,0,1
29,841,15.0,48.0,2,789000.0,8.0,0,1,0
20,400,10.0,48.0,9,460250.0,1.0,0,0,0
24,576,7.0,48.0,9,197250.0,2.0,0,0,0
28,784,7.0,48.0,9,657500.0,6.0,0,0,0
25,625,15.0,40.0,4,78900.0,1.0,1,0,1
66,4356,9.0,56.0,4,263000.0,1.0,1,0,1
24,576,11.0,56.0,4,618050.0,1.0,0,0,0
48,2304,18.0,40.0,4,789000.0,12.0,0,1,1
34,1156,6.0,78.0,2,1578000.0,3.0,0,1,0
37,1369,12.0,78.0,2,1052000.0,2.0,1,1,0
60,3600,6.0,40.0,4,1315000.0,1.0,0,0,1
29,841,9.0,40.0,4,657500.0,5.0,0,1,1
57,3249,15.0,30.0,5,789000.0,3.0,0,1,0
27,729,6.0,45.0,6,157800.0,1.0,1,1,0
30,900,13.0,45.0,6,394500.0,1.0,0,1,0
53,2809,6.0,28.0,4,105200.0,1.0,1,1,0
56,3136,10.0,28.0,4,368200.0,1.0,0,1,0
24,576,13.0,60.0,1,394500.0,9.0,0,0,1
48,2304,6.0,40.0,4,263000.0,1.0,0,1,0
23,529,12.0,40.0,4,263000.0,6.0,1,0,0
44,1936,15.0,54.0,2,894200.0,6.0,0,0,1
46,2116,9.0,20.0,3,394500.0,1.0,0,1,0
39,1521,17.0,44.0,2,2630000.0,5.0,0,1,1
41,1681,17.0,44.0,2,1972500.0,5.0,1,1,1
34,1156,12.0,45.0,4,1315000.0,12.0,0,1,1
47,2209,17.0,24.0,3,565450.0,9.0,1,0,1
37,1369,15.0,48.0,1,723250.0,12.0,1,0,1
42,1764,15.0,48.0,3,1315000.0,1.0,1,0,1
32,1024,9.0,18.0,6,460250.0,3.0,0,0,1
35,1225,13.0,36.0,3,657500.0,1.0,1,0,0
75,5625,15.0,35.0,2,1841000.0,11.0,1,1,1
33,1089,8.0,35.0,4,1117750.0,9.0,1,1,1
32,1024,8.0,35.0,4,3945000.0,12.0,0,1,1
45,2025,10.0,60.0,7,2367000.0,9.0,0,1,1
44,1936,12.0,48.0,4,789000.0,1.0,0,1,1
46,2116,8.0,20.0,4,657500.0,1.0,0,1,0
54,2916,8.0,46.0,3,263000.0,3.0,0,1,0
25,625,8.0,48.0,7,460250.0,11.0,0,0,0
23,529,8.0,48.0,7,460250.0,11.0,0,0,0
20,400,12.0,48.0,7,460250.0,11.0,0,0,0
28,784,11.0,24.0,6,197250.0,3.0,0,1,0
43,1849,15.0,48.0,7,460250.0,11.0,1,1,0
32,1024,12.0,24.0,4,394500.0,1.0,0,0,0
25,625,6.0,48.0,1,263000.0,1.0,0,0,0
38,1444,12.0,50.0,4,1183500.0,12.0,1,0,1
50,2500,12.0,20.0,6,460250.0,9.0,1,0,1
34,1156,16.0,20.0,6,144650.0,9.0,0,0,0
23,529,12.0,20.0,6,460250.0,1.0,0,0,0
24,576,9.0,20.0,6,526000.0,4.0,0,0,0
28,784,16.0,20.0,6,591750.0,4.0,1,0,1
44,1936,13.0,32.0,3,541780.0,12.0,1,0,1
50,2500,6.0,48.0,3,1315000.0,1.0,0,1,0
58,3364,15.0,18.0,2,197250.0,1.0,1,0,1
24,576,16.0,18.0,2,526000.0,1.0,0,0,1
23,529,13.0,40.0,1,1446500.0,11.0,0,0,1
55,3025,12.0,54.0,2,526000.0,12.0,1,0,1
22,484,12.0,30.0,5,131500.0,3.0,0,0,1
48,2304,12.0,84.0,5,591750.0,2.0,0,1,1
48,2304,12.0,84.0,5,0.0,2.0,1,1,1
49,2401,17.0,75.0,4,2235500.0,7.0,0,1,1
39,1521,9.0,20.0,4,3945000.0,1.0,0,0,0
32,1024,12.0,20.0,4,92050.0,1.0,0,1,0
74,5476,15.0,35.0,1,0.0,6.0,1,0,1
49,2401,6.0,0.0,4,1052000.0,7.0,0,1,1
53,2809,12.0,60.0,3,2104000.0,9.0,0,1,1
36,1296,10.0,20.0,6,92050.0,5.0,1,1,0
49,2401,12.0,20.0,6,591750.0,8.0,0,1,1
32,1024,12.0,30.0,4,236700.0,1.0,0,0,0
34,1156,17.0,40.0,2,2235500.0,9.0,0,1,1
31,961,14.0,40.0,2,1972500.0,1.0,0,1,1
39,1521,12.0,40.0,3,1972500.0,11.0,0,1,1
38,1444,17.0,40.0,3,1052000.0,9.0,1,1,1
35,1225,6.0,52.0,4,92050.0,1.0,1,0,1
21,441,8.0,52.0,4,0.0,2.0,0,0,1
30,900,12.0,40.0,4,657500.0,9.0,0,1,0
39,1521,9.0,40.0,4,131500.0,1.0,1,1,0
45,2025,17.0,40.0,1,986250.0,5.0,0,0,1
63,3969,15.0,9.0,3,0.0,6.0,1,0,1
39,1521,14.0,9.0,3,65750.0,2.0,1,1,1
42,1764,13.0,9.0,3,65750.0,2.0,0,1,1
46,2116,6.0,56.0,2,394500.0,8.0,1,1,1
50,2500,8.0,56.0,2,1578000.0,8.0,0,1,1
36,1296,17.0,20.0,4,854750.0,8.0,1,1,1
51,2601,6.0,35.0,2,1183500.0,7.0,1,0,1
33,1089,14.0,50.0,4,3682000.0,12.0,0,1,1
37,1369,12.0,56.0,3,1052000.0,8.0,0,1,1
37,1369,10.0,60.0,7,1052000.0,7.0,1,1,1
21,441,13.0,45.0,3,131500.0,2.0,1,0,0
43,1849,17.0,82.0,4,1446500.0,12.0,0,1,1
35,1225,17.0,82.0,4,789000.0,7.0,1,1,1
27,729,12.0,58.0,4,526000.0,1.0,0,1,0
38,1444,12.0,50.0,4,1578000.0,7.0,0,1,1
40,1600,13.0,50.0,4,105200.0,1.0,1,1,1
62,3844,11.0,12.0,2,78900.0,1.0,1,0,1
51,2601,15.0,40.0,4,789000.0,9.0,1,1,1
45,2025,15.0,35.0,2,920500.0,11.0,0,1,1
42,1764,17.0,35.0,2,657500.0,1.0,1,1,1
41,1681,15.0,30.0,1,1183500.0,7.0,0,0,1
51,2601,12.0,40.0,4,526000.0,6.0,0,1,1
48,2304,17.0,48.0,5,1446500.0,5.0,0,1,1
21,441,12.0,48.0,5,854750.0,11.0,0,0,1
53,2809,15.0,45.0,4,789000.0,1.0,0,1,1
23,529,12.0,45.0,4,328750.0,1.0,0,0,0
44,1936,15.0,50.0,4,1052000.0,8.0,1,0,1
62,3844,15.0,55.0,6,1315000.0,9.0,0,0,1
35,1225,15.0,55.0,6,631200.0,11.0,1,0,1
30,900,12.0,55.0,6,631200.0,9.0,1,0,1
48,2304,12.0,44.0,4,789000.0,4.0,0,1,1
45,2025,15.0,44.0,4,1315000.0,9.0,1,1,1
52,2704,6.0,30.0,3,381350.0,1.0,1,0,0
30,900,17.0,69.0,1,1315000.0,12.0,1,0,1
37,1369,12.0,48.0,4,1972500.0,1.0,0,1,1
30,900,12.0,20.0,1,526000.0,1.0,0,0,0
62,3844,12.0,40.0,2,263000.0,1.0,0,0,0
25,625,1.0,40.0,9,368200.0,1.0,0,0,0
50,2500,12.0,42.0,5,2104000.0,10.0,0,1,1
54,2916,12.0,42.0,5,1972500.0,7.0,1,1,1
21,441,12.0,42.0,5,1972500.0,10.0,0,1,1
57,3249,0.0,40.0,9,789000.0,5.0,1,0,1
22,484,16.0,30.0,2,0.0,12.0,1,0,1
42,1764,17.0,54.0,2,1709500.0,6.0,0,1,1
39,1521,14.0,25.0,3,460250.0,11.0,1,1,0
39,1521,15.0,25.0,3,394500.0,10.0,0,1,0
35,1225,15.0,56.0,11,1315000.0,11.0,0,0,1
49,2401,17.0,40.0,2,1972500.0,12.0,0,1,1
46,2116,17.0,40.0,2,657500.0,1.0,1,1,1
62,3844,14.0,36.0,4,1315000.0,1.0,0,1,1
61,3721,17.0,36.0,4,1315000.0,1.0,1,1,1
55,3025,15.0,20.0,2,657500.0,7.0,1,0,1
36,1296,15.0,77.0,1,1052000.0,10.0,0,0,1
65,4225,12.0,30.0,2,3945000.0,5.0,0,1,1
45,2025,12.0,54.0,3,1025700.0,5.0,1,0,1
24,576,0.0,12.0,4,1052000.0,1.0,0,1,0
31,961,12.0,25.0,3,657500.0,10.0,0,0,1
22,484,12.0,48.0,1,999400.0,3.0,1,0,1
37,1369,8.0,48.0,3,657500.0,2.0,1,1,0
46,2116,8.0,48.0,3,657500.0,2.0,0,1,0
43,1849,12.0,49.0,4,381350.0,8.0,0,1,1
36,1296,12.0,49.0,4,381350.0,8.0,1,1,1
54,2916,6.0,35.0,3,999400.0,9.0,1,0,1
58,3364,12.0,40.0,3,328750.0,1.0,1,0,0
29,841,12.0,40.0,3,263000.0,1.0,1,0,0
46,2116,17.0,30.0,3,1578000.0,6.0,1,1,1
43,1849,14.0,30.0,3,1249250.0,2.0,0,1,1
30,900,15.0,20.0,1,736400.0,7.0,1,0,1
52,2704,12.0,30.0,3,657500.0,7.0,1,1,1
53,2809,12.0,30.0,3,1183500.0,9.0,0,1,1
56,3136,17.0,30.0,2,2630000.0,9.0,1,1,1
24,576,10.0,40.0,3,1315000.0,8.0,0,0,1
29,841,17.0,40.0,3,657500.0,1.0,1,0,1
36,1296,12.0,40.0,5,1578000.0,8.0,0,1,1
53,2809,15.0,40.0,3,1052000.0,9.0,1,0,1
54,2916,3.0,40.0,4,526000.0,1.0,0,1,1
30,900,8.0,40.0,4,526000.0,1.0,0,0,0
29,841,8.0,45.0,1,1709500.0,8.0,0,0,1
59,3481,10.0,12.0,4,197250.0,4.0,1,1,0
74,5476,6.0,12.0,4,197250.0,4.0,0,1,0
30,900,12.0,12.0,4,197250.0,4.0,1,0,0
21,441,12.0,12.0,4,197250.0,4.0,1,0,0
65,4225,9.0,24.0,2,197250.0,2.0,1,0,1
62,3844,6.0,0.0,5,394500.0,11.0,0,1,1
33,1089,12.0,0.0,5,394500.0,11.0,0,0,1
38,1444,13.0,12.0,4,315600.0,1.0,1,1,1
40,1600,8.0,12.0,4,762700.0,9.0,0,1,1
38,1444,7.0,0.0,3,263000.0,5.0,1,0,0
18,324,12.0,0.0,3,447100.0,2.0,1,0,0
31,961,7.0,40.0,7,986250.0,2.0,0,1,0
30,900,11.0,40.0,3,789000.0,9.0,1,0,1
45,2025,17.0,45.0,1,3945000.0,9.0,1,0,1
32,1024,13.0,20.0,3,6575.0,1.0,1,1,0
38,1444,14.0,20.0,3,39450.0,1.0,0,1,0
72,5184,6.0,77.0,2,0.0,2.0,1,1,1
72,5184,6.0,77.0,2,0.0,2.0,0,1,1
31,961,17.0,18.0,3,394500.0,9.0,1,0,1
31,961,12.0,48.0,1,1578000.0,10.0,0,0,1
50,2500,5.0,55.0,6,1972500.0,11.0,0,1,1
46,2116,11.0,55.0,6,1183500.0,10.0,1,1,1
23,529,12.0,55.0,6,157800.0,1.0,0,0,1
41,1681,9.0,48.0,4,1315000.0,10.0,0,1,1
40,1600,12.0,48.0,4,78900.0,1.0,1,1,1
20,400,12.0,48.0,4,1315000.0,11.0,0,0,1
58,3364,17.0,35.0,2,1052000.0,11.0,1,1,1
62,3844,15.0,35.0,2,3156000.0,11.0,0,1,1
42,1764,6.0,56.0,11,631200.0,6.0,0,1,0
50,2500,15.0,14.0,4,284040.0,8.0,1,1,1
51,2601,15.0,14.0,4,1025700.0,9.0,0,1,1
31,961,16.0,14.0,4,394500.0,10.0,1,0,1
62,3844,17.0,30.0,3,631200.0,9.0,1,0,1
44,1936,9.0,56.0,11,394500.0,1.0,1,0,0
43,1849,17.0,63.0,3,526000.0,2.0,0,1,0
36,1296,15.0,52.0,1,526000.0,9.0,1,0,1
27,729,14.0,36.0,4,920500.0,1.0,1,0,1
29,841,12.0,72.0,2,1052000.0,5.0,0,1,0
24,576,12.0,36.0,3,197250.0,8.0,1,1,0
40,1600,6.0,36.0,3,460250.0,8.0,0,1,0
40,1600,17.0,32.0,2,5260000.0,2.0,1,0,1
31,961,17.0,70.0,2,597010.0,1.0,0,1,0
45,2025,9.0,45.0,2,903405.0,2.0,0,1,1
38,1444,6.0,45.0,2,657500.0,7.0,1,1,1
53,2809,9.0,30.0,6,499700.0,10.0,1,1,1
36,1296,12.0,30.0,6,460250.0,10.0,1,0,1
26,676,12.0,66.0,4,0.0,12.0,1,1,0
53,2809,19.0,43.0,7,1183500.0,12.0,0,1,1
54,2916,15.0,43.0,7,1315000.0,10.0,1,1,1
41,1681,12.0,40.0,4,1052000.0,8.0,0,1,1
41,1681,12.0,54.0,4,986250.0,7.0,0,1,1
37,1369,7.0,9.0,4,394500.0,1.0,1,0,0
55,3025,6.0,25.0,6,526000.0,6.0,1,1,0
59,3481,6.0,25.0,6,526000.0,3.0,0,1,1
36,1296,7.0,25.0,6,526000.0,3.0,0,0,0
37,1369,7.0,25.0,6,526000.0,3.0,0,0,0
41,1681,12.0,40.0,1,1512250.0,6.0,0,0,1
59,3481,9.0,36.0,1,1183500.0,2.0,0,0,1
38,1444,11.0,63.0,7,854750.0,8.0,1,1,0
36,1296,11.0,63.0,7,854750.0,8.0,0,1,0
23,529,14.0,42.0,2,197250.0,2.0,0,0,1
25,625,14.0,15.0,2,789000.0,1.0,0,1,1
24,576,14.0,15.0,2,1183500.0,8.0,1,1,1
34,1156,15.0,48.0,2,5260000.0,2.0,1,1,1
34,1156,14.0,48.0,2,5260000.0,2.0,0,1,1
30,900,12.0,55.0,3,1446500.0,8.0,0,1,1
64,4096,17.0,30.0,2,1183500.0,11.0,0,1,1
29,841,15.0,45.0,2,1315000.0,10.0,1,1,1
33,1089,17.0,45.0,2,1315000.0,10.0,1,1,1
59,3481,12.0,40.0,4,1315000.0,1.0,0,1,1
55,3025,12.0,40.0,4,1315000.0,7.0,1,1,1
25,625,15.0,40.0,4,657500.0,3.0,0,0,1
58,3364,12.0,30.0,2,657500.0,1.0,0,1,1
60,3600,12.0,30.0,2,394500.0,1.0,1,1,1
40,1600,15.0,45.0,5,1972500.0,6.0,1,1,1
42,1764,11.0,48.0,3,1052000.0,1.0,0,1,1
39,1521,12.0,48.0,3,828450.0,12.0,1,1,1
48,2304,15.0,44.0,4,1315000.0,6.0,1,1,1
34,1156,17.0,40.0,2,1117750.0,8.0,1,0,1
24,576,15.0,20.0,2,473400.0,8.0,1,0,1
69,4761,15.0,54.0,1,131500.0,1.0,1,0,1
56,3136,12.0,44.0,4,1315000.0,1.0,0,1,1
58,3364,17.0,30.0,2,1052000.0,12.0,1,0,1
43,1849,12.0,45.0,2,1578000.0,11.0,0,0,1
35,1225,15.0,72.0,3,460250.0,1.0,0,1,0
50,2500,17.0,30.0,7,683800.0,7.0,1,0,1
48,2304,12.0,36.0,4,526000.0,8.0,0,0,1
40,1600,12.0,36.0,4,723250.0,9.0,1,1,1
43,1849,17.0,36.0,4,1052000.0,8.0,0,1,1
48,2304,16.0,40.0,4,1315000.0,7.0,0,1,1
45,2025,13.0,40.0,4,657500.0,6.0,1,1,1
19,361,13.0,40.0,4,526000.0,6.0,1,0,1
34,1156,14.0,30.0,3,355050.0,1.0,1,0,0
21,441,10.0,40.0,6,854750.0,5.0,0,0,0
43,1849,14.0,72.0,4,1183500.0,9.0,0,1,1
43,1849,12.0,72.0,4,460250.0,9.0,1,1,1
47,2209,15.0,39.0,3,920500.0,11.0,1,0,1
51,2601,12.0,44.0,2,854750.0,3.0,1,0,1
38,1444,14.0,12.0,4,210400.0,1.0,1,1,1
44,1936,17.0,12.0,4,3945000.0,12.0,0,1,1
31,961,14.0,43.0,7,526000.0,12.0,1,0,1
70,4900,9.0,40.0,9,526000.0,4.0,1,0,1
48,2304,12.0,40.0,9,789000.0,4.0,0,1,0
41,1681,12.0,40.0,9,263000.0,1.0,1,1,0
34,1156,12.0,40.0,9,263000.0,6.0,0,0,0
42,1764,13.0,34.0,4,78900.0,2.0,1,0,1
37,1369,15.0,34.0,4,657500.0,9.0,0,0,1
50,2500,17.0,35.0,4,1972500.0,11.0,0,1,1
51,2601,17.0,35.0,4,1578000.0,10.0,1,1,1
42,1764,15.0,32.0,2,460250.0,12.0,0,1,1
48,2304,17.0,40.0,3,920500.0,12.0,1,1,1
51,2601,12.0,40.0,3,789000.0,8.0,0,1,0
62,3844,17.0,40.0,2,2367000.0,8.0,0,1,1
48,2304,6.0,50.0,4,657500.0,8.0,0,1,0
34,1156,5.0,52.0,8,789000.0,8.0,0,1,1
29,841,12.0,20.0,2,499700.0,1.0,1,1,1
56,3136,12.0,20.0,3,197250.0,1.0,0,1,1
52,2704,8.0,44.0,2,1065150.0,6.0,0,1,1
43,1849,2.0,44.0,4,1091450.0,1.0,0,1,1
52,2704,12.0,44.0,4,1315000.0,5.0,1,1,1
33,1089,16.0,44.0,4,1052000.0,6.0,0,0,1
26,676,15.0,44.0,4,0.0,1.0,1,0,1
31,961,12.0,40.0,2,1315000.0,6.0,0,1,1
29,841,12.0,40.0,2,526000.0,4.0,1,1,1
39,1521,15.0,32.0,4,657500.0,9.0,0,1,1
36,1296,17.0,32.0,4,1183500.0,12.0,1,1,1
27,729,12.0,30.0,7,644350.0,8.0,1,1,1
31,961,10.0,30.0,7,453675.0,7.0,0,1,1
74,5476,17.0,40.0,2,1052000.0,2.0,1,0,1
66,4356,17.0,40.0,2,1052000.0,2.0,1,0,1
44,1936,17.0,50.0,3,3419000.0,10.0,0,1,1
34,1156,12.0,98.0,5,0.0,6.0,0,1,1
36,1296,10.0,98.0,5,78900.0,1.0,1,1,1
30,900,17.0,40.0,2,1315000.0,1.0,0,1,1
36,1296,6.0,40.0,2,526000.0,4.0,0,1,1
54,2916,12.0,84.0,1,3945000.0,10.0,0,0,1
67,4489,17.0,72.0,1,6575000.0,6.0,0,0,1
56,3136,14.0,15.0,4,591750.0,7.0,1,0,1
29,841,14.0,15.0,4,591750.0,1.0,1,0,1
21,441,12.0,20.0,5,92050.0,1.0,0,0,0
57,3249,6.0,20.0,5,526000.0,4.0,0,0,1
38,1444,15.0,20.0,2,236700.0,9.0,1,0,1
37,1369,10.0,24.0,4,920500.0,1.0,0,1,1
39,1521,17.0,24.0,4,394500.0,6.0,1,1,1
46,2116,12.0,56.0,2,65750.0,1.0,1,0,1
30,900,16.0,36.0,2,378720.0,1.0,1,1,1
32,1024,15.0,36.0,2,1315000.0,9.0,0,1,1
47,2209,17.0,30.0,3,1315000.0,10.0,1,1,1
57,3249,12.0,30.0,3,2630000.0,1.0,0,1,1
50,2500,15.0,32.0,4,920500.0,7.0,1,0,1
27,729,15.0,32.0,4,197250.0,1.0,1,0,0
42,1764,12.0,48.0,7,591750.0,10.0,0,1,1
31,961,12.0,48.0,4,1144050.0,6.0,0,1,1
59,3481,17.0,40.0,6,657500.0,1.0,1,0,0
49,2401,15.0,48.0,1,1052000.0,6.0,0,0,1
24,576,12.0,24.0,2,368200.0,7.0,1,0,0
47,2209,11.0,38.0,4,657500.0,1.0,1,0,1
59,3481,12.0,40.0,11,526000.0,3.0,0,1,1
29,841,12.0,40.0,11,276150.0,6.0,1,0,1
31,961,12.0,40.0,11,263000.0,3.0,1,0,0
36,1296,12.0,40.0,11,263000.0,3.0,1,0,0
25,625,7.0,40.0,11,315600.0,3.0,0,0,0
46,2116,6.0,44.0,4,631200.0,1.0,0,0,0
24,576,17.0,42.0,2,1050685.0,12.0,0,0,1
52,2704,6.0,50.0,4,1315000.0,9.0,0,1,1
32,1024,15.0,40.0,2,920500.0,6.0,0,1,1
29,841,15.0,40.0,2,1052000.0,7.0,1,1,1
47,2209,15.0,40.0,3,920500.0,7.0,1,1,1
32,1024,12.0,48.0,1,789000.0,3.0,1,0,1
64,4096,3.0,12.0,3,98625.0,1.0,0,1,1
64,4096,6.0,12.0,1,263000.0,1.0,0,0,0
36,1296,12.0,54.0,1,1972500.0,2.0,0,0,0
28,784,12.0,72.0,3,1578000.0,12.0,0,1,1
28,784,15.0,72.0,3,749550.0,9.0,1,1,1
49,2401,3.0,46.0,6,565450.0,8.0,1,0,1
24,576,1.0,70.0,3,410280.0,3.0,0,1,0
57,3249,3.0,40.0,9,526000.0,3.0,0,1,0
25,625,6.0,40.0,9,499700.0,9.0,0,1,1
38,1444,19.0,40.0,1,2630000.0,9.0,1,0,1
35,1225,12.0,35.0,3,920500.0,9.0,1,0,1
62,3844,6.0,45.0,4,1052000.0,10.0,0,0,1
26,676,12.0,45.0,4,526000.0,1.0,0,0,1
37,1369,12.0,40.0,4,696950.0,11.0,0,1,1
29,841,6.0,24.0,4,526000.0,3.0,0,1,1
31,961,19.0,40.0,3,1052000.0,8.0,1,1,1
31,961,19.0,40.0,3,1578000.0,10.0,0,1,1
58,3364,16.0,44.0,1,3550500.0,6.0,0,0,1
29,841,15.0,40.0,1,1972500.0,9.0,0,0,1
44,1936,19.0,40.0,4,1972500.0,10.0,0,1,1
44,1936,19.0,40.0,4,1972500.0,1.0,0,1,1
28,784,12.0,45.0,1,1578000.0,11.0,0,0,1
45,2025,12.0,54.0,4,526000.0,7.0,1,0,0
61,3721,6.0,40.0,2,1052000.0,8.0,1,0,0
50,2500,6.0,30.0,4,2104000.0,10.0,0,1,1
34,1156,13.0,48.0,5,1315000.0,8.0,0,1,0
64,4096,12.0,0.0,1,3287500.0,11.0,0,0,1
26,676,7.0,40.0,2,1052000.0,1.0,0,0,0
54,2916,15.0,30.0,2,263000.0,12.0,0,1,1
20,400,12.0,12.0,2,591750.0,6.0,0,0,1
67,4489,17.0,30.0,2,0.0,7.0,0,0,1
61,3721,2.0,52.0,2,460250.0,2.0,0,1,1
58,3364,6.0,52.0,2,460250.0,2.0,1,1,1
35,1225,15.0,39.0,1,920500.0,3.0,0,0,1
22,484,9.0,20.0,3,355050.0,8.0,0,1,1
40,1600,15.0,60.0,2,933650.0,9.0,1,1,1
37,1369,17.0,60.0,2,1709500.0,2.0,0,1,1
59,3481,6.0,48.0,4,65750.0,1.0,1,1,0
55,3025,8.0,30.0,1,657500.0,7.0,0,0,1
67,4489,12.0,30.0,2,723250.0,8.0,0,1,1
40,1600,12.0,48.0,4,1052000.0,9.0,0,1,1
43,1849,15.0,48.0,4,789000.0,7.0,1,1,1
41,1681,6.0,56.0,4,473400.0,2.0,1,1,0
46,2116,6.0,56.0,4,473400.0,2.0,0,1,0
56,3136,10.0,30.0,2,263000.0,8.0,1,0,1
55,3025,12.0,24.0,4,394500.0,1.0,0,1,1
46,2116,7.0,48.0,3,368200.0,4.0,1,1,0
44,1936,6.0,48.0,3,394500.0,4.0,0,1,0
36,1296,12.0,60.0,5,328750.0,1.0,0,1,0
34,1156,12.0,60.0,5,328750.0,2.0,1,1,0
30,900,15.0,40.0,3,1183500.0,11.0,1,1,1
38,1444,12.0,40.0,3,789000.0,10.0,0,1,1
40,1600,12.0,48.0,3,1052000.0,9.0,1,0,1
42,1764,10.0,48.0,3,657500.0,8.0,0,0,1
21,441,13.0,48.0,3,102570.0,6.0,0,0,0
53,2809,15.0,35.0,5,460250.0,7.0,0,1,1
49,2401,15.0,35.0,5,657500.0,7.0,1,1,1
29,841,16.0,35.0,5,115720.0,6.0,0,1,0
47,2209,17.0,32.0,1,1407050.0,9.0,0,0,1
56,3136,15.0,54.0,3,526000.0,7.0,0,1,1
48,2304,12.0,54.0,3,263000.0,2.0,1,1,1
36,1296,17.0,55.0,2,2104000.0,6.0,1,0,1
42,1764,17.0,30.0,3,328750.0,2.0,1,0,0
37,1369,17.0,40.0,3,2630000.0,10.0,1,0,1
52,2704,12.0,30.0,1,1315000.0,2.0,1,0,1
34,1156,17.0,24.0,2,618050.0,1.0,1,0,1
34,1156,17.0,54.0,1,1052000.0,9.0,1,0,1
52,2704,8.0,48.0,3,1183500.0,11.0,0,0,1
46,2116,12.0,30.0,4,526000.0,6.0,1,1,1
43,1849,6.0,44.0,6,1315000.0,11.0,0,1,1
42,1764,10.0,44.0,6,315600.0,4.0,1,1,1
24,576,12.0,44.0,6,920500.0,11.0,0,0,1
17,289,9.0,44.0,6,789000.0,1.0,0,0,1
49,2401,10.0,84.0,4,789000.0,1.0,0,1,1
40,1600,6.0,30.0,4,657500.0,7.0,1,1,1
47,2209,15.0,30.0,4,2630000.0,7.0,0,1,1
35,1225,16.0,45.0,3,5260000.0,7.0,0,1,1
62,3844,17.0,3.0,3,157800.0,1.0,1,0,1
30,900,17.0,3.0,3,920500.0,1.0,0,0,1
44,1936,17.0,45.0,4,1972500.0,5.0,1,1,1
37,1369,15.0,48.0,1,4602500.0,12.0,0,0,1
25,625,13.0,48.0,2,591750.0,3.0,1,1,1
33,1089,12.0,30.0,4,1578000.0,8.0,1,1,1
27,729,15.0,30.0,4,1052000.0,10.0,0,1,1
51,2601,17.0,30.0,3,1052000.0,12.0,1,1,1
78,6084,5.0,28.0,1,157800.0,2.0,1,0,1
53,2809,6.0,40.0,4,78900.0,5.0,0,1,1
42,1764,10.0,40.0,3,526000.0,6.0,0,1,1
41,1681,15.0,48.0,2,789000.0,9.0,0,1,1
39,1521,15.0,48.0,2,591750.0,7.0,1,1,1
46,2116,12.0,14.0,2,526000.0,1.0,1,0,0
27,729,15.0,14.0,2,0.0,2.0,1,0,1
42,1764,12.0,45.0,3,1315000.0,2.0,0,0,1
38,1444,6.0,68.0,2,0.0,2.0,1,1,1
56,3136,6.0,68.0,2,0.0,2.0,0,1,1
32,1024,7.0,0.0,4,1620080.0,7.0,0,1,1
33,1089,12.0,0.0,4,102570.0,8.0,1,1,1
32,1024,12.0,31.0,3,526000.0,1.0,0,1,0
46,2116,12.0,39.0,1,552300.0,12.0,1,0,1
32,1024,12.0,37.0,2,315600.0,1.0,0,1,0
43,1849,17.0,50.0,1,920500.0,10.0,1,0,1
54,2916,10.0,60.0,5,854750.0,8.0,0,1,1
32,1024,10.0,48.0,2,1578000.0,7.0,1,0,1
39,1521,6.0,60.0,5,1117750.0,7.0,0,1,1
46,2116,16.0,45.0,2,460250.0,3.0,0,0,0
45,2025,15.0,40.0,2,1183500.0,9.0,0,1,1
51,2601,17.0,40.0,2,657500.0,9.0,1,1,1
42,1764,15.0,60.0,4,1249250.0,10.0,0,1,1
47,2209,12.0,18.0,5,328750.0,1.0,1,0,0
61,3721,17.0,40.0,4,473400.0,7.0,0,1,1
24,576,14.0,20.0,4,368200.0,6.0,1,0,0
20,400,12.0,20.0,4,394500.0,6.0,0,0,0
40,1600,12.0,40.0,7,631200.0,3.0,0,1,0
30,900,7.0,52.0,4,657500.0,7.0,0,1,1
37,1369,8.0,52.0,4,657500.0,9.0,1,1,1
18,324,7.0,52.0,4,263000.0,3.0,0,0,1
44,1936,14.0,9.0,3,103885.0,7.0,1,0,0
40,1600,15.0,30.0,3,789000.0,8.0,1,0,1
49,2401,6.0,48.0,5,1052000.0,7.0,0,1,1
27,729,12.0,48.0,5,1052000.0,11.0,1,0,1
52,2704,15.0,30.0,6,2235500.0,8.0,1,0,1
47,2209,12.0,30.0,6,1249250.0,10.0,0,0,1
39,1521,12.0,24.0,4,0.0,2.0,0,1,1
36,1296,12.0,48.0,4,1315000.0,2.0,1,1,1
36,1296,12.0,48.0,4,1315000.0,2.0,0,1,1
34,1156,12.0,30.0,4,657500.0,6.0,0,1,1
47,2209,15.0,11.0,7,78900.0,2.0,1,1,0
47,2209,13.0,11.0,7,263000.0,6.0,0,1,1
25,625,12.0,11.0,7,131500.0,1.0,1,0,0
34,1156,12.0,28.0,6,1578000.0,11.0,1,1,1
35,1225,6.0,28.0,6,263000.0,1.0,0,1,1
54,2916,6.0,28.0,4,197250.0,1.0,1,0,0
28,784,12.0,60.0,1,1446500.0,1.0,0,0,1
67,4489,12.0,34.0,1,657500.0,9.0,0,0,1
24,576,11.0,18.0,4,78900.0,1.0,1,1,1
28,784,11.0,18.0,4,1972500.0,10.0,0,1,1
43,1849,17.0,36.0,2,1183500.0,12.0,0,1,1
38,1444,17.0,36.0,2,1183500.0,6.0,1,1,1
61,3721,17.0,16.0,2,789000.0,1.0,1,1,1
62,3844,17.0,16.0,2,526000.0,12.0,1,1,1
60,3600,12.0,44.0,3,1315000.0,11.0,0,1,1
57,3249,12.0,44.0,3,197250.0,1.0,1,1,1
25,625,13.0,48.0,2,591750.0,3.0,0,1,1
42,1764,7.0,40.0,4,7890000.0,1.0,0,1,1
41,1681,15.0,40.0,4,1315000.0,11.0,1,1,1
28,784,12.0,30.0,3,1052000.0,1.0,1,1,1
28,784,12.0,30.0,3,1052000.0,9.0,0,1,1
22,484,15.0,60.0,1,1775250.0,11.0,1,0,1
29,841,12.0,48.0,1,1446500.0,9.0,0,0,1
43,1849,17.0,45.0,4,3287500.0,11.0,1,1,1
45,2025,15.0,36.0,5,1578000.0,11.0,1,1,1
39,1521,12.0,24.0,5,328750.0,1.0,0,1,0
38,1444,6.0,24.0,5,920500.0,1.0,1,1,0
21,441,12.0,56.0,6,657500.0,10.0,0,0,1
42,1764,13.0,49.0,2,105200.0,1.0,1,1,1
42,1764,12.0,32.0,6,1228572.94,8.0,0,1,1
36,1296,15.0,2.0,2,19725.0,1.0,0,0,1
41,1681,13.0,2.0,2,52600.0,3.0,0,1,0
45,2025,12.0,16.0,3,920500.0,11.0,1,0,1
57,3249,9.0,35.0,4,526000.0,9.0,1,0,1
46,2116,9.0,52.0,1,328750.0,1.0,1,0,0
52,2704,17.0,30.0,3,1972500.0,9.0,0,1,1
51,2601,17.0,30.0,3,1709500.0,9.0,1,1,1
46,2116,6.0,36.0,5,591750.0,8.0,0,1,1
45,2025,6.0,36.0,5,526000.0,8.0,1,1,1
31,961,17.0,60.0,2,920500.0,9.0,0,1,1
30,900,17.0,60.0,2,1315000.0,1.0,1,1,1
40,1600,12.0,60.0,4,394500.0,10.0,1,1,1
27,729,12.0,36.0,4,394500.0,3.0,0,1,0
67,4489,17.0,50.0,2,657500.0,7.0,1,0,1
50,2500,14.0,40.0,1,657500.0,7.0,1,0,1
37,1369,9.0,52.0,3,118350.0,1.0,0,1,0
26,676,6.0,30.0,3,131500.0,11.0,1,1,0
37,1369,6.0,30.0,3,210400.0,11.0,0,1,0
51,2601,15.0,40.0,4,526000.0,11.0,0,1,1
50,2500,15.0,40.0,4,526000.0,11.0,1,1,1
41,1681,9.0,60.0,5,1052000.0,3.0,0,1,0
22,484,12.0,60.0,5,236700.0,3.0,0,0,0
20,400,12.0,60.0,5,197250.0,3.0,0,0,0
32,1024,12.0,45.0,4,1315000.0,6.0,0,1,1
50,2500,12.0,40.0,6,789000.0,7.0,1,0,1
60,3600,15.0,48.0,3,657500.0,8.0,0,1,1
28,784,15.0,44.0,4,526000.0,2.0,0,0,0
47,2209,8.0,28.0,2,131500.0,1.0,0,1,0
50,2500,15.0,28.0,2,26300.0,1.0,1,1,0
54,2916,9.0,15.0,4,105200.0,1.0,0,1,0
37,1369,12.0,48.0,3,986250.0,3.0,0,1,0
47,2209,17.0,54.0,7,2630000.0,10.0,0,1,1
41,1681,17.0,54.0,7,789000.0,9.0,1,1,1
22,484,13.0,72.0,4,657500.0,6.0,1,0,1
65,4225,6.0,30.0,2,263000.0,1.0,0,1,1
62,3844,9.0,32.0,2,657500.0,1.0,0,1,1
56,3136,15.0,25.0,1,1906750.0,7.0,1,0,1
24,576,16.0,25.0,1,263000.0,7.0,1,0,1
48,2304,12.0,48.0,4,1183500.0,8.0,0,0,1
46,2116,14.0,40.0,1,657500.0,1.0,0,0,0
66,4356,15.0,45.0,2,657500.0,1.0,0,1,1
60,3600,3.0,36.0,1,749550.0,1.0,0,0,1
36,1296,12.0,48.0,4,1052000.0,12.0,0,1,1
26,676,15.0,48.0,1,1052000.0,8.0,1,0,1
42,1764,12.0,48.0,4,1972500.0,7.0,1,1,1
38,1444,12.0,48.0,4,1972500.0,10.0,0,1,1
56,3136,12.0,40.0,4,1578000.0,7.0,0,1,1
43,1849,12.0,40.0,4,1117750.0,12.0,0,1,1
40,1600,12.0,40.0,4,499700.0,6.0,1,1,1
67,4489,0.0,48.0,2,394500.0,2.0,0,1,1
24,576,8.0,35.0,4,920500.0,8.0,1,0,0
22,484,12.0,24.0,5,526000.0,7.0,1,0,0
27,729,8.0,44.0,5,631200.0,5.0,0,1,0
56,3136,13.0,40.0,2,328750.0,1.0,0,1,0
27,729,8.0,35.0,4,920500.0,8.0,0,0,0
31,961,15.0,36.0,3,328750.0,1.0,1,0,1
35,1225,12.0,36.0,3,657500.0,5.0,0,0,1
40,1600,15.0,40.0,3,394500.0,1.0,0,1,1
43,1849,14.0,40.0,3,789000.0,1.0,1,1,1
47,2209,19.0,56.0,1,1183500.0,12.0,0,0,1
22,484,12.0,100.0,3,526000.0,1.0,1,0,0
48,2304,12.0,30.0,3,657500.0,2.0,0,1,1
80,6400,15.0,20.0,3,52600.0,1.0,1,1,1
47,2209,7.0,30.0,2,236700.0,8.0,1,0,0
33,1089,12.0,44.0,3,263000.0,8.0,1,0,1
39,1521,15.0,40.0,4,1183500.0,6.0,1,1,1
53,2809,6.0,2.0,7,0.0,1.0,0,1,1
25,625,9.0,2.0,7,263000.0,5.0,0,0,0
24,576,9.0,2.0,7,177525.0,1.0,0,0,0
21,441,9.0,2.0,7,19725.0,1.0,1,1,0
30,900,8.0,2.0,7,32875.0,1.0,0,0,0
38,1444,17.0,47.0,5,3287500.0,8.0,0,1,1
38,1444,17.0,47.0,5,1315000.0,5.0,1,1,1
54,2916,9.0,40.0,6,789000.0,6.0,0,1,1
19,361,8.0,40.0,6,526000.0,6.0,0,1,1
45,2025,14.0,84.0,1,3945000.0,1.0,1,1,1
64,4096,12.0,40.0,3,1315000.0,1.0,0,1,1
34,1156,12.0,40.0,3,1183500.0,11.0,0,0,1
31,961,15.0,30.0,4,170950.0,2.0,0,0,1
21,441,10.0,30.0,4,0.0,1.0,1,0,0
28,784,17.0,35.0,1,841600.0,11.0,1,0,1
23,529,16.0,0.0,1,526000.0,3.0,1,0,1
43,1849,12.0,40.0,5,1578000.0,9.0,0,1,1
54,2916,12.0,40.0,5,657500.0,2.0,0,1,1
40,1600,12.0,40.0,5,789000.0,9.0,1,1,1
64,4096,15.0,30.0,3,1315000.0,8.0,1,0,1
53,2809,15.0,40.0,2,762700.0,10.0,1,0,1
35,1225,17.0,38.0,2,2104000.0,9.0,0,0,1
21,441,14.0,70.0,4,328750.0,9.0,1,0,1
25,625,17.0,70.0,4,657500.0,9.0,1,0,1
55,3025,15.0,70.0,4,2235500.0,10.0,1,1,1
52,2704,6.0,24.0,2,1117750.0,9.0,0,1,1
57,3249,8.0,40.0,2,1578000.0,9.0,1,0,1
34,1156,15.0,40.0,2,394500.0,8.0,1,0,1
48,2304,9.0,70.0,2,526000.0,1.0,0,0,0
27,729,12.0,36.0,4,789000.0,10.0,1,0,1
43,1849,16.0,48.0,5,1091450.0,2.0,1,0,1
53,2809,7.0,15.0,1,131500.0,1.0,0,0,1
32,1024,12.0,10.0,3,92050.0,2.0,0,1,0
43,1849,9.0,10.0,3,92050.0,2.0,1,1,0
54,2916,9.0,36.0,4,789000.0,12.0,1,0,1
38,1444,17.0,0.0,3,432635.0,8.0,1,1,1
48,2304,17.0,30.0,3,512850.0,7.0,1,1,1
28,784,15.0,30.0,3,263000.0,2.0,0,0,1
52,2704,15.0,44.0,2,3945000.0,2.0,1,0,1
26,676,12.0,48.0,1,789000.0,6.0,0,0,1
40,1600,12.0,40.0,4,1117750.0,6.0,0,1,1
50,2500,12.0,63.0,2,1972500.0,6.0,0,1,1
42,1764,17.0,63.0,2,789000.0,1.0,1,1,1
54,2916,15.0,0.0,3,1052000.0,8.0,0,1,1
38,1444,17.0,40.0,3,1578000.0,8.0,0,1,1
29,841,16.0,40.0,3,526000.0,10.0,1,1,1
40,1600,9.0,63.0,2,920500.0,7.0,1,0,1
37,1369,12.0,43.0,4,920500.0,7.0,1,0,1
55,3025,8.0,8.0,2,263000.0,1.0,0,0,0
55,3025,17.0,48.0,6,2367000.0,12.0,0,1,1
20,400,12.0,48.0,6,263000.0,1.0,0,0,1
70,4900,17.0,10.0,3,263000.0,1.0,0,1,1
26,676,12.0,10.0,3,3945000.0,2.0,0,0,0
37,1369,8.0,60.0,3,3682000.0,12.0,0,1,1
47,2209,12.0,0.0,4,1183500.0,7.0,1,1,1
26,676,17.0,48.0,2,1052000.0,6.0,0,0,1
36,1296,12.0,48.0,1,986250.0,1.0,1,0,1
56,3136,15.0,48.0,2,920500.0,7.0,0,0,1
49,2401,9.0,30.0,7,526000.0,8.0,0,1,1
38,1444,15.0,36.0,1,1117750.0,5.0,0,0,1
45,2025,15.0,40.0,4,2367000.0,12.0,0,1,1
41,1681,12.0,15.0,4,657500.0,1.0,0,1,0
38,1444,12.0,15.0,4,0.0,1.0,1,1,0
49,2401,17.0,64.0,5,2630000.0,1.0,0,1,1
47,2209,17.0,64.0,5,213030.0,12.0,1,1,1
53,2809,9.0,16.0,5,263000.0,1.0,0,1,0
44,1936,12.0,40.0,3,1183500.0,3.0,1,1,1
51,2601,10.0,40.0,3,1117750.0,5.0,0,1,1
34,1156,9.0,52.0,2,1841000.0,12.0,0,1,1
38,1444,17.0,40.0,4,881050.0,9.0,1,1,1
34,1156,15.0,40.0,2,1249250.0,9.0,1,1,1
54,2916,17.0,35.0,3,2367000.0,1.0,0,1,1
66,4356,14.0,24.0,3,1972500.0,8.0,0,1,1
55,3025,14.0,42.0,1,920500.0,1.0,0,0,1
51,2601,17.0,40.0,6,1183500.0,10.0,0,1,1
51,2601,17.0,35.0,3,2367000.0,12.0,1,1,1
21,441,11.0,36.0,5,447100.0,6.0,0,0,0
42,1764,12.0,44.0,8,394500.0,5.0,0,1,1
60,3600,6.0,32.0,1,394500.0,3.0,0,0,1
31,961,10.0,44.0,5,0.0,8.0,0,1,0
43,1849,12.0,40.0,2,1288700.0,10.0,0,1,1
44,1936,12.0,35.0,1,986250.0,7.0,0,0,1
45,2025,7.0,35.0,5,986250.0,8.0,1,1,1
43,1849,17.0,0.0,3,582545.0,8.0,0,1,1
43,1849,15.0,24.0,5,920500.0,7.0,1,1,1
42,1764,12.0,24.0,5,1315000.0,9.0,0,1,1
58,3364,12.0,44.0,3,1183500.0,3.0,0,1,1
28,784,12.0,44.0,3,789000.0,2.0,0,0,0
66,4356,12.0,48.0,3,394500.0,2.0,1,0,1
29,841,14.0,48.0,3,657500.0,6.0,1,0,1
29,841,14.0,48.0,3,263000.0,2.0,1,0,0
23,529,12.0,48.0,3,1052000.0,11.0,0,0,1
33,1089,14.0,20.0,2,920500.0,5.0,1,0,1
56,3136,6.0,12.0,4,263000.0,1.0,1,0,1
25,625,15.0,12.0,4,394500.0,6.0,1,0,1
28,784,13.0,45.0,1,644350.0,6.0,0,0,0
32,1024,8.0,15.0,5,263000.0,1.0,1,1,1
47,2209,15.0,40.0,2,1249250.0,11.0,1,1,1
54,2916,8.0,44.0,1,789000.0,9.0,0,0,1
40,1600,19.0,48.0,4,1315000.0,9.0,0,1,1
41,1681,19.0,48.0,4,657500.0,9.0,1,1,1
31,961,12.0,40.0,5,657500.0,5.0,0,1,0
65,4225,16.0,14.0,1,65750.0,1.0,1,0,1
47,2209,15.0,40.0,3,657500.0,1.0,0,1,1
44,1936,12.0,40.0,3,657500.0,4.0,1,1,1
64,4096,6.0,36.0,4,394500.0,2.0,0,1,0
36,1296,8.0,36.0,4,394500.0,2.0,0,0,0
58,3364,17.0,30.0,1,1183500.0,9.0,1,1,1
54,2916,6.0,84.0,2,986250.0,5.0,0,0,0
47,2209,15.0,48.0,4,328750.0,8.0,1,0,1
39,1521,15.0,40.0,4,2367000.0,12.0,1,1,1
54,2916,6.0,4.0,1,26300.0,1.0,0,0,0
28,784,17.0,50.0,1,1315000.0,1.0,1,0,1
54,2916,12.0,54.0,5,1183500.0,2.0,1,1,1
23,529,15.0,54.0,5,920500.0,10.0,1,0,1
54,2916,17.0,50.0,4,3156000.0,5.0,0,1,1
53,2809,10.0,54.0,5,1578000.0,2.0,0,1,1
37,1369,10.0,40.0,4,631200.0,6.0,0,1,0
20,400,12.0,8.0,7,236700.0,4.0,1,0,1
32,1024,14.0,40.0,1,1052000.0,7.0,1,0,1
44,1936,15.0,32.0,3,1315000.0,9.0,1,1,1
49,2401,17.0,40.0,6,881050.0,8.0,1,1,1
17,289,8.0,44.0,8,295875.0,5.0,0,1,1
53,2809,4.0,36.0,3,2367000.0,9.0,0,1,1
71,5041,6.0,6.0,2,0.0,1.0,0,0,1
38,1444,15.0,36.0,3,1315000.0,7.0,0,1,1
36,1296,15.0,36.0,3,854750.0,9.0,1,1,1
38,1444,17.0,36.0,3,920500.0,8.0,1,0,1
24,576,16.0,40.0,1,0.0,9.0,0,0,1
49,2401,15.0,40.0,5,657500.0,7.0,1,1,1
49,2401,17.0,40.0,5,920500.0,8.0,1,1,1
32,1024,8.0,48.0,4,526000.0,1.0,0,1,1
39,1521,12.0,48.0,4,1052000.0,9.0,1,1,1
47,2209,12.0,40.0,6,539150.0,8.0,1,1,1
25,625,12.0,40.0,6,789000.0,9.0,0,0,1
24,576,12.0,40.0,6,526000.0,6.0,1,0,0
23,529,12.0,44.0,2,526000.0,2.0,0,1,0
24,576,12.0,44.0,2,394500.0,6.0,1,1,0
39,1521,12.0,40.0,5,1025700.0,8.0,0,1,1
37,1369,15.0,40.0,5,526000.0,9.0,1,1,1
44,1936,12.0,40.0,2,1052000.0,1.0,0,1,0
46,2116,17.0,48.0,4,1841000.0,10.0,1,1,1
58,3364,12.0,35.0,3,1315000.0,10.0,0,1,1
51,2601,12.0,35.0,3,1315000.0,8.0,1,1,1
38,1444,16.0,64.0,3,2630000.0,1.0,0,0,0
33,1089,12.0,32.0,2,657500.0,5.0,1,0,1
57,3249,15.0,40.0,4,789000.0,6.0,1,0,1
49,2401,12.0,36.0,4,657500.0,6.0,1,1,1
36,1296,17.0,38.0,2,1972500.0,6.0,1,0,1
35,1225,8.0,47.0,2,1183500.0,3.0,0,1,1
38,1444,15.0,47.0,2,1578000.0,7.0,1,1,1
60,3600,6.0,40.0,2,1578000.0,12.0,0,1,1
44,1936,9.0,35.0,2,1183500.0,12.0,0,0,1
38,1444,9.0,48.0,3,263000.0,1.0,0,1,1
38,1444,12.0,48.0,3,657500.0,4.0,1,1,1
25,625,6.0,44.0,3,263000.0,1.0,0,0,0
36,1296,17.0,40.0,3,789000.0,1.0,0,0,1
68,4624,13.0,15.0,1,32875.0,1.0,0,0,1
63,3969,12.0,46.0,4,1972500.0,6.0,0,1,1
33,1089,17.0,37.0,2,2235500.0,10.0,0,1,1
62,3844,6.0,45.0,5,1446500.0,6.0,0,1,1
32,1024,6.0,40.0,5,102570.0,6.0,1,0,0
50,2500,12.0,40.0,4,1578000.0,10.0,0,1,1
31,961,17.0,40.0,4,1052000.0,12.0,1,1,1
29,841,9.0,45.0,1,789000.0,4.0,0,0,0
44,1936,12.0,84.0,4,815300.0,8.0,1,1,1
53,2809,6.0,84.0,4,657500.0,2.0,0,1,0
27,729,8.0,84.0,4,0.0,2.0,0,0,0
37,1369,13.0,60.0,1,2630000.0,12.0,0,0,1
49,2401,12.0,36.0,4,1841000.0,10.0,0,1,1
26,676,14.0,36.0,4,210400.0,3.0,1,0,0
32,1024,15.0,31.0,3,907350.0,11.0,1,0,1
49,2401,6.0,0.0,7,0.0,3.0,0,1,1
47,2209,12.0,45.0,4,1578000.0,6.0,0,1,1
20,400,14.0,45.0,4,105200.0,7.0,0,0,1
29,841,12.0,54.0,4,1315000.0,10.0,1,1,1
47,2209,9.0,32.0,3,394500.0,12.0,0,1,1
46,2116,15.0,42.0,1,789000.0,2.0,1,0,1
55,3025,17.0,40.0,3,1052000.0,10.0,1,1,1
29,841,12.0,36.0,3,920500.0,7.0,0,1,1
24,576,7.0,68.0,1,920500.0,6.0,0,1,1
56,3136,7.0,44.0,3,1052000.0,9.0,0,1,1
30,900,13.0,44.0,3,920500.0,9.0,0,0,1
35,1225,12.0,30.0,2,789000.0,2.0,0,1,1
32,1024,15.0,30.0,2,657500.0,8.0,1,1,1
40,1600,16.0,40.0,3,1052000.0,8.0,0,1,1
47,2209,12.0,40.0,4,1183500.0,8.0,0,1,1
50,2500,15.0,40.0,4,1709500.0,7.0,1,1,1
52,2704,17.0,25.0,1,1972500.0,1.0,0,0,1
48,2304,12.0,40.0,3,789000.0,11.0,0,1,1
43,1849,12.0,40.0,3,39450.0,3.0,1,1,1
47,2209,12.0,6.0,4,92050.0,1.0,0,1,0
35,1225,12.0,48.0,1,1052000.0,12.0,0,0,1
58,3364,6.0,16.0,9,236700.0,2.0,0,1,0
57,3249,12.0,16.0,9,433950.0,6.0,1,1,1
38,1444,14.0,16.0,9,394500.0,6.0,1,1,1
26,676,12.0,16.0,9,552300.0,4.0,0,0,0
51,2601,17.0,30.0,4,1972500.0,9.0,0,1,1
46,2116,15.0,30.0,4,3945000.0,10.0,1,1,1
59,3481,15.0,44.0,3,658157.5,1.0,0,1,1
57,3249,15.0,44.0,3,394500.0,1.0,1,1,1
55,3025,12.0,0.0,6,789000.0,9.0,0,1,1
34,1156,12.0,0.0,6,368200.0,1.0,0,1,0
40,1600,12.0,48.0,1,263000.0,1.0,0,0,0
31,961,12.0,35.0,3,789000.0,6.0,0,1,1
63,3969,17.0,12.0,3,0.0,2.0,0,1,1
29,841,17.0,12.0,3,0.0,2.0,0,0,1
34,1156,12.0,44.0,8,263000.0,1.0,0,0,0
28,784,15.0,46.0,4,394500.0,12.0,0,0,1
25,625,17.0,46.0,4,1972500.0,1.0,0,0,1
52,2704,9.0,40.0,2,789000.0,2.0,0,1,0
36,1296,12.0,40.0,5,1117750.0,7.0,0,1,1
34,1156,17.0,45.0,1,3287500.0,12.0,0,0,1
24,576,12.0,60.0,2,1104600.0,12.0,0,1,1
28,784,12.0,45.0,1,1052000.0,11.0,1,0,1
28,784,17.0,35.0,3,1315000.0,9.0,1,0,1
46,2116,17.0,29.0,2,894200.0,9.0,0,0,1
64,4096,12.0,30.0,5,1972500.0,6.0,1,1,1
46,2116,12.0,98.0,2,789000.0,1.0,0,1,1
29,841,14.0,0.0,7,378720.0,3.0,1,0,0
24,576,12.0,0.0,7,315600.0,1.0,1,0,0
64,4096,12.0,42.0,1,789000.0,2.0,0,0,1
59,3481,8.0,45.0,2,1709500.0,10.0,0,1,1
58,3364,6.0,32.0,1,1052000.0,6.0,1,0,1
40,1600,15.0,35.0,3,1578000.0,12.0,0,1,1
35,1225,17.0,49.0,2,2630000.0,7.0,0,1,1
35,1225,17.0,49.0,2,1315000.0,12.0,1,1,1
42,1764,17.0,45.0,1,1972500.0,11.0,0,0,1
61,3721,10.0,18.0,1,657500.0,6.0,0,0,1
59,3481,17.0,16.0,3,526000.0,9.0,1,0,1
35,1225,17.0,42.0,1,631200.0,9.0,0,0,1
60,3600,12.0,96.0,6,328750.0,2.0,0,1,1
55,3025,12.0,96.0,6,98625.0,6.0,1,1,1
29,841,15.0,96.0,6,920500.0,9.0,0,0,1
30,900,12.0,30.0,3,210400.0,8.0,0,1,0
29,841,17.0,36.0,2,657500.0,6.0,0,1,0
32,1024,12.0,36.0,5,1154570.0,2.0,1,1,1
27,729,12.0,36.0,5,394500.0,1.0,0,1,0
52,2704,12.0,60.0,1,657500.0,1.0,0,0,1
54,2916,15.0,48.0,2,1972500.0,1.0,0,1,0
47,2209,17.0,48.0,2,131500.0,1.0,1,1,0
40,1600,12.0,56.0,2,526000.0,1.0,0,0,0
24,576,12.0,36.0,3,526000.0,1.0,0,1,0
52,2704,12.0,20.0,6,0.0,4.0,1,1,0
22,484,11.0,0.0,1,526000.0,9.0,0,0,1
56,3136,6.0,40.0,1,420800.0,6.0,0,0,0
67,4489,12.0,10.0,1,92050.0,1.0,0,0,1
27,729,6.0,18.0,4,157800.0,2.0,1,0,0
46,2116,15.0,25.0,4,499700.0,7.0,1,1,1
47,2209,15.0,25.0,4,920500.0,8.0,0,1,1
37,1369,13.0,42.0,2,263000.0,1.0,1,0,0
43,1849,6.0,21.0,5,131500.0,4.0,1,0,0
24,576,15.0,21.0,5,124925.0,4.0,1,0,0
32,1024,15.0,26.0,2,328750.0,8.0,0,0,1
47,2209,7.0,56.0,4,1315000.0,5.0,0,1,1
54,2916,12.0,40.0,6,328750.0,9.0,0,1,1
23,529,12.0,10.0,6,263000.0,6.0,1,0,0
52,2704,15.0,40.0,6,1052000.0,8.0,1,1,1
24,576,9.0,44.0,8,394500.0,3.0,0,0,0
20,400,7.0,44.0,8,263000.0,4.0,0,0,0
32,1024,6.0,44.0,8,394500.0,4.0,0,0,0
54,2916,14.0,18.0,5,394500.0,2.0,0,1,0
50,2500,15.0,18.0,5,526000.0,2.0,1,1,0
46,2116,16.0,72.0,1,1052000.0,2.0,0,0,0
49,2401,12.0,40.0,1,6575000.0,8.0,0,0,1
58,3364,15.0,30.0,1,789000.0,1.0,0,0,0
75,5625,17.0,15.0,2,1315000.0,1.0,0,1,1
45,2025,12.0,40.0,1,1709500.0,8.0,0,0,1
52,2704,17.0,35.0,5,1315000.0,10.0,0,1,1
49,2401,15.0,35.0,5,1183500.0,9.0,1,1,1
28,784,15.0,35.0,5,394500.0,9.0,1,0,1
25,625,17.0,35.0,5,1972500.0,10.0,1,0,1
30,900,15.0,48.0,1,1446500.0,6.0,0,0,1
55,3025,12.0,35.0,3,1052000.0,8.0,0,1,1
38,1444,17.0,40.0,1,1315000.0,12.0,0,0,1
30,900,10.0,21.0,4,131500.0,1.0,1,0,0
34,1156,17.0,48.0,1,1183500.0,9.0,0,0,1
71,5041,12.0,60.0,1,710100.0,9.0,0,1,1
33,1089,12.0,40.0,3,486550.0,7.0,0,1,1
43,1849,8.0,60.0,5,920500.0,6.0,0,1,0
42,1764,12.0,60.0,5,1183500.0,7.0,1,1,1
29,841,15.0,25.0,2,920500.0,7.0,1,1,1
27,729,12.0,25.0,2,789000.0,6.0,0,1,1
30,900,15.0,40.0,2,1709500.0,9.0,1,0,1
43,1849,13.0,30.0,6,789000.0,7.0,1,1,1
44,1936,7.0,30.0,6,1578000.0,7.0,0,1,1
25,625,13.0,40.0,1,920500.0,6.0,0,0,1
28,784,12.0,48.0,2,1052000.0,8.0,0,1,1
29,841,15.0,48.0,2,749550.0,9.0,1,1,1
34,1156,15.0,30.0,1,1578000.0,9.0,0,0,1
39,1521,6.0,40.0,1,526000.0,12.0,0,0,1
43,1849,12.0,20.0,3,263000.0,1.0,1,0,1
55,3025,14.0,48.0,1,552300.0,5.0,1,0,1
32,1024,12.0,30.0,1,526000.0,1.0,0,0,0
51,2601,6.0,21.0,5,78900.0,1.0,1,0,1
28,784,12.0,2.0,4,131500.0,8.0,1,1,1
37,1369,15.0,50.0,1,1315000.0,1.0,1,0,1
55,3025,7.0,12.0,3,368200.0,1.0,1,0,1
21,441,12.0,12.0,3,1183500.0,4.0,0,0,1
22,484,8.0,36.0,3,197250.0,3.0,1,1,0
21,441,13.0,45.0,4,394500.0,3.0,1,0,1
22,484,12.0,45.0,4,394500.0,3.0,1,0,0
36,1296,15.0,20.0,5,723250.0,6.0,1,1,1
47,2209,12.0,20.0,5,3287500.0,7.0,0,1,1
35,1225,1.0,7.0,4,328750.0,1.0,0,0,1
64,4096,15.0,40.0,4,0.0,8.0,1,1,1
55,3025,15.0,40.0,4,1315000.0,8.0,1,0,1
47,2209,7.0,12.0,2,102570.0,6.0,1,0,0
25,625,9.0,12.0,2,131500.0,1.0,0,0,0
51,2601,9.0,84.0,3,789000.0,4.0,1,1,0
31,961,12.0,84.0,3,789000.0,4.0,0,1,0
36,1296,12.0,40.0,4,1315000.0,7.0,0,1,1
33,1089,12.0,40.0,4,920500.0,11.0,1,1,1
39,1521,12.0,70.0,2,394500.0,2.0,1,1,0
36,1296,6.0,25.0,2,420800.0,6.0,1,0,1
36,1296,9.0,40.0,3,1315000.0,7.0,0,1,1
33,1089,12.0,84.0,1,4602500.0,8.0,0,0,1
35,1225,12.0,40.0,5,920500.0,7.0,0,1,1
33,1089,12.0,70.0,2,394500.0,2.0,0,1,0
27,729,12.0,0.0,3,999400.0,10.0,0,1,1
34,1156,12.0,0.0,3,1117750.0,10.0,1,1,1
70,4900,12.0,72.0,1,881050.0,3.0,0,0,1
50,2500,19.0,44.0,5,3945000.0,12.0,0,1,1
51,2601,19.0,44.0,5,2630000.0,8.0,1,1,1
75,5625,12.0,48.0,3,197250.0,1.0,1,0,1
48,2304,12.0,56.0,5,0.0,6.0,1,0,0
25,625,15.0,65.0,1,1052000.0,6.0,1,1,1
27,729,12.0,36.0,3,920500.0,10.0,1,0,1
46,2116,12.0,54.0,4,2630000.0,5.0,0,1,1
34,1156,12.0,45.0,3,789000.0,10.0,0,1,1
27,729,12.0,45.0,3,789000.0,10.0,1,1,1
34,1156,12.0,40.0,3,328750.0,9.0,1,1,1
24,576,15.0,69.0,1,1578000.0,12.0,0,0,1
31,961,13.0,15.0,2,657500.0,7.0,0,1,1
34,1156,8.0,40.0,4,460250.0,2.0,0,1,1
25,625,15.0,40.0,2,1315000.0,9.0,1,0,1
30,900,17.0,35.0,2,920500.0,9.0,0,1,1
31,961,17.0,35.0,2,920500.0,9.0,1,1,1
59,3481,6.0,20.0,2,263000.0,1.0,0,1,0
26,676,12.0,36.0,3,657500.0,6.0,0,0,1
26,676,12.0,36.0,3,854750.0,7.0,1,0,1
62,3844,9.0,8.0,5,263000.0,1.0,0,1,1
45,2025,16.0,45.0,4,920500.0,7.0,0,1,1
51,2601,16.0,45.0,4,315600.0,1.0,1,1,1
59,3481,15.0,56.0,4,1052000.0,1.0,0,1,1
57,3249,15.0,56.0,4,1183500.0,12.0,1,1,1
47,2209,12.0,18.0,1,276150.0,5.0,0,0,0
26,676,15.0,8.0,1,78900.0,1.0,1,0,0
36,1296,12.0,60.0,5,526000.0,1.0,1,1,1
34,1156,12.0,30.0,3,657500.0,8.0,0,0,1
44,1936,16.0,44.0,3,0.0,5.0,0,0,1
26,676,14.0,44.0,3,789000.0,10.0,0,0,1
44,1936,14.0,84.0,1,1052000.0,10.0,0,0,1
34,1156,7.0,2.0,4,1183500.0,6.0,0,1,1
59,3481,6.0,60.0,4,4602500.0,12.0,0,1,1
29,841,14.0,60.0,4,1183500.0,6.0,1,0,1
54,2916,6.0,50.0,2,591750.0,1.0,0,1,0
52,2704,17.0,45.0,3,2630000.0,6.0,0,1,1
51,2601,15.0,45.0,3,1183500.0,6.0,1,1,1
26,676,17.0,40.0,2,1315000.0,11.0,1,1,1
27,729,17.0,40.0,2,1578000.0,9.0,0,1,1
37,1369,6.0,77.0,6,526000.0,7.0,0,1,1
38,1444,7.0,28.0,4,131500.0,1.0,1,1,0
42,1764,5.0,28.0,4,394500.0,7.0,0,1,0
43,1849,17.0,48.0,3,1315000.0,7.0,0,1,1
43,1849,15.0,48.0,3,657500.0,7.0,1,1,1
33,1089,15.0,40.0,1,394500.0,1.0,0,0,1
61,3721,15.0,5.0,1,131500.0,1.0,0,0,0
46,2116,17.0,38.0,4,526000.0,9.0,0,1,1
39,1521,17.0,38.0,4,1052000.0,8.0,1,1,1
49,2401,14.0,48.0,2,1052000.0,9.0,1,0,1
44,1936,17.0,40.0,2,1446500.0,10.0,0,1,1
31,961,17.0,40.0,2,1315000.0,12.0,0,1,1
43,1849,12.0,24.0,1,105200.0,2.0,1,0,0
31,961,16.0,40.0,2,1578000.0,4.0,0,1,1
28,784,17.0,40.0,2,789000.0,9.0,1,1,1
57,3249,15.0,30.0,4,2104000.0,8.0,0,1,1
40,1600,12.0,25.0,3,789000.0,12.0,1,1,1
39,1521,11.0,25.0,3,920500.0,1.0,0,1,1
34,1156,12.0,40.0,5,657500.0,5.0,1,1,1
27,729,12.0,56.0,5,197250.0,5.0,0,0,0
27,729,8.0,30.0,4,1315000.0,12.0,0,1,1
33,1089,17.0,40.0,1,1578000.0,7.0,0,0,1
51,2601,6.0,40.0,4,460250.0,1.0,0,1,1
40,1600,12.0,40.0,4,328750.0,1.0,1,1,1
19,361,12.0,40.0,4,0.0,9.0,0,0,1
44,1936,13.0,84.0,2,3945000.0,1.0,0,0,1
52,2704,12.0,36.0,2,986250.0,8.0,1,0,1
31,961,6.0,12.0,5,591750.0,6.0,0,1,0
32,1024,12.0,36.0,1,883680.0,5.0,0,0,0
39,1521,6.0,14.0,5,102570.0,7.0,1,1,0
41,1681,11.0,14.0,5,420800.0,6.0,0,1,0
20,400,6.0,14.0,5,526000.0,6.0,0,0,0
32,1024,17.0,50.0,1,920500.0,12.0,1,0,1
55,3025,12.0,34.0,3,65750.0,1.0,1,0,0
41,1681,19.0,40.0,2,1972500.0,11.0,1,0,1
24,576,12.0,0.0,4,2630000.0,11.0,0,1,1
25,625,12.0,29.0,1,328750.0,4.0,1,0,0
47,2209,7.0,30.0,2,723250.0,10.0,0,0,1
44,1936,6.0,30.0,2,131500.0,1.0,0,0,0
50,2500,8.0,0.0,2,2367000.0,10.0,0,1,1
49,2401,17.0,30.0,4,1972500.0,4.0,0,1,0
41,1681,14.0,30.0,4,1972500.0,4.0,1,1,1
60,3600,9.0,30.0,2,236700.0,3.0,1,0,0
22,484,15.0,30.0,2,302450.0,3.0,1,0,0
59,3481,6.0,24.0,3,394500.0,2.0,0,0,0
44,1936,15.0,48.0,5,591750.0,7.0,1,1,1
49,2401,13.0,20.0,2,131500.0,1.0,1,0,1
24,576,10.0,42.0,5,789000.0,4.0,0,1,0
65,4225,9.0,40.0,6,1466225.0,8.0,0,0,1
63,3969,6.0,25.0,1,420800.0,10.0,0,0,1
47,2209,8.0,45.0,4,157800.0,8.0,0,1,0
18,324,10.0,40.0,4,197250.0,2.0,0,0,0
38,1444,15.0,34.0,1,749550.0,7.0,1,0,1
49,2401,17.0,12.0,1,1315000.0,8.0,0,0,1
47,2209,6.0,46.0,1,789000.0,6.0,0,0,1
53,2809,12.0,24.0,3,394500.0,3.0,1,0,0
23,529,12.0,24.0,3,197250.0,2.0,1,0,0
58,3364,12.0,30.0,1,1578000.0,9.0,0,0,1
28,784,17.0,35.0,1,1578000.0,11.0,0,0,1
65,4225,19.0,40.0,1,1972500.0,12.0,1,0,1
18,324,12.0,60.0,4,0.0,4.0,0,0,0
17,289,10.0,60.0,4,0.0,4.0,1,0,0
30,900,15.0,45.0,2,1446500.0,9.0,0,1,1
28,784,15.0,45.0,2,1052000.0,6.0,1,1,1
52,2704,17.0,27.0,6,1183500.0,8.0,0,1,1
55,3025,6.0,35.0,3,526000.0,7.0,0,1,1
30,900,15.0,45.0,1,1578000.0,9.0,0,0,1
52,2704,17.0,43.0,3,1183500.0,9.0,1,1,1
38,1444,17.0,10.0,2,526000.0,10.0,1,1,1
34,1156,7.0,10.0,2,723250.0,11.0,0,1,1
45,2025,4.0,40.0,6,420800.0,1.0,0,1,1
32,1024,15.0,40.0,3,460250.0,1.0,0,0,0
64,4096,6.0,98.0,3,1183500.0,2.0,0,1,1
33,1089,12.0,54.0,4,1315000.0,7.0,0,1,1
30,900,12.0,54.0,4,854750.0,8.0,1,1,1
33,1089,12.0,60.0,2,657500.0,9.0,0,1,1
48,2304,15.0,25.0,3,394500.0,1.0,1,1,0
49,2401,15.0,25.0,3,1170350.0,5.0,0,1,1
47,2209,17.0,40.0,2,1117750.0,9.0,1,0,1
33,1089,11.0,40.0,2,220920.0,7.0,0,0,0
37,1369,12.0,40.0,4,1117750.0,9.0,0,1,1
37,1369,12.0,40.0,4,263000.0,3.0,1,1,1
32,1024,14.0,45.0,4,460250.0,6.0,0,0,1
20,400,9.0,40.0,1,0.0,4.0,0,0,0
35,1225,17.0,35.0,2,1972500.0,1.0,1,1,1
36,1296,10.0,48.0,4,499700.0,4.0,0,1,0
20,400,13.0,48.0,4,105200.0,4.0,1,0,0
52,2704,6.0,40.0,5,263000.0,1.0,0,1,1
47,2209,6.0,40.0,5,1052000.0,8.0,1,1,1
24,576,8.0,40.0,5,657500.0,1.0,0,0,0
28,784,8.0,48.0,5,315600.0,3.0,0,0,0
53,2809,12.0,56.0,4,368200.0,2.0,1,1,1
60,3600,14.0,56.0,4,368200.0,2.0,0,1,1
25,625,14.0,56.0,4,526000.0,6.0,1,0,0
22,484,12.0,56.0,4,526000.0,6.0,0,0,0
26,676,12.0,48.0,4,157800.0,1.0,0,0,0
47,2209,12.0,15.0,6,263000.0,1.0,0,1,1
31,961,12.0,60.0,4,657500.0,2.0,1,1,1
29,841,6.0,60.0,4,657500.0,2.0,0,1,1
38,1444,15.0,40.0,3,789000.0,2.0,0,1,0
39,1521,12.0,40.0,3,526000.0,1.0,1,1,0
36,1296,15.0,16.0,3,920500.0,3.0,0,0,1
50,2500,17.0,50.0,4,1972500.0,7.0,1,0,1
38,1444,17.0,25.0,3,447100.0,11.0,0,1,1
37,1369,16.0,25.0,3,1578000.0,9.0,1,1,1
55,3025,12.0,45.0,5,1972500.0,2.0,0,1,1
20,400,12.0,45.0,5,0.0,9.0,0,0,1
33,1089,17.0,22.0,1,289300.0,9.0,0,0,1
47,2209,12.0,36.0,4,1315000.0,8.0,0,1,1
22,484,12.0,36.0,4,1052000.0,7.0,0,0,1
56,3136,4.0,56.0,4,552300.0,1.0,1,1,0
64,4096,9.0,56.0,4,736400.0,7.0,0,1,1
31,961,12.0,72.0,5,394500.0,2.0,1,1,1
35,1225,12.0,72.0,5,789000.0,9.0,0,1,1
52,2704,15.0,48.0,3,6575000.0,1.0,0,1,0
50,2500,17.0,48.0,3,920500.0,7.0,1,1,1
24,576,9.0,48.0,2,526000.0,6.0,0,0,0
55,3025,12.0,40.0,3,460250.0,7.0,0,1,1
65,4225,12.0,48.0,2,1052000.0,1.0,0,0,0
21,441,15.0,40.0,4,118350.0,8.0,1,0,1
46,2116,12.0,30.0,5,526000.0,6.0,0,1,1
46,2116,6.0,30.0,5,526000.0,8.0,1,1,1
53,2809,12.0,72.0,4,1183500.0,11.0,0,1,1
49,2401,12.0,72.0,4,789000.0,9.0,1,1,1
37,1369,12.0,46.0,1,1052000.0,2.0,0,0,0
50,2500,6.0,48.0,3,1841000.0,8.0,0,1,1
47,2209,19.0,40.0,5,2893000.0,9.0,1,1,1
54,2916,17.0,0.0,2,3287500.0,6.0,0,1,1
48,2304,17.0,0.0,2,3287500.0,6.0,1,1,1
66,4356,19.0,9.0,1,394500.0,1.0,0,0,1
55,3025,15.0,38.0,2,473400.0,9.0,0,0,1
49,2401,19.0,40.0,5,1972500.0,1.0,0,1,1
70,4900,3.0,35.0,2,394500.0,6.0,0,0,1
51,2601,4.0,35.0,2,394500.0,6.0,0,0,1
26,676,14.0,40.0,3,526000.0,3.0,1,0,1
47,2209,12.0,30.0,3,1038850.0,9.0,1,0,1
38,1444,15.0,25.0,4,591750.0,9.0,1,0,1
31,961,12.0,36.0,5,920500.0,1.0,0,1,0
45,2025,12.0,30.0,2,986250.0,11.0,0,0,1
58,3364,12.0,35.0,1,2630000.0,8.0,1,0,1
29,841,17.0,35.0,1,1775250.0,9.0,0,0,1
58,3364,6.0,54.0,2,1972500.0,7.0,0,1,1
40,1600,12.0,60.0,2,1578000.0,7.0,0,0,1
39,1521,12.0,40.0,4,1183500.0,8.0,0,1,1
36,1296,17.0,50.0,1,144650.0,2.0,1,0,1
57,3249,10.0,24.0,3,39450.0,1.0,0,0,1
69,4761,12.0,18.0,3,263000.0,1.0,0,1,1
39,1521,17.0,48.0,4,263000.0,4.0,1,0,1
20,400,12.0,48.0,4,368200.0,2.0,0,0,1
30,900,10.0,30.0,4,263000.0,1.0,1,0,0
27,729,7.0,30.0,4,263000.0,1.0,0,0,0
58,3364,15.0,40.0,5,2630000.0,10.0,0,1,1
33,1089,9.0,40.0,4,263000.0,2.0,0,1,0
47,2209,15.0,50.0,3,1025700.0,11.0,1,1,1
59,3481,16.0,36.0,2,131500.0,2.0,1,1,1
61,3721,14.0,36.0,2,131500.0,2.0,0,1,1
50,2500,12.0,50.0,3,1282125.0,8.0,0,1,1
42,1764,13.0,20.0,4,1183500.0,9.0,0,1,1
41,1681,17.0,60.0,4,1315000.0,11.0,0,1,1
38,1444,17.0,60.0,4,1052000.0,8.0,1,1,1
60,3600,12.0,44.0,2,394500.0,2.0,1,1,1
64,4096,12.0,44.0,2,394500.0,2.0,0,1,1
69,4761,12.0,20.0,6,131500.0,1.0,0,1,1
24,576,14.0,20.0,6,184100.0,2.0,1,0,0
32,1024,17.0,30.0,2,657500.0,6.0,1,0,1
47,2209,12.0,35.0,1,1183500.0,11.0,0,0,1
42,1764,15.0,40.0,2,789000.0,9.0,0,0,1
44,1936,6.0,18.0,5,657500.0,8.0,0,1,1
42,1764,6.0,40.0,4,920500.0,2.0,1,1,0
54,2916,12.0,48.0,6,854750.0,12.0,1,0,1
32,1024,9.0,48.0,6,526000.0,3.0,0,1,0
38,1444,6.0,48.0,6,526000.0,3.0,0,0,0
27,729,12.0,20.0,2,197250.0,2.0,1,0,0
37,1369,15.0,48.0,3,789000.0,9.0,0,1,1
35,1225,15.0,48.0,3,591750.0,8.0,1,1,1
43,1849,12.0,24.0,3,263000.0,1.0,1,0,1
59,3481,16.0,18.0,5,1446500.0,7.0,1,1,1
56,3136,15.0,18.0,5,1578000.0,4.0,0,1,1
34,1156,15.0,18.0,5,394500.0,5.0,0,0,1
30,900,12.0,48.0,3,78900.0,7.0,0,0,1
41,1681,11.0,36.0,4,657500.0,6.0,1,1,0
56,3136,17.0,56.0,1,789000.0,1.0,0,0,1
35,1225,14.0,30.0,5,197250.0,1.0,0,0,0
41,1681,15.0,35.0,2,1775250.0,9.0,0,1,1
43,1849,17.0,35.0,2,1052000.0,9.0,1,1,1
55,3025,3.0,24.0,2,263000.0,1.0,0,1,0
38,1444,12.0,40.0,4,1315000.0,12.0,0,1,1
61,3721,6.0,30.0,5,657500.0,1.0,0,1,0
63,3969,6.0,25.0,3,657500.0,1.0,0,0,0
46,2116,17.0,35.0,4,3945000.0,9.0,1,1,1
44,1936,17.0,35.0,4,3945000.0,11.0,0,1,1
45,2025,15.0,40.0,2,1052000.0,9.0,0,0,1
55,3025,15.0,51.0,5,723250.0,1.0,1,0,1
26,676,15.0,51.0,5,52600.0,9.0,1,0,0
24,576,15.0,51.0,5,394500.0,8.0,1,0,0
22,484,15.0,51.0,5,263000.0,2.0,0,0,0
19,361,12.0,51.0,5,263000.0,2.0,1,0,0
28,784,10.0,20.0,3,789000.0,1.0,0,1,0
26,676,17.0,20.0,3,1315000.0,1.0,1,1,0
28,784,15.0,60.0,1,1052000.0,12.0,0,0,1
24,576,12.0,44.0,2,394500.0,7.0,1,0,0
47,2209,8.0,56.0,3,1052000.0,1.0,0,1,1
26,676,12.0,56.0,3,394500.0,1.0,0,0,0
32,1024,15.0,20.0,1,789000.0,6.0,0,0,1
32,1024,9.0,54.0,3,197250.0,1.0,0,0,0
29,841,12.0,54.0,3,131500.0,1.0,0,0,0
59,3481,6.0,36.0,6,197250.0,2.0,0,1,0
55,3025,6.0,36.0,6,197250.0,2.0,1,1,0
46,2116,9.0,56.0,3,789000.0,1.0,1,1,0
22,484,12.0,3.0,5,157800.0,3.0,0,0,0
57,3249,12.0,30.0,3,920500.0,9.0,1,0,1
30,900,16.0,30.0,3,657500.0,4.0,0,0,1
52,2704,16.0,70.0,3,5917500.0,11.0,0,1,1
50,2500,17.0,70.0,3,5260000.0,8.0,1,1,1
22,484,13.0,70.0,3,131500.0,2.0,1,0,1
54,2916,15.0,30.0,2,1315000.0,6.0,0,0,1
52,2704,12.0,30.0,4,526000.0,9.0,1,0,1
40,1600,14.0,47.0,1,460250.0,1.0,0,0,0
35,1225,17.0,98.0,1,526000.0,3.0,1,0,1
36,1296,13.0,20.0,1,0.0,5.0,1,0,0
72,5184,15.0,30.0,1,394500.0,2.0,1,0,1
35,1225,17.0,44.0,2,986250.0,7.0,1,1,1
41,1681,15.0,44.0,2,1578000.0,3.0,0,1,1
56,3136,17.0,53.0,2,2630000.0,7.0,1,0,1
35,1225,17.0,48.0,2,762700.0,10.0,1,0,1
62,3844,12.0,60.0,4,1315000.0,12.0,0,1,1
45,2025,12.0,24.0,4,526000.0,7.0,1,0,1
36,1296,15.0,44.0,1,1052000.0,7.0,0,0,1
33,1089,12.0,36.0,3,1972500.0,11.0,1,0,1
45,2025,17.0,30.0,3,1052000.0,8.0,1,1,1
45,2025,17.0,70.0,4,0.0,9.0,0,1,1
44,1936,15.0,48.0,3,1052000.0,1.0,1,0,1
41,1681,12.0,40.0,4,1117750.0,6.0,0,1,0
60,3600,12.0,35.0,2,394500.0,6.0,0,1,1
56,3136,12.0,35.0,2,78900.0,1.0,1,1,0
45,2025,15.0,40.0,3,1315000.0,7.0,0,1,1
41,1681,15.0,48.0,4,723250.0,10.0,0,1,1
41,1681,15.0,48.0,4,723250.0,10.0,1,1,1
30,900,12.0,48.0,1,789000.0,9.0,0,0,1
51,2601,15.0,48.0,3,1578000.0,10.0,1,1,1
59,3481,12.0,48.0,3,1841000.0,9.0,0,1,1
33,1089,15.0,12.0,2,102570.0,6.0,1,0,0
66,4356,6.0,50.0,3,1315000.0,2.0,0,0,1
19,361,13.0,35.0,2,197250.0,5.0,1,0,0
35,1225,6.0,46.0,4,394500.0,8.0,1,1,1
40,1600,12.0,48.0,3,920500.0,6.0,0,1,0
43,1849,17.0,44.0,2,789000.0,10.0,1,1,1
48,2304,17.0,45.0,4,1315000.0,7.0,1,1,1
47,2209,14.0,45.0,4,1183500.0,9.0,0,1,1
37,1369,6.0,48.0,6,394500.0,1.0,0,1,0
47,2209,15.0,24.0,4,157800.0,6.0,0,1,0
54,2916,0.0,48.0,2,328750.0,1.0,0,1,0
34,1156,7.0,48.0,5,2235500.0,9.0,0,1,1
41,1681,15.0,36.0,5,1315000.0,7.0,0,1,1
39,1521,15.0,25.0,3,657500.0,8.0,1,1,1
42,1764,15.0,30.0,4,591750.0,6.0,1,1,0
63,3969,12.0,30.0,1,460250.0,1.0,1,0,1
28,784,12.0,60.0,1,1052000.0,3.0,0,1,0
54,2916,17.0,25.0,3,723250.0,10.0,0,1,1
64,4096,10.0,12.0,4,920500.0,1.0,0,1,1
40,1600,15.0,30.0,3,1315000.0,11.0,1,0,1
53,2809,12.0,44.0,3,920500.0,8.0,0,0,1
19,361,12.0,44.0,3,210400.0,6.0,1,0,1
36,1296,10.0,40.0,3,562820.0,6.0,0,0,0
31,961,15.0,20.0,2,986250.0,7.0,1,1,1
30,900,9.0,40.0,3,197250.0,1.0,0,1,0
63,3969,5.0,18.0,1,460250.0,2.0,0,0,0
40,1600,15.0,54.0,1,789000.0,2.0,0,0,0
49,2401,12.0,24.0,5,197250.0,1.0,1,0,0
46,2116,2.0,40.0,4,789000.0,1.0,0,1,0
32,1024,17.0,30.0,3,591750.0,9.0,1,1,0
45,2025,6.0,30.0,3,394500.0,9.0,0,1,1
40,1600,15.0,20.0,1,591750.0,7.0,0,0,1
40,1600,3.0,36.0,4,723250.0,6.0,0,1,0
30,900,12.0,42.0,2,1183500.0,10.0,0,0,1
25,625,12.0,42.0,2,526000.0,1.0,0,1,0
23,529,12.0,42.0,2,236700.0,3.0,1,1,0
40,1600,6.0,48.0,4,920500.0,6.0,0,1,1
31,961,14.0,45.0,4,526000.0,4.0,0,0,1
47,2209,6.0,30.0,5,657500.0,5.0,0,1,0
60,3600,17.0,45.0,4,920500.0,9.0,0,1,1
43,1849,6.0,45.0,4,526000.0,5.0,0,1,0
33,1089,12.0,46.0,4,789000.0,2.0,0,1,0
35,1225,9.0,60.0,1,2630000.0,7.0,0,0,1
64,4096,9.0,53.0,1,394500.0,1.0,0,0,1
32,1024,17.0,40.0,2,1315000.0,9.0,1,1,1
49,2401,17.0,40.0,2,1315000.0,8.0,0,0,1
25,625,14.0,48.0,1,1117750.0,9.0,0,0,1
55,3025,12.0,30.0,2,657500.0,12.0,0,1,1
57,3249,2.0,25.0,2,65750.0,1.0,0,1,0
47,2209,12.0,48.0,3,328750.0,1.0,0,1,1
57,3249,15.0,40.0,3,657500.0,5.0,1,0,0
31,961,12.0,40.0,3,355050.0,6.0,1,0,1
39,1521,12.0,24.0,4,526000.0,1.0,0,1,0
42,1764,12.0,24.0,4,0.0,3.0,1,1,1
31,961,17.0,48.0,1,1052000.0,11.0,0,0,1
65,4225,2.0,70.0,4,328750.0,2.0,0,0,0
49,2401,12.0,45.0,4,1841000.0,9.0,0,1,1
35,1225,12.0,48.0,1,460250.0,9.0,0,0,1
29,841,7.0,52.0,5,394500.0,2.0,1,0,0
37,1369,12.0,48.0,4,263000.0,2.0,0,1,0
31,961,12.0,48.0,4,1025700.0,12.0,1,1,1
36,1296,12.0,72.0,4,105200.0,1.0,1,0,0
52,2704,19.0,40.0,4,2630000.0,12.0,0,1,1
44,1936,17.0,40.0,4,1578000.0,9.0,1,1,1
49,2401,15.0,52.0,2,263000.0,6.0,0,1,0
37,1369,12.0,52.0,2,157800.0,6.0,1,1,1
31,961,6.0,6.0,3,131500.0,1.0,0,1,0
56,3136,15.0,30.0,4,657500.0,8.0,0,0,1
36,1296,17.0,25.0,1,526000.0,3.0,1,0,1
24,576,15.0,21.0,3,0.0,10.0,0,0,1
25,625,12.0,68.0,1,526000.0,2.0,1,0,1
24,576,12.0,48.0,1,328750.0,1.0,0,0,0
34,1156,19.0,9.0,3,526000.0,2.0,1,1,1
32,1024,17.0,9.0,3,526000.0,2.0,0,1,1
23,529,6.0,20.0,5,102570.0,7.0,1,0,0
49,2401,12.0,48.0,2,1709500.0,12.0,0,0,1
58,3364,12.0,0.0,2,3287500.0,8.0,0,1,1
43,1849,12.0,48.0,5,1052000.0,12.0,0,1,1
43,1849,15.0,48.0,5,1052000.0,9.0,1,1,1
53,2809,6.0,20.0,3,399760.0,6.0,1,1,0
45,2025,14.0,40.0,5,1578000.0,1.0,0,1,1
44,1936,17.0,40.0,5,565450.0,8.0,1,1,1
25,625,14.0,9.0,4,263000.0,3.0,1,0,0
20,400,12.0,9.0,4,394500.0,5.0,0,0,0
43,1849,6.0,24.0,4,118350.0,1.0,0,1,0
35,1225,12.0,40.0,5,394500.0,6.0,0,1,0
42,1764,12.0,56.0,4,1578000.0,12.0,0,1,1
41,1681,12.0,48.0,4,0.0,7.0,0,1,1
39,1521,15.0,48.0,4,875790.0,6.0,1,1,1
68,4624,12.0,30.0,3,920500.0,7.0,0,1,1
38,1444,9.0,30.0,3,591750.0,5.0,0,0,0
41,1681,7.0,30.0,3,263000.0,2.0,1,1,0
46,2116,12.0,79.0,3,1052000.0,2.0,1,1,1
54,2916,9.0,79.0,3,460250.0,1.0,0,1,0
17,289,10.0,79.0,3,0.0,2.0,0,0,1
27,729,8.0,15.0,3,52600.0,2.0,1,0,0
40,1600,12.0,36.0,1,1709500.0,8.0,0,0,1
39,1521,17.0,20.0,3,197250.0,1.0,1,0,0
33,1089,15.0,40.0,2,1841000.0,10.0,0,1,1
27,729,8.0,60.0,5,789000.0,1.0,0,1,0
37,1369,9.0,44.0,3,1052000.0,6.0,0,1,1
27,729,12.0,44.0,3,328750.0,1.0,1,1,1
37,1369,12.0,40.0,3,1130900.0,7.0,0,1,1
64,4096,6.0,44.0,2,526000.0,6.0,0,0,1
21,441,12.0,25.0,1,341900.0,4.0,1,0,0
48,2304,9.0,61.0,2,263000.0,3.0,1,0,0
44,1936,9.0,50.0,5,920500.0,7.0,0,1,1
42,1764,14.0,50.0,5,65750.0,1.0,1,1,1
60,3600,12.0,40.0,2,1972500.0,1.0,0,1,1
39,1521,16.0,40.0,2,1709500.0,11.0,1,1,1
38,1444,14.0,48.0,1,1052000.0,1.0,0,0,0
38,1444,8.0,48.0,5,5260000.0,3.0,0,1,1
57,3249,15.0,20.0,2,552300.0,10.0,1,0,1
38,1444,17.0,40.0,1,2630000.0,12.0,0,0,1
40,1600,12.0,64.0,1,2367000.0,6.0,0,0,1
59,3481,15.0,50.0,2,1315000.0,11.0,0,0,1
34,1156,12.0,35.0,4,920500.0,8.0,1,1,1
41,1681,12.0,35.0,4,2630000.0,9.0,0,1,1
47,2209,17.0,34.0,4,789000.0,10.0,1,1,1
35,1225,16.0,35.0,2,526000.0,1.0,0,1,0
46,2116,12.0,54.0,4,526000.0,9.0,0,1,1
44,1936,15.0,54.0,4,381350.0,8.0,1,1,1
22,484,13.0,54.0,4,328750.0,8.0,0,0,1
32,1024,8.0,55.0,5,986250.0,6.0,0,1,1
38,1444,12.0,20.0,4,394500.0,1.0,1,1,1
39,1521,9.0,30.0,4,946800.0,11.0,1,0,1
63,3969,6.0,44.0,2,986250.0,1.0,0,1,1
57,3249,0.0,60.0,2,789000.0,7.0,0,1,1
21,441,15.0,24.0,1,460250.0,5.0,0,0,0
61,3721,12.0,48.0,4,394500.0,1.0,0,0,0
28,784,12.0,48.0,4,65750.0,1.0,1,1,0
57,3249,12.0,40.0,3,1183500.0,11.0,0,1,1
59,3481,6.0,6.0,4,39450.0,1.0,0,1,0
45,2025,9.0,84.0,4,657500.0,12.0,0,1,1
45,2025,17.0,84.0,4,1315000.0,7.0,1,1,1
42,1764,14.0,54.0,2,789000.0,5.0,1,0,0
34,1156,16.0,54.0,6,1262400.0,6.0,1,0,1
53,2809,0.0,40.0,6,526000.0,5.0,0,1,1
38,1444,6.0,48.0,4,526000.0,1.0,0,1,0
31,961,12.0,48.0,4,1092765.0,10.0,1,1,1
43,1849,6.0,48.0,6,460250.0,7.0,1,1,0
62,3844,17.0,40.0,4,1315000.0,7.0,0,1,1
26,676,16.0,40.0,4,394500.0,5.0,0,1,1
28,784,17.0,40.0,4,1052000.0,7.0,0,0,1
26,676,15.0,48.0,5,920500.0,6.0,0,0,1
61,3721,15.0,48.0,5,1578000.0,8.0,0,1,1
55,3025,15.0,48.0,5,1183500.0,6.0,1,1,1
60,3600,8.0,8.0,1,105200.0,1.0,1,0,1
43,1849,9.0,35.0,2,657500.0,7.0,0,1,1
30,900,6.0,56.0,5,460250.0,4.0,0,1,0
53,2809,6.0,56.0,5,433950.0,9.0,0,0,1
44,1936,12.0,20.0,3,486550.0,10.0,1,0,1
64,4096,17.0,20.0,3,1578000.0,9.0,0,1,1
44,1936,15.0,20.0,2,526000.0,6.0,1,1,1
55,3025,6.0,48.0,3,0.0,1.0,1,1,1
32,1024,13.0,56.0,3,657500.0,7.0,1,0,1
63,3969,6.0,20.0,3,263000.0,1.0,0,0,0
48,2304,6.0,20.0,3,460250.0,5.0,0,0,0
35,1225,12.0,36.0,2,355050.0,5.0,1,0,0
57,3249,6.0,40.0,2,1315000.0,1.0,0,1,1
27,729,15.0,48.0,2,1315000.0,2.0,1,1,1
29,841,12.0,48.0,2,1315000.0,2.0,0,1,1
27,729,15.0,10.0,3,157800.0,8.0,1,1,1
60,3600,6.0,16.0,4,394500.0,1.0,0,1,0
52,2704,6.0,16.0,4,0.0,2.0,1,1,0
26,676,16.0,16.0,4,157800.0,1.0,0,0,0
60,3600,17.0,30.0,2,1315000.0,12.0,0,0,1
26,676,17.0,30.0,2,210400.0,7.0,0,0,1
33,1089,9.0,24.0,4,526000.0,1.0,0,1,0
61,3721,15.0,49.0,2,789000.0,2.0,0,1,1
60,3600,15.0,49.0,2,394500.0,1.0,1,1,1
36,1296,15.0,40.0,1,1315000.0,12.0,0,0,1
24,576,12.0,60.0,2,894200.0,4.0,1,1,0
31,961,12.0,40.0,4,263000.0,5.0,0,1,0
69,4761,17.0,40.0,2,3287500.0,1.0,0,1,1
27,729,12.0,40.0,4,394500.0,1.0,1,1,0
29,841,12.0,40.0,4,1183500.0,7.0,0,1,1
37,1369,15.0,40.0,4,1315000.0,9.0,1,0,1
20,400,12.0,40.0,4,197250.0,3.0,1,0,0
26,676,8.0,40.0,3,355050.0,7.0,0,0,0
28,784,14.0,56.0,2,789000.0,4.0,0,1,0
30,900,16.0,56.0,2,0.0,4.0,1,1,0
34,1156,10.0,45.0,4,986250.0,10.0,0,1,1
34,1156,12.0,45.0,4,131500.0,1.0,1,1,1
45,2025,19.0,31.0,2,1052000.0,10.0,1,0,1
32,1024,12.0,45.0,2,1578000.0,11.0,0,1,1
52,2704,12.0,30.0,2,552300.0,8.0,1,0,1
23,529,15.0,30.0,2,552300.0,12.0,0,0,1
39,1521,17.0,110.0,4,3287500.0,5.0,0,1,1
48,2304,17.0,110.0,4,920500.0,10.0,1,1,1
19,361,12.0,110.0,4,657500.0,3.0,0,0,1
34,1156,17.0,24.0,2,526000.0,1.0,1,1,1
35,1225,17.0,24.0,2,1972500.0,1.0,0,1,0
42,1764,15.0,60.0,1,854750.0,6.0,0,0,1
35,1225,12.0,48.0,1,263000.0,1.0,0,0,0
26,676,12.0,6.0,4,789000.0,1.0,0,0,0
53,2809,6.0,54.0,4,394500.0,10.0,1,0,1
26,676,16.0,48.0,4,197250.0,2.0,0,0,1
45,2025,17.0,40.0,2,1446500.0,10.0,1,1,1
46,2116,9.0,40.0,2,1301850.0,11.0,0,1,1
38,1444,8.0,36.0,5,815300.0,6.0,1,0,1
20,400,12.0,36.0,5,368200.0,6.0,1,0,1
18,324,11.0,36.0,5,591750.0,3.0,0,0,1
50,2500,15.0,40.0,1,1052000.0,7.0,1,0,1
63,3969,12.0,35.0,1,263000.0,1.0,1,0,1
50,2500,6.0,60.0,7,920500.0,9.0,0,1,1
73,5329,6.0,60.0,7,460250.0,2.0,0,0,1
35,1225,17.0,30.0,2,657500.0,1.0,1,1,1
34,1156,17.0,30.0,2,1972500.0,6.0,0,1,1
26,676,9.0,57.0,4,526000.0,4.0,0,1,0
63,3969,17.0,36.0,4,2104000.0,9.0,1,0,1
33,1089,12.0,35.0,2,263000.0,1.0,1,1,1
55,3025,15.0,25.0,1,539150.0,9.0,1,0,1
50,2500,15.0,30.0,2,591750.0,8.0,1,0,1
40,1600,15.0,10.0,3,499700.0,1.0,1,0,0
19,361,12.0,42.0,5,131500.0,2.0,1,0,0
32,1024,13.0,50.0,1,1841000.0,10.0,1,0,1
53,2809,12.0,48.0,5,236700.0,3.0,0,1,1
28,784,15.0,48.0,5,657500.0,3.0,1,0,1
23,529,13.0,48.0,5,591750.0,6.0,1,0,0
48,2304,17.0,25.0,1,1709500.0,10.0,0,0,1
52,2704,19.0,40.0,3,1972500.0,10.0,0,1,1
55,3025,19.0,40.0,3,1972500.0,6.0,1,1,1
62,3844,1.0,42.0,6,526000.0,1.0,0,1,0
32,1024,12.0,42.0,6,526000.0,7.0,0,0,1
27,729,12.0,42.0,6,157800.0,1.0,0,0,0
50,2500,8.0,30.0,1,749550.0,9.0,1,0,1
63,3969,6.0,72.0,1,526000.0,1.0,0,0,0
53,2809,12.0,45.0,4,102570.0,9.0,1,1,0
47,2209,17.0,40.0,4,789000.0,1.0,0,1,1
30,900,15.0,32.0,3,526000.0,1.0,1,0,0
49,2401,17.0,40.0,4,710100.0,8.0,1,1,1
41,1681,12.0,30.0,2,1052000.0,8.0,1,0,1
40,1600,12.0,60.0,2,591750.0,6.0,0,1,0
28,784,12.0,40.0,4,1183500.0,10.0,1,1,1
20,400,14.0,30.0,3,92050.0,12.0,0,0,1
46,2116,16.0,30.0,4,1052000.0,5.0,1,1,1
47,2209,15.0,30.0,4,1972500.0,9.0,1,1,1
29,841,15.0,40.0,4,263000.0,5.0,1,1,0
48,2304,8.0,30.0,3,447100.0,6.0,0,1,1
35,1225,17.0,48.0,1,1315000.0,10.0,0,0,1
60,3600,7.0,70.0,4,789000.0,6.0,0,1,1
32,1024,12.0,70.0,4,52600.0,2.0,1,0,0
70,4900,17.0,48.0,4,1052000.0,6.0,1,0,1
39,1521,17.0,48.0,4,591750.0,7.0,1,0,1
60,3600,6.0,30.0,4,499700.0,6.0,1,1,1
44,1936,12.0,30.0,3,197250.0,2.0,1,1,0
63,3969,17.0,46.0,3,3287500.0,4.0,0,1,1
57,3249,9.0,48.0,4,1446500.0,7.0,0,1,1
67,4489,17.0,17.0,1,526000.0,1.0,1,0,1
56,3136,12.0,70.0,4,1578000.0,5.0,0,1,0
50,2500,17.0,70.0,4,1315000.0,5.0,1,1,0
30,900,12.0,45.0,2,1578000.0,11.0,1,1,1
37,1369,19.0,42.0,1,394500.0,9.0,1,0,1
52,2704,8.0,40.0,2,1578000.0,3.0,0,1,1
43,1849,12.0,48.0,4,1052000.0,1.0,0,1,1
38,1444,9.0,48.0,4,789000.0,1.0,1,1,1
24,576,12.0,25.0,2,289300.0,1.0,1,0,0
56,3136,17.0,20.0,2,1972500.0,1.0,1,1,1
53,2809,17.0,20.0,2,2630000.0,10.0,0,1,1
40,1600,9.0,15.0,3,526000.0,1.0,0,1,0
36,1296,17.0,36.0,2,1578000.0,6.0,0,1,1
34,1156,17.0,36.0,2,526000.0,1.0,1,1,1
43,1849,17.0,44.0,4,1315000.0,12.0,0,1,1
41,1681,17.0,44.0,4,1578000.0,8.0,1,1,1
54,2916,14.0,24.0,1,394500.0,6.0,1,0,1
59,3481,12.0,49.0,2,460250.0,9.0,0,1,1
47,2209,8.0,44.0,4,526000.0,2.0,1,1,0
30,900,7.0,44.0,4,394500.0,2.0,0,0,0
27,729,17.0,36.0,4,394500.0,6.0,1,0,1
21,441,6.0,12.0,1,105200.0,1.0,0,0,0
65,4225,12.0,30.0,3,394500.0,4.0,0,1,1
29,841,6.0,30.0,3,263000.0,4.0,0,0,0
28,784,15.0,38.0,2,249850.0,3.0,0,1,0
28,784,15.0,38.0,2,236700.0,6.0,1,1,0
46,2116,15.0,25.0,6,1315000.0,9.0,1,1,1
43,1849,12.0,48.0,5,1183500.0,12.0,1,1,1
49,2401,15.0,48.0,5,1315000.0,1.0,0,1,1
49,2401,15.0,45.0,2,657500.0,9.0,1,0,1
36,1296,16.0,12.0,6,789000.0,1.0,0,1,0
35,1225,11.0,12.0,6,526000.0,1.0,1,1,0
47,2209,6.0,48.0,4,920500.0,5.0,0,1,0
24,576,12.0,48.0,4,526000.0,5.0,1,0,1
22,484,12.0,48.0,4,2367000.0,8.0,0,0,1
48,2304,15.0,40.0,1,631200.0,7.0,1,0,1
60,3600,17.0,35.0,1,1052000.0,2.0,1,0,1
30,900,12.0,40.0,4,657500.0,9.0,1,1,1
23,529,12.0,48.0,2,1052000.0,8.0,0,1,1
22,484,15.0,48.0,2,197250.0,3.0,1,1,0
47,2209,10.0,25.0,5,526000.0,9.0,1,0,1
27,729,12.0,25.0,5,762700.0,9.0,0,0,1
30,900,15.0,25.0,5,657500.0,10.0,0,0,1
20,400,15.0,25.0,5,657500.0,9.0,1,0,1
68,4624,12.0,30.0,3,131500.0,2.0,0,1,1
35,1225,12.0,40.0,4,591750.0,9.0,0,1,1
52,2704,12.0,56.0,3,1446500.0,12.0,0,1,1
56,3136,12.0,30.0,3,920500.0,9.0,1,1,1
39,1521,12.0,25.0,5,1052000.0,10.0,0,1,1
33,1089,6.0,25.0,5,328750.0,1.0,1,1,1
24,576,6.0,40.0,4,789000.0,11.0,0,1,1
29,841,17.0,30.0,1,1315000.0,1.0,1,0,1
15,225,7.0,12.0,4,39450.0,1.0,1,0,0
30,900,16.0,30.0,2,789000.0,12.0,1,1,1
38,1444,17.0,30.0,2,828450.0,12.0,1,1,1
53,2809,17.0,52.0,5,3287500.0,6.0,0,1,1
52,2704,17.0,52.0,5,2367000.0,10.0,1,1,1
43,1849,7.0,12.0,4,102570.0,7.0,1,0,0
58,3364,8.0,30.0,4,591750.0,1.0,0,1,0
44,1936,8.0,30.0,4,89420.0,6.0,0,0,0
48,2304,13.0,20.0,1,789000.0,7.0,0,0,1
26,676,15.0,40.0,3,1709500.0,12.0,0,1,1
31,961,14.0,40.0,3,1446500.0,12.0,1,1,1
46,2116,17.0,18.0,3,1315000.0,1.0,1,0,1
26,676,12.0,70.0,4,841600.0,5.0,0,0,0
65,4225,15.0,14.0,5,32875.0,1.0,1,0,1
40,1600,17.0,14.0,5,1052000.0,10.0,1,0,1
39,1521,12.0,14.0,5,526000.0,10.0,0,0,1
27,729,12.0,84.0,1,460250.0,1.0,0,0,0
47,2209,17.0,40.0,4,1052000.0,12.0,0,1,1
44,1936,17.0,40.0,4,1052000.0,12.0,1,1,1
27,729,17.0,70.0,4,854750.0,5.0,0,0,0
36,1296,17.0,40.0,2,394500.0,9.0,0,1,1
32,1024,12.0,40.0,2,1972500.0,12.0,1,1,1
30,900,12.0,30.0,9,210400.0,3.0,1,0,1
27,729,16.0,30.0,9,526000.0,6.0,1,0,1
56,3136,12.0,30.0,9,789000.0,7.0,0,1,1
26,676,12.0,12.0,4,263000.0,3.0,1,0,0
55,3025,11.0,70.0,5,263000.0,3.0,1,1,0
33,1089,14.0,70.0,5,526000.0,9.0,1,1,1
37,1369,8.0,54.0,4,420800.0,2.0,0,1,0
35,1225,15.0,36.0,5,512850.0,9.0,1,1,1
42,1764,9.0,36.0,5,591750.0,5.0,0,1,1
54,2916,12.0,45.0,2,394500.0,1.0,1,0,1
31,961,17.0,45.0,2,789000.0,4.0,0,0,1
67,4489,12.0,12.0,2,197250.0,2.0,0,1,1
65,4225,12.0,12.0,2,197250.0,2.0,1,1,1
65,4225,17.0,30.0,4,854750.0,9.0,0,1,1
28,784,12.0,35.0,3,526000.0,3.0,1,0,0
49,2401,15.0,36.0,5,2630000.0,5.0,0,0,1
53,2809,17.0,30.0,4,723250.0,9.0,1,1,1
42,1764,15.0,48.0,4,789000.0,2.0,1,1,1
37,1369,10.0,48.0,4,1130900.0,6.0,0,1,1
42,1764,17.0,30.0,3,1183500.0,6.0,1,1,1
58,3364,15.0,48.0,4,526000.0,1.0,0,1,0
55,3025,8.0,48.0,4,118350.0,1.0,1,1,0
29,841,12.0,48.0,4,789000.0,10.0,0,0,1
33,1089,12.0,48.0,4,526000.0,10.0,0,0,1
54,2916,8.0,20.0,3,197250.0,3.0,0,1,1
53,2809,12.0,20.0,3,1157200.0,8.0,1,1,1
32,1024,12.0,20.0,3,289300.0,3.0,0,0,0
45,2025,6.0,40.0,6,131500.0,1.0,1,0,1
28,784,12.0,40.0,6,263000.0,1.0,0,0,0
44,1936,15.0,35.0,4,920500.0,10.0,0,1,1
45,2025,12.0,46.0,3,920500.0,9.0,1,0,1
49,2401,17.0,34.0,4,657500.0,9.0,1,1,1
53,2809,7.0,36.0,3,789000.0,1.0,0,0,1
23,529,12.0,36.0,3,536520.0,6.0,1,0,0
59,3481,12.0,50.0,1,1972500.0,6.0,0,0,1
55,3025,6.0,56.0,3,302450.0,1.0,1,0,1
45,2025,12.0,40.0,1,1315000.0,11.0,1,0,1
31,961,12.0,48.0,1,670650.0,9.0,0,0,1
24,576,11.0,30.0,3,263000.0,2.0,0,0,0
49,2401,12.0,18.0,3,1578000.0,10.0,0,1,1
44,1936,15.0,18.0,3,1578000.0,10.0,1,1,1
24,576,13.0,20.0,2,197250.0,6.0,0,1,1
24,576,11.0,20.0,2,789000.0,6.0,0,1,1
65,4225,8.0,30.0,3,39450.0,1.0,1,1,1
24,576,14.0,36.0,2,657500.0,5.0,1,0,1
27,729,12.0,40.0,1,789000.0,1.0,0,0,0
32,1024,10.0,76.0,5,789000.0,6.0,0,1,1
41,1681,6.0,30.0,6,591750.0,1.0,0,1,0
38,1444,15.0,20.0,1,1578000.0,12.0,0,0,1
35,1225,6.0,60.0,3,1315000.0,2.0,1,1,0
27,729,17.0,8.0,1,167005.0,8.0,1,0,1
42,1764,13.0,40.0,6,1315000.0,10.0,0,1,1
38,1444,13.0,40.0,6,394500.0,8.0,1,1,1
25,625,16.0,52.0,5,236700.0,6.0,0,0,0
28,784,12.0,64.0,4,164375.0,2.0,1,1,0
42,1764,12.0,40.0,1,420800.0,4.0,0,0,0
37,1369,17.0,45.0,1,1183500.0,10.0,0,0,1
67,4489,17.0,44.0,1,920500.0,1.0,1,0,1
30,900,9.0,64.0,4,657500.0,3.0,0,1,0
28,784,17.0,40.0,1,657500.0,5.0,0,0,0
60,3600,16.0,40.0,1,263000.0,3.0,0,0,0
24,576,12.0,56.0,4,315600.0,7.0,1,0,0
63,3969,9.0,0.0,6,526000.0,2.0,0,0,1
52,2704,6.0,84.0,5,1249250.0,8.0,0,1,1
52,2704,14.0,30.0,9,433950.0,4.0,1,1,1
30,900,6.0,70.0,5,263000.0,3.0,1,0,0
60,3600,6.0,70.0,5,263000.0,3.0,0,1,0
34,1156,12.0,60.0,1,263000.0,7.0,0,0,0
36,1296,12.0,70.0,5,526000.0,7.0,0,1,1
32,1024,17.0,40.0,3,1052000.0,9.0,0,0,1
54,2916,9.0,40.0,2,2104000.0,10.0,0,1,1
46,2116,12.0,54.0,3,986250.0,1.0,0,0,0
40,1600,15.0,48.0,3,986250.0,11.0,1,1,1
41,1681,16.0,48.0,3,789000.0,9.0,0,1,1
53,2809,15.0,0.0,1,710100.0,9.0,1,0,1
31,961,12.0,84.0,5,920500.0,8.0,1,1,1
41,1681,12.0,35.0,3,789000.0,8.0,1,0,1
35,1225,15.0,84.0,5,2630000.0,11.0,1,1,1
30,900,17.0,36.0,2,2630000.0,2.0,0,1,1
27,729,17.0,36.0,2,2630000.0,2.0,1,1,1
51,2601,8.0,30.0,4,789000.0,7.0,0,1,1
27,729,15.0,48.0,2,986250.0,12.0,0,0,1
36,1296,15.0,48.0,2,986250.0,12.0,0,0,1
32,1024,12.0,40.0,3,460250.0,1.0,0,0,0
29,841,15.0,40.0,3,657500.0,4.0,0,0,0
50,2500,15.0,25.0,3,1052000.0,8.0,1,1,1
63,3969,12.0,48.0,2,920500.0,9.0,0,1,1
57,3249,12.0,48.0,2,526000.0,1.0,1,1,0
41,1681,8.0,50.0,1,920500.0,1.0,0,0,0
53,2809,12.0,15.0,3,526000.0,1.0,0,1,0
37,1369,12.0,25.0,3,394500.0,10.0,0,0,0
47,2209,17.0,31.0,1,657500.0,6.0,1,0,1
30,900,12.0,25.0,3,341900.0,10.0,0,0,0
38,1444,12.0,40.0,2,1183500.0,12.0,0,1,1
40,1600,12.0,40.0,2,789000.0,6.0,1,1,1
38,1444,12.0,0.0,3,1052000.0,7.0,1,0,1
50,2500,6.0,72.0,3,657500.0,2.0,0,1,0
46,2116,15.0,72.0,3,657500.0,2.0,1,1,0
40,1600,12.0,30.0,5,604900.0,7.0,0,1,1
31,961,8.0,56.0,6,723250.0,10.0,0,1,1
37,1369,17.0,54.0,4,1052000.0,6.0,0,1,1
52,2704,9.0,35.0,3,657500.0,1.0,0,1,0
22,484,9.0,40.0,3,394500.0,2.0,0,0,0
29,841,12.0,40.0,3,1315000.0,12.0,0,0,1
47,2209,15.0,0.0,5,1183500.0,11.0,1,1,1
44,1936,12.0,0.0,5,920500.0,9.0,0,1,1
26,676,12.0,0.0,5,328750.0,3.0,0,0,1
57,3249,10.0,40.0,1,1315000.0,3.0,0,0,1
27,729,12.0,48.0,3,920500.0,10.0,0,0,1
32,1024,12.0,48.0,3,131500.0,6.0,1,0,0
47,2209,12.0,26.0,3,394500.0,2.0,1,0,0
20,400,12.0,26.0,3,1709500.0,8.0,0,0,1
46,2116,12.0,40.0,2,1091450.0,7.0,1,0,1
48,2304,17.0,40.0,5,1183500.0,9.0,0,1,1
28,784,9.0,48.0,3,263000.0,2.0,1,0,0
33,1089,8.0,48.0,3,263000.0,2.0,0,0,0
50,2500,12.0,60.0,4,263000.0,2.0,0,1,0
43,1849,15.0,60.0,4,263000.0,2.0,1,1,0
48,2304,17.0,32.0,2,1972500.0,9.0,1,1,1
48,2304,12.0,66.0,4,526000.0,7.0,0,1,0
22,484,12.0,66.0,4,249850.0,7.0,0,0,0
50,2500,6.0,84.0,5,223550.0,1.0,1,1,1
20,400,8.0,40.0,4,526000.0,3.0,0,0,0
39,1521,12.0,50.0,3,526000.0,1.0,0,0,0
24,576,8.0,50.0,3,263000.0,6.0,1,0,0
30,900,12.0,50.0,3,394500.0,5.0,1,0,0
50,2500,12.0,56.0,1,526000.0,3.0,0,0,0
29,841,12.0,48.0,2,263000.0,2.0,1,0,0
55,3025,12.0,48.0,2,1052000.0,2.0,0,0,0
37,1369,6.0,20.0,4,631200.0,4.0,0,1,0
47,2209,6.0,48.0,4,1170350.0,8.0,0,0,1
54,2916,12.0,30.0,5,499700.0,6.0,1,0,1
29,841,12.0,30.0,5,328750.0,6.0,1,0,0
24,576,9.0,30.0,5,394500.0,4.0,0,1,0
27,729,14.0,30.0,5,157800.0,2.0,1,1,0
44,1936,15.0,30.0,4,499700.0,5.0,1,1,1
37,1369,12.0,30.0,4,526000.0,5.0,0,1,1
47,2209,6.0,28.0,3,526000.0,3.0,0,0,0
21,441,12.0,28.0,3,368200.0,3.0,0,0,0
21,441,4.0,28.0,3,526000.0,2.0,1,0,0
40,1600,12.0,20.0,5,236700.0,6.0,1,0,0
30,900,12.0,20.0,5,526000.0,9.0,0,0,0
25,625,8.0,20.0,5,460250.0,7.0,0,0,0
65,4225,17.0,20.0,2,789000.0,7.0,0,1,1
70,4900,17.0,20.0,2,0.0,7.0,1,1,1
62,3844,19.0,70.0,4,2498500.0,7.0,0,1,1
35,1225,12.0,35.0,2,1315000.0,10.0,1,0,1
49,2401,19.0,40.0,3,1052000.0,7.0,0,0,1
22,484,13.0,60.0,5,341900.0,6.0,0,0,1
58,3364,9.0,42.0,4,920500.0,6.0,0,1,0
42,1764,17.0,52.0,4,1315000.0,10.0,1,1,1
51,2601,12.0,48.0,2,1052000.0,8.0,0,1,1
45,2025,10.0,84.0,7,1249250.0,8.0,0,1,1
42,1764,6.0,84.0,7,315600.0,3.0,0,0,0
36,1296,12.0,84.0,7,52600.0,1.0,1,1,1
45,2025,17.0,52.0,4,1315000.0,10.0,0,1,1
46,2116,5.0,56.0,3,460250.0,1.0,0,0,0
42,1764,12.0,48.0,2,197250.0,1.0,0,1,0
32,1024,15.0,48.0,2,526000.0,8.0,1,1,1
26,676,6.0,40.0,4,378720.0,3.0,0,1,0
30,900,12.0,44.0,2,1446500.0,2.0,0,0,0
27,729,6.0,44.0,2,1446500.0,2.0,0,0,0
56,3136,17.0,48.0,1,2630000.0,9.0,0,1,1
33,1089,12.0,54.0,3,1275550.0,7.0,1,0,1
46,2116,8.0,40.0,9,657500.0,2.0,0,1,0
46,2116,17.0,65.0,3,854750.0,2.0,0,1,1
48,2304,15.0,65.0,3,526000.0,9.0,1,1,1
51,2601,15.0,12.0,2,157800.0,3.0,1,1,0
44,1936,6.0,12.0,2,105200.0,2.0,0,1,0
47,2209,6.0,56.0,4,1052000.0,6.0,0,1,1
45,2025,12.0,35.0,3,512850.0,10.0,1,1,1
33,1089,14.0,60.0,1,920500.0,1.0,0,0,0
26,676,4.0,24.0,7,657500.0,1.0,0,1,1
22,484,12.0,24.0,7,263000.0,1.0,1,1,1
66,4356,6.0,6.0,3,368200.0,2.0,0,1,1
27,729,12.0,6.0,3,197250.0,2.0,0,0,0
59,3481,13.0,32.0,2,1315000.0,11.0,0,1,1
38,1444,14.0,32.0,2,1578000.0,9.0,1,1,1
45,2025,17.0,40.0,5,394500.0,6.0,1,1,1
34,1156,12.0,60.0,3,1709500.0,6.0,0,1,1
43,1849,12.0,35.0,5,105200.0,1.0,1,1,0
43,1849,6.0,35.0,5,526000.0,6.0,0,1,1
52,2704,9.0,48.0,5,657500.0,2.0,1,0,1
30,900,12.0,48.0,5,263000.0,5.0,0,0,0
24,576,8.0,48.0,5,657500.0,6.0,0,0,0
34,1156,12.0,48.0,5,263000.0,1.0,1,0,1
64,4096,5.0,30.0,2,789000.0,9.0,1,0,1
46,2116,12.0,30.0,2,2630000.0,10.0,0,0,1
30,900,12.0,35.0,2,526000.0,2.0,0,0,0
52,2704,12.0,25.0,5,854750.0,8.0,1,1,1
57,3249,12.0,25.0,5,1315000.0,1.0,0,1,1
25,625,12.0,25.0,5,1315000.0,6.0,0,0,1
24,576,12.0,25.0,5,854750.0,1.0,0,1,0
25,625,12.0,25.0,5,789000.0,2.0,1,1,0
38,1444,13.0,48.0,3,1052000.0,9.0,1,0,1
50,2500,12.0,40.0,5,1183500.0,9.0,0,1,1
26,676,12.0,48.0,2,1249250.0,7.0,0,1,1
62,3844,15.0,15.0,4,723250.0,9.0,1,0,1
35,1225,15.0,15.0,4,1025700.0,12.0,1,0,1
52,2704,9.0,45.0,2,657500.0,10.0,1,0,1
52,2704,12.0,33.0,5,394500.0,2.0,0,1,1
51,2601,13.0,33.0,5,157800.0,1.0,1,1,1
20,400,8.0,33.0,5,0.0,2.0,0,0,0
63,3969,6.0,0.0,2,157800.0,1.0,1,1,1
63,3969,8.0,20.0,2,236700.0,1.0,0,1,0
49,2401,12.0,40.0,4,657500.0,1.0,0,1,1
48,2304,15.0,40.0,4,591750.0,7.0,1,1,1
48,2304,6.0,20.0,2,1288700.0,6.0,1,0,1
36,1296,12.0,35.0,1,394500.0,8.0,0,0,1
48,2304,15.0,36.0,4,1315000.0,8.0,0,1,1
44,1936,17.0,36.0,4,1578000.0,6.0,1,1,1
23,529,12.0,60.0,1,526000.0,1.0,0,0,0
29,841,12.0,8.0,4,460250.0,11.0,1,0,0
42,1764,6.0,8.0,5,65750.0,1.0,1,0,0
21,441,11.0,8.0,5,526000.0,5.0,1,0,0
57,3249,12.0,8.0,4,52600.0,1.0,1,0,0
38,1444,12.0,30.0,3,736400.0,6.0,1,0,1
31,961,17.0,45.0,3,999400.0,12.0,1,0,1
53,2809,12.0,20.0,2,157800.0,1.0,1,1,1
29,841,15.0,60.0,1,1315000.0,10.0,1,0,1
42,1764,9.0,16.0,2,157800.0,1.0,0,0,1
44,1936,12.0,40.0,6,2630000.0,9.0,0,1,1
47,2209,12.0,30.0,2,789000.0,9.0,0,0,1
49,2401,12.0,30.0,2,328750.0,8.0,0,0,1
47,2209,13.0,70.0,4,986250.0,10.0,0,1,1
43,1849,12.0,70.0,4,394500.0,10.0,1,1,1
46,2116,6.0,32.0,2,394500.0,1.0,0,0,0
50,2500,17.0,40.0,4,1183500.0,5.0,0,1,1
38,1444,17.0,42.0,2,1117750.0,9.0,1,1,1
36,1296,15.0,42.0,2,657500.0,9.0,0,1,1
48,2304,12.0,12.0,4,394500.0,1.0,0,1,0
57,3249,8.0,48.0,4,657500.0,2.0,0,0,1
21,441,7.0,48.0,4,263000.0,2.0,0,0,0
45,2025,12.0,30.0,4,789000.0,1.0,0,1,1
25,625,13.0,40.0,2,920500.0,1.0,0,1,0
48,2304,15.0,30.0,1,1315000.0,5.0,0,0,1
33,1089,6.0,70.0,3,0.0,1.0,1,0,0
48,2304,15.0,44.0,2,986250.0,8.0,0,1,1
51,2601,14.0,44.0,2,460250.0,9.0,1,1,1
78,6084,12.0,0.0,2,1315000.0,2.0,0,1,1
75,5625,12.0,0.0,2,1315000.0,2.0,1,1,1
41,1681,15.0,40.0,2,1315000.0,8.0,1,0,1
38,1444,8.0,32.0,4,552300.0,1.0,0,1,0
41,1681,13.0,32.0,4,276150.0,8.0,1,1,0
65,4225,12.0,25.0,3,381350.0,8.0,1,0,1
35,1225,12.0,25.0,3,407650.0,8.0,0,0,1
28,784,15.0,25.0,3,328750.0,8.0,1,0,1
55,3025,12.0,25.0,3,631200.0,8.0,0,1,1
51,2601,6.0,20.0,3,236700.0,8.0,1,1,1
45,2025,2.0,20.0,3,789000.0,6.0,0,1,0
50,2500,6.0,17.0,3,1183500.0,1.0,0,1,0
58,3364,6.0,48.0,4,1183500.0,9.0,0,1,1
33,1089,8.0,40.0,4,1578000.0,10.0,0,1,1
31,961,12.0,48.0,5,2367000.0,10.0,0,1,1
62,3844,6.0,72.0,2,1578000.0,10.0,0,1,1
24,576,15.0,20.0,2,789000.0,8.0,1,0,1
23,529,12.0,84.0,2,1841000.0,1.0,0,0,1
44,1936,14.0,53.0,2,1052000.0,12.0,1,1,1
60,3600,12.0,48.0,1,1578000.0,5.0,1,0,1
37,1369,17.0,40.0,4,1315000.0,2.0,0,1,1
37,1369,17.0,40.0,4,1315000.0,2.0,1,1,1
44,1936,6.0,84.0,4,2104000.0,9.0,0,1,1
53,2809,15.0,24.0,3,131500.0,1.0,1,1,1
50,2500,6.0,18.0,4,118350.0,1.0,1,1,0
51,2601,6.0,18.0,4,131500.0,1.0,0,1,0
46,2116,15.0,50.0,3,131500.0,2.0,1,1,1
45,2025,12.0,50.0,3,131500.0,2.0,0,1,0
42,1764,12.0,20.0,4,1446500.0,12.0,0,1,1
22,484,12.0,45.0,2,1939625.0,12.0,0,1,1
31,961,14.0,45.0,2,1183500.0,7.0,0,1,1
31,961,17.0,40.0,2,3682000.0,10.0,0,1,1
35,1225,17.0,40.0,2,2235500.0,10.0,1,1,1
36,1296,17.0,51.0,2,1578000.0,11.0,0,1,1
36,1296,17.0,51.0,2,2498500.0,10.0,1,1,1
30,900,9.0,45.0,4,723250.0,8.0,0,1,1
21,441,12.0,56.0,1,657500.0,7.0,1,0,1
30,900,12.0,25.0,9,328750.0,9.0,0,1,0
26,676,12.0,25.0,9,1052000.0,6.0,0,0,1
26,676,12.0,25.0,9,78900.0,1.0,1,1,0
60,3600,4.0,84.0,3,105200.0,1.0,1,1,1
63,3969,12.0,84.0,3,1052000.0,4.0,0,1,1
40,1600,12.0,20.0,3,1709500.0,7.0,0,1,1
21,441,12.0,20.0,3,668020.0,9.0,0,0,1
40,1600,17.0,40.0,4,1052000.0,12.0,0,1,1
34,1156,17.0,40.0,4,1052000.0,11.0,1,1,1
74,5476,16.0,0.0,1,789000.0,9.0,1,0,1
43,1849,12.0,8.0,5,13150.0,2.0,1,0,1
45,2025,12.0,30.0,3,1183500.0,11.0,1,0,1
22,484,12.0,1.0,2,102570.0,7.0,1,1,0
26,676,8.0,1.0,2,0.0,3.0,0,1,1
51,2601,10.0,84.0,4,3945000.0,11.0,0,1,1
44,1936,15.0,43.0,1,1183500.0,10.0,0,0,1
43,1849,15.0,34.0,3,1183500.0,9.0,1,0,1
18,324,12.0,34.0,3,26300.0,6.0,1,0,1
43,1849,13.0,35.0,1,3024500.0,9.0,1,0,1
74,5476,6.0,25.0,1,2630000.0,6.0,0,0,1
56,3136,15.0,40.0,3,1052000.0,7.0,1,0,1
39,1521,12.0,30.0,1,591750.0,6.0,1,0,1
68,4624,10.0,20.0,4,131500.0,3.0,0,1,1
66,4356,13.0,20.0,4,131500.0,3.0,1,1,1
32,1024,16.0,20.0,4,131500.0,3.0,1,0,0
38,1444,15.0,70.0,3,92050.0,1.0,1,1,1
44,1936,15.0,40.0,4,1209800.0,7.0,0,1,1
38,1444,17.0,40.0,4,696950.0,5.0,1,1,1
44,1936,12.0,44.0,4,1578000.0,7.0,0,1,1
44,1936,12.0,44.0,4,2104000.0,11.0,1,1,1
48,2304,15.0,44.0,1,657500.0,4.0,0,0,1
28,784,15.0,40.0,5,789000.0,8.0,1,0,1
33,1089,17.0,40.0,1,460250.0,1.0,0,0,1
59,3481,12.0,40.0,3,761385.0,8.0,1,0,1
41,1681,6.0,40.0,3,526000.0,2.0,0,0,0
46,2116,12.0,40.0,2,5260000.0,6.0,0,1,1
45,2025,12.0,36.0,4,526000.0,9.0,0,1,1
43,1849,17.0,36.0,4,2630000.0,11.0,1,1,1
47,2209,6.0,35.0,4,236700.0,3.0,0,1,0
38,1444,12.0,27.0,2,263000.0,6.0,1,0,0
32,1024,6.0,35.0,1,1052000.0,7.0,0,0,1
46,2116,15.0,30.0,1,1183500.0,8.0,0,0,1
38,1444,12.0,50.0,2,1052000.0,10.0,0,1,1
47,2209,9.0,60.0,2,5260000.0,12.0,0,1,1
28,784,6.0,30.0,8,1052000.0,4.0,0,1,0
25,625,14.0,30.0,8,263000.0,2.0,1,1,0
18,324,9.0,84.0,3,39450.0,1.0,0,0,0
45,2025,11.0,30.0,3,1052000.0,1.0,0,1,1
40,1600,14.0,30.0,3,1709500.0,9.0,1,1,1
32,1024,15.0,50.0,2,1249250.0,8.0,1,0,1
49,2401,9.0,80.0,2,3945000.0,7.0,0,1,1
47,2209,14.0,80.0,2,6575000.0,7.0,1,1,1
55,3025,7.0,48.0,5,841600.0,7.0,1,0,1
63,3969,6.0,40.0,6,1315000.0,6.0,0,1,1
49,2401,10.0,48.0,4,762700.0,7.0,0,1,1
46,2116,15.0,48.0,4,762700.0,7.0,1,1,1
64,4096,15.0,40.0,3,1025700.0,10.0,0,1,1
49,2401,8.0,20.0,5,118350.0,1.0,1,0,0
45,2025,14.0,40.0,2,789000.0,5.0,1,0,1
33,1089,8.0,56.0,3,657500.0,2.0,0,0,0
25,625,12.0,43.0,1,4602500.0,11.0,0,0,1
36,1296,15.0,24.0,2,263000.0,2.0,1,0,0
45,2025,12.0,63.0,4,657500.0,1.0,0,1,1
44,1936,15.0,63.0,4,328750.0,9.0,1,1,1
49,2401,6.0,30.0,3,1578000.0,9.0,0,1,1
25,625,12.0,30.0,3,920500.0,9.0,0,0,1
57,3249,12.0,30.0,7,657500.0,8.0,0,1,1
55,3025,17.0,30.0,7,657500.0,6.0,1,1,1
31,961,12.0,30.0,7,657500.0,3.0,1,0,1
22,484,12.0,30.0,7,328750.0,3.0,0,0,1
50,2500,17.0,50.0,1,789000.0,12.0,1,0,1
45,2025,12.0,48.0,3,1315000.0,10.0,0,0,1
28,784,12.0,48.0,3,657500.0,2.0,1,0,0
48,2304,12.0,18.0,2,789000.0,9.0,1,1,1
30,900,12.0,45.0,3,1183500.0,12.0,0,1,1
49,2401,15.0,40.0,5,2104000.0,9.0,0,1,1
38,1444,12.0,40.0,5,1052000.0,1.0,1,1,1
45,2025,12.0,36.0,4,1709500.0,12.0,0,1,1
53,2809,6.0,40.0,4,2630000.0,12.0,0,1,1
26,676,14.0,40.0,4,1315000.0,9.0,0,0,1
59,3481,17.0,69.0,2,2367000.0,12.0,0,0,1
48,2304,6.0,8.0,1,96784.0,10.0,0,0,0
47,2209,6.0,12.0,6,789000.0,3.0,0,1,0
27,729,6.0,12.0,6,157800.0,1.0,0,0,0
33,1089,9.0,60.0,3,789000.0,1.0,0,1,1
29,841,16.0,60.0,3,394500.0,11.0,1,1,1
49,2401,6.0,45.0,2,460250.0,1.0,0,1,1
58,3364,12.0,45.0,2,1052000.0,1.0,0,0,1
54,2916,12.0,40.0,5,789000.0,9.0,1,1,1
64,4096,12.0,40.0,5,144650.0,1.0,0,1,1
37,1369,12.0,40.0,5,1052000.0,4.0,1,0,1
33,1089,12.0,40.0,5,920500.0,9.0,0,0,1
40,1600,7.0,48.0,8,526000.0,1.0,0,1,0
61,3721,12.0,35.0,2,1578000.0,10.0,0,1,1
27,729,8.0,30.0,11,460250.0,7.0,0,1,0
38,1444,8.0,31.0,8,328750.0,9.0,1,1,0
40,1600,9.0,31.0,8,789000.0,1.0,0,1,0
32,1024,12.0,11.0,1,263000.0,1.0,1,0,0
41,1681,17.0,40.0,5,1315000.0,1.0,0,1,1
37,1369,17.0,40.0,5,2630000.0,11.0,1,1,1
26,676,17.0,24.0,2,1821275.0,8.0,0,0,1
26,676,18.0,24.0,2,1578000.0,6.0,0,0,1
33,1089,17.0,40.0,1,2630000.0,12.0,1,0,1
36,1296,12.0,54.0,3,1315000.0,6.0,0,1,1
62,3844,8.0,21.0,1,0.0,6.0,1,0,1
48,2304,6.0,72.0,4,460250.0,9.0,0,1,1
36,1296,12.0,35.0,2,1052000.0,12.0,1,0,1
48,2304,6.0,56.0,3,394500.0,1.0,0,1,1
47,2209,12.0,56.0,3,789000.0,12.0,1,0,1
34,1156,12.0,48.0,3,1078300.0,1.0,0,1,0
20,400,8.0,50.0,2,789000.0,6.0,0,1,1
57,3249,15.0,35.0,2,789000.0,11.0,1,0,1
22,484,12.0,30.0,1,526000.0,9.0,1,0,1
22,484,13.0,20.0,3,460250.0,2.0,0,1,1
27,729,13.0,20.0,3,157800.0,7.0,1,1,1
36,1296,9.0,72.0,4,683800.0,7.0,0,1,0
45,2025,8.0,48.0,3,394500.0,1.0,0,1,0
49,2401,7.0,48.0,1,1183500.0,1.0,0,0,0
34,1156,15.0,0.0,2,197250.0,1.0,1,0,1
52,2704,15.0,36.0,1,723250.0,7.0,1,0,1
27,729,13.0,36.0,7,460250.0,4.0,0,0,0
25,625,12.0,36.0,7,657500.0,7.0,1,0,0
24,576,16.0,60.0,1,789000.0,12.0,0,0,1
53,2809,6.0,44.0,2,526000.0,1.0,0,1,1
48,2304,7.0,44.0,2,328750.0,1.0,1,1,1
54,2916,8.0,48.0,4,631200.0,3.0,0,1,1
46,2116,12.0,48.0,4,394500.0,3.0,1,1,1
21,441,12.0,48.0,4,263000.0,3.0,0,0,0
48,2304,15.0,30.0,4,1183500.0,8.0,1,1,1
32,1024,6.0,10.0,5,920500.0,5.0,0,1,1
30,900,12.0,36.0,2,657500.0,12.0,1,1,1
29,841,15.0,36.0,2,1315000.0,12.0,1,1,1
61,3721,15.0,40.0,2,3419000.0,9.0,0,1,1
58,3364,16.0,40.0,2,1578000.0,2.0,1,1,1
19,361,12.0,12.0,6,368200.0,3.0,0,0,0
48,2304,17.0,30.0,3,789000.0,6.0,1,1,1
33,1089,17.0,72.0,3,657500.0,6.0,0,1,1
42,1764,19.0,45.0,3,1315000.0,6.0,0,1,1
40,1600,17.0,45.0,3,1446500.0,6.0,1,1,1
24,576,16.0,40.0,1,1183500.0,6.0,1,0,1
56,3136,6.0,52.0,4,526000.0,1.0,0,1,0
26,676,7.0,48.0,8,526000.0,3.0,0,0,0
25,625,7.0,48.0,8,394500.0,2.0,1,0,0
43,1849,7.0,48.0,8,394500.0,2.0,1,1,0
36,1296,14.0,40.0,5,1972500.0,9.0,0,1,1
34,1156,17.0,40.0,5,526000.0,1.0,1,1,1
32,1024,12.0,45.0,4,394500.0,5.0,0,0,0
35,1225,16.0,30.0,1,920500.0,7.0,0,0,1
46,2116,7.0,55.0,3,920500.0,6.0,0,1,1
20,400,12.0,55.0,3,920500.0,12.0,0,0,1
56,3136,9.0,84.0,7,394500.0,2.0,1,0,0
20,400,12.0,84.0,7,526000.0,4.0,0,1,0
34,1156,5.0,84.0,7,526000.0,12.0,0,1,1
38,1444,17.0,30.0,2,1315000.0,11.0,1,0,1
31,961,12.0,32.0,1,1183500.0,8.0,0,0,1
43,1849,7.0,50.0,2,1315000.0,4.0,0,1,1
65,4225,12.0,20.0,3,526000.0,1.0,0,0,1
20,400,6.0,20.0,3,1052000.0,1.0,0,1,1
20,400,12.0,20.0,3,394500.0,7.0,1,1,1
43,1849,9.0,12.0,2,526000.0,1.0,0,1,0
46,2116,16.0,12.0,2,657500.0,1.0,1,1,0
39,1521,15.0,40.0,1,1183500.0,8.0,0,0,1
63,3969,15.0,24.0,3,263000.0,4.0,1,1,1
66,4356,10.0,24.0,3,789000.0,4.0,0,1,1
32,1024,5.0,45.0,5,263000.0,5.0,0,0,0
26,676,13.0,57.0,3,762700.0,2.0,0,0,1
48,2304,6.0,45.0,5,723250.0,3.0,0,1,1
36,1296,17.0,45.0,2,2827250.0,12.0,1,0,1
41,1681,17.0,24.0,4,723250.0,9.0,1,1,1
35,1225,12.0,24.0,4,657500.0,5.0,0,1,1
36,1296,12.0,51.0,4,2209463.0,8.0,0,1,1
51,2601,19.0,40.0,3,6575000.0,11.0,0,1,1
40,1600,12.0,48.0,5,999400.0,12.0,0,1,1
49,2401,17.0,0.0,3,236700.0,1.0,0,0,0
44,1936,12.0,60.0,4,789000.0,7.0,0,1,1
42,1764,14.0,60.0,4,92050.0,1.0,1,1,1
40,1600,12.0,48.0,3,986250.0,8.0,0,1,1
35,1225,12.0,48.0,3,0.0,7.0,1,1,1
32,1024,14.0,12.0,2,249850.0,9.0,1,0,1
64,4096,12.0,60.0,5,789000.0,1.0,0,1,1
58,3364,8.0,60.0,5,0.0,2.0,1,1,1
31,961,14.0,60.0,5,460250.0,3.0,1,0,1
47,2209,12.0,30.0,4,328750.0,8.0,0,1,1
48,2304,6.0,16.0,4,328750.0,3.0,0,1,0
26,676,9.0,16.0,4,210400.0,1.0,0,0,0
44,1936,8.0,18.0,2,263000.0,1.0,1,0,1
29,841,12.0,40.0,1,394500.0,1.0,0,0,0
28,784,12.0,48.0,3,1052000.0,8.0,0,1,1
37,1369,6.0,8.0,5,657500.0,1.0,0,1,1
41,1681,12.0,50.0,3,736400.0,7.0,1,0,1
51,2601,9.0,20.0,3,102570.0,6.0,1,0,1
24,576,12.0,20.0,3,394500.0,1.0,0,0,0
20,400,15.0,48.0,2,604900.0,6.0,0,1,0
40,1600,12.0,25.0,4,473400.0,9.0,1,0,1
64,4096,17.0,32.0,3,263000.0,1.0,0,0,0
58,3364,12.0,48.0,3,920500.0,3.0,1,0,1
32,1024,13.0,48.0,3,526000.0,3.0,0,0,1
41,1681,12.0,40.0,4,1052000.0,7.0,0,1,1
54,2916,17.0,32.0,3,657500.0,2.0,1,0,1
30,900,14.0,25.0,4,263000.0,1.0,0,0,0
26,676,17.0,25.0,4,447100.0,4.0,1,0,0
24,576,14.0,25.0,4,315600.0,4.0,1,0,0
24,576,10.0,20.0,1,157800.0,1.0,0,0,0
47,2209,16.0,71.0,1,1972500.0,12.0,0,0,1
41,1681,6.0,70.0,5,1578000.0,2.0,0,1,0
21,441,9.0,70.0,5,263000.0,3.0,0,0,0
62,3844,12.0,35.0,3,1183500.0,9.0,0,1,1
32,1024,12.0,48.0,4,591750.0,7.0,0,1,1
32,1024,15.0,48.0,4,111775.0,1.0,1,1,1
52,2704,15.0,84.0,2,657500.0,6.0,0,0,0
56,3136,15.0,6.0,1,328750.0,1.0,0,0,1
33,1089,12.0,0.0,8,0.0,3.0,1,1,0
30,900,9.0,0.0,8,789000.0,3.0,0,1,0
39,1521,17.0,40.0,2,1709500.0,9.0,0,1,1
40,1600,17.0,40.0,2,920500.0,10.0,1,1,1
24,576,17.0,24.0,3,657500.0,1.0,1,0,1
51,2601,17.0,46.0,2,1183500.0,10.0,1,0,1
48,2304,12.0,30.0,1,1183500.0,10.0,0,0,1
47,2209,12.0,40.0,3,1052000.0,3.0,1,1,1
35,1225,12.0,48.0,4,1052000.0,10.0,0,1,1
29,841,12.0,44.0,3,394500.0,3.0,0,1,0
29,841,17.0,35.0,2,920500.0,2.0,0,1,1
31,961,17.0,30.0,1,5331010.0,10.0,0,0,1
66,4356,17.0,0.0,2,0.0,1.0,0,0,1
33,1089,12.0,60.0,4,3945000.0,6.0,0,1,1
37,1369,15.0,44.0,2,4076500.0,9.0,0,1,1
35,1225,17.0,44.0,2,0.0,1.0,1,1,1
43,1849,15.0,52.0,1,1117750.0,10.0,0,0,1
29,841,11.0,50.0,4,526000.0,6.0,0,1,0
66,4356,5.0,40.0,1,789000.0,3.0,0,0,0
34,1156,11.0,40.0,2,157800.0,4.0,0,1,0
22,484,11.0,40.0,2,368200.0,5.0,1,1,0
29,841,6.0,9.0,5,26300.0,1.0,1,1,0
51,2601,9.0,72.0,4,1656900.0,1.0,0,1,1
40,1600,13.0,56.0,3,1578000.0,12.0,0,1,1
38,1444,17.0,56.0,3,657500.0,12.0,1,1,1
47,2209,6.0,65.0,3,1841000.0,12.0,1,0,1
48,2304,15.0,45.0,3,36820.0,1.0,1,1,1
33,1089,19.0,64.0,1,3024500.0,9.0,0,0,1
35,1225,17.0,30.0,3,2893000.0,3.0,0,1,1
29,841,12.0,48.0,4,2367000.0,5.0,1,1,1
29,841,12.0,48.0,4,2367000.0,9.0,0,1,1
56,3136,12.0,16.0,2,920500.0,2.0,1,1,1
58,3364,9.0,16.0,2,920500.0,2.0,0,1,1
51,2601,8.0,72.0,9,736400.0,4.0,0,1,0
19,361,12.0,72.0,9,552300.0,4.0,0,0,0
42,1764,19.0,50.0,3,1578000.0,12.0,1,1,1
44,1936,15.0,50.0,3,1972500.0,11.0,0,1,1
21,441,16.0,18.0,2,394500.0,1.0,1,0,1
40,1600,9.0,33.0,3,526000.0,6.0,0,1,0
58,3364,12.0,55.0,5,1052000.0,6.0,0,1,1
37,1369,19.0,4.0,4,1578000.0,1.0,0,1,1
24,576,12.0,48.0,1,1012550.0,6.0,0,0,0
42,1764,15.0,40.0,3,1249250.0,8.0,1,0,1
22,484,12.0,0.0,5,789000.0,11.0,0,0,1
42,1764,15.0,4.0,4,1578000.0,1.0,1,1,1
45,2025,9.0,36.0,6,460250.0,3.0,1,1,1
47,2209,12.0,36.0,6,526000.0,3.0,0,1,1
52,2704,15.0,46.0,1,1052000.0,8.0,1,0,1
62,3844,15.0,16.0,4,197250.0,4.0,0,1,1
40,1600,6.0,48.0,3,263000.0,5.0,0,1,1
37,1369,15.0,54.0,4,1052000.0,1.0,0,1,1
41,1681,17.0,54.0,4,657500.0,7.0,1,1,1
27,729,12.0,40.0,4,39450.0,2.0,0,0,0
42,1764,12.0,40.0,4,789000.0,4.0,0,0,0
21,441,7.0,54.0,2,789000.0,1.0,0,1,0
41,1681,12.0,48.0,5,420800.0,2.0,0,1,0
53,2809,15.0,60.0,5,1315000.0,1.0,0,1,1
34,1156,17.0,45.0,2,3945000.0,12.0,0,1,1
31,961,17.0,45.0,2,2630000.0,12.0,0,1,1
73,5329,15.0,25.0,3,657500.0,1.0,0,1,1
72,5184,15.0,25.0,3,263000.0,1.0,1,1,1
35,1225,15.0,25.0,3,52600.0,1.0,0,0,1
49,2401,15.0,9.0,4,657500.0,8.0,0,1,1
45,2025,15.0,9.0,4,854750.0,10.0,1,1,1
60,3600,6.0,40.0,2,604900.0,11.0,1,0,1
59,3481,13.0,40.0,1,789000.0,8.0,1,0,1
49,2401,5.0,30.0,3,210400.0,3.0,1,0,0
29,841,15.0,30.0,3,256425.0,8.0,1,0,1
53,2809,17.0,35.0,1,4997000.0,12.0,1,0,1
44,1936,15.0,28.0,3,2630000.0,11.0,0,1,1
42,1764,15.0,28.0,3,1709500.0,10.0,1,1,1
51,2601,17.0,40.0,3,526000.0,10.0,0,1,1
50,2500,19.0,40.0,3,394500.0,12.0,1,1,1
35,1225,17.0,48.0,1,1052000.0,12.0,1,0,1
35,1225,12.0,42.0,2,1578000.0,9.0,1,0,1
59,3481,12.0,52.0,3,1315000.0,12.0,0,1,1
58,3364,12.0,52.0,3,789000.0,6.0,1,1,1
55,3025,12.0,84.0,4,0.0,2.0,1,1,1
38,1444,15.0,57.0,4,1249250.0,8.0,1,1,1
41,1681,15.0,57.0,4,1446500.0,9.0,0,1,1
60,3600,12.0,45.0,2,526000.0,1.0,0,1,1
48,2304,12.0,45.0,2,526000.0,1.0,1,1,0
55,3025,6.0,40.0,3,1315000.0,11.0,0,1,1
47,2209,13.0,20.0,4,789000.0,12.0,1,1,1
35,1225,17.0,48.0,3,1315000.0,3.0,0,1,1
33,1089,17.0,60.0,1,1183500.0,3.0,0,0,1
25,625,16.0,48.0,2,512850.0,6.0,0,0,1
37,1369,6.0,40.0,3,526000.0,11.0,0,1,1
34,1156,15.0,40.0,3,394500.0,9.0,1,1,1
54,2916,10.0,20.0,4,131500.0,1.0,0,1,0
48,2304,12.0,40.0,6,394500.0,2.0,0,1,0
45,2025,12.0,40.0,6,394500.0,2.0,1,1,0
55,3025,8.0,48.0,1,1315000.0,11.0,0,0,1
85,7225,2.0,28.0,3,394500.0,3.0,0,1,1
78,6084,3.0,28.0,3,131500.0,1.0,1,1,1
41,1681,12.0,74.0,3,920500.0,1.0,0,0,0
19,361,12.0,74.0,3,526000.0,6.0,1,0,0
64,4096,6.0,12.0,1,920500.0,1.0,0,0,0
48,2304,12.0,39.0,3,1367600.0,8.0,0,1,1
70,4900,8.0,0.0,1,789000.0,5.0,0,0,1
56,3136,12.0,19.0,3,263000.0,1.0,0,1,1
51,2601,12.0,19.0,3,920500.0,1.0,1,1,1
23,529,12.0,36.0,4,591750.0,2.0,1,0,1
42,1764,9.0,56.0,1,631200.0,6.0,0,0,1
54,2916,15.0,20.0,1,756125.0,10.0,0,0,1
42,1764,17.0,30.0,3,828450.0,10.0,0,1,1
47,2209,15.0,30.0,3,723250.0,10.0,1,1,1
38,1444,14.0,0.0,5,1315000.0,12.0,0,1,1
61,3721,15.0,70.0,1,394500.0,1.0,1,0,1
44,1936,12.0,40.0,6,526000.0,1.0,1,0,1
19,361,12.0,40.0,6,263000.0,3.0,1,0,1
46,2116,12.0,47.0,4,65750.0,1.0,1,1,0
32,1024,12.0,40.0,1,1315000.0,11.0,0,0,1
33,1089,12.0,48.0,3,657500.0,6.0,1,1,0
24,576,12.0,68.0,1,526000.0,5.0,0,0,0
46,2116,17.0,39.0,5,920500.0,8.0,1,1,1
45,2025,12.0,39.0,5,526000.0,8.0,0,1,1
48,2304,8.0,50.0,5,920500.0,7.0,0,1,1
47,2209,15.0,50.0,5,1183500.0,8.0,1,1,1
40,1600,8.0,48.0,5,210400.0,2.0,1,1,0
58,3364,12.0,40.0,4,2630000.0,1.0,0,1,1
50,2500,12.0,40.0,4,1578000.0,4.0,1,1,1
21,441,14.0,40.0,4,1052000.0,9.0,1,0,1
37,1369,13.0,10.0,2,157800.0,1.0,1,1,0
20,400,12.0,40.0,3,854750.0,3.0,0,0,0
33,1089,11.0,40.0,2,1315000.0,8.0,0,1,1
33,1089,12.0,40.0,2,920500.0,8.0,1,1,1
40,1600,15.0,24.0,1,263000.0,1.0,0,0,1
51,2601,15.0,72.0,3,986250.0,3.0,1,0,1
61,3721,17.0,42.0,2,2630000.0,2.0,0,1,1
61,3721,17.0,42.0,2,2630000.0,2.0,1,1,1
52,2704,12.0,45.0,3,1578000.0,11.0,1,1,1
36,1296,12.0,45.0,3,1578000.0,11.0,0,1,1
26,676,12.0,45.0,3,1578000.0,11.0,0,0,1
36,1296,12.0,50.0,3,394500.0,3.0,0,0,0
28,784,12.0,50.0,3,1446500.0,8.0,1,0,1
22,484,12.0,50.0,3,920500.0,7.0,1,0,1
37,1369,12.0,48.0,4,854750.0,6.0,1,1,1
36,1296,12.0,48.0,4,657500.0,1.0,0,1,0
56,3136,12.0,20.0,2,394500.0,10.0,0,0,0
23,529,12.0,20.0,2,263000.0,8.0,0,0,0
26,676,15.0,45.0,2,3156000.0,11.0,0,1,1
55,3025,17.0,45.0,4,1578000.0,7.0,1,1,1
58,3364,17.0,45.0,4,2630000.0,7.0,0,1,1
63,3969,6.0,60.0,1,131500.0,1.0,1,0,1
41,1681,17.0,40.0,3,1315000.0,1.0,1,1,1
53,2809,15.0,72.0,5,0.0,1.0,0,1,1
38,1444,15.0,72.0,5,1183500.0,12.0,1,1,1
30,900,12.0,48.0,1,789000.0,1.0,0,0,0
38,1444,15.0,36.0,2,1249250.0,10.0,0,1,1
39,1521,17.0,36.0,2,920500.0,1.0,1,1,1
62,3844,12.0,20.0,3,65750.0,1.0,1,1,1
31,961,8.0,20.0,3,65750.0,1.0,0,0,0
32,1024,6.0,14.0,7,328750.0,2.0,1,0,0
57,3249,10.0,54.0,3,920500.0,1.0,0,1,0
48,2304,15.0,48.0,3,1183500.0,9.0,1,1,1
21,441,12.0,39.0,3,526000.0,10.0,0,0,1
46,2116,15.0,40.0,2,526000.0,10.0,1,0,1
31,961,17.0,24.0,1,789000.0,3.0,0,0,1
35,1225,17.0,16.0,2,131500.0,7.0,0,1,1
47,2209,17.0,40.0,6,789000.0,11.0,0,0,1
51,2601,17.0,40.0,6,789000.0,11.0,1,0,1
26,676,9.0,66.0,4,473400.0,4.0,0,1,1
45,2025,12.0,30.0,4,315600.0,5.0,1,1,0
33,1089,8.0,30.0,4,789000.0,2.0,0,1,1
18,324,12.0,30.0,4,946800.0,3.0,0,0,0
57,3249,14.0,10.0,2,131500.0,1.0,1,0,1
27,729,14.0,24.0,3,0.0,10.0,0,1,1
24,576,13.0,24.0,3,723250.0,11.0,1,1,1
54,2916,6.0,0.0,4,460250.0,1.0,0,1,0
24,576,12.0,0.0,4,289300.0,2.0,1,0,0
46,2116,9.0,40.0,3,2432750.0,12.0,0,1,1
54,2916,15.0,48.0,4,1183500.0,9.0,1,1,1
28,784,17.0,48.0,4,1446500.0,8.0,1,0,1
37,1369,15.0,48.0,3,657500.0,9.0,1,0,1
25,625,12.0,48.0,2,657500.0,6.0,0,1,1
48,2304,14.0,50.0,3,1052000.0,11.0,0,1,1
45,2025,19.0,50.0,3,32875.0,1.0,1,1,1
53,2809,17.0,48.0,4,1972500.0,8.0,0,1,1
43,1849,12.0,45.0,2,1183500.0,8.0,1,1,1
46,2116,12.0,45.0,2,3287500.0,9.0,0,1,1
30,900,14.0,30.0,1,394500.0,8.0,0,0,0
33,1089,15.0,40.0,2,263000.0,9.0,1,1,1
31,961,6.0,20.0,2,657500.0,12.0,0,1,1
30,900,12.0,20.0,2,723250.0,12.0,1,1,1
58,3364,14.0,60.0,2,1052000.0,9.0,0,0,1
19,361,12.0,40.0,3,0.0,11.0,1,0,0
36,1296,14.0,36.0,3,789000.0,5.0,1,0,1
36,1296,8.0,45.0,4,368200.0,1.0,0,1,0
24,576,12.0,50.0,5,460250.0,7.0,0,1,0
45,2025,12.0,20.0,4,789000.0,1.0,0,1,1
34,1156,8.0,40.0,5,102570.0,7.0,1,1,1
46,2116,6.0,40.0,5,1052000.0,5.0,0,1,0
24,576,12.0,45.0,1,973100.0,5.0,0,0,1
19,361,12.0,70.0,3,0.0,2.0,1,0,0
56,3136,1.0,32.0,5,920500.0,8.0,1,1,1
53,2809,6.0,32.0,5,657500.0,1.0,0,1,1
49,2401,15.0,45.0,3,0.0,6.0,0,1,1
48,2304,17.0,45.0,3,1972500.0,9.0,1,1,1
61,3721,8.0,30.0,3,657500.0,1.0,0,1,0
60,3600,15.0,30.0,3,284040.0,1.0,1,1,1
34,1156,12.0,30.0,3,526000.0,1.0,1,0,1
54,2916,12.0,40.0,2,1841000.0,10.0,0,1,1
58,3364,8.0,48.0,2,789000.0,5.0,0,0,1
40,1600,12.0,48.0,5,526000.0,1.0,0,1,0
39,1521,17.0,50.0,3,2498500.0,9.0,1,1,1
42,1764,10.0,50.0,3,2630000.0,2.0,0,1,1
69,4761,4.0,25.0,2,789000.0,3.0,0,1,1
55,3025,9.0,16.0,8,131500.0,2.0,0,1,0
46,2116,8.0,60.0,5,723250.0,3.0,0,1,1
43,1849,19.0,60.0,5,762700.0,12.0,1,1,1
66,4356,14.0,30.0,1,92050.0,1.0,1,0,1
76,5776,17.0,14.0,1,0.0,1.0,1,0,1
19,361,12.0,35.0,5,394500.0,7.0,0,0,1
18,324,12.0,35.0,5,394500.0,7.0,0,0,1
28,784,17.0,40.0,1,1183500.0,5.0,0,0,1
56,3136,0.0,40.0,5,1315000.0,8.0,0,1,1
50,2500,12.0,60.0,4,1315000.0,2.0,0,1,1
56,3136,8.0,60.0,4,2630000.0,3.0,1,1,1
44,1936,8.0,84.0,5,762700.0,9.0,0,1,1
21,441,12.0,84.0,5,98625.0,3.0,1,0,1
48,2304,17.0,40.0,6,1315000.0,7.0,0,0,1
46,2116,17.0,54.0,1,1972500.0,12.0,0,0,1
34,1156,17.0,30.0,4,986250.0,12.0,0,1,1
36,1296,17.0,30.0,4,986250.0,12.0,1,1,1
40,1600,12.0,72.0,2,920500.0,1.0,0,0,1
37,1369,12.0,84.0,4,394500.0,1.0,1,0,0
49,2401,17.0,40.0,6,1972500.0,7.0,1,0,1
35,1225,12.0,48.0,4,1315000.0,8.0,0,1,1
31,961,12.0,40.0,4,657500.0,5.0,1,0,0
59,3481,6.0,40.0,3,526000.0,1.0,0,1,0
60,3600,6.0,12.0,2,105200.0,8.0,1,0,1
48,2304,10.0,44.0,3,394500.0,6.0,0,1,0
69,4761,12.0,18.0,1,394500.0,2.0,0,0,1
59,3481,9.0,20.0,2,223550.0,11.0,1,0,1
43,1849,7.0,68.0,11,1315000.0,7.0,0,1,1
23,529,6.0,68.0,11,263000.0,6.0,0,0,0
19,361,11.0,68.0,11,328750.0,4.0,1,0,1
61,3721,8.0,15.0,5,526000.0,1.0,0,1,0
34,1156,11.0,20.0,6,394500.0,3.0,0,1,0
52,2704,6.0,18.0,5,394500.0,1.0,0,1,0
59,3481,12.0,35.0,1,920500.0,6.0,1,0,1
28,784,12.0,35.0,1,1052000.0,9.0,0,0,1
40,1600,12.0,56.0,1,1709500.0,10.0,0,0,1
43,1849,9.0,48.0,4,657500.0,2.0,0,1,1
39,1521,12.0,48.0,4,657500.0,2.0,1,1,0
19,361,12.0,48.0,4,526000.0,2.0,1,0,0
20,400,12.0,48.0,4,526000.0,2.0,0,0,0
51,2601,15.0,35.0,3,1255825.0,12.0,1,0,1
33,1089,17.0,40.0,6,394500.0,3.0,1,0,1
35,1225,17.0,15.0,4,46025.0,1.0,1,1,1
58,3364,15.0,30.0,3,854750.0,12.0,1,0,1
58,3364,19.0,25.0,1,1052000.0,9.0,0,0,1
49,2401,12.0,48.0,4,47340.0,5.0,1,1,1
18,324,11.0,35.0,5,394500.0,7.0,0,0,1
19,361,12.0,35.0,5,394500.0,7.0,0,0,1
54,2916,6.0,56.0,3,394500.0,2.0,1,0,1
18,324,12.0,56.0,3,105200.0,1.0,1,0,0
58,3364,15.0,20.0,4,591750.0,8.0,0,1,1
20,400,12.0,35.0,5,394500.0,7.0,0,0,1
28,784,8.0,40.0,5,394500.0,2.0,0,0,1
39,1521,11.0,25.0,5,397130.0,8.0,1,0,0
43,1849,6.0,30.0,1,920500.0,1.0,0,0,0
60,3600,12.0,45.0,4,552300.0,2.0,0,1,0
26,676,7.0,40.0,5,263000.0,6.0,0,0,0
55,3025,12.0,10.0,2,263000.0,1.0,0,0,0
19,361,6.0,10.0,2,394500.0,3.0,1,0,0
44,1936,6.0,10.0,9,65750.0,2.0,1,1,1
28,784,7.0,46.0,3,552300.0,12.0,0,1,1
45,2025,15.0,40.0,3,1183500.0,9.0,0,1,1
27,729,12.0,40.0,1,263000.0,3.0,0,0,0
46,2116,12.0,18.0,3,263000.0,1.0,1,0,1
59,3481,12.0,30.0,6,657500.0,9.0,0,1,1
50,2500,12.0,30.0,6,526000.0,1.0,1,1,1
29,841,16.0,30.0,6,420800.0,9.0,1,0,1
27,729,17.0,30.0,6,420800.0,7.0,0,0,1
25,625,12.0,30.0,6,131500.0,6.0,0,0,0
23,529,13.0,30.0,6,1315000.0,1.0,1,0,0
54,2916,12.0,46.0,7,789000.0,1.0,0,1,1
54,2916,0.0,46.0,7,394500.0,12.0,1,1,1
33,1089,12.0,46.0,7,526000.0,12.0,0,0,0
46,2116,0.0,60.0,5,1315000.0,10.0,0,1,0
46,2116,6.0,60.0,5,657500.0,1.0,1,1,1
39,1521,6.0,44.0,3,263000.0,1.0,1,1,0
62,3844,15.0,35.0,1,1972500.0,12.0,0,0,1
47,2209,12.0,25.0,2,526000.0,7.0,1,1,1
54,2916,6.0,18.0,2,315600.0,1.0,0,0,0
50,2500,17.0,48.0,1,1052000.0,1.0,0,0,1
62,3844,12.0,24.0,2,1268975.0,9.0,1,0,1
43,1849,17.0,40.0,4,3015295.0,9.0,0,1,1
45,2025,17.0,40.0,4,986250.0,12.0,1,1,1
59,3481,12.0,40.0,3,986250.0,8.0,1,0,1
51,2601,6.0,40.0,3,657500.0,6.0,0,1,0
57,3249,6.0,15.0,3,394500.0,1.0,0,1,0
41,1681,12.0,30.0,5,1578000.0,7.0,1,0,1
25,625,12.0,30.0,1,762700.0,12.0,0,0,1
48,2304,6.0,40.0,3,1972500.0,11.0,0,1,1
46,2116,6.0,40.0,3,986250.0,10.0,1,1,1
37,1369,7.0,21.0,4,460250.0,6.0,1,0,1
22,484,12.0,21.0,4,263000.0,6.0,1,0,1
34,1156,15.0,40.0,4,2630000.0,6.0,0,1,1
35,1225,16.0,40.0,4,2630000.0,6.0,1,1,1
56,3136,8.0,40.0,3,473400.0,4.0,0,1,0
47,2209,15.0,72.0,3,2630000.0,11.0,0,1,1
25,625,12.0,30.0,3,197250.0,1.0,1,0,0
41,1681,17.0,48.0,1,1249250.0,12.0,1,0,1
34,1156,12.0,32.0,6,526000.0,2.0,0,1,0
36,1296,15.0,32.0,6,263000.0,3.0,1,1,0
19,361,10.0,32.0,6,263000.0,2.0,0,0,0
35,1225,12.0,45.0,1,789000.0,2.0,0,0,1
58,3364,6.0,24.0,2,263000.0,1.0,0,0,0
52,2704,12.0,48.0,4,1307110.0,9.0,0,1,1
31,961,11.0,26.0,1,526000.0,1.0,0,0,0
35,1225,16.0,30.0,3,1025700.0,7.0,1,0,1
31,961,12.0,42.0,3,263000.0,1.0,0,1,0
35,1225,12.0,42.0,3,394500.0,1.0,1,1,0
56,3136,12.0,45.0,5,1841000.0,9.0,0,1,1
30,900,12.0,45.0,4,460250.0,2.0,0,0,0
56,3136,6.0,30.0,3,394500.0,1.0,0,0,0
26,676,6.0,30.0,3,526000.0,4.0,0,0,0
27,729,6.0,30.0,3,552300.0,2.0,0,0,0
45,2025,12.0,48.0,5,1249250.0,11.0,0,1,1
53,2809,12.0,2.0,3,52600.0,1.0,1,0,0
21,441,11.0,2.0,3,263000.0,1.0,0,0,0
52,2704,17.0,45.0,2,1183500.0,11.0,1,0,1
20,400,12.0,45.0,2,591750.0,11.0,1,0,1
51,2601,15.0,65.0,2,526000.0,1.0,1,0,1
39,1521,17.0,42.0,2,1052000.0,1.0,0,1,1
80,6400,17.0,20.0,2,394500.0,2.0,1,1,1
76,5776,17.0,20.0,2,394500.0,2.0,1,1,1
42,1764,12.0,40.0,1,3945000.0,9.0,0,0,1
44,1936,12.0,40.0,3,1315000.0,8.0,1,0,1
47,2209,17.0,48.0,3,1315000.0,9.0,0,1,1
35,1225,15.0,24.0,2,394500.0,7.0,1,1,1
49,2401,17.0,42.0,3,1578000.0,6.0,1,1,1
56,3136,6.0,48.0,3,1052000.0,8.0,0,1,1
47,2209,10.0,48.0,3,355050.0,2.0,1,1,1
55,3025,12.0,72.0,4,536520.0,9.0,0,1,0
30,900,17.0,72.0,4,723250.0,9.0,1,0,1
39,1521,19.0,35.0,3,2367000.0,12.0,0,1,1
60,3600,17.0,30.0,1,1446500.0,6.0,1,0,1
22,484,12.0,48.0,1,920500.0,10.0,0,0,1
57,3249,14.0,30.0,2,657500.0,7.0,1,0,1
30,900,8.0,48.0,2,394500.0,3.0,1,0,0
68,4624,6.0,16.0,3,263000.0,1.0,1,1,1
62,3844,12.0,63.0,2,78900.0,1.0,1,0,1
30,900,6.0,8.0,3,131500.0,1.0,0,1,0
46,2116,15.0,28.0,3,789000.0,1.0,1,0,1
28,784,17.0,28.0,3,1578000.0,10.0,1,0,1
61,3721,6.0,40.0,1,263000.0,1.0,0,0,0
38,1444,12.0,19.0,4,1052000.0,1.0,0,1,0
26,676,15.0,36.0,7,1446500.0,12.0,0,1,1
27,729,14.0,36.0,7,1446500.0,12.0,1,0,1
55,3025,12.0,36.0,7,3682000.0,12.0,1,1,1
55,3025,12.0,36.0,7,4602500.0,12.0,0,1,1
30,900,16.0,46.0,2,657500.0,8.0,0,0,1
49,2401,12.0,60.0,4,0.0,2.0,1,1,0
23,529,15.0,36.0,1,263000.0,1.0,1,0,0
52,2704,6.0,40.0,4,789000.0,10.0,1,0,1
29,841,8.0,40.0,4,315600.0,3.0,0,0,0
24,576,10.0,40.0,4,789000.0,9.0,1,0,1
63,3969,12.0,30.0,3,1972500.0,9.0,0,1,1
37,1369,8.0,40.0,1,1052000.0,1.0,0,0,0
56,3136,8.0,40.0,3,526000.0,1.0,0,1,0
53,2809,6.0,40.0,3,263000.0,1.0,1,1,0
24,576,14.0,32.0,2,157800.0,3.0,1,0,1
48,2304,13.0,30.0,4,657500.0,1.0,1,1,1
28,784,14.0,48.0,4,1315000.0,12.0,0,1,1
64,4096,14.0,32.0,2,1183500.0,3.0,0,0,1
37,1369,6.0,44.0,4,920500.0,1.0,0,1,0
39,1521,16.0,40.0,4,789000.0,1.0,1,1,1
43,1849,17.0,30.0,3,2419600.0,8.0,1,1,1
47,2209,17.0,30.0,3,2498500.0,9.0,0,1,1
31,961,9.0,18.0,3,394500.0,3.0,0,0,0
30,900,6.0,40.0,4,328750.0,7.0,0,1,0
27,729,7.0,40.0,4,552300.0,6.0,1,1,1
47,2209,12.0,36.0,1,657500.0,6.0,1,0,1
61,3721,12.0,30.0,2,6575000.0,1.0,0,1,1
32,1024,12.0,40.0,1,854750.0,3.0,0,0,0
40,1600,12.0,40.0,4,2630000.0,8.0,0,1,1
38,1444,17.0,40.0,4,1315000.0,2.0,1,1,1
50,2500,12.0,40.0,2,1052000.0,6.0,1,0,1
30,900,16.0,42.0,2,526000.0,2.0,1,1,1
46,2116,12.0,40.0,1,381350.0,1.0,0,0,0
47,2209,13.0,56.0,4,854750.0,7.0,1,1,1
41,1681,12.0,56.0,4,854750.0,9.0,0,1,1
28,784,13.0,12.0,2,789000.0,1.0,1,0,0
23,529,17.0,40.0,1,828450.0,9.0,1,0,1
29,841,9.0,24.0,3,65750.0,1.0,0,1,0
54,2916,6.0,32.0,1,197250.0,1.0,0,0,0
62,3844,12.0,30.0,2,460250.0,6.0,1,1,1
60,3600,14.0,30.0,3,591750.0,5.0,1,0,1
48,2304,12.0,30.0,2,460250.0,8.0,1,0,1
31,961,12.0,25.0,3,657500.0,6.0,0,0,1
47,2209,12.0,25.0,3,394500.0,5.0,0,1,0
31,961,19.0,40.0,1,1183500.0,8.0,1,0,1
31,961,17.0,45.0,1,1637175.0,8.0,0,1,1
54,2916,17.0,30.0,3,2761500.0,8.0,0,1,1
58,3364,15.0,30.0,3,1249250.0,7.0,1,1,1
55,3025,6.0,36.0,1,789000.0,4.0,0,0,0
57,3249,6.0,36.0,1,789000.0,4.0,0,0,0
50,2500,16.0,50.0,6,1052000.0,9.0,0,1,1
43,1849,14.0,50.0,6,920500.0,9.0,1,1,1
32,1024,12.0,30.0,1,1775250.0,12.0,0,0,1
31,961,17.0,42.0,2,1183500.0,1.0,0,1,1
29,841,8.0,48.0,3,328750.0,2.0,1,1,1
34,1156,12.0,40.0,4,789000.0,1.0,0,1,0
48,2304,17.0,60.0,1,4114635.0,1.0,1,0,1
53,2809,6.0,50.0,4,526000.0,7.0,0,1,1
43,1849,8.0,48.0,3,328750.0,2.0,0,1,1
38,1444,17.0,25.0,1,1183500.0,12.0,1,0,1
31,961,12.0,40.0,1,526000.0,7.0,0,0,1
58,3364,15.0,30.0,3,1288700.0,9.0,0,1,1
53,2809,14.0,30.0,3,1288700.0,6.0,1,1,1
50,2500,12.0,30.0,3,657500.0,8.0,0,0,1
37,1369,12.0,25.0,3,657500.0,6.0,0,1,0
70,4900,17.0,20.0,6,32875.0,1.0,0,1,1
58,3364,17.0,20.0,6,1972500.0,1.0,1,1,1
28,784,13.0,20.0,6,657500.0,12.0,1,0,1
43,1849,6.0,12.0,9,723250.0,4.0,0,1,0
50,2500,17.0,60.0,5,1183500.0,8.0,0,1,1
33,1089,17.0,40.0,3,789000.0,1.0,0,1,1
32,1024,17.0,40.0,3,657500.0,1.0,1,1,1
61,3721,17.0,30.0,2,723250.0,10.0,0,0,1
29,841,13.0,24.0,2,118350.0,1.0,0,0,1
67,4489,17.0,48.0,5,1052000.0,6.0,0,1,1
51,2601,17.0,48.0,5,1052000.0,6.0,0,1,1
49,2401,17.0,48.0,5,789000.0,6.0,1,1,1
63,3969,17.0,48.0,5,920500.0,8.0,1,0,1
30,900,15.0,56.0,2,986250.0,6.0,0,1,1
31,961,15.0,56.0,2,236700.0,3.0,1,1,0
40,1600,15.0,58.0,6,263000.0,6.0,1,1,0
49,2401,15.0,24.0,5,657500.0,12.0,0,1,1
46,2116,15.0,24.0,5,920500.0,9.0,1,1,1
39,1521,13.0,45.0,4,1972500.0,1.0,0,1,1
43,1849,14.0,40.0,1,4076500.0,10.0,0,0,1
31,961,17.0,45.0,2,1709500.0,9.0,1,1,1
32,1024,12.0,45.0,2,1315000.0,9.0,0,1,1
46,2116,12.0,40.0,1,1446500.0,8.0,0,0,1
42,1764,13.0,45.0,3,2367000.0,12.0,1,1,1
42,1764,17.0,45.0,3,1446500.0,4.0,0,1,1
38,1444,15.0,48.0,1,986250.0,11.0,0,0,1
57,3249,9.0,60.0,3,591750.0,1.0,1,1,1
55,3025,12.0,40.0,2,1183500.0,3.0,1,0,1
22,484,12.0,40.0,2,789000.0,4.0,1,0,1
38,1444,3.0,24.0,4,131500.0,2.0,0,1,0
33,1089,5.0,24.0,4,65750.0,2.0,1,1,0
49,2401,2.0,6.0,5,1446500.0,9.0,0,1,1
26,676,12.0,6.0,5,526000.0,6.0,0,0,0
57,3249,12.0,50.0,3,1078300.0,6.0,1,1,1
35,1225,15.0,30.0,2,1052000.0,7.0,1,1,1
38,1444,12.0,30.0,2,986250.0,6.0,0,1,1
50,2500,19.0,37.0,4,1052000.0,9.0,1,1,1
49,2401,18.0,37.0,4,1315000.0,11.0,0,1,1
35,1225,15.0,40.0,1,657500.0,11.0,0,0,1
54,2916,12.0,25.0,3,1117750.0,6.0,1,1,1
35,1225,15.0,40.0,3,723250.0,9.0,1,1,1
40,1600,12.0,40.0,3,1578000.0,7.0,0,1,1
25,625,16.0,20.0,1,263000.0,1.0,1,0,0
41,1681,15.0,35.0,5,394500.0,7.0,1,0,1
45,2025,12.0,0.0,3,315600.0,9.0,1,0,1
21,441,12.0,0.0,3,940225.0,8.0,1,0,1
45,2025,12.0,40.0,4,1972500.0,6.0,0,1,1
24,576,14.0,48.0,1,986250.0,7.0,1,0,1
62,3844,12.0,18.0,1,526000.0,1.0,0,0,1
29,841,12.0,45.0,1,1222950.0,5.0,0,0,1
63,3969,17.0,35.0,1,1315000.0,10.0,1,0,1
46,2116,15.0,40.0,5,0.0,7.0,0,1,1
68,4624,15.0,40.0,2,2630000.0,8.0,0,1,1
45,2025,12.0,70.0,3,105200.0,1.0,1,1,1
56,3136,12.0,70.0,3,223550.0,4.0,0,1,1
50,2500,14.0,40.0,4,2104000.0,6.0,0,1,1
49,2401,15.0,40.0,4,1446500.0,12.0,1,1,1
30,900,9.0,40.0,4,1117750.0,5.0,0,0,1
41,1681,12.0,58.0,4,1578000.0,7.0,0,1,1
24,576,14.0,20.0,6,315600.0,1.0,0,0,1
42,1764,14.0,40.0,1,2104000.0,9.0,0,0,1
62,3844,15.0,74.0,2,131500.0,1.0,0,1,1
57,3249,17.0,74.0,2,105200.0,1.0,1,1,1
44,1936,13.0,15.0,3,328750.0,1.0,0,0,1
28,784,17.0,54.0,2,6575000.0,1.0,1,1,0
27,729,16.0,54.0,2,394500.0,2.0,0,1,0
34,1156,11.0,40.0,4,789000.0,12.0,0,1,1
48,2304,6.0,40.0,1,328750.0,1.0,0,0,0
43,1849,6.0,40.0,3,131500.0,1.0,1,1,1
38,1444,13.0,50.0,3,394500.0,1.0,0,1,0
51,2601,8.0,18.0,1,394500.0,1.0,0,0,0
41,1681,12.0,76.0,3,2104000.0,6.0,1,0,1
52,2704,6.0,40.0,3,1052000.0,1.0,0,1,1
40,1600,12.0,45.0,4,1315000.0,11.0,1,1,1
52,2704,9.0,6.0,2,263000.0,1.0,0,1,0
20,400,13.0,28.0,2,499700.0,6.0,0,0,0
42,1764,12.0,32.0,4,1052000.0,12.0,0,0,1
24,576,12.0,32.0,4,920500.0,9.0,0,0,1
39,1521,6.0,32.0,1,394500.0,5.0,0,0,1
46,2116,12.0,4.0,1,131500.0,1.0,1,1,1
26,676,12.0,52.0,3,591750.0,1.0,0,0,0
21,441,13.0,6.0,7,789000.0,6.0,1,0,1
31,961,12.0,50.0,4,789000.0,1.0,1,0,1
39,1521,12.0,44.0,4,1209800.0,5.0,0,1,1
34,1156,6.0,50.0,4,1052000.0,9.0,0,1,1
32,1024,8.0,50.0,4,1052000.0,9.0,1,1,1
56,3136,17.0,32.0,2,1315000.0,8.0,1,1,1
53,2809,12.0,40.0,3,1117750.0,12.0,0,1,1
43,1849,17.0,45.0,1,1643750.0,12.0,1,0,1
48,2304,14.0,45.0,4,2630000.0,12.0,0,0,1
26,676,12.0,45.0,4,789000.0,11.0,0,0,1
43,1849,12.0,48.0,5,1315000.0,1.0,1,1,1
47,2209,12.0,45.0,4,1052000.0,6.0,0,1,1
68,4624,17.0,24.0,2,657500.0,9.0,1,1,1
69,4761,15.0,24.0,2,1578000.0,7.0,0,1,1
30,900,9.0,0.0,6,631200.0,1.0,1,0,1
29,841,8.0,0.0,6,295875.0,6.0,0,0,0
43,1849,14.0,50.0,3,1117750.0,7.0,1,1,1
31,961,12.0,54.0,1,986250.0,3.0,0,0,1
64,4096,12.0,40.0,6,197250.0,1.0,1,1,1
36,1296,12.0,40.0,6,394500.0,1.0,0,1,0
35,1225,12.0,40.0,6,1052000.0,1.0,1,1,0
44,1936,18.0,50.0,3,1972500.0,8.0,0,1,1
62,3844,15.0,45.0,3,1972500.0,9.0,0,1,1
55,3025,15.0,45.0,3,657500.0,12.0,1,1,1
52,2704,15.0,48.0,2,219605.0,6.0,1,0,1
20,400,9.0,48.0,2,252480.0,3.0,0,0,1
40,1600,14.0,54.0,4,1315000.0,9.0,0,1,1
37,1369,17.0,54.0,4,0.0,1.0,1,1,1
42,1764,12.0,18.0,3,1315000.0,11.0,1,0,1
51,2601,12.0,40.0,2,460250.0,11.0,1,1,1
26,676,17.0,60.0,1,1446500.0,11.0,0,0,1
48,2304,12.0,48.0,2,1446500.0,9.0,0,1,1
55,3025,10.0,48.0,2,1512250.0,8.0,1,1,1
40,1600,12.0,40.0,5,657500.0,3.0,0,1,1
55,3025,15.0,40.0,4,1315000.0,12.0,0,1,1
49,2401,17.0,40.0,4,920500.0,9.0,1,1,1
24,576,12.0,40.0,4,1315000.0,12.0,0,0,1
49,2401,17.0,50.0,3,4471000.0,9.0,0,1,1
50,2500,12.0,50.0,3,854750.0,7.0,1,1,1
44,1936,14.0,40.0,3,1183500.0,5.0,1,1,1
45,2025,17.0,35.0,1,2235500.0,12.0,0,0,1
25,625,17.0,40.0,1,1578000.0,7.0,0,0,1
66,4356,6.0,40.0,8,631200.0,6.0,0,1,1
23,529,8.0,40.0,8,420800.0,6.0,0,1,1
29,841,17.0,54.0,3,1972500.0,10.0,0,1,1
40,1600,15.0,59.0,2,657500.0,1.0,0,1,1
33,1089,14.0,59.0,2,0.0,6.0,1,1,1
22,484,12.0,48.0,2,552300.0,6.0,0,0,1
19,361,12.0,48.0,2,565450.0,6.0,0,0,1
31,961,3.0,40.0,1,657500.0,6.0,1,0,1
59,3481,10.0,11.0,2,631200.0,1.0,1,0,1
21,441,12.0,11.0,2,447100.0,2.0,0,0,0
47,2209,12.0,40.0,3,657500.0,6.0,1,0,0
22,484,14.0,40.0,3,263000.0,6.0,1,0,0
48,2304,12.0,52.0,3,973100.0,3.0,1,0,1
42,1764,17.0,35.0,1,1079615.0,12.0,1,0,1
74,5476,6.0,28.0,2,131500.0,1.0,0,1,1
40,1600,12.0,40.0,3,657500.0,7.0,0,0,0
30,900,17.0,40.0,2,1052000.0,4.0,1,1,1
34,1156,14.0,40.0,2,1117750.0,4.0,0,1,1
49,2401,14.0,2.0,5,1972500.0,1.0,1,1,0
25,625,9.0,2.0,5,526000.0,6.0,0,0,0
24,576,8.0,30.0,9,789000.0,4.0,1,1,0
60,3600,6.0,20.0,2,526000.0,1.0,0,1,1
53,2809,6.0,48.0,4,854750.0,5.0,1,1,0
34,1156,12.0,48.0,4,789000.0,5.0,1,1,0
34,1156,12.0,48.0,4,789000.0,5.0,0,1,0
45,2025,17.0,40.0,4,762700.0,9.0,1,1,1
53,2809,12.0,48.0,4,789000.0,5.0,0,1,0
24,576,9.0,45.0,2,789000.0,2.0,0,1,0
23,529,12.0,45.0,2,486550.0,5.0,1,1,1
52,2704,6.0,24.0,4,197250.0,5.0,0,0,0
38,1444,12.0,24.0,4,591750.0,6.0,1,0,1
38,1444,17.0,18.0,1,1183500.0,11.0,1,0,1
50,2500,17.0,45.0,2,1972500.0,11.0,1,0,1
22,484,12.0,45.0,2,920500.0,7.0,0,0,1
27,729,15.0,10.0,2,394500.0,9.0,1,1,1
43,1849,8.0,40.0,3,157800.0,3.0,1,1,0
50,2500,9.0,40.0,3,1183500.0,9.0,0,1,1
50,2500,15.0,54.0,2,1052000.0,11.0,0,1,1
52,2704,15.0,54.0,2,1709500.0,9.0,1,1,1
46,2116,17.0,20.0,1,1209800.0,11.0,1,0,1
53,2809,14.0,40.0,1,1052000.0,1.0,0,0,1
19,361,13.0,8.0,2,43395.0,1.0,1,0,1
31,961,15.0,65.0,2,3945000.0,6.0,0,1,1
30,900,12.0,48.0,1,394500.0,1.0,1,0,0
33,1089,17.0,45.0,1,2104000.0,10.0,0,0,1
30,900,17.0,32.0,1,2761500.0,10.0,0,0,1
45,2025,12.0,48.0,1,1315000.0,2.0,0,0,1
35,1225,13.0,32.0,6,0.0,2.0,1,1,0
43,1849,12.0,24.0,4,210400.0,6.0,1,0,0
64,4096,15.0,72.0,2,1315000.0,3.0,0,1,1
54,2916,15.0,30.0,1,1485950.0,9.0,0,0,1
38,1444,13.0,39.0,2,1972500.0,3.0,1,0,1
19,361,12.0,39.0,2,341900.0,3.0,1,0,1
78,6084,12.0,30.0,2,1972500.0,4.0,0,1,1
74,5476,15.0,30.0,2,1315000.0,1.0,1,1,1
43,1849,10.0,40.0,1,1972500.0,11.0,0,0,1
45,2025,6.0,73.0,1,1183500.0,6.0,0,0,1
31,961,12.0,40.0,6,920500.0,6.0,0,1,1
17,289,11.0,40.0,6,118350.0,1.0,0,0,1
67,4489,1.0,11.0,4,92050.0,1.0,0,1,1
60,3600,15.0,50.0,1,3945000.0,1.0,0,0,1
59,3481,12.0,44.0,1,394500.0,1.0,1,0,0
59,3481,19.0,56.0,3,131500.0,3.0,1,0,1
26,676,12.0,45.0,2,526000.0,5.0,1,1,1
32,1024,12.0,49.0,3,512850.0,1.0,1,0,0
51,2601,12.0,27.0,3,631200.0,4.0,1,1,1
29,841,12.0,40.0,3,986250.0,12.0,1,1,1
33,1089,15.0,40.0,3,1249250.0,12.0,0,1,1
27,729,14.0,36.0,3,2630000.0,1.0,0,1,1
42,1764,14.0,50.0,2,1315000.0,11.0,0,0,1
26,676,15.0,45.0,2,460250.0,6.0,0,0,1
35,1225,14.0,50.0,2,1222950.0,10.0,1,0,1
18,324,12.0,24.0,1,394500.0,10.0,0,0,1
72,5184,14.0,40.0,1,789000.0,5.0,0,0,1
44,1936,12.0,8.0,5,1117750.0,7.0,1,1,1
18,324,13.0,40.0,4,131500.0,6.0,1,0,1
40,1600,11.0,36.0,1,499700.0,1.0,0,0,1
57,3249,14.0,40.0,1,1972500.0,10.0,0,0,1
57,3249,17.0,63.0,6,2235500.0,12.0,0,1,1
51,2601,17.0,63.0,6,657500.0,1.0,1,1,1
26,676,12.0,63.0,6,657500.0,3.0,0,0,1
44,1936,15.0,10.0,2,1315000.0,5.0,0,1,1
52,2704,17.0,49.0,4,1446500.0,12.0,1,1,1
70,4900,12.0,48.0,4,1094080.0,6.0,0,1,1
51,2601,17.0,23.0,1,1052000.0,8.0,1,0,1
39,1521,12.0,4.0,7,2630000.0,1.0,0,0,1
43,1849,15.0,48.0,4,1446500.0,8.0,0,1,1
40,1600,7.0,60.0,4,723250.0,6.0,0,1,0
23,529,12.0,40.0,4,657500.0,9.0,1,0,1
21,441,15.0,40.0,4,723250.0,12.0,0,0,1
49,2401,6.0,50.0,2,1972500.0,9.0,0,1,1
37,1369,15.0,40.0,2,1972500.0,7.0,0,1,1
35,1225,15.0,40.0,2,1709500.0,6.0,1,1,1
52,2704,12.0,20.0,4,394500.0,7.0,0,0,1
20,400,12.0,20.0,4,789000.0,4.0,0,0,1
45,2025,9.0,20.0,4,1315000.0,5.0,1,0,1
46,2116,12.0,40.0,1,1578000.0,8.0,0,0,1
28,784,17.0,65.0,2,526000.0,1.0,1,1,0
60,3600,15.0,60.0,5,6575000.0,2.0,0,1,1
30,900,12.0,60.0,5,1578000.0,12.0,1,0,1
36,1296,6.0,63.0,1,526000.0,1.0,0,0,0
33,1089,17.0,40.0,1,2630000.0,8.0,1,0,1
51,2601,12.0,32.0,4,131500.0,8.0,1,0,1
19,361,12.0,32.0,4,131500.0,8.0,1,0,1
20,400,7.0,21.0,8,526000.0,5.0,0,0,0
38,1444,12.0,48.0,3,1183500.0,8.0,0,1,1
26,676,12.0,45.0,3,1446500.0,10.0,0,1,1
24,576,7.0,45.0,3,263000.0,1.0,1,1,1
37,1369,7.0,21.0,8,102570.0,5.0,1,1,0
27,729,1.0,56.0,9,184100.0,7.0,1,1,0
58,3364,10.0,56.0,9,184100.0,7.0,1,1,1
29,841,9.0,56.0,9,151225.0,6.0,0,1,0
35,1225,9.0,56.0,9,184100.0,7.0,1,1,0
28,784,12.0,56.0,9,394500.0,7.0,0,1,0
51,2601,9.0,84.0,3,894200.0,2.0,1,1,0
42,1764,12.0,54.0,5,131500.0,1.0,1,1,1
51,2601,6.0,48.0,4,1052000.0,8.0,0,1,1
55,3025,6.0,48.0,4,39450.0,1.0,1,1,1
27,729,13.0,48.0,4,422115.0,8.0,0,0,1
44,1936,17.0,39.0,5,1315000.0,12.0,0,1,1
43,1849,17.0,39.0,5,1183500.0,12.0,1,1,1
34,1156,13.0,20.0,4,302450.0,8.0,1,1,1
37,1369,12.0,20.0,4,1183500.0,8.0,0,1,1
42,1764,6.0,40.0,4,1315000.0,6.0,0,1,1
23,529,12.0,40.0,4,197250.0,1.0,0,0,0
17,289,11.0,40.0,4,39450.0,1.0,1,0,1
51,2601,12.0,44.0,3,2630000.0,1.0,0,1,1
62,3844,12.0,22.0,2,1972500.0,1.0,1,1,1
35,1225,17.0,40.0,3,2630000.0,9.0,0,1,1
34,1156,17.0,40.0,3,657500.0,1.0,1,1,1
61,3721,17.0,45.0,3,1315000.0,8.0,0,1,1
52,2704,15.0,0.0,4,1052000.0,10.0,0,1,1
62,3844,12.0,22.0,2,3945000.0,3.0,0,1,1
25,625,15.0,40.0,2,1315000.0,6.0,0,1,1
18,324,12.0,40.0,2,394500.0,7.0,1,1,1
39,1521,14.0,48.0,3,789000.0,1.0,1,1,1
28,784,12.0,48.0,3,1183500.0,9.0,0,1,1
50,2500,12.0,70.0,5,394500.0,12.0,0,1,1
60,3600,12.0,55.0,2,526000.0,1.0,0,1,1
69,4761,9.0,20.0,2,105200.0,1.0,0,1,1
34,1156,12.0,48.0,2,1052000.0,9.0,0,1,1
32,1024,12.0,48.0,2,736400.0,9.0,1,1,1
59,3481,17.0,16.0,1,1183500.0,9.0,1,0,1
55,3025,17.0,40.0,5,526000.0,3.0,0,1,0
51,2601,14.0,58.0,2,1709500.0,1.0,0,1,1
74,5476,17.0,19.0,2,328750.0,1.0,1,0,1
40,1600,16.0,33.0,2,920500.0,7.0,1,0,1
43,1849,15.0,28.0,3,789000.0,8.0,1,1,1
23,529,16.0,28.0,3,131500.0,8.0,1,0,1
45,2025,17.0,68.0,4,1972500.0,12.0,0,1,1
43,1849,17.0,68.0,4,78900.0,1.0,1,1,1
78,6084,19.0,1.0,1,0.0,12.0,1,1,1
49,2401,17.0,40.0,4,3945000.0,7.0,1,1,1
31,961,15.0,48.0,4,1225580.0,6.0,1,0,1
27,729,13.0,48.0,4,394500.0,3.0,0,0,0
38,1444,12.0,33.0,3,723250.0,6.0,1,0,1
30,900,15.0,40.0,3,39450.0,8.0,0,0,1
34,1156,14.0,25.0,1,1315000.0,7.0,0,0,1
52,2704,14.0,25.0,1,1104600.0,1.0,0,0,0
38,1444,17.0,30.0,3,499700.0,12.0,1,0,1
42,1764,16.0,48.0,4,1709500.0,11.0,1,1,1
41,1681,12.0,57.0,5,2367000.0,10.0,0,0,1
19,361,12.0,60.0,6,197250.0,1.0,1,0,0
59,3481,8.0,40.0,1,657500.0,3.0,0,0,0
30,900,6.0,40.0,3,789000.0,10.0,0,1,1
25,625,14.0,40.0,3,210400.0,1.0,1,1,1
37,1369,17.0,45.0,3,1315000.0,3.0,0,1,1
38,1444,17.0,45.0,3,1972500.0,7.0,1,1,1
33,1089,12.0,48.0,3,460250.0,1.0,1,1,0
33,1089,12.0,48.0,3,591750.0,1.0,0,1,0
42,1764,17.0,50.0,2,1972500.0,12.0,1,1,1
21,441,10.0,28.0,4,368200.0,7.0,0,0,0
40,1600,17.0,45.0,3,2104000.0,10.0,1,1,1
41,1681,14.0,45.0,3,2104000.0,2.0,0,1,1
26,676,6.0,70.0,7,0.0,2.0,1,0,0
37,1369,12.0,20.0,3,506275.0,3.0,0,0,1
22,484,6.0,20.0,3,289300.0,4.0,1,0,0
65,4225,15.0,40.0,1,789000.0,10.0,0,0,1
57,3249,6.0,46.0,3,1315000.0,6.0,0,0,1
34,1156,12.0,32.0,1,789000.0,5.0,0,0,0
44,1936,16.0,40.0,2,1315000.0,7.0,1,0,1
25,625,12.0,40.0,2,1315000.0,7.0,0,0,1
52,2704,15.0,40.0,1,1057260.0,7.0,0,0,1
34,1156,19.0,48.0,1,1972500.0,12.0,0,0,1
21,441,6.0,70.0,5,19725.0,1.0,0,0,0
54,2916,6.0,30.0,2,105200.0,1.0,0,1,0
53,2809,6.0,30.0,2,105200.0,2.0,1,1,0
25,625,12.0,70.0,5,263000.0,1.0,0,0,0
57,3249,9.0,40.0,1,657500.0,2.0,0,0,0
31,961,15.0,56.0,1,723250.0,4.0,0,0,1
36,1296,12.0,45.0,4,1972500.0,9.0,0,1,1
54,2916,17.0,58.0,2,1052000.0,3.0,0,1,1
56,3136,7.0,30.0,11,1052000.0,12.0,1,1,1
26,676,7.0,30.0,11,102570.0,6.0,0,0,0
63,3969,12.0,16.0,2,263000.0,2.0,1,1,0
68,4624,12.0,16.0,2,263000.0,2.0,0,1,0
40,1600,15.0,26.0,4,1183500.0,10.0,0,1,1
35,1225,15.0,26.0,4,1025700.0,10.0,1,1,1
22,484,9.0,32.0,2,854750.0,6.0,1,0,0
54,2916,17.0,40.0,4,3945000.0,4.0,0,1,1
26,676,12.0,50.0,2,131500.0,1.0,0,0,0
39,1521,16.0,48.0,4,1972500.0,6.0,0,1,1
39,1521,14.0,48.0,4,1972500.0,6.0,1,1,1
51,2601,17.0,44.0,5,1315000.0,12.0,0,1,1
51,2601,17.0,44.0,5,1315000.0,12.0,1,1,1
46,2116,9.0,50.0,2,263000.0,1.0,1,0,0
21,441,15.0,48.0,4,394500.0,9.0,1,0,1
34,1156,17.0,20.0,2,854750.0,9.0,1,1,1
44,1936,15.0,20.0,4,657500.0,8.0,1,1,1
45,2025,12.0,20.0,4,1446500.0,9.0,0,1,1
32,1024,8.0,42.0,1,2367000.0,1.0,1,0,0
43,1849,12.0,43.0,5,1052000.0,8.0,0,1,1
57,3249,12.0,14.0,5,78900.0,3.0,0,1,1
47,2209,8.0,30.0,1,618050.0,12.0,1,0,1
59,3481,12.0,50.0,4,526000.0,1.0,0,1,0
48,2304,12.0,50.0,4,920500.0,4.0,1,1,1
38,1444,12.0,18.0,6,657500.0,2.0,0,1,1
34,1156,12.0,84.0,4,789000.0,12.0,1,1,1
46,2116,6.0,40.0,3,894200.0,7.0,0,1,1
50,2500,12.0,43.0,3,1578000.0,7.0,0,1,1
21,441,12.0,43.0,3,1315000.0,7.0,0,0,1
28,784,10.0,50.0,4,1841000.0,7.0,0,1,1
26,676,7.0,50.0,4,441840.0,3.0,1,1,0
48,2304,6.0,84.0,4,789000.0,1.0,0,1,0
40,1600,12.0,72.0,1,657500.0,9.0,0,0,1
58,3364,17.0,40.0,2,1972500.0,12.0,0,1,1
41,1681,6.0,30.0,5,394500.0,1.0,1,1,1
36,1296,6.0,30.0,5,328750.0,1.0,0,1,0
40,1600,9.0,40.0,2,1578000.0,2.0,0,0,1
43,1849,17.0,48.0,5,2630000.0,6.0,1,1,1
41,1681,19.0,48.0,5,1972500.0,1.0,0,1,1
43,1849,17.0,40.0,2,657500.0,1.0,1,1,0
43,1849,7.0,66.0,6,1315000.0,6.0,0,1,1
47,2209,9.0,48.0,3,1117750.0,6.0,1,0,1
21,441,12.0,0.0,3,529945.0,7.0,1,1,1
24,576,12.0,0.0,3,473400.0,6.0,0,1,1
33,1089,14.0,84.0,5,657500.0,3.0,0,1,1
34,1156,8.0,84.0,6,1117750.0,9.0,0,1,1
44,1936,12.0,61.0,3,1025700.0,3.0,1,0,1
48,2304,17.0,50.0,5,2630000.0,9.0,1,1,1
63,3969,17.0,21.0,1,920500.0,1.0,1,0,1
47,2209,12.0,54.0,2,1315000.0,8.0,1,0,1
40,1600,9.0,24.0,4,920500.0,1.0,1,1,0
29,841,6.0,24.0,4,657500.0,1.0,0,1,0
51,2601,6.0,40.0,4,1446500.0,10.0,0,1,1
52,2704,11.0,40.0,4,1262400.0,6.0,1,1,1
22,484,12.0,48.0,1,591750.0,1.0,0,0,1
63,3969,6.0,30.0,2,197250.0,1.0,0,1,1
43,1849,15.0,0.0,4,920500.0,7.0,0,1,1
46,2116,14.0,40.0,1,1183500.0,10.0,0,0,1
30,900,12.0,48.0,4,1052000.0,7.0,1,1,1
31,961,12.0,48.0,4,1578000.0,8.0,0,1,1
44,1936,17.0,50.0,6,3550500.0,8.0,0,1,1
37,1369,17.0,50.0,6,1052000.0,8.0,1,1,1
41,1681,12.0,25.0,3,263000.0,3.0,1,0,0
53,2809,12.0,40.0,2,526000.0,6.0,0,1,0
33,1089,7.0,70.0,6,315600.0,3.0,1,0,0
61,3721,6.0,45.0,5,1578000.0,7.0,0,0,1
23,529,6.0,45.0,5,789000.0,1.0,0,0,0
19,361,10.0,12.0,3,526000.0,3.0,0,0,0
53,2809,15.0,48.0,3,657500.0,8.0,1,1,1
74,5476,6.0,12.0,3,315600.0,2.0,1,0,1
19,361,8.0,4.0,5,0.0,2.0,0,0,0
54,2916,3.0,4.0,5,157800.0,1.0,0,0,0
20,400,13.0,6.0,1,152540.0,6.0,1,0,1
23,529,11.0,25.0,3,236700.0,4.0,0,0,0
46,2116,12.0,25.0,3,1052000.0,6.0,1,0,1
19,361,9.0,25.0,3,526000.0,2.0,0,0,0
54,2916,12.0,48.0,6,789000.0,3.0,0,1,0
60,3600,12.0,48.0,6,920500.0,1.0,0,1,0
27,729,15.0,44.0,2,920500.0,10.0,1,0,1
28,784,12.0,56.0,2,1183500.0,8.0,1,1,1
23,529,12.0,56.0,2,1183500.0,8.0,0,1,1
51,2601,9.0,70.0,5,1052000.0,6.0,0,1,1
20,400,12.0,30.0,5,263000.0,2.0,1,0,0
33,1089,12.0,56.0,3,1183500.0,6.0,0,1,1
36,1296,8.0,54.0,1,1117750.0,7.0,0,0,1
41,1681,12.0,40.0,1,1446500.0,10.0,1,0,1
29,841,8.0,16.0,5,263000.0,6.0,0,1,0
43,1849,12.0,25.0,1,328750.0,1.0,0,0,1
39,1521,12.0,40.0,4,1046740.0,9.0,0,1,1
41,1681,12.0,40.0,4,591750.0,4.0,1,1,1
48,2304,9.0,34.0,4,1009920.0,9.0,0,1,1
46,2116,15.0,34.0,4,789000.0,7.0,1,1,1
41,1681,12.0,53.0,6,657500.0,1.0,0,0,0
18,324,10.0,53.0,6,19725.0,7.0,0,0,0
34,1156,17.0,40.0,3,920500.0,6.0,1,1,1
37,1369,17.0,40.0,3,920500.0,6.0,0,1,1
38,1444,15.0,40.0,3,894200.0,7.0,0,1,1
38,1444,12.0,40.0,3,1052000.0,1.0,1,1,1
32,1024,11.0,48.0,4,315600.0,3.0,0,1,1
31,961,12.0,48.0,4,794260.0,8.0,1,1,1
77,5929,17.0,16.0,2,591750.0,1.0,0,0,1
75,5625,15.0,16.0,2,789000.0,1.0,1,0,1
45,2025,13.0,35.0,4,1841000.0,12.0,1,0,1
32,1024,15.0,40.0,3,1578000.0,1.0,0,1,0
58,3364,15.0,39.0,4,920500.0,7.0,0,1,1
29,841,12.0,48.0,1,394500.0,2.0,0,0,1
45,2025,15.0,30.0,4,696950.0,7.0,1,1,1
73,5329,6.0,30.0,1,131500.0,1.0,1,0,1
52,2704,15.0,39.0,4,920500.0,2.0,0,1,1
45,2025,12.0,39.0,4,1078300.0,4.0,1,1,1
19,361,12.0,39.0,4,263000.0,4.0,0,0,1
35,1225,16.0,36.0,1,2235500.0,10.0,0,0,1
54,2916,7.0,30.0,1,881050.0,12.0,0,0,1
60,3600,12.0,21.0,2,3287500.0,4.0,0,1,1
64,4096,12.0,21.0,2,1709500.0,12.0,1,1,1
52,2704,15.0,36.0,2,473400.0,6.0,0,1,0
45,2025,8.0,30.0,4,131500.0,9.0,0,1,0
36,1296,12.0,30.0,2,657500.0,10.0,1,0,1
56,3136,12.0,20.0,2,591750.0,6.0,0,0,1
37,1369,12.0,20.0,2,263000.0,1.0,0,0,0
62,3844,6.0,10.0,3,473400.0,1.0,0,1,0
29,841,12.0,10.0,3,789000.0,1.0,0,0,1
33,1089,6.0,40.0,5,657500.0,1.0,0,1,0
51,2601,14.0,40.0,2,197250.0,1.0,1,1,1
75,5625,6.0,15.0,1,328750.0,1.0,1,0,1
84,7056,14.0,25.0,2,460250.0,1.0,1,0,0
55,3025,17.0,35.0,1,1052000.0,11.0,0,0,1
46,2116,12.0,40.0,4,657500.0,1.0,0,1,1
63,3969,6.0,44.0,4,394500.0,3.0,0,1,1
68,4624,6.0,44.0,4,552300.0,8.0,1,1,1
23,529,13.0,44.0,4,618050.0,8.0,1,0,1
26,676,14.0,44.0,4,881050.0,9.0,1,0,1
54,2916,17.0,45.0,9,1315000.0,12.0,1,1,1
63,3969,17.0,45.0,9,0.0,1.0,0,1,1
30,900,15.0,45.0,9,1100655.0,12.0,0,0,1
33,1089,6.0,10.0,5,157800.0,5.0,1,1,0
43,1849,12.0,44.0,4,1052000.0,5.0,0,1,1
39,1521,15.0,44.0,4,986250.0,5.0,1,1,1
48,2304,12.0,48.0,6,32875.0,2.0,1,1,0
28,784,13.0,48.0,6,263000.0,3.0,1,0,0
25,625,14.0,48.0,6,131500.0,2.0,1,0,0
20,400,14.0,48.0,6,197250.0,3.0,0,0,0
76,5776,6.0,72.0,3,394500.0,7.0,0,0,1
22,484,12.0,72.0,3,328750.0,2.0,0,1,1
38,1444,14.0,60.0,1,526000.0,1.0,0,0,1
43,1849,17.0,34.0,4,2630000.0,10.0,1,1,1
32,1024,12.0,70.0,5,526000.0,7.0,0,0,1
25,625,12.0,70.0,5,526000.0,5.0,0,0,1
51,2601,6.0,50.0,1,368200.0,1.0,0,0,0
49,2401,12.0,6.0,2,328750.0,7.0,0,0,1
61,3721,17.0,30.0,5,657500.0,8.0,0,1,1
30,900,17.0,30.0,5,1052000.0,8.0,0,0,1
26,676,11.0,30.0,5,789000.0,6.0,0,0,1
49,2401,16.0,40.0,3,1578000.0,9.0,0,0,1
48,2304,12.0,52.0,4,1249250.0,7.0,0,1,1
46,2116,15.0,52.0,4,328750.0,6.0,1,1,1
38,1444,9.0,56.0,2,789000.0,5.0,0,0,1
43,1849,12.0,30.0,2,526000.0,1.0,1,0,0
50,2500,12.0,48.0,4,1972500.0,11.0,0,1,1
28,784,12.0,48.0,4,789000.0,6.0,0,0,0
35,1225,15.0,25.0,3,789000.0,8.0,1,1,1
39,1521,15.0,25.0,3,789000.0,10.0,0,1,1
50,2500,15.0,30.0,3,920500.0,8.0,0,1,1
52,2704,12.0,30.0,3,591750.0,9.0,1,1,1
30,900,6.0,48.0,4,197250.0,5.0,0,1,0
42,1764,8.0,9.0,4,52600.0,1.0,1,0,0
56,3136,15.0,45.0,1,591750.0,9.0,1,0,1
40,1600,6.0,25.0,7,210400.0,1.0,0,1,0
65,4225,16.0,40.0,2,6575000.0,4.0,0,1,1
62,3844,17.0,40.0,2,1315000.0,5.0,1,1,1
26,676,14.0,24.0,4,657500.0,3.0,0,0,0
48,2304,12.0,48.0,1,2827250.0,7.0,0,0,1
54,2916,12.0,36.0,4,2235500.0,11.0,0,1,1
46,2116,12.0,48.0,2,1972500.0,8.0,0,1,1
43,1849,12.0,48.0,2,2630000.0,10.0,1,1,1
36,1296,12.0,44.0,4,1052000.0,7.0,0,1,1
57,3249,15.0,45.0,5,1315000.0,9.0,0,1,1
51,2601,17.0,45.0,5,2630000.0,1.0,1,1,1
32,1024,17.0,50.0,1,2367000.0,9.0,1,0,1
31,961,10.0,56.0,4,184100.0,4.0,0,1,0
56,3136,6.0,48.0,5,394500.0,9.0,0,1,1
21,441,10.0,44.0,3,328750.0,6.0,1,0,1
60,3600,12.0,12.0,5,26300.0,1.0,1,0,0
37,1369,12.0,12.0,5,131500.0,1.0,1,1,1
32,1024,12.0,12.0,5,328750.0,7.0,0,1,0
18,324,12.0,44.0,3,394500.0,5.0,0,0,1
60,3600,16.0,50.0,2,2367000.0,1.0,0,0,1
24,576,17.0,16.0,5,552300.0,4.0,1,0,0
44,1936,12.0,70.0,5,102570.0,2.0,1,1,1
43,1849,12.0,70.0,5,102570.0,8.0,0,1,1
26,676,12.0,30.0,4,197250.0,8.0,0,0,0
30,900,12.0,40.0,5,131500.0,6.0,1,1,0
68,4624,17.0,24.0,4,657500.0,1.0,1,1,1
30,900,17.0,24.0,4,499700.0,8.0,0,0,1
60,3600,9.0,24.0,4,315600.0,5.0,0,0,0
64,4096,17.0,24.0,4,1578000.0,8.0,0,1,1
55,3025,6.0,24.0,11,105200.0,1.0,1,1,1
54,2916,6.0,24.0,11,328750.0,1.0,0,1,0
31,961,12.0,24.0,11,0.0,2.0,1,0,1
53,2809,17.0,26.0,2,1183500.0,9.0,0,0,1
45,2025,7.0,16.0,1,526000.0,1.0,0,0,0
44,1936,15.0,43.0,2,920500.0,8.0,1,0,1
24,576,16.0,45.0,9,696950.0,9.0,1,0,1
56,3136,6.0,32.0,6,1052000.0,4.0,0,1,1
30,900,12.0,32.0,6,1052000.0,4.0,0,0,1
24,576,14.0,32.0,6,460250.0,7.0,1,0,1
46,2116,6.0,56.0,1,1052000.0,8.0,0,0,0
62,3844,6.0,72.0,5,2367000.0,10.0,0,1,1
49,2401,12.0,60.0,3,920500.0,3.0,0,0,0
36,1296,9.0,40.0,2,368200.0,3.0,0,1,0
59,3481,12.0,30.0,2,789000.0,1.0,0,0,1
46,2116,17.0,32.0,3,263000.0,12.0,1,0,0
61,3721,12.0,24.0,3,1972500.0,3.0,0,1,1
36,1296,12.0,24.0,3,1052000.0,9.0,0,0,1
45,2025,19.0,35.0,2,1578000.0,9.0,0,1,1
40,1600,19.0,35.0,2,1183500.0,9.0,1,1,1
49,2401,12.0,25.0,6,591750.0,8.0,1,1,1
50,2500,12.0,25.0,6,1183500.0,11.0,0,1,1
22,484,14.0,25.0,6,0.0,4.0,0,0,1
27,729,14.0,25.0,6,0.0,4.0,1,0,1
23,529,15.0,25.0,6,0.0,4.0,1,0,1
27,729,15.0,40.0,1,1183500.0,1.0,0,0,1
46,2116,12.0,32.0,1,1315000.0,12.0,0,0,1
59,3481,12.0,48.0,3,789000.0,5.0,1,0,1
20,400,15.0,48.0,3,157800.0,5.0,1,0,0
37,1369,17.0,40.0,1,1315000.0,11.0,0,0,1
28,784,15.0,40.0,3,493125.0,6.0,0,1,0
48,2304,6.0,25.0,4,197250.0,2.0,1,0,0
20,400,12.0,25.0,4,131500.0,2.0,1,0,0
57,3249,11.0,48.0,7,394500.0,10.0,1,1,1
55,3025,6.0,48.0,7,65750.0,1.0,0,1,0
32,1024,12.0,48.0,7,65750.0,1.0,0,0,0
30,900,14.0,30.0,3,591750.0,7.0,0,0,1
50,2500,17.0,30.0,4,394500.0,1.0,1,1,1
49,2401,12.0,48.0,5,197250.0,1.0,1,1,1
27,729,12.0,48.0,5,263000.0,1.0,0,0,0
50,2500,17.0,40.0,4,1052000.0,8.0,0,1,1
22,484,12.0,40.0,2,526000.0,3.0,0,1,1
45,2025,12.0,32.0,5,92050.0,2.0,1,1,1
23,529,14.0,32.0,5,0.0,2.0,1,0,1
20,400,13.0,45.0,4,460250.0,7.0,0,0,1
46,2116,12.0,48.0,4,1222950.0,7.0,0,1,1
73,5329,12.0,72.0,2,526000.0,2.0,0,1,1
34,1156,19.0,35.0,2,3945000.0,1.0,0,1,1
28,784,13.0,32.0,2,289300.0,2.0,1,0,1
64,4096,12.0,30.0,1,236700.0,1.0,0,1,1
39,1521,7.0,50.0,11,789000.0,1.0,0,1,0
37,1369,7.0,50.0,11,131500.0,2.0,0,0,0
20,400,9.0,50.0,11,526000.0,10.0,0,1,0
54,2916,15.0,58.0,2,3024500.0,9.0,0,1,1
62,3844,17.0,58.0,2,1972500.0,1.0,1,1,1
21,441,8.0,70.0,5,102570.0,8.0,0,0,0
38,1444,12.0,30.0,3,789000.0,2.0,0,0,1
66,4356,9.0,30.0,3,657500.0,2.0,0,1,1
62,3844,15.0,30.0,3,959950.0,6.0,1,1,1
26,676,9.0,24.0,11,26300.0,1.0,1,1,1
23,529,8.0,24.0,11,368200.0,6.0,0,1,0
22,484,12.0,24.0,11,315600.0,4.0,1,0,0
36,1296,13.0,10.0,4,131500.0,1.0,1,1,1
38,1444,17.0,40.0,2,1578000.0,6.0,0,1,1
38,1444,17.0,50.0,3,420800.0,9.0,1,1,1
48,2304,9.0,0.0,4,3287500.0,9.0,0,1,1
51,2601,6.0,0.0,4,394500.0,1.0,1,1,1
31,961,6.0,0.0,4,118350.0,6.0,0,0,1
24,576,12.0,0.0,4,986250.0,6.0,0,0,1
37,1369,15.0,24.0,3,2367000.0,2.0,1,1,1
52,2704,19.0,24.0,3,1578000.0,12.0,0,1,1
41,1681,12.0,50.0,3,420800.0,7.0,0,1,1
57,3249,8.0,50.0,4,946800.0,8.0,0,1,1
29,841,15.0,40.0,2,591750.0,10.0,0,1,1
25,625,15.0,40.0,2,526000.0,5.0,1,1,1
43,1849,10.0,45.0,4,1183500.0,10.0,0,1,1
51,2601,6.0,45.0,2,789000.0,6.0,0,0,1
62,3844,6.0,40.0,2,263000.0,1.0,0,1,0
63,3969,6.0,12.0,7,526000.0,1.0,0,1,0
30,900,6.0,106.0,5,0.0,3.0,0,1,0
38,1444,8.0,53.0,7,420800.0,3.0,0,1,0
43,1849,15.0,35.0,3,920500.0,8.0,1,0,1
27,729,17.0,40.0,4,460250.0,8.0,1,0,1
43,1849,12.0,45.0,5,657500.0,1.0,1,1,1
34,1156,12.0,40.0,3,1578000.0,8.0,0,1,1
37,1369,15.0,40.0,3,920500.0,8.0,1,1,1
79,6241,8.0,6.0,1,26300.0,1.0,1,0,1
56,3136,12.0,66.0,2,1446500.0,4.0,0,1,1
53,2809,12.0,66.0,2,170950.0,7.0,1,1,1
31,961,15.0,50.0,1,952060.0,12.0,1,0,1
72,5184,9.0,2.0,1,0.0,1.0,0,0,1
55,3025,12.0,12.0,4,57860.0,2.0,0,1,0
48,2304,9.0,12.0,4,57860.0,2.0,1,1,0
40,1600,12.0,40.0,1,920500.0,7.0,0,0,1
57,3249,17.0,30.0,3,920500.0,12.0,1,0,1
65,4225,8.0,7.0,2,210400.0,2.0,0,1,1
69,4761,6.0,35.0,2,131500.0,2.0,0,1,1
75,5625,6.0,35.0,2,131500.0,2.0,1,1,1
30,900,17.0,45.0,2,789000.0,6.0,1,1,1
56,3136,15.0,48.0,3,1117750.0,11.0,1,1,1
33,1089,17.0,45.0,2,1315000.0,1.0,0,1,1
19,361,9.0,50.0,11,65750.0,2.0,0,0,0
39,1521,12.0,10.0,3,657500.0,7.0,0,1,1
66,4356,6.0,0.0,2,328750.0,1.0,0,1,0
56,3136,6.0,0.0,2,0.0,2.0,1,1,0
36,1296,17.0,30.0,4,2630000.0,1.0,1,1,1
36,1296,12.0,40.0,1,1315000.0,3.0,0,0,0
27,729,10.0,48.0,2,460250.0,12.0,0,1,1
55,3025,14.0,45.0,1,1183500.0,10.0,1,0,1
35,1225,6.0,48.0,1,394500.0,1.0,0,0,0
28,784,15.0,40.0,2,1972500.0,5.0,1,1,1
48,2304,12.0,48.0,5,1841000.0,10.0,0,1,1
30,900,12.0,70.0,3,328750.0,3.0,1,1,0
25,625,12.0,70.0,3,328750.0,3.0,0,1,1
55,3025,6.0,55.0,7,789000.0,3.0,0,1,0
54,2916,12.0,48.0,2,854750.0,2.0,1,1,1
62,3844,12.0,6.0,6,131500.0,2.0,1,1,0
51,2601,19.0,40.0,3,1972500.0,6.0,0,1,1
46,2116,19.0,40.0,3,1972500.0,11.0,1,1,1
52,2704,15.0,30.0,4,1052000.0,8.0,0,1,1
50,2500,17.0,30.0,4,920500.0,8.0,1,1,1
27,729,16.0,30.0,4,1052000.0,6.0,0,0,1
50,2500,17.0,60.0,1,920500.0,8.0,1,0,1
51,2601,12.0,36.0,2,1117750.0,10.0,0,1,1
38,1444,13.0,49.0,4,1052000.0,2.0,0,1,1
44,1936,15.0,30.0,6,1052000.0,1.0,0,1,1
43,1849,17.0,30.0,6,1183500.0,10.0,1,1,1
54,2916,15.0,40.0,1,1183500.0,2.0,0,0,1
59,3481,12.0,0.0,2,1315000.0,7.0,0,1,1
54,2916,12.0,45.0,3,1578000.0,11.0,0,1,1
52,2704,15.0,45.0,3,1052000.0,9.0,1,1,1
49,2401,15.0,44.0,5,1709500.0,11.0,0,1,1
43,1849,17.0,44.0,5,1972500.0,9.0,1,1,1
46,2116,6.0,48.0,1,526000.0,2.0,0,0,0
49,2401,17.0,23.0,3,2498500.0,12.0,0,1,1
51,2601,15.0,15.0,3,526000.0,9.0,1,1,1
51,2601,12.0,15.0,3,263000.0,1.0,0,1,1
25,625,12.0,40.0,2,1315000.0,6.0,0,0,1
36,1296,14.0,36.0,2,526000.0,7.0,0,1,1
33,1089,15.0,36.0,2,526000.0,7.0,1,1,1
26,676,15.0,41.0,3,1328150.0,10.0,0,1,1
44,1936,13.0,25.0,2,394500.0,1.0,1,0,0
48,2304,12.0,60.0,3,1052000.0,6.0,0,1,1
63,3969,12.0,12.0,1,263000.0,1.0,1,0,1
63,3969,6.0,45.0,1,131500.0,1.0,0,0,0
32,1024,8.0,40.0,6,102570.0,6.0,1,0,1
24,576,12.0,30.0,4,368200.0,3.0,0,0,0
47,2209,13.0,60.0,6,920500.0,8.0,0,1,1
45,2025,13.0,60.0,6,657500.0,9.0,1,1,1
54,2916,12.0,20.0,4,420800.0,3.0,1,1,1
57,3249,12.0,20.0,4,394500.0,6.0,0,1,1
51,2601,12.0,126.0,1,2367000.0,1.0,0,0,1
26,676,12.0,72.0,2,712730.0,4.0,1,0,1
44,1936,17.0,35.0,3,1315000.0,8.0,1,0,1
38,1444,17.0,0.0,4,1315000.0,9.0,1,0,1
32,1024,15.0,20.0,1,1052000.0,8.0,1,0,1
35,1225,12.0,40.0,3,1183500.0,3.0,0,1,0
35,1225,13.0,40.0,3,1052000.0,6.0,1,1,1
44,1936,8.0,47.0,3,1286070.0,6.0,0,1,1
46,2116,12.0,47.0,3,1159830.0,6.0,1,1,1
54,2916,12.0,15.0,4,2235500.0,9.0,0,1,1
47,2209,15.0,15.0,4,1972500.0,9.0,1,1,1
32,1024,12.0,44.0,3,1052000.0,3.0,0,1,1
35,1225,10.0,40.0,3,920500.0,8.0,0,1,1
37,1369,14.0,40.0,3,789000.0,6.0,1,1,1
35,1225,13.0,48.0,3,657500.0,3.0,0,1,0
51,2601,12.0,48.0,4,789000.0,8.0,0,1,1
49,2401,15.0,48.0,4,920500.0,7.0,1,1,1
44,1936,17.0,50.0,2,1446500.0,10.0,0,1,1
42,1764,17.0,50.0,2,2630000.0,9.0,1,1,1
22,484,14.0,40.0,3,920500.0,1.0,1,0,1
32,1024,13.0,35.0,1,1052000.0,9.0,1,0,1
40,1600,17.0,40.0,3,1315000.0,10.0,1,0,1
34,1156,12.0,33.0,1,657500.0,6.0,0,0,1
64,4096,13.0,30.0,5,631200.0,10.0,0,1,1
53,2809,12.0,48.0,2,854750.0,2.0,1,1,1
43,1849,17.0,42.0,1,920500.0,1.0,0,0,1
71,5041,6.0,40.0,2,526000.0,6.0,0,1,1
49,2401,15.0,48.0,2,657500.0,7.0,0,1,1
43,1849,15.0,48.0,2,263000.0,3.0,1,1,1
58,3364,12.0,0.0,2,1052000.0,7.0,1,1,1
63,3969,12.0,16.0,4,131500.0,1.0,0,1,1
58,3364,6.0,16.0,4,98625.0,1.0,1,1,1
26,676,15.0,16.0,4,657500.0,2.0,1,1,0
27,729,15.0,16.0,4,657500.0,2.0,0,1,1
31,961,14.0,24.0,2,657500.0,2.0,0,0,0
46,2116,15.0,30.0,1,1183500.0,8.0,0,0,1
46,2116,6.0,48.0,4,499700.0,9.0,1,1,1
52,2704,12.0,48.0,4,394500.0,1.0,0,1,1
20,400,12.0,40.0,4,78900.0,1.0,1,0,1
64,4096,6.0,24.0,2,105200.0,1.0,0,1,1
59,3481,12.0,30.0,2,526000.0,3.0,1,1,1
76,5776,6.0,48.0,3,1315000.0,2.0,0,1,1
52,2704,12.0,60.0,1,1052000.0,7.0,0,0,1
37,1369,12.0,30.0,1,920500.0,6.0,0,0,0
42,1764,12.0,70.0,4,526000.0,2.0,1,0,1
29,841,12.0,70.0,4,526000.0,2.0,1,0,0
81,6561,9.0,44.0,2,920500.0,4.0,0,0,1
44,1936,12.0,44.0,2,920500.0,11.0,0,0,1
53,2809,13.0,25.0,2,657500.0,2.0,1,0,1
52,2704,17.0,25.0,2,591750.0,9.0,0,1,1
56,3136,15.0,25.0,2,723250.0,9.0,1,1,1
37,1369,15.0,20.0,1,1052000.0,9.0,1,0,1
33,1089,15.0,40.0,1,420800.0,6.0,1,0,1
48,2304,8.0,90.0,10,1183500.0,2.0,1,0,0
20,400,12.0,90.0,10,197250.0,2.0,1,0,0
29,841,12.0,90.0,10,499700.0,5.0,1,0,0
29,841,12.0,36.0,3,631200.0,1.0,1,0,0
36,1296,15.0,30.0,1,1170350.0,7.0,1,0,1
37,1369,12.0,30.0,6,1052000.0,10.0,0,1,1
50,2500,17.0,40.0,5,1052000.0,11.0,1,1,1
50,2500,17.0,40.0,5,1972500.0,11.0,0,1,1
47,2209,15.0,50.0,2,618050.0,9.0,1,0,1
32,1024,15.0,40.0,2,1052000.0,9.0,1,1,1
23,529,12.0,40.0,2,1446500.0,7.0,0,1,1
40,1600,12.0,48.0,3,1052000.0,2.0,0,1,1
57,3249,17.0,40.0,2,1183500.0,10.0,0,1,1
46,2116,6.0,36.0,4,657500.0,2.0,0,1,0
22,484,14.0,36.0,4,394500.0,1.0,1,0,1
18,324,7.0,36.0,4,394500.0,2.0,0,0,0
44,1936,12.0,112.0,1,7890000.0,10.0,0,0,1
50,2500,6.0,48.0,5,526000.0,1.0,0,1,0
40,1600,16.0,30.0,5,473400.0,10.0,1,0,1
37,1369,16.0,30.0,5,460250.0,8.0,1,0,1
49,2401,12.0,30.0,3,657500.0,9.0,1,1,1
64,4096,6.0,30.0,3,657500.0,10.0,0,1,1
55,3025,6.0,48.0,2,920500.0,6.0,0,1,0
35,1225,15.0,34.0,1,920500.0,1.0,0,0,1
56,3136,6.0,49.0,2,1052000.0,6.0,0,1,1
24,576,12.0,30.0,5,78900.0,3.0,1,0,0
20,400,12.0,30.0,5,263000.0,3.0,1,0,0
31,961,17.0,50.0,3,1315000.0,9.0,0,0,1
38,1444,15.0,50.0,3,986250.0,5.0,1,0,1
60,3600,19.0,28.0,1,1709500.0,1.0,0,0,1
39,1521,17.0,55.0,2,526000.0,9.0,0,1,1
65,4225,10.0,48.0,1,460250.0,1.0,0,0,1
25,625,17.0,40.0,2,920500.0,7.0,0,1,1
30,900,14.0,48.0,1,1315000.0,6.0,0,0,1
29,841,12.0,40.0,2,986250.0,2.0,1,0,1
22,484,12.0,40.0,2,986250.0,2.0,0,0,0
22,484,15.0,40.0,3,131500.0,1.0,1,0,0
44,1936,16.0,32.0,1,2367000.0,10.0,0,0,1
34,1156,7.0,24.0,7,631200.0,5.0,1,0,0
55,3025,9.0,32.0,3,1183500.0,7.0,0,1,1
51,2601,6.0,32.0,3,657500.0,1.0,1,1,1
21,441,12.0,32.0,3,526000.0,4.0,0,0,0
60,3600,6.0,24.0,2,263000.0,1.0,0,1,1
45,2025,12.0,52.0,2,657500.0,3.0,1,0,0
53,2809,15.0,40.0,2,1183500.0,7.0,0,0,1
47,2209,12.0,92.0,3,526000.0,1.0,0,1,1
45,2025,15.0,92.0,3,1052000.0,7.0,1,1,1
53,2809,17.0,30.0,2,1972500.0,1.0,1,0,1
28,784,13.0,72.0,3,5917500.0,12.0,0,1,1
62,3844,12.0,40.0,1,1183500.0,9.0,0,0,1
30,900,17.0,40.0,2,1972500.0,9.0,0,0,1
29,841,17.0,40.0,2,657500.0,2.0,0,0,1
59,3481,12.0,20.0,3,854750.0,8.0,1,0,1
33,1089,12.0,20.0,3,1117750.0,8.0,0,0,1
37,1369,12.0,40.0,5,368200.0,8.0,0,1,1
35,1225,12.0,40.0,5,618050.0,4.0,1,1,1
35,1225,13.0,39.0,3,394500.0,2.0,1,0,1
44,1936,12.0,24.0,2,1446500.0,12.0,0,0,1
44,1936,17.0,30.0,2,723250.0,1.0,0,0,0
57,3249,6.0,40.0,2,460250.0,1.0,0,0,0
35,1225,6.0,30.0,5,184100.0,4.0,1,0,0
69,4761,6.0,48.0,1,526000.0,2.0,0,0,1
26,676,12.0,35.0,1,894200.0,7.0,1,0,1
37,1369,12.0,48.0,1,854750.0,7.0,0,0,1
19,361,10.0,79.0,1,723250.0,4.0,0,0,0
63,3969,12.0,48.0,2,394500.0,1.0,0,1,1
24,576,12.0,48.0,5,131500.0,1.0,1,0,0
24,576,12.0,37.0,1,473400.0,6.0,0,0,0
43,1849,6.0,48.0,5,526000.0,5.0,1,1,0
44,1936,12.0,48.0,3,236700.0,7.0,0,1,0
60,3600,9.0,48.0,4,696950.0,1.0,0,1,0
34,1156,12.0,48.0,4,394500.0,3.0,1,0,0
43,1849,15.0,40.0,3,1315000.0,10.0,1,0,1
22,484,9.0,40.0,3,451045.0,3.0,0,0,0
23,529,12.0,40.0,3,394500.0,3.0,0,0,0
37,1369,12.0,48.0,4,157800.0,1.0,1,0,0
35,1225,12.0,35.0,2,1578000.0,9.0,1,0,1
43,1849,15.0,48.0,6,1709500.0,7.0,1,1,1
43,1849,15.0,48.0,6,1052000.0,7.0,0,1,1
64,4096,17.0,35.0,1,723250.0,9.0,1,0,1
47,2209,17.0,45.0,1,1183500.0,9.0,0,0,1
28,784,15.0,43.0,2,782425.0,12.0,1,0,1
24,576,12.0,50.0,2,657500.0,11.0,1,1,1
32,1024,9.0,50.0,2,657500.0,6.0,0,1,1
33,1089,15.0,24.0,2,894200.0,12.0,1,0,1
52,2704,6.0,40.0,5,789000.0,8.0,0,1,1
46,2116,6.0,40.0,5,134130.0,5.0,1,1,1
24,576,12.0,40.0,5,394500.0,3.0,0,0,0
26,676,15.0,56.0,1,1183500.0,8.0,0,0,1
31,961,12.0,72.0,2,316915.0,9.0,1,1,1
32,1024,12.0,72.0,2,326120.0,9.0,0,1,0
30,900,15.0,18.0,2,284040.0,6.0,0,0,0
23,529,12.0,40.0,3,775850.0,9.0,1,1,1
46,2116,13.0,25.0,1,328750.0,7.0,1,0,1
46,2116,6.0,66.0,2,52600.0,1.0,0,0,0
47,2209,12.0,48.0,5,1578000.0,9.0,0,1,1
36,1296,14.0,28.0,1,591750.0,3.0,1,0,1
46,2116,7.0,35.0,1,920500.0,10.0,0,0,1
49,2401,12.0,36.0,3,394500.0,1.0,0,1,1
50,2500,12.0,36.0,3,460250.0,8.0,1,1,1
25,625,15.0,36.0,3,591750.0,10.0,1,0,1
38,1444,12.0,33.0,5,1288700.0,12.0,0,1,1
40,1600,14.0,60.0,2,460250.0,6.0,1,0,0
53,2809,0.0,40.0,7,105200.0,1.0,0,1,0
51,2601,12.0,60.0,3,1052000.0,2.0,1,0,0
24,576,12.0,60.0,3,1052000.0,2.0,1,0,1
52,2704,17.0,60.0,5,1972500.0,1.0,0,1,1
54,2916,17.0,60.0,5,959950.0,9.0,1,1,1
38,1444,12.0,48.0,5,1380750.0,8.0,0,1,1
51,2601,17.0,48.0,2,657500.0,1.0,1,1,1
39,1521,15.0,48.0,3,394500.0,1.0,1,1,1
36,1296,13.0,48.0,3,1288700.0,10.0,0,1,1
34,1156,17.0,40.0,2,1052000.0,8.0,1,0,1
49,2401,12.0,32.0,4,394500.0,6.0,1,1,1
48,2304,15.0,26.0,4,657500.0,9.0,0,1,1
46,2116,12.0,26.0,4,105200.0,1.0,1,1,1
26,676,12.0,26.0,4,526000.0,4.0,0,0,1
50,2500,12.0,32.0,4,526000.0,5.0,0,1,1
59,3481,12.0,15.0,1,197250.0,1.0,0,0,1
22,484,9.0,15.0,3,315600.0,4.0,0,0,0
47,2209,12.0,55.0,2,1578000.0,11.0,0,1,1
47,2209,15.0,48.0,2,920500.0,3.0,1,1,1
45,2025,15.0,48.0,2,1315000.0,7.0,0,1,1
66,4356,12.0,24.0,2,263000.0,2.0,0,1,1
64,4096,6.0,24.0,2,854750.0,5.0,1,1,1
50,2500,15.0,40.0,2,1183500.0,7.0,1,0,1
43,1849,15.0,69.0,5,3945000.0,12.0,0,1,1
55,3025,7.0,30.0,1,460250.0,10.0,0,0,1
53,2809,9.0,35.0,1,1117750.0,8.0,0,0,1
41,1681,12.0,35.0,3,1249250.0,7.0,0,1,1
38,1444,14.0,35.0,3,1183500.0,8.0,1,1,1
46,2116,12.0,30.0,5,789000.0,9.0,1,1,1
39,1521,12.0,30.0,5,1183500.0,10.0,1,1,1
56,3136,12.0,40.0,1,1972500.0,9.0,0,0,1
48,2304,14.0,26.0,8,394500.0,9.0,1,1,1
56,3136,8.0,26.0,8,1183500.0,9.0,0,1,1
29,841,12.0,26.0,8,526000.0,3.0,0,0,1
53,2809,13.0,35.0,4,854750.0,8.0,1,0,1
47,2209,6.0,35.0,7,854750.0,6.0,1,1,1
62,3844,12.0,35.0,7,1183500.0,9.0,0,1,1
46,2116,12.0,50.0,3,1052000.0,11.0,1,0,1
51,2601,9.0,45.0,3,328750.0,2.0,0,1,0
49,2401,15.0,45.0,3,131500.0,2.0,1,1,0
30,900,16.0,30.0,2,3682000.0,1.0,1,1,1
37,1369,17.0,30.0,2,1578000.0,7.0,0,1,1
31,961,14.0,48.0,2,157800.0,6.0,1,1,0
71,5041,3.0,25.0,7,65750.0,3.0,0,1,1
41,1681,5.0,25.0,7,65750.0,3.0,0,0,0
34,1156,5.0,25.0,7,65750.0,3.0,0,0,0
60,3600,6.0,30.0,2,394500.0,9.0,0,1,1
56,3136,6.0,30.0,2,920500.0,7.0,1,1,1
31,961,12.0,50.0,2,1183500.0,8.0,0,0,1
31,961,14.0,48.0,2,920500.0,10.0,0,1,1
38,1444,12.0,48.0,3,1249250.0,11.0,0,1,1
34,1156,12.0,48.0,3,65750.0,1.0,1,1,1
30,900,9.0,48.0,4,1052000.0,7.0,0,1,1
36,1296,12.0,45.0,3,1578000.0,11.0,1,0,1
34,1156,14.0,48.0,5,2104000.0,10.0,0,1,1
39,1521,12.0,48.0,5,1709500.0,8.0,1,1,1
47,2209,15.0,47.0,4,789000.0,12.0,0,1,1
44,1936,17.0,47.0,4,723250.0,9.0,1,1,1
30,900,12.0,40.0,7,65750.0,1.0,0,1,0
42,1764,17.0,29.0,5,789000.0,7.0,0,0,0
42,1764,17.0,29.0,5,526000.0,6.0,0,0,1
35,1225,14.0,30.0,4,1709500.0,11.0,0,1,1
32,1024,15.0,30.0,4,0.0,9.0,1,1,1
30,900,12.0,48.0,5,328750.0,1.0,1,1,1
40,1600,4.0,24.0,5,315600.0,8.0,1,0,0
19,361,12.0,24.0,5,315600.0,8.0,0,0,0
16,256,7.0,24.0,5,394500.0,8.0,0,0,1
64,4096,15.0,40.0,3,1972500.0,12.0,1,0,1
37,1369,19.0,40.0,1,3945000.0,9.0,1,0,1
33,1089,17.0,40.0,3,1183500.0,1.0,0,1,1
29,841,17.0,40.0,3,1183500.0,1.0,1,1,1
53,2809,8.0,30.0,2,1249250.0,9.0,1,0,1
37,1369,8.0,30.0,2,52600.0,1.0,0,0,0
26,676,14.0,30.0,1,328750.0,8.0,0,0,0
58,3364,16.0,25.0,4,591750.0,9.0,0,1,1
43,1849,17.0,25.0,4,657500.0,9.0,1,1,1
72,5184,9.0,15.0,3,197250.0,1.0,1,1,1
73,5329,12.0,15.0,3,394500.0,1.0,0,1,1
34,1156,17.0,15.0,3,789000.0,2.0,0,0,0
57,3249,17.0,40.0,2,2630000.0,9.0,1,0,1
64,4096,17.0,0.0,2,3945000.0,1.0,0,1,1
45,2025,12.0,63.0,6,1315000.0,7.0,0,1,1
36,1296,12.0,63.0,6,1052000.0,7.0,1,1,1
39,1521,12.0,48.0,2,920500.0,10.0,0,0,1
51,2601,15.0,43.0,2,460250.0,9.0,1,0,1
48,2304,12.0,43.0,2,236700.0,6.0,0,0,1
58,3364,12.0,30.0,3,263000.0,7.0,1,0,1
37,1369,12.0,48.0,2,789000.0,7.0,1,1,1
57,3249,6.0,62.0,1,131500.0,1.0,0,0,0
40,1600,12.0,30.0,4,394500.0,7.0,0,1,1
43,1849,12.0,40.0,4,594380.0,3.0,0,1,1
57,3249,9.0,3.0,5,0.0,2.0,0,1,0
54,2916,12.0,3.0,5,157800.0,2.0,1,1,0
30,900,12.0,3.0,5,157800.0,3.0,1,1,1
34,1156,12.0,3.0,5,460250.0,4.0,0,1,1
33,1089,8.0,60.0,5,394500.0,8.0,0,1,1
31,961,12.0,60.0,5,394500.0,8.0,1,1,1
56,3136,15.0,45.0,3,1446500.0,10.0,1,0,1
40,1600,19.0,32.0,1,526000.0,1.0,1,0,1
37,1369,15.0,48.0,3,1472800.0,8.0,1,0,1
51,2601,13.0,30.0,4,460250.0,2.0,0,1,1
44,1936,13.0,30.0,4,568080.0,2.0,1,1,1
45,2025,15.0,40.0,4,1315000.0,6.0,0,1,1
59,3481,4.0,48.0,2,1052000.0,1.0,0,1,0
41,1681,17.0,60.0,4,0.0,12.0,0,1,1
50,2500,11.0,24.0,4,0.0,6.0,0,1,1
37,1369,12.0,17.0,4,263000.0,2.0,1,1,0
65,4225,8.0,54.0,5,1052000.0,1.0,0,1,0
38,1444,9.0,36.0,2,328750.0,1.0,1,0,0
52,2704,17.0,36.0,4,394500.0,9.0,1,1,1
59,3481,15.0,50.0,5,2630000.0,11.0,1,0,1
31,961,12.0,50.0,5,197250.0,1.0,1,0,1
69,4761,2.0,9.0,4,197250.0,1.0,0,1,1
60,3600,17.0,47.0,2,5260000.0,2.0,0,1,1
60,3600,17.0,47.0,2,1972500.0,2.0,1,1,1
58,3364,1.0,35.0,1,1446500.0,11.0,0,0,1
40,1600,12.0,42.0,2,920500.0,9.0,1,0,1
21,441,12.0,42.0,2,657500.0,1.0,0,0,1
53,2809,6.0,40.0,3,657500.0,9.0,0,1,1
54,2916,6.0,40.0,3,1183500.0,12.0,1,1,1
29,841,7.0,35.0,8,568080.0,9.0,1,0,0
27,729,12.0,35.0,8,568080.0,9.0,1,0,0
46,2116,12.0,42.0,4,789000.0,1.0,1,1,0
58,3364,12.0,42.0,4,0.0,2.0,0,1,0
43,1849,12.0,29.0,5,263000.0,2.0,0,0,0
41,1681,7.0,20.0,2,78900.0,12.0,1,0,0
46,2116,17.0,40.0,4,789000.0,3.0,1,1,1
38,1444,14.0,40.0,4,263000.0,1.0,0,1,1
30,900,12.0,44.0,3,526000.0,3.0,0,1,1
31,961,15.0,45.0,1,789000.0,7.0,1,0,1
30,900,12.0,46.0,3,789000.0,6.0,0,1,0
50,2500,14.0,48.0,2,1117750.0,10.0,1,0,1
21,441,12.0,48.0,2,328750.0,10.0,1,0,1
34,1156,15.0,48.0,3,973100.0,10.0,0,1,1
31,961,12.0,30.0,3,394500.0,7.0,1,0,1
68,4624,12.0,15.0,1,105200.0,1.0,1,0,1
74,5476,12.0,31.0,6,131500.0,1.0,0,1,1
31,961,17.0,31.0,6,920500.0,10.0,0,0,1
39,1521,15.0,31.0,6,1078300.0,2.0,1,0,1
61,3721,12.0,12.0,4,526000.0,6.0,0,1,1
46,2116,12.0,30.0,2,696950.0,6.0,1,0,1
41,1681,8.0,40.0,1,315600.0,5.0,0,0,0
41,1681,6.0,40.0,5,1183500.0,9.0,0,0,1
31,961,15.0,40.0,5,1052000.0,9.0,0,1,1
34,1156,12.0,40.0,3,1315000.0,9.0,0,1,1
51,2601,12.0,54.0,4,1052000.0,7.0,0,1,1
54,2916,12.0,30.0,14,1288700.0,12.0,0,1,1
31,961,8.0,30.0,14,526000.0,6.0,1,0,1
24,576,7.0,30.0,14,499700.0,12.0,1,1,1
26,676,9.0,30.0,14,589120.0,3.0,0,1,0
47,2209,15.0,43.0,1,986250.0,8.0,1,0,1
55,3025,6.0,30.0,2,526000.0,9.0,0,1,1
53,2809,6.0,40.0,5,526000.0,3.0,0,1,0
43,1849,17.0,64.0,4,657500.0,6.0,1,0,1
48,2304,3.0,28.0,1,1578000.0,1.0,0,0,0
47,2209,6.0,40.0,4,920500.0,11.0,1,1,1
37,1369,5.0,40.0,4,526000.0,6.0,0,1,0
26,676,12.0,40.0,4,65750.0,1.0,1,0,0
60,3600,12.0,42.0,4,890255.0,7.0,0,1,1
24,576,12.0,9.0,4,591750.0,8.0,0,1,1
26,676,12.0,9.0,4,263000.0,1.0,1,1,0
27,729,15.0,25.0,2,604900.0,2.0,1,0,0
25,625,12.0,25.0,2,920500.0,3.0,1,0,0
44,1936,17.0,48.0,3,1183500.0,12.0,1,0,1
21,441,15.0,48.0,3,657500.0,5.0,0,0,0
51,2601,13.0,24.0,2,736400.0,12.0,1,0,1
31,961,14.0,44.0,4,1841000.0,10.0,0,1,1
38,1444,12.0,32.0,2,1052000.0,10.0,0,0,1
34,1156,16.0,50.0,3,591750.0,1.0,0,0,1
56,3136,17.0,40.0,5,1315000.0,10.0,0,1,1
48,2304,17.0,40.0,5,1972500.0,10.0,1,1,1
55,3025,6.0,30.0,2,789000.0,9.0,1,0,1
35,1225,15.0,30.0,2,394500.0,9.0,0,0,1
47,2209,17.0,35.0,5,2630000.0,5.0,0,1,1
42,1764,16.0,35.0,5,1315000.0,12.0,1,1,1
19,361,12.0,35.0,5,394500.0,5.0,0,0,1
41,1681,12.0,40.0,4,2630000.0,10.0,0,1,1
39,1521,15.0,40.0,4,1052000.0,10.0,1,1,1
43,1849,11.0,48.0,5,394500.0,6.0,1,1,0
25,625,17.0,30.0,1,723250.0,7.0,0,0,1
28,784,17.0,40.0,1,1972500.0,7.0,0,0,1
29,841,17.0,40.0,1,1262400.0,9.0,1,0,1
45,2025,12.0,20.0,5,1183500.0,8.0,1,1,1
43,1849,12.0,20.0,5,657500.0,5.0,0,1,1
55,3025,12.0,40.0,4,789000.0,1.0,0,1,1
48,2304,17.0,40.0,4,1972500.0,1.0,1,1,1
47,2209,12.0,32.0,6,920500.0,9.0,0,1,1
52,2704,12.0,32.0,6,526000.0,1.0,1,1,1
49,2401,6.0,30.0,6,526000.0,7.0,0,1,1
22,484,8.0,30.0,6,236700.0,7.0,0,0,0
42,1764,12.0,84.0,4,263000.0,1.0,1,0,0
21,441,13.0,84.0,4,263000.0,1.0,1,0,0
45,2025,13.0,84.0,5,591750.0,1.0,1,1,0
21,441,12.0,84.0,5,157800.0,3.0,0,0,0
18,324,11.0,84.0,5,157800.0,3.0,0,0,0
29,841,12.0,12.0,4,256425.0,9.0,0,0,0
25,625,12.0,12.0,4,473400.0,4.0,1,0,1
46,2116,12.0,30.0,3,657500.0,8.0,0,1,1
44,1936,17.0,30.0,3,1052000.0,9.0,1,1,1
59,3481,8.0,36.0,3,197250.0,3.0,0,1,1
53,2809,15.0,36.0,3,197250.0,3.0,1,1,0
30,900,15.0,36.0,3,263000.0,3.0,0,0,1
38,1444,10.0,30.0,4,460250.0,2.0,0,1,0
39,1521,12.0,30.0,4,126240.0,2.0,1,1,0
29,841,13.0,36.0,1,1052000.0,1.0,0,0,0
48,2304,8.0,10.0,3,13150.0,3.0,1,0,0
27,729,15.0,10.0,3,13150.0,3.0,1,0,0
32,1024,12.0,40.0,4,920500.0,2.0,0,1,0
32,1024,15.0,40.0,4,1052000.0,12.0,1,1,1
65,4225,6.0,30.0,3,920500.0,1.0,0,1,1
35,1225,15.0,44.0,4,1183500.0,4.0,0,1,1
51,2601,17.0,53.0,2,2340700.0,8.0,1,0,1
52,2704,15.0,40.0,2,2630000.0,6.0,0,1,1
54,2916,12.0,40.0,2,394500.0,1.0,1,1,1
45,2025,17.0,46.0,5,3024500.0,12.0,0,1,1
40,1600,12.0,56.0,4,946800.0,9.0,1,0,1
48,2304,8.0,44.0,4,1052000.0,5.0,0,1,1
45,2025,17.0,46.0,5,526000.0,11.0,1,1,1
32,1024,12.0,44.0,4,657500.0,5.0,1,1,1
44,1936,12.0,45.0,3,1578000.0,8.0,0,1,1
40,1600,10.0,45.0,3,526000.0,2.0,1,1,1
28,784,12.0,30.0,2,1183500.0,10.0,1,0,1
30,900,16.0,40.0,3,1052000.0,9.0,1,1,1
35,1225,15.0,40.0,3,920500.0,9.0,0,1,1
27,729,15.0,25.0,3,526000.0,9.0,0,0,1
26,676,15.0,25.0,3,0.0,5.0,0,0,1
21,441,14.0,25.0,3,341900.0,12.0,1,0,1
54,2916,13.0,0.0,1,1578000.0,9.0,0,0,1
59,3481,6.0,4.0,2,78900.0,1.0,1,0,1
54,2916,15.0,30.0,3,710100.0,8.0,1,0,1
47,2209,15.0,50.0,5,1578000.0,12.0,0,1,1
47,2209,16.0,50.0,5,184100.0,1.0,1,1,1
37,1369,17.0,28.0,1,1578000.0,8.0,1,0,1
22,484,13.0,40.0,2,1052000.0,8.0,0,0,1
49,2401,8.0,20.0,4,328750.0,8.0,0,1,0
50,2500,8.0,20.0,4,736400.0,8.0,1,1,1
27,729,12.0,20.0,4,197250.0,3.0,0,0,0
26,676,7.0,20.0,4,657500.0,4.0,0,0,0
66,4356,9.0,25.0,2,631200.0,9.0,0,0,1
45,2025,14.0,25.0,2,236700.0,4.0,0,0,0
52,2704,19.0,46.0,1,1737115.0,10.0,1,0,1
59,3481,19.0,38.0,2,1972500.0,12.0,0,0,1
28,784,13.0,40.0,2,1315000.0,12.0,0,1,1
53,2809,15.0,33.0,3,920500.0,9.0,1,0,1
32,1024,6.0,56.0,2,460250.0,8.0,0,1,1
33,1089,16.0,42.0,2,657500.0,12.0,1,0,1
24,576,13.0,42.0,2,263000.0,2.0,0,0,0
33,1089,15.0,30.0,1,2104000.0,9.0,1,0,1
44,1936,6.0,30.0,6,102570.0,6.0,1,1,0
51,2601,14.0,30.0,4,1578000.0,12.0,0,1,1
52,2704,17.0,30.0,4,789000.0,1.0,1,1,1
33,1089,12.0,30.0,4,394500.0,1.0,1,0,0
31,961,14.0,6.0,2,65750.0,1.0,1,0,1
48,2304,7.0,45.0,4,1578000.0,7.0,0,1,1
48,2304,16.0,45.0,4,1578000.0,9.0,1,1,1
31,961,15.0,52.0,1,683800.0,3.0,1,0,1
59,3481,12.0,18.0,1,92050.0,2.0,1,0,1
45,2025,13.0,0.0,5,1183500.0,11.0,0,1,1
59,3481,6.0,28.0,5,1052000.0,3.0,0,1,0
60,3600,6.0,28.0,5,0.0,3.0,1,1,0
37,1369,6.0,28.0,5,0.0,3.0,0,1,1
43,1849,12.0,60.0,4,920500.0,9.0,0,1,1
47,2209,17.0,60.0,4,263000.0,9.0,1,1,1
57,3249,6.0,15.0,4,102570.0,7.0,1,0,1
27,729,12.0,15.0,4,263000.0,7.0,0,0,1
68,4624,9.0,40.0,1,1578000.0,6.0,1,0,1
31,961,15.0,36.0,1,789000.0,9.0,1,0,1
74,5476,3.0,6.0,3,92050.0,1.0,0,1,1
46,2116,17.0,6.0,3,197250.0,3.0,0,0,0
41,1681,16.0,10.0,5,102570.0,6.0,1,0,1
37,1369,12.0,44.0,4,1183500.0,8.0,1,1,1
57,3249,17.0,30.0,2,1315000.0,1.0,1,0,1
35,1225,12.0,30.0,2,1315000.0,12.0,0,0,1
50,2500,17.0,30.0,1,723250.0,9.0,0,1,1
56,3136,15.0,35.0,4,1052000.0,8.0,0,1,1
53,2809,17.0,35.0,4,2235500.0,11.0,1,1,1
40,1600,15.0,25.0,3,394500.0,5.0,1,0,1
31,961,13.0,40.0,2,657500.0,2.0,0,1,0
54,2916,6.0,40.0,2,197250.0,1.0,0,1,0
67,4489,12.0,48.0,4,1578000.0,4.0,0,1,1
35,1225,17.0,72.0,4,920500.0,3.0,0,0,1
44,1936,9.0,40.0,4,1709500.0,11.0,0,1,1
37,1369,12.0,63.0,3,526000.0,3.0,0,1,1
37,1369,12.0,63.0,3,526000.0,3.0,1,1,0
55,3025,9.0,70.0,7,405020.0,1.0,0,1,0
44,1936,15.0,48.0,1,854750.0,1.0,0,0,1
53,2809,15.0,30.0,3,854750.0,6.0,1,1,1
50,2500,12.0,35.0,4,1183500.0,9.0,0,1,1
47,2209,15.0,35.0,4,710100.0,7.0,1,1,1
53,2809,12.0,48.0,3,1183500.0,9.0,0,1,1
40,1600,15.0,48.0,3,197250.0,1.0,0,1,1
59,3481,9.0,15.0,2,394500.0,1.0,1,1,0
44,1936,6.0,30.0,1,789000.0,10.0,0,0,1
46,2116,15.0,48.0,4,894200.0,7.0,1,1,1
52,2704,6.0,15.0,3,789000.0,7.0,0,1,1
40,1600,15.0,36.0,3,1315000.0,8.0,0,1,1
42,1764,15.0,40.0,3,1315000.0,12.0,1,0,1
53,2809,12.0,48.0,1,460250.0,1.0,0,0,0
50,2500,8.0,48.0,4,946800.0,1.0,0,1,1
50,2500,12.0,48.0,4,526000.0,7.0,1,1,1
28,784,12.0,48.0,4,657500.0,7.0,0,0,0
40,1600,12.0,45.0,1,1841000.0,11.0,0,0,1
21,441,7.0,48.0,3,631200.0,9.0,0,1,1
30,900,11.0,48.0,3,394500.0,1.0,0,1,0
53,2809,6.0,60.0,4,657500.0,1.0,0,1,0
53,2809,2.0,60.0,4,736400.0,1.0,1,1,0
25,625,12.0,60.0,4,657500.0,6.0,1,0,0
34,1156,9.0,60.0,4,394500.0,2.0,0,0,0
44,1936,6.0,60.0,5,1315000.0,7.0,0,1,1
56,3136,14.0,60.0,3,1315000.0,5.0,0,1,1
40,1600,8.0,48.0,3,894200.0,1.0,1,1,1
41,1681,6.0,48.0,3,1972500.0,8.0,0,1,1
34,1156,17.0,50.0,1,1183500.0,8.0,0,0,1
37,1369,17.0,42.0,2,1972500.0,10.0,1,1,1
44,1936,17.0,42.0,2,1972500.0,7.0,0,1,1
50,2500,15.0,56.0,4,789000.0,5.0,1,1,1
42,1764,17.0,32.0,1,1775250.0,11.0,0,0,1
54,2916,15.0,48.0,4,2104000.0,11.0,0,1,1
58,3364,15.0,48.0,4,1052000.0,10.0,1,1,1
47,2209,15.0,48.0,5,263000.0,1.0,1,1,1
25,625,15.0,48.0,5,0.0,3.0,0,0,0
26,676,12.0,40.0,5,0.0,5.0,1,0,0
28,784,12.0,12.0,4,657500.0,4.0,0,1,0
48,2304,12.0,48.0,4,381350.0,7.0,1,1,1
18,324,13.0,48.0,4,263000.0,4.0,0,0,0
47,2209,17.0,48.0,4,1052000.0,11.0,0,1,1
44,1936,12.0,35.0,2,920500.0,9.0,1,0,1
38,1444,15.0,40.0,4,815300.0,9.0,1,1,1
60,3600,19.0,40.0,4,1972500.0,12.0,0,1,1
56,3136,19.0,40.0,4,2367000.0,12.0,1,1,1
29,841,12.0,24.0,1,0.0,2.0,0,0,0
42,1764,14.0,47.0,3,1643750.0,11.0,0,1,1
38,1444,15.0,47.0,3,263000.0,1.0,1,1,1
56,3136,6.0,40.0,5,1052000.0,5.0,0,1,1
52,2704,6.0,40.0,5,920500.0,8.0,1,1,1
31,961,8.0,40.0,5,841600.0,5.0,0,0,0
47,2209,17.0,40.0,2,1052000.0,1.0,0,0,1
64,4096,15.0,35.0,2,1183500.0,7.0,0,1,1
65,4225,17.0,35.0,2,1183500.0,8.0,1,1,1
54,2916,17.0,20.0,2,789000.0,9.0,1,1,1
29,841,17.0,40.0,2,1052000.0,10.0,0,1,1
47,2209,8.0,12.0,2,105200.0,1.0,1,0,0
29,841,12.0,44.0,3,789000.0,7.0,0,0,0
25,625,8.0,44.0,3,526000.0,7.0,0,0,0
41,1681,12.0,40.0,1,299820.0,9.0,1,0,0
47,2209,8.0,30.0,2,736400.0,9.0,1,0,1
32,1024,12.0,30.0,2,536520.0,12.0,1,0,1
60,3600,17.0,62.0,1,1578000.0,1.0,1,0,1
34,1156,17.0,50.0,1,920500.0,11.0,1,0,1
48,2304,9.0,42.0,5,328750.0,3.0,0,1,0
43,1849,12.0,42.0,5,184100.0,1.0,1,1,0
33,1089,12.0,24.0,3,157800.0,1.0,1,0,0
32,1024,12.0,48.0,2,1315000.0,1.0,0,1,0
30,900,12.0,48.0,2,394500.0,2.0,1,1,0
31,961,12.0,42.0,1,762700.0,6.0,0,0,0
27,729,13.0,44.0,1,526000.0,2.0,0,0,0
30,900,16.0,40.0,3,549670.0,6.0,1,1,1
29,841,16.0,40.0,3,1117750.0,10.0,0,1,1
39,1521,15.0,15.0,3,789000.0,6.0,1,1,1
58,3364,15.0,24.0,3,1841000.0,9.0,0,0,1
53,2809,17.0,50.0,5,2893000.0,10.0,0,1,1
15,225,9.0,100.0,3,63120.0,2.0,1,0,0
56,3136,6.0,48.0,2,920500.0,5.0,0,1,0
59,3481,6.0,48.0,2,315600.0,7.0,1,1,1
54,2916,7.0,32.0,4,394500.0,2.0,1,1,1
55,3025,12.0,32.0,4,1052000.0,12.0,0,1,1
24,576,15.0,32.0,4,526000.0,6.0,0,0,0
19,361,14.0,32.0,4,591750.0,2.0,1,0,1
33,1089,12.0,44.0,4,1972500.0,11.0,0,1,1
36,1296,7.0,48.0,8,1315000.0,9.0,0,1,1
40,1600,7.0,48.0,8,920500.0,7.0,1,1,1
42,1764,15.0,45.0,6,1170350.0,12.0,0,1,1
21,441,11.0,45.0,6,328750.0,6.0,0,0,1
54,2916,15.0,40.0,1,1315000.0,8.0,1,0,1
59,3481,6.0,10.0,2,184100.0,1.0,0,1,1
59,3481,12.0,70.0,4,526000.0,1.0,1,1,0
36,1296,12.0,70.0,4,197250.0,1.0,1,0,1
45,2025,15.0,37.0,3,499700.0,8.0,1,1,1
55,3025,12.0,37.0,3,526000.0,1.0,0,1,1
53,2809,14.0,57.0,2,394500.0,1.0,1,0,1
25,625,12.0,60.0,11,328750.0,4.0,0,1,0
23,529,14.0,60.0,11,197250.0,4.0,1,0,0
64,4096,3.0,60.0,11,591750.0,4.0,0,1,0
52,2704,10.0,60.0,11,394500.0,4.0,1,1,0
34,1156,17.0,15.0,3,526000.0,9.0,0,0,1
63,3969,12.0,45.0,3,841600.0,10.0,0,0,1
22,484,10.0,45.0,3,460250.0,5.0,0,0,0
63,3969,15.0,48.0,3,920500.0,1.0,0,1,1
58,3364,17.0,48.0,3,1052000.0,11.0,1,1,1
59,3481,12.0,55.0,1,920500.0,8.0,0,0,1
27,729,7.0,48.0,2,302450.0,3.0,0,0,0
60,3600,17.0,60.0,2,3550500.0,10.0,0,0,1
33,1089,12.0,17.0,5,263000.0,1.0,0,0,0
20,400,15.0,24.0,6,394500.0,1.0,0,1,1
37,1369,12.0,45.0,1,526000.0,9.0,0,0,1
29,841,15.0,48.0,2,526000.0,2.0,0,1,0
34,1156,12.0,48.0,2,526000.0,2.0,1,1,0
30,900,17.0,44.0,1,789000.0,3.0,0,0,1
28,784,12.0,38.0,2,657500.0,2.0,0,1,0
32,1024,17.0,38.0,2,657500.0,2.0,1,1,1
55,3025,8.0,48.0,4,920500.0,3.0,0,1,1
53,2809,15.0,48.0,4,657500.0,7.0,1,1,1
24,576,12.0,48.0,4,131500.0,1.0,1,0,1
49,2401,6.0,40.0,5,460250.0,1.0,0,1,0
45,2025,15.0,45.0,2,591750.0,9.0,1,0,1
48,2304,12.0,52.0,3,526000.0,1.0,1,0,0
24,576,12.0,52.0,3,578600.0,5.0,0,0,1
33,1089,12.0,25.0,3,197250.0,1.0,0,0,0
56,3136,12.0,25.0,3,591750.0,4.0,1,0,1
31,961,16.0,40.0,1,1117750.0,4.0,1,0,1
32,1024,17.0,72.0,3,920500.0,3.0,1,0,1
32,1024,17.0,72.0,3,460250.0,6.0,1,0,1
24,576,15.0,60.0,2,1183500.0,11.0,0,1,1
37,1369,19.0,40.0,1,1315000.0,8.0,1,0,1
36,1296,12.0,60.0,2,1315000.0,1.0,0,1,1
51,2601,12.0,30.0,1,1315000.0,10.0,1,0,1
31,961,6.0,25.0,5,394500.0,2.0,0,1,0
28,784,10.0,25.0,5,102570.0,7.0,1,1,0
31,961,6.0,48.0,1,986250.0,9.0,0,0,1
47,2209,12.0,40.0,4,1315000.0,12.0,0,1,1
40,1600,14.0,45.0,3,1183500.0,7.0,1,0,1
21,441,14.0,21.0,1,197250.0,4.0,1,0,0
24,576,12.0,0.0,3,657500.0,9.0,0,0,1
57,3249,12.0,78.0,6,1052000.0,1.0,0,1,1
52,2704,6.0,40.0,4,526000.0,6.0,0,1,1
24,576,12.0,40.0,4,631200.0,9.0,0,0,1
57,3249,8.0,45.0,3,420800.0,5.0,0,1,1
32,1024,11.0,48.0,3,986250.0,6.0,0,1,1
46,2116,9.0,60.0,5,1578000.0,9.0,0,1,1
30,900,9.0,45.0,1,420800.0,4.0,0,0,0
50,2500,6.0,44.0,2,920500.0,9.0,0,0,1
43,1849,12.0,12.0,2,65750.0,1.0,1,0,0
64,4096,12.0,25.0,2,381350.0,7.0,1,0,1
27,729,15.0,25.0,2,328750.0,7.0,0,0,1
37,1369,17.0,35.0,2,1841000.0,12.0,1,1,1
35,1225,12.0,35.0,2,1315000.0,2.0,0,1,1
35,1225,17.0,45.0,3,986250.0,8.0,1,1,1
34,1156,17.0,45.0,3,999400.0,8.0,0,1,1
28,784,9.0,60.0,2,986250.0,7.0,0,1,1
26,676,12.0,60.0,2,131500.0,1.0,1,1,1
65,4225,6.0,40.0,1,1183500.0,1.0,0,0,1
62,3844,15.0,40.0,3,1315000.0,6.0,0,1,1
25,625,15.0,48.0,2,131500.0,2.0,1,0,0
26,676,15.0,10.0,1,197250.0,1.0,1,0,1
47,2209,9.0,60.0,2,2630000.0,11.0,0,0,1
42,1764,15.0,36.0,4,657500.0,4.0,0,1,1
39,1521,19.0,36.0,4,1315000.0,12.0,1,1,1
55,3025,8.0,40.0,2,1709500.0,12.0,0,1,1
35,1225,15.0,48.0,4,657500.0,6.0,0,1,1
32,1024,12.0,12.0,4,157800.0,6.0,1,1,1
65,4225,15.0,27.0,2,591750.0,4.0,1,1,1
56,3136,9.0,58.0,2,920500.0,9.0,1,1,1
59,3481,12.0,58.0,2,1052000.0,4.0,0,1,1
77,5929,6.0,20.0,2,197250.0,2.0,1,1,1
58,3364,6.0,20.0,2,197250.0,2.0,0,1,1
46,2116,8.0,48.0,3,1602985.0,12.0,0,1,1
28,784,12.0,40.0,6,1183500.0,6.0,0,1,1
35,1225,15.0,30.0,1,986250.0,1.0,0,0,1
48,2304,12.0,8.0,2,394500.0,1.0,0,1,1
30,900,15.0,40.0,2,460250.0,6.0,1,0,1
35,1225,12.0,45.0,4,920500.0,7.0,0,1,1
52,2704,12.0,30.0,5,789000.0,3.0,0,1,1
52,2704,12.0,30.0,5,460250.0,1.0,1,1,1
29,841,15.0,30.0,5,670650.0,6.0,1,0,1
45,2025,17.0,45.0,4,1052000.0,1.0,0,1,1
56,3136,15.0,45.0,3,1841000.0,11.0,0,0,1
64,4096,15.0,45.0,3,2367000.0,11.0,1,0,1
37,1369,12.0,60.0,1,657500.0,3.0,0,0,0
45,2025,17.0,40.0,4,1578000.0,7.0,0,1,1
47,2209,12.0,40.0,4,526000.0,2.0,1,1,1
51,2601,10.0,48.0,4,1315000.0,7.0,0,1,1
52,2704,15.0,30.0,3,986250.0,9.0,1,1,1
50,2500,12.0,30.0,3,1052000.0,1.0,0,1,1
60,3600,6.0,45.0,1,1038850.0,8.0,1,0,1
38,1444,6.0,44.0,2,591750.0,6.0,0,0,0
29,841,9.0,50.0,1,394500.0,7.0,0,0,0
43,1849,17.0,42.0,2,1578000.0,12.0,0,1,1
47,2209,12.0,40.0,5,657500.0,10.0,1,0,1
32,1024,15.0,40.0,5,26300.0,1.0,1,1,1
23,529,12.0,40.0,5,282725.0,8.0,0,0,0
34,1156,12.0,56.0,4,368200.0,6.0,0,1,0
33,1089,15.0,56.0,4,105200.0,6.0,1,1,0
26,676,6.0,12.0,4,210400.0,4.0,0,1,0
31,961,17.0,40.0,2,657500.0,12.0,0,1,1
29,841,17.0,40.0,2,263000.0,8.0,1,1,1
36,1296,15.0,40.0,3,789000.0,8.0,0,1,1
47,2209,17.0,34.0,1,591750.0,7.0,0,0,1
57,3249,12.0,30.0,5,565450.0,11.0,1,1,1
54,2916,7.0,30.0,5,657500.0,3.0,0,1,0
54,2916,6.0,16.0,9,499700.0,3.0,1,1,0
28,784,11.0,16.0,9,394500.0,3.0,0,1,0
46,2116,12.0,48.0,5,1117750.0,9.0,0,1,1
33,1089,12.0,48.0,5,1315000.0,11.0,1,1,1
24,576,8.0,48.0,5,986250.0,9.0,0,0,1
33,1089,6.0,3.0,4,102570.0,6.0,1,0,0
42,1764,14.0,44.0,4,263000.0,1.0,1,1,0
38,1444,15.0,30.0,3,789000.0,11.0,1,0,1
65,4225,12.0,0.0,1,1052000.0,1.0,0,0,1
60,3600,17.0,42.0,2,1183500.0,8.0,0,0,1
56,3136,15.0,30.0,1,1170350.0,12.0,1,0,1
42,1764,12.0,44.0,4,920500.0,1.0,0,1,0
47,2209,15.0,60.0,4,3287500.0,11.0,0,1,1
46,2116,19.0,60.0,4,1972500.0,12.0,1,1,1
49,2401,12.0,50.0,8,1683200.0,7.0,0,1,0
61,3721,17.0,30.0,3,2630000.0,12.0,0,0,1
55,3025,17.0,45.0,4,1972500.0,9.0,1,1,1
44,1936,17.0,45.0,4,894200.0,8.0,1,1,1
72,5184,12.0,4.0,1,13150.0,1.0,0,0,1
60,3600,9.0,4.0,2,394500.0,1.0,1,1,1
43,1849,12.0,48.0,4,986250.0,10.0,1,0,1
28,784,12.0,40.0,3,315600.0,2.0,0,1,1
43,1849,17.0,60.0,2,526000.0,5.0,0,1,0
37,1369,8.0,60.0,2,102570.0,4.0,1,1,0
39,1521,13.0,15.0,1,723250.0,10.0,1,0,1
62,3844,15.0,55.0,4,920500.0,10.0,0,1,1
43,1849,15.0,40.0,4,1315000.0,8.0,0,1,1
39,1521,13.0,40.0,4,526000.0,1.0,1,1,1
36,1296,14.0,55.0,3,2630000.0,3.0,0,1,1
64,4096,12.0,24.0,2,526000.0,1.0,0,1,0
58,3364,14.0,34.0,3,197250.0,2.0,1,0,0
36,1296,14.0,34.0,3,723250.0,3.0,0,0,0
59,3481,6.0,54.0,1,526000.0,4.0,0,0,0
35,1225,15.0,15.0,6,394500.0,1.0,1,0,0
31,961,12.0,25.0,4,394500.0,1.0,1,1,0
32,1024,12.0,25.0,4,526000.0,1.0,0,1,0
50,2500,2.0,20.0,6,102570.0,8.0,0,1,1
36,1296,15.0,18.0,3,920500.0,7.0,1,1,1
34,1156,7.0,48.0,6,1683200.0,9.0,0,1,1
35,1225,8.0,48.0,6,2630000.0,2.0,1,1,1
49,2401,15.0,40.0,2,657500.0,6.0,0,1,1
27,729,16.0,30.0,3,499700.0,4.0,0,1,1
58,3364,15.0,48.0,4,1578000.0,8.0,1,0,1
39,1521,12.0,35.0,1,1052000.0,11.0,0,0,1
21,441,12.0,25.0,2,420800.0,3.0,0,0,1
39,1521,15.0,25.0,2,1052000.0,11.0,1,0,1
41,1681,15.0,36.0,2,1117750.0,7.0,0,1,1
29,841,17.0,36.0,2,749550.0,9.0,1,1,1
67,4489,17.0,36.0,1,197250.0,1.0,1,0,1
30,900,15.0,48.0,1,526000.0,6.0,1,0,1
62,3844,1.0,21.0,1,105200.0,3.0,1,0,1
38,1444,12.0,52.0,5,263000.0,1.0,1,1,0
39,1521,19.0,48.0,3,2630000.0,12.0,0,1,1
45,2025,19.0,48.0,3,2498500.0,12.0,1,1,1
29,841,17.0,35.0,1,381350.0,4.0,1,0,0
37,1369,9.0,52.0,5,1052000.0,2.0,0,1,0
51,2601,17.0,48.0,3,1315000.0,1.0,1,1,1
52,2704,17.0,48.0,3,2630000.0,12.0,0,1,1
41,1681,19.0,51.0,2,2630000.0,11.0,1,0,1
41,1681,17.0,40.0,2,3287500.0,11.0,1,1,1
43,1849,17.0,40.0,2,2630000.0,10.0,0,1,1
28,784,17.0,0.0,2,789000.0,7.0,1,1,1
35,1225,15.0,46.0,1,394500.0,5.0,0,0,1
38,1444,6.0,50.0,4,460250.0,2.0,1,1,1
47,2209,12.0,84.0,6,263000.0,2.0,0,1,0
44,1936,8.0,40.0,4,394500.0,1.0,0,1,0
51,2601,12.0,45.0,1,920500.0,10.0,0,0,1
34,1156,16.0,48.0,1,1025700.0,2.0,0,0,1
62,3844,17.0,40.0,2,920500.0,1.0,1,0,1
52,2704,12.0,55.0,4,657500.0,5.0,1,1,0
23,529,12.0,55.0,4,1052000.0,4.0,0,0,1
46,2116,6.0,84.0,3,723250.0,6.0,1,0,1
53,2809,10.0,84.0,3,328750.0,1.0,0,0,0
40,1600,15.0,35.0,4,1262400.0,11.0,0,1,1
28,784,11.0,84.0,2,1183500.0,11.0,0,1,1
27,729,12.0,84.0,2,1183500.0,11.0,1,1,1
26,676,15.0,40.0,2,1052000.0,8.0,1,1,1
48,2304,12.0,40.0,2,328750.0,3.0,0,1,1
66,4356,6.0,48.0,4,657500.0,6.0,1,0,1
59,3481,9.0,24.0,1,249850.0,6.0,0,0,0
32,1024,17.0,0.0,3,591750.0,6.0,1,1,1
54,2916,15.0,30.0,2,789000.0,8.0,0,0,1
55,3025,16.0,35.0,3,1315000.0,12.0,1,0,1
52,2704,17.0,30.0,4,1315000.0,2.0,0,1,1
54,2916,9.0,50.0,4,2367000.0,7.0,0,0,1
45,2025,17.0,49.0,5,236700.0,9.0,1,1,1
20,400,13.0,49.0,5,131500.0,8.0,1,0,1
58,3364,17.0,32.0,5,986250.0,1.0,0,1,1
55,3025,17.0,32.0,5,499700.0,7.0,1,1,1
27,729,14.0,32.0,5,486550.0,3.0,1,0,1
32,1024,12.0,60.0,2,789000.0,2.0,1,0,0
37,1369,7.0,35.0,4,710100.0,6.0,1,0,1
30,900,12.0,48.0,4,920500.0,8.0,1,0,1
53,2809,15.0,23.0,4,526000.0,8.0,1,1,1
52,2704,14.0,23.0,4,1315000.0,7.0,0,1,1
66,4356,12.0,35.0,4,394500.0,1.0,1,0,1
24,576,10.0,35.0,4,578600.0,7.0,1,0,1
29,841,8.0,35.0,4,420800.0,5.0,0,0,0
36,1296,7.0,36.0,4,328750.0,1.0,1,1,0
42,1764,7.0,36.0,4,657500.0,4.0,0,1,0
58,3364,15.0,30.0,2,854750.0,6.0,0,1,1
50,2500,15.0,40.0,3,789000.0,9.0,0,1,1
43,1849,15.0,40.0,3,394500.0,7.0,1,1,1
47,2209,12.0,48.0,3,789000.0,12.0,0,0,1
39,1521,17.0,60.0,1,552300.0,7.0,0,0,1
53,2809,17.0,45.0,1,657500.0,6.0,0,0,1
52,2704,12.0,48.0,2,1578000.0,5.0,0,1,1
46,2116,12.0,48.0,2,789000.0,8.0,1,1,1
39,1521,13.0,40.0,4,1183500.0,1.0,0,0,1
28,784,17.0,48.0,1,789000.0,1.0,0,0,1
28,784,12.0,38.0,4,526000.0,12.0,0,1,1
29,841,12.0,38.0,4,499700.0,9.0,1,1,1
56,3136,8.0,24.0,1,197250.0,1.0,0,0,1
62,3844,12.0,20.0,1,131500.0,1.0,1,0,1
33,1089,12.0,40.0,2,1972500.0,2.0,0,1,1
35,1225,15.0,48.0,5,789000.0,6.0,1,1,1
31,961,12.0,48.0,6,433950.0,5.0,0,1,0
39,1521,12.0,48.0,6,499700.0,7.0,1,1,0
26,676,12.0,48.0,6,460250.0,6.0,0,0,0
39,1521,12.0,20.0,3,328750.0,2.0,0,1,0
37,1369,12.0,20.0,3,328750.0,2.0,1,1,1
52,2704,7.0,40.0,4,657500.0,9.0,1,1,1
52,2704,12.0,30.0,1,789000.0,9.0,1,0,1
37,1369,14.0,40.0,3,1025700.0,12.0,1,1,1
39,1521,17.0,40.0,3,1117750.0,6.0,0,1,1
55,3025,12.0,50.0,3,657500.0,9.0,0,1,1
23,529,19.0,50.0,3,657500.0,7.0,1,0,1
51,2601,17.0,45.0,4,1972500.0,11.0,1,1,1
34,1156,12.0,40.0,1,526000.0,1.0,0,0,0
42,1764,17.0,20.0,3,657500.0,9.0,1,1,1
49,2401,14.0,60.0,4,1578000.0,1.0,0,1,1
48,2304,15.0,48.0,4,920500.0,6.0,1,1,1
31,961,15.0,72.0,1,1972500.0,8.0,0,0,1
41,1681,12.0,60.0,5,3024500.0,9.0,0,1,1
42,1764,15.0,60.0,5,1183500.0,9.0,1,1,1
62,3844,12.0,30.0,2,1709500.0,8.0,0,1,1
31,961,14.0,12.0,2,394500.0,3.0,1,1,1
64,4096,12.0,72.0,4,131500.0,1.0,0,0,0
33,1089,15.0,72.0,4,657500.0,11.0,1,0,1
46,2116,17.0,35.0,1,1315000.0,9.0,1,0,1
56,3136,12.0,40.0,1,1315000.0,9.0,0,0,1
33,1089,17.0,48.0,3,1972500.0,5.0,1,1,1
34,1156,17.0,48.0,3,0.0,11.0,0,1,1
28,784,15.0,47.0,2,920500.0,9.0,0,1,1
25,625,17.0,30.0,2,1315000.0,1.0,1,0,1
34,1156,12.0,60.0,1,3024500.0,1.0,0,0,1
29,841,8.0,10.0,5,263000.0,1.0,0,1,0
57,3249,17.0,40.0,3,1841000.0,12.0,1,0,1
24,576,17.0,40.0,3,39450.0,1.0,1,0,1
36,1296,12.0,48.0,3,1814700.0,6.0,0,1,1
33,1089,15.0,48.0,3,394500.0,1.0,1,1,1
43,1849,19.0,72.0,5,4997000.0,12.0,0,1,1
55,3025,12.0,48.0,5,1183500.0,6.0,0,1,1
51,2601,12.0,48.0,5,1183500.0,6.0,1,1,1
30,900,12.0,48.0,5,986250.0,6.0,0,0,1
27,729,17.0,48.0,5,1315000.0,5.0,1,0,1
32,1024,17.0,48.0,5,1315000.0,5.0,0,0,1
40,1600,12.0,30.0,3,499700.0,9.0,0,1,1
35,1225,12.0,30.0,3,460250.0,4.0,1,1,0
28,784,6.0,40.0,3,920500.0,4.0,0,1,0
32,1024,15.0,56.0,1,526000.0,1.0,0,0,1
32,1024,17.0,52.0,1,644350.0,7.0,1,1,1
43,1849,19.0,44.0,3,1183500.0,10.0,0,1,1
45,2025,17.0,44.0,3,591750.0,10.0,1,1,1
38,1444,17.0,50.0,4,1183500.0,10.0,0,1,1
50,2500,11.0,60.0,4,723250.0,5.0,0,1,1
50,2500,15.0,60.0,4,657500.0,7.0,1,1,1
24,576,12.0,48.0,4,749550.0,7.0,1,0,1
19,361,8.0,48.0,4,473400.0,3.0,0,0,1
61,3721,6.0,8.0,2,263000.0,3.0,0,1,1
40,1600,17.0,75.0,1,3945000.0,3.0,0,0,1
46,2116,16.0,25.0,2,657500.0,1.0,1,0,1
57,3249,13.0,50.0,4,1183500.0,1.0,0,1,1
60,3600,15.0,30.0,4,1315000.0,12.0,0,1,1
26,676,15.0,30.0,4,789000.0,7.0,0,0,1
23,529,16.0,30.0,4,789000.0,7.0,0,0,1
50,2500,15.0,64.0,3,657500.0,4.0,0,1,1
48,2304,15.0,46.0,2,657500.0,1.0,1,1,0
57,3249,17.0,46.0,2,0.0,10.0,1,1,1
59,3481,8.0,30.0,2,1315000.0,12.0,0,0,1
29,841,10.0,30.0,2,1288700.0,6.0,0,0,1
38,1444,9.0,72.0,3,2630000.0,1.0,0,1,1
39,1521,12.0,72.0,3,1183500.0,8.0,1,1,1
31,961,12.0,35.0,2,1183500.0,9.0,0,1,1
29,841,10.0,35.0,4,1841000.0,9.0,0,1,1
55,3025,8.0,60.0,4,591750.0,2.0,1,1,1
46,2116,6.0,60.0,4,657500.0,1.0,0,1,1
20,400,12.0,60.0,4,526000.0,1.0,1,0,1
18,324,11.0,60.0,4,131500.0,1.0,0,0,1
30,900,12.0,45.0,4,1578000.0,11.0,0,1,1
62,3844,15.0,0.0,2,1578000.0,1.0,0,1,1
52,2704,8.0,40.0,2,526000.0,7.0,0,1,1
34,1156,6.0,40.0,4,683800.0,5.0,0,1,0
42,1764,12.0,50.0,6,1315000.0,6.0,0,1,1
50,2500,15.0,50.0,5,920500.0,8.0,1,1,1
41,1681,9.0,36.0,3,197250.0,7.0,0,1,1
43,1849,17.0,55.0,1,1025700.0,10.0,0,0,1
44,1936,6.0,20.0,3,236700.0,8.0,0,1,0
25,625,12.0,20.0,3,236700.0,6.0,1,0,0
42,1764,9.0,36.0,3,394500.0,2.0,1,1,1
38,1444,12.0,24.0,1,657500.0,1.0,0,0,0
38,1444,12.0,66.0,4,1183500.0,9.0,0,1,1
37,1369,17.0,66.0,4,394500.0,7.0,1,1,1
37,1369,9.0,48.0,3,526000.0,7.0,0,1,1
32,1024,15.0,48.0,2,1551700.0,7.0,0,0,1
27,729,12.0,48.0,2,920500.0,7.0,0,0,0
43,1849,15.0,36.0,2,854750.0,9.0,0,1,1
32,1024,15.0,36.0,2,263000.0,1.0,1,1,1
56,3136,12.0,15.0,3,986250.0,3.0,1,1,1
54,2916,12.0,15.0,3,986250.0,3.0,0,1,1
20,400,14.0,15.0,3,65750.0,3.0,0,0,1
55,3025,14.0,0.0,3,1315000.0,12.0,1,0,1
24,576,12.0,0.0,3,263000.0,11.0,1,0,1
22,484,11.0,0.0,3,328750.0,1.0,0,0,0
40,1600,2.0,30.0,6,657500.0,1.0,0,1,0
52,2704,17.0,17.0,1,920500.0,9.0,1,0,1
32,1024,17.0,40.0,2,657500.0,8.0,1,1,1
30,900,17.0,30.0,1,644350.0,7.0,1,0,1
55,3025,6.0,56.0,3,131500.0,2.0,1,1,1
24,576,12.0,56.0,3,131500.0,2.0,1,0,0
33,1089,12.0,40.0,3,526000.0,1.0,0,1,0
34,1156,16.0,40.0,2,657500.0,8.0,0,1,1
43,1849,12.0,30.0,3,789000.0,10.0,1,0,1
41,1681,12.0,24.0,3,526000.0,9.0,0,1,1
40,1600,19.0,24.0,3,1249250.0,8.0,1,1,1
58,3364,17.0,28.0,1,591750.0,1.0,1,0,1
68,4624,17.0,28.0,2,6575000.0,4.0,0,1,1
53,2809,15.0,60.0,1,1578000.0,6.0,1,0,1
65,4225,3.0,18.0,3,315600.0,1.0,0,0,0
42,1764,3.0,18.0,3,0.0,3.0,0,0,0
32,1024,13.0,48.0,6,1052000.0,1.0,0,1,0
62,3844,7.0,60.0,3,1525400.0,8.0,0,0,1
60,3600,17.0,40.0,2,1446500.0,10.0,0,1,1
51,2601,17.0,40.0,2,1025700.0,12.0,1,1,1
35,1225,15.0,40.0,1,1315000.0,12.0,1,0,1
51,2601,12.0,30.0,4,526000.0,8.0,1,0,1
45,2025,15.0,30.0,4,263000.0,2.0,1,0,1
25,625,12.0,30.0,4,263000.0,2.0,1,0,1
33,1089,12.0,77.0,5,1578000.0,12.0,0,1,1
62,3844,12.0,30.0,2,197250.0,1.0,1,0,0
62,3844,9.0,59.0,5,2630000.0,4.0,0,1,1
39,1521,12.0,59.0,5,789000.0,8.0,0,0,1
23,529,14.0,59.0,5,1065150.0,5.0,0,0,1
32,1024,12.0,44.0,2,1972500.0,9.0,0,1,1
26,676,15.0,44.0,2,526000.0,1.0,1,1,1
55,3025,12.0,6.0,5,657500.0,1.0,0,1,0
53,2809,6.0,30.0,5,526000.0,8.0,0,1,1
55,3025,6.0,10.0,3,368200.0,2.0,0,1,0
30,900,12.0,15.0,4,1315000.0,12.0,0,1,1
40,1600,12.0,48.0,3,1249250.0,9.0,0,1,1
34,1156,9.0,48.0,3,789000.0,1.0,1,1,1
64,4096,6.0,48.0,3,624625.0,1.0,0,0,1
28,784,12.0,48.0,3,657500.0,8.0,1,0,0
28,784,12.0,48.0,3,789000.0,4.0,1,0,1
30,900,17.0,15.0,4,220920.0,2.0,1,1,1
58,3364,17.0,20.0,2,3945000.0,4.0,0,1,1
44,1936,12.0,48.0,1,920500.0,7.0,1,0,1
31,961,17.0,48.0,2,657500.0,6.0,1,1,1
63,3969,12.0,40.0,2,657500.0,6.0,0,1,1
54,2916,17.0,30.0,2,3945000.0,10.0,0,1,1
57,3249,8.0,48.0,4,1315000.0,7.0,0,1,1
28,784,13.0,48.0,4,197250.0,1.0,1,0,1
26,676,12.0,48.0,4,657500.0,9.0,0,0,1
38,1444,12.0,48.0,3,1052000.0,2.0,1,1,1
20,400,6.0,60.0,11,526000.0,4.0,0,1,1
24,576,12.0,60.0,11,789000.0,6.0,0,1,0
75,5625,15.0,1.0,2,52600.0,1.0,1,0,1
20,400,11.0,1.0,2,789000.0,8.0,0,0,1
47,2209,15.0,20.0,4,854750.0,9.0,1,1,1
41,1681,15.0,20.0,4,565450.0,9.0,0,1,1
58,3364,6.0,112.0,3,394500.0,1.0,1,0,1
65,4225,6.0,56.0,2,263000.0,1.0,0,1,1
41,1681,12.0,56.0,3,460250.0,1.0,1,0,0
46,2116,17.0,25.0,5,920500.0,8.0,1,1,1
19,361,12.0,30.0,6,236700.0,2.0,0,0,0
44,1936,2.0,30.0,6,102570.0,6.0,1,1,0
46,2116,12.0,45.0,4,631200.0,9.0,1,0,1
24,576,12.0,45.0,4,328750.0,6.0,0,0,1
49,2401,17.0,50.0,4,1972500.0,1.0,0,1,1
46,2116,17.0,50.0,4,920500.0,1.0,1,1,1
43,1849,11.0,40.0,2,1972500.0,7.0,0,0,1
20,400,12.0,40.0,2,1315000.0,7.0,0,0,1
37,1369,15.0,48.0,4,197250.0,6.0,1,1,1
27,729,16.0,25.0,4,460250.0,9.0,0,0,0
54,2916,12.0,79.0,4,1315000.0,3.0,0,1,1
53,2809,15.0,79.0,4,789000.0,7.0,1,1,1
25,625,15.0,79.0,4,657500.0,8.0,0,0,1
59,3481,12.0,30.0,1,611475.0,8.0,0,0,1
52,2704,7.0,72.0,4,657500.0,1.0,0,1,0
28,784,12.0,24.0,3,341900.0,1.0,1,0,0
40,1600,10.0,80.0,4,394500.0,1.0,1,1,0
42,1764,12.0,80.0,4,460250.0,1.0,0,1,0
59,3481,6.0,24.0,1,65750.0,2.0,0,0,1
58,3364,3.0,48.0,2,1052000.0,2.0,0,1,1
36,1296,8.0,15.0,3,328750.0,1.0,1,0,1
44,1936,12.0,0.0,3,105200.0,1.0,1,1,0
23,529,12.0,0.0,3,394500.0,6.0,0,0,0
70,4900,12.0,24.0,5,789000.0,6.0,0,1,1
64,4096,15.0,24.0,5,789000.0,10.0,1,1,1
45,2025,18.0,24.0,5,1052000.0,10.0,1,0,1
53,2809,10.0,44.0,3,1052000.0,9.0,1,1,1
46,2116,12.0,44.0,3,1052000.0,3.0,0,1,1
31,961,15.0,40.0,4,526000.0,8.0,1,1,1
41,1681,10.0,40.0,4,1052000.0,11.0,0,1,1
55,3025,14.0,40.0,1,789000.0,1.0,0,0,1
52,2704,17.0,45.0,3,591750.0,9.0,1,0,1
25,625,9.0,30.0,3,657500.0,7.0,0,0,1
39,1521,12.0,40.0,5,789000.0,10.0,0,1,1
44,1936,14.0,30.0,2,657500.0,2.0,1,1,0
35,1225,14.0,30.0,2,657500.0,2.0,0,1,1
62,3844,15.0,69.0,3,263000.0,2.0,1,1,1
78,6084,14.0,69.0,3,263000.0,2.0,0,1,1
30,900,17.0,69.0,3,460250.0,8.0,1,0,1
57,3249,12.0,24.0,2,526000.0,4.0,1,0,1
48,2304,6.0,40.0,4,1117750.0,9.0,0,0,1
45,2025,15.0,30.0,5,526000.0,6.0,1,1,1
44,1936,15.0,30.0,5,1446500.0,3.0,0,1,1
32,1024,13.0,60.0,1,789000.0,9.0,0,0,1
39,1521,12.0,70.0,4,1052000.0,4.0,1,1,1
58,3364,17.0,20.0,2,3945000.0,4.0,1,1,1
29,841,9.0,45.0,5,920500.0,9.0,0,1,1
32,1024,12.0,45.0,5,263000.0,2.0,1,1,0
21,441,11.0,29.0,3,526000.0,2.0,1,0,1
37,1369,6.0,40.0,5,394500.0,1.0,0,1,0
22,484,12.0,40.0,5,78900.0,2.0,1,0,0
60,3600,12.0,24.0,4,526000.0,2.0,0,1,1
41,1681,12.0,25.0,5,0.0,2.0,0,1,1
43,1849,4.0,16.0,2,0.0,6.0,0,1,0
53,2809,6.0,16.0,2,65750.0,1.0,1,1,0
62,3844,19.0,72.0,4,1972500.0,1.0,0,1,1
55,3025,17.0,72.0,4,920500.0,12.0,1,1,1
40,1600,17.0,40.0,1,789000.0,1.0,0,0,1
42,1764,15.0,54.0,3,1052000.0,1.0,0,0,1
63,3969,6.0,20.0,3,92050.0,9.0,0,1,0
40,1600,15.0,40.0,3,1183500.0,8.0,1,0,1
38,1444,15.0,48.0,3,894200.0,2.0,0,1,1
36,1296,12.0,48.0,3,447100.0,4.0,1,1,1
59,3481,17.0,30.0,2,1249250.0,9.0,1,0,1
52,2704,5.0,54.0,2,789000.0,9.0,0,1,1
36,1296,6.0,48.0,4,920500.0,5.0,0,1,1
51,2601,8.0,36.0,6,789000.0,1.0,0,1,0
31,961,7.0,36.0,6,236700.0,4.0,0,0,0
21,441,7.0,36.0,6,657500.0,1.0,0,0,0
39,1521,17.0,31.0,3,460250.0,6.0,1,1,1
46,2116,12.0,40.0,3,526000.0,10.0,1,0,1
45,2025,17.0,42.0,2,1117750.0,7.0,0,1,1
36,1296,12.0,42.0,2,591750.0,8.0,1,1,1
59,3481,6.0,44.0,4,789000.0,2.0,0,1,0
40,1600,12.0,24.0,3,420800.0,4.0,1,0,1
52,2704,15.0,40.0,5,1972500.0,12.0,1,0,1
48,2304,6.0,46.0,1,631200.0,3.0,0,0,0
54,2916,17.0,48.0,4,657500.0,1.0,1,1,0
55,3025,6.0,40.0,3,526000.0,3.0,0,1,0
52,2704,6.0,40.0,3,394500.0,2.0,1,1,0
31,961,12.0,40.0,3,394500.0,2.0,1,0,0
38,1444,15.0,24.0,5,789000.0,6.0,0,0,1
55,3025,12.0,60.0,3,631200.0,1.0,0,1,1
30,900,12.0,65.0,4,23670.0,2.0,1,0,1
31,961,13.0,54.0,1,526000.0,8.0,1,0,0
52,2704,17.0,50.0,6,1972500.0,8.0,0,1,1
55,3025,14.0,42.0,2,789000.0,9.0,1,1,1
53,2809,8.0,30.0,4,1025700.0,8.0,1,0,1
44,1936,6.0,40.0,3,907350.0,7.0,0,1,1
30,900,12.0,40.0,3,92050.0,2.0,1,1,0
61,3721,15.0,48.0,1,560190.0,1.0,1,0,1
59,3481,12.0,6.0,2,526000.0,1.0,0,1,1
29,841,12.0,40.0,2,2498500.0,12.0,0,1,1
28,784,16.0,48.0,1,499700.0,6.0,0,0,0
29,841,14.0,50.0,1,263000.0,1.0,1,0,1
23,529,17.0,20.0,2,486550.0,7.0,0,0,1
40,1600,12.0,60.0,3,1315000.0,6.0,0,1,0
35,1225,12.0,60.0,3,657500.0,6.0,1,1,0
25,625,15.0,40.0,4,1315000.0,1.0,1,0,0
32,1024,8.0,48.0,7,381350.0,7.0,0,1,1
32,1024,8.0,48.0,7,263000.0,4.0,1,1,0
24,576,12.0,24.0,3,1052000.0,5.0,0,1,1
32,1024,12.0,48.0,2,1052000.0,6.0,0,1,1
30,900,17.0,48.0,2,657500.0,1.0,1,1,1
62,3844,4.0,18.0,1,92050.0,1.0,0,0,1
52,2704,12.0,36.0,1,657500.0,1.0,0,0,0
58,3364,9.0,40.0,4,789000.0,1.0,0,1,1
56,3136,17.0,40.0,4,1841000.0,8.0,1,1,1
18,324,12.0,98.0,4,604900.0,12.0,0,0,1
19,361,12.0,24.0,4,39450.0,2.0,0,0,1
78,6084,8.0,18.0,1,78900.0,5.0,0,0,1
48,2304,17.0,2.0,3,65750.0,1.0,1,1,1
47,2209,16.0,2.0,3,1315000.0,1.0,0,1,1
53,2809,12.0,40.0,4,973100.0,4.0,1,0,1
28,784,12.0,40.0,4,568080.0,11.0,0,0,1
31,961,17.0,20.0,1,526000.0,1.0,1,0,1
41,1681,9.0,36.0,1,789000.0,6.0,0,0,1
65,4225,17.0,30.0,1,986250.0,6.0,1,0,1
31,961,16.0,0.0,1,1709500.0,12.0,1,0,1
39,1521,19.0,50.0,3,1033590.0,12.0,0,1,1
41,1681,17.0,50.0,3,1972500.0,1.0,1,1,1
53,2809,17.0,40.0,3,1972500.0,7.0,1,1,1
50,2500,15.0,40.0,3,1446500.0,11.0,0,1,1
70,4900,12.0,9.0,2,131500.0,1.0,0,1,1
34,1156,12.0,50.0,2,657500.0,1.0,0,0,0
39,1521,11.0,28.0,6,289300.0,6.0,1,1,1
30,900,12.0,28.0,6,1183500.0,12.0,0,1,1
24,576,12.0,20.0,3,394500.0,4.0,0,0,0
56,3136,15.0,35.0,2,2630000.0,7.0,0,1,1
52,2704,15.0,35.0,2,2630000.0,7.0,1,1,1
77,5929,12.0,70.0,1,920500.0,2.0,0,0,1
47,2209,12.0,48.0,2,789000.0,8.0,1,1,1
60,3600,7.0,11.0,2,131500.0,1.0,0,1,1
26,676,18.0,48.0,3,394500.0,8.0,0,0,1
40,1600,12.0,45.0,4,723250.0,6.0,1,0,1
48,2304,15.0,30.0,2,644350.0,8.0,1,0,1
39,1521,12.0,22.0,3,102570.0,6.0,1,1,0
40,1600,13.0,48.0,4,1841000.0,9.0,0,1,1
47,2209,15.0,48.0,4,986250.0,9.0,1,1,1
58,3364,15.0,30.0,2,1183500.0,8.0,1,0,1
30,900,12.0,40.0,5,341900.0,12.0,0,0,1
23,529,16.0,40.0,5,526000.0,12.0,0,0,1
21,441,12.0,40.0,5,341900.0,12.0,1,0,1
54,2916,6.0,17.0,4,0.0,4.0,0,1,0
53,2809,6.0,17.0,4,410280.0,3.0,1,1,0
31,961,12.0,20.0,3,394500.0,1.0,0,0,0
49,2401,9.0,8.0,9,26300.0,1.0,0,1,0
54,2916,19.0,30.0,3,854750.0,8.0,1,1,1
57,3249,12.0,25.0,1,315600.0,2.0,1,0,1
28,784,12.0,25.0,3,657500.0,7.0,0,0,0
39,1521,12.0,50.0,4,657500.0,4.0,0,1,1
39,1521,17.0,50.0,4,407650.0,7.0,1,1,1
33,1089,17.0,40.0,3,762700.0,8.0,0,1,1
61,3721,7.0,46.0,4,920500.0,8.0,0,1,1
31,961,15.0,46.0,4,854750.0,8.0,1,0,1
41,1681,17.0,30.0,1,1052000.0,9.0,0,0,1
50,2500,12.0,48.0,7,526000.0,8.0,1,0,1
31,961,17.0,45.0,2,789000.0,1.0,0,1,1
38,1444,16.0,9.0,2,263000.0,1.0,0,1,1
52,2704,10.0,40.0,1,526000.0,9.0,0,0,1
35,1225,12.0,48.0,4,1249250.0,6.0,0,1,1
39,1521,12.0,40.0,4,657500.0,7.0,0,1,1
36,1296,12.0,40.0,4,657500.0,7.0,1,1,1
53,2809,12.0,42.0,4,460250.0,3.0,1,1,0
52,2704,8.0,42.0,4,460250.0,3.0,0,1,0
23,529,13.0,42.0,4,394500.0,3.0,1,0,0
41,1681,15.0,20.0,2,499700.0,10.0,0,1,1
41,1681,15.0,20.0,2,657500.0,9.0,1,1,1
46,2116,17.0,40.0,5,1709500.0,3.0,0,1,1
46,2116,6.0,40.0,5,263000.0,1.0,0,1,1
30,900,17.0,48.0,2,526000.0,1.0,0,1,0
32,1024,15.0,30.0,1,1170350.0,7.0,1,0,1
37,1369,19.0,30.0,3,2630000.0,6.0,1,1,1
38,1444,19.0,30.0,3,2630000.0,1.0,0,1,1
39,1521,15.0,24.0,2,328750.0,1.0,1,0,1
64,4096,6.0,25.0,1,328750.0,1.0,0,0,1
24,576,12.0,48.0,1,263000.0,6.0,1,0,0
47,2209,15.0,28.0,3,394500.0,7.0,1,0,1
42,1764,12.0,35.0,4,394500.0,1.0,1,1,0
55,3025,12.0,45.0,2,394500.0,7.0,1,1,1
63,3969,3.0,40.0,4,92050.0,1.0,1,1,1
35,1225,12.0,40.0,4,789000.0,9.0,0,0,1
53,2809,15.0,40.0,3,920500.0,12.0,1,0,1
52,2704,17.0,50.0,2,1578000.0,6.0,1,1,1
21,441,9.0,40.0,2,168320.0,6.0,1,1,0
23,529,7.0,40.0,2,236700.0,1.0,0,1,0
29,841,8.0,32.0,3,526000.0,1.0,0,1,0
52,2704,17.0,50.0,3,1052000.0,7.0,1,0,1
41,1681,13.0,98.0,3,789000.0,1.0,1,0,0
78,6084,3.0,52.0,2,394500.0,1.0,0,1,1
69,4761,12.0,52.0,2,263000.0,1.0,1,1,1
30,900,7.0,20.0,4,920500.0,1.0,0,1,1
47,2209,12.0,40.0,3,394500.0,6.0,1,1,1
48,2304,12.0,42.0,4,657500.0,2.0,0,1,0
42,1764,6.0,42.0,4,657500.0,2.0,1,1,0
30,900,19.0,42.0,4,1078300.0,9.0,0,1,1
56,3136,6.0,36.0,1,394500.0,1.0,0,0,0
57,3249,15.0,45.0,3,789000.0,8.0,1,0,1
31,961,15.0,45.0,3,131500.0,9.0,1,0,0
39,1521,13.0,5.0,2,92050.0,1.0,0,0,0
35,1225,12.0,45.0,3,1052000.0,7.0,0,0,1
38,1444,15.0,40.0,2,1315000.0,8.0,0,1,1
35,1225,17.0,40.0,2,1315000.0,10.0,0,1,1
25,625,15.0,50.0,1,591750.0,8.0,1,0,1
27,729,12.0,72.0,3,131500.0,2.0,0,0,0
21,441,12.0,40.0,1,394500.0,5.0,0,0,0
43,1849,8.0,12.0,6,499700.0,1.0,0,1,0
69,4761,15.0,42.0,3,657500.0,2.0,1,1,1
46,2116,16.0,48.0,5,920500.0,9.0,1,1,1
71,5041,15.0,42.0,3,657500.0,2.0,0,1,1
39,1521,12.0,48.0,1,131500.0,1.0,1,0,0
31,961,8.0,56.0,4,657500.0,9.0,1,1,1
54,2916,15.0,60.0,1,197250.0,1.0,1,0,1
32,1024,17.0,40.0,5,1972500.0,7.0,0,1,1
31,961,17.0,40.0,5,1170350.0,8.0,1,1,1
21,441,10.0,12.0,3,499700.0,1.0,1,0,1
30,900,9.0,24.0,6,631200.0,10.0,1,0,1
30,900,12.0,30.0,2,263000.0,1.0,0,1,0
52,2704,17.0,48.0,3,1052000.0,7.0,1,1,1
25,625,17.0,48.0,3,2367000.0,7.0,0,0,1
58,3364,13.0,30.0,2,789000.0,8.0,1,0,1
29,841,12.0,36.0,4,131500.0,1.0,1,1,0
29,841,12.0,36.0,4,197250.0,9.0,0,1,0
42,1764,8.0,60.0,3,315600.0,5.0,1,0,0
56,3136,15.0,48.0,3,1052000.0,5.0,0,1,1
62,3844,12.0,0.0,5,920500.0,9.0,0,1,1
38,1444,11.0,48.0,4,234070.0,7.0,1,1,0
27,729,6.0,48.0,4,526000.0,5.0,0,1,1
57,3249,12.0,50.0,4,263000.0,3.0,0,1,1
34,1156,12.0,20.0,1,131500.0,1.0,0,0,0
28,784,9.0,35.0,4,789000.0,2.0,0,1,0
25,625,12.0,40.0,4,394500.0,2.0,0,0,0
53,2809,15.0,30.0,6,1183500.0,10.0,0,1,1
49,2401,11.0,30.0,6,263000.0,5.0,1,1,1
63,3969,6.0,40.0,1,591750.0,1.0,0,0,0
55,3025,15.0,20.0,2,710100.0,7.0,0,1,1
46,2116,12.0,20.0,2,789000.0,1.0,1,1,1
37,1369,15.0,40.0,2,1091450.0,7.0,1,0,1
33,1089,12.0,20.0,3,920500.0,10.0,0,1,1
52,2704,12.0,44.0,1,1012550.0,6.0,1,0,1
61,3721,15.0,46.0,1,789000.0,5.0,1,0,0
44,1936,12.0,40.0,3,1078300.0,9.0,0,1,1
41,1681,14.0,40.0,3,1025700.0,9.0,1,1,1
26,676,12.0,48.0,1,789000.0,7.0,0,0,1
39,1521,12.0,40.0,2,920500.0,6.0,1,0,0
31,961,12.0,48.0,1,1170350.0,9.0,0,0,1
62,3844,15.0,30.0,2,1052000.0,1.0,0,1,1
69,4761,9.0,36.0,2,39450.0,1.0,0,1,1
57,3249,15.0,36.0,2,105200.0,1.0,1,1,1
52,2704,6.0,10.0,4,105200.0,2.0,1,1,0
35,1225,6.0,10.0,4,473400.0,6.0,0,1,0
44,1936,15.0,55.0,4,197250.0,3.0,1,0,0
50,2500,15.0,11.0,2,210400.0,1.0,1,0,1
42,1764,15.0,48.0,2,1183500.0,9.0,1,1,1
46,2116,14.0,48.0,2,657500.0,1.0,0,1,1
34,1156,18.0,72.0,3,2630000.0,7.0,1,1,1
40,1600,17.0,72.0,3,1972500.0,6.0,0,1,1
57,3249,6.0,40.0,2,1578000.0,9.0,0,1,1
66,4356,6.0,32.0,2,302450.0,8.0,0,1,1
35,1225,12.0,45.0,2,1315000.0,7.0,0,1,1
37,1369,15.0,45.0,2,1315000.0,12.0,1,1,1
46,2116,16.0,16.0,5,1117750.0,10.0,0,1,1
57,3249,12.0,50.0,5,368200.0,1.0,0,1,1
44,1936,6.0,12.0,3,210400.0,1.0,0,1,0
23,529,13.0,32.0,2,394500.0,6.0,1,0,1
21,441,12.0,32.0,2,624625.0,3.0,1,0,1
47,2209,14.0,30.0,2,341900.0,10.0,1,0,1
56,3136,12.0,30.0,2,328750.0,1.0,0,0,0
44,1936,12.0,25.0,7,420800.0,8.0,1,1,1
44,1936,12.0,25.0,7,302450.0,7.0,0,1,1
26,676,12.0,32.0,5,197250.0,1.0,1,0,0
44,1936,12.0,48.0,4,1183500.0,11.0,1,0,1
38,1444,15.0,30.0,3,1420200.0,11.0,1,0,1
45,2025,4.0,45.0,3,1183500.0,3.0,0,0,1
25,625,15.0,45.0,3,631200.0,2.0,1,0,1
58,3364,15.0,30.0,2,1315000.0,12.0,0,1,1
47,2209,12.0,35.0,3,789000.0,9.0,1,0,1
21,441,12.0,35.0,3,657500.0,7.0,0,0,1
35,1225,12.0,48.0,3,1315000.0,1.0,0,1,1
43,1849,2.0,84.0,4,46419.5,8.0,1,1,1
37,1369,9.0,8.0,2,157800.0,1.0,0,1,1
41,1681,12.0,46.0,3,1052000.0,9.0,0,1,1
35,1225,12.0,46.0,3,920500.0,3.0,1,1,1
43,1849,12.0,36.0,4,789000.0,2.0,0,1,1
36,1296,13.0,84.0,4,591750.0,2.0,0,1,0
23,529,7.0,48.0,1,1972500.0,12.0,1,0,1
31,961,10.0,35.0,5,52600.0,3.0,0,0,0
62,3844,3.0,35.0,5,263000.0,2.0,1,1,0
59,3481,6.0,35.0,5,52600.0,3.0,0,1,0
36,1296,11.0,35.0,5,52600.0,3.0,0,0,0
18,324,12.0,25.0,3,131500.0,1.0,1,0,1
44,1936,6.0,59.0,2,328750.0,1.0,1,1,1
26,676,15.0,40.0,2,1091450.0,6.0,1,1,1
25,625,12.0,40.0,2,1315000.0,1.0,0,1,1
35,1225,16.0,16.0,5,648295.0,9.0,1,1,1
33,1089,12.0,16.0,5,657500.0,1.0,0,1,0
50,2500,3.0,25.0,3,460250.0,12.0,0,1,1
34,1156,12.0,48.0,3,394500.0,4.0,0,1,0
23,529,12.0,48.0,3,526000.0,4.0,1,1,0
40,1600,8.0,15.0,4,92050.0,2.0,1,1,1
40,1600,6.0,15.0,4,105200.0,2.0,0,1,0
32,1024,7.0,50.0,5,549670.0,7.0,0,1,0
54,2916,17.0,60.0,4,1052000.0,6.0,1,0,1
31,961,12.0,60.0,4,920500.0,5.0,1,0,1
21,441,12.0,60.0,4,526000.0,12.0,0,0,1
35,1225,12.0,60.0,3,1183500.0,6.0,0,1,1
32,1024,12.0,63.0,2,394500.0,1.0,0,1,0
63,3969,14.0,0.0,3,854750.0,9.0,0,1,1
68,4624,16.0,40.0,2,986250.0,4.0,1,1,1
60,3600,15.0,40.0,2,5260000.0,9.0,0,1,1
34,1156,12.0,48.0,2,1262400.0,8.0,0,0,1
32,1024,17.0,50.0,1,2367000.0,9.0,1,0,1
59,3481,15.0,44.0,2,1972500.0,5.0,0,0,1
34,1156,14.0,54.0,4,854750.0,7.0,0,1,1
32,1024,14.0,54.0,4,920500.0,6.0,1,1,1
46,2116,12.0,8.0,5,394500.0,1.0,1,1,0
27,729,12.0,52.0,1,1709500.0,12.0,0,0,1
58,3364,10.0,25.0,6,405020.0,9.0,1,0,1
27,729,12.0,25.0,6,657500.0,9.0,0,1,1
30,900,12.0,24.0,4,591750.0,3.0,0,0,0
25,625,12.0,56.0,2,565450.0,6.0,1,0,0
33,1089,12.0,24.0,4,328750.0,8.0,0,0,0
33,1089,12.0,40.0,4,1052000.0,10.0,0,1,1
70,4900,8.0,48.0,2,157800.0,2.0,1,0,1
29,841,12.0,48.0,2,552300.0,10.0,0,0,1
44,1936,8.0,54.0,5,2235500.0,9.0,0,1,1
30,900,12.0,54.0,5,131500.0,1.0,1,1,1
72,5184,12.0,16.0,2,263000.0,1.0,1,0,1
29,841,12.0,55.0,2,920500.0,6.0,0,1,1
26,676,12.0,55.0,2,591750.0,4.0,1,1,1
21,441,14.0,24.0,1,394500.0,1.0,0,0,1
57,3249,6.0,10.0,3,315600.0,1.0,0,1,1
33,1089,15.0,48.0,1,1709500.0,11.0,0,0,1
46,2116,13.0,44.0,4,2630000.0,11.0,0,1,1
41,1681,15.0,68.0,4,1052000.0,9.0,0,1,1
44,1936,12.0,36.0,4,789000.0,2.0,1,1,1
39,1521,12.0,30.0,4,1052000.0,11.0,0,1,1
65,4225,15.0,32.0,4,986250.0,9.0,1,1,1
27,729,12.0,24.0,4,78900.0,1.0,1,0,1
33,1089,8.0,18.0,4,565450.0,8.0,1,0,1
46,2116,15.0,25.0,2,1052000.0,8.0,1,0,1
22,484,12.0,14.0,1,92050.0,1.0,0,0,0
45,2025,13.0,20.0,2,263000.0,1.0,0,1,1
42,1764,4.0,40.0,3,789000.0,2.0,0,1,0
46,2116,12.0,56.0,4,1183500.0,7.0,0,1,1
46,2116,15.0,56.0,4,1052000.0,7.0,1,1,1
36,1296,12.0,42.0,4,263000.0,1.0,0,1,0
30,900,12.0,48.0,4,1025700.0,11.0,0,1,1
28,784,15.0,40.0,4,1709500.0,9.0,0,1,1
28,784,15.0,40.0,4,1709500.0,9.0,0,0,1
27,729,15.0,40.0,4,526000.0,5.0,0,0,1
51,2601,15.0,48.0,3,1052000.0,7.0,0,1,1
22,484,12.0,48.0,6,315600.0,3.0,0,0,0
66,4356,6.0,40.0,4,1052000.0,1.0,0,1,1
59,3481,19.0,28.0,4,4602500.0,3.0,1,0,1
65,4225,12.0,20.0,3,92050.0,1.0,0,1,0
29,841,15.0,20.0,2,526000.0,12.0,0,0,1
48,2304,8.0,72.0,6,5260000.0,10.0,0,1,1
46,2116,6.0,72.0,6,328750.0,1.0,1,1,1
53,2809,12.0,48.0,1,1446500.0,6.0,0,0,1
49,2401,7.0,60.0,1,3287500.0,8.0,0,0,1
60,3600,17.0,45.0,4,3945000.0,12.0,0,1,1
60,3600,15.0,45.0,4,460250.0,9.0,1,1,1
27,729,15.0,25.0,1,657500.0,7.0,0,0,1
46,2116,17.0,45.0,3,2630000.0,2.0,0,1,1
48,2304,17.0,45.0,3,2630000.0,2.0,1,1,1
20,400,12.0,4.0,4,78900.0,2.0,1,0,0
44,1936,10.0,12.0,3,920500.0,2.0,1,0,0
25,625,8.0,12.0,3,920500.0,5.0,0,0,1
35,1225,8.0,43.0,5,0.0,9.0,0,1,1
30,900,9.0,43.0,5,526000.0,1.0,1,1,1
47,2209,6.0,40.0,3,591750.0,7.0,0,1,1
57,3249,8.0,40.0,3,591750.0,9.0,1,1,1
30,900,9.0,40.0,3,460250.0,1.0,0,0,0
46,2116,17.0,43.0,2,1841000.0,1.0,1,1,1
45,2025,19.0,43.0,2,2630000.0,1.0,0,1,1
41,1681,5.0,24.0,1,526000.0,3.0,0,0,0
38,1444,15.0,35.0,2,789000.0,4.0,1,1,1
49,2401,12.0,40.0,2,789000.0,1.0,0,0,0
34,1156,16.0,30.0,3,657500.0,8.0,1,0,1
43,1849,10.0,40.0,2,789000.0,7.0,0,1,0
29,841,15.0,40.0,2,854750.0,8.0,1,1,1
53,2809,15.0,35.0,1,657500.0,11.0,1,0,1
32,1024,12.0,63.0,2,657500.0,1.0,1,1,1
43,1849,15.0,48.0,4,1091450.0,12.0,0,1,1
57,3249,8.0,50.0,3,986250.0,2.0,1,1,1
60,3600,6.0,50.0,3,986250.0,1.0,0,1,1
37,1369,16.0,50.0,3,1052000.0,7.0,1,0,1
46,2116,13.0,30.0,4,789000.0,4.0,1,1,1
57,3249,17.0,60.0,2,2630000.0,3.0,1,1,1
44,1936,17.0,60.0,2,3945000.0,5.0,1,1,1
27,729,12.0,48.0,4,1052000.0,1.0,1,1,1
32,1024,12.0,48.0,4,1078300.0,3.0,0,1,1
26,676,17.0,49.0,4,1578000.0,6.0,0,0,1
58,3364,4.0,12.0,5,52600.0,1.0,0,0,0
28,784,14.0,21.0,1,263000.0,5.0,1,0,1
27,729,12.0,48.0,3,1025700.0,9.0,1,1,1
26,676,7.0,48.0,3,1288700.0,4.0,0,1,1
39,1521,6.0,27.0,2,473400.0,7.0,0,0,0
22,484,14.0,20.0,3,657500.0,1.0,0,0,1
40,1600,6.0,25.0,1,210400.0,1.0,0,0,0
30,900,17.0,60.0,1,789000.0,1.0,1,0,1
42,1764,15.0,20.0,3,657500.0,4.0,1,0,1
45,2025,12.0,54.0,4,1052000.0,2.0,0,1,1
36,1296,15.0,54.0,4,657500.0,2.0,1,1,0
53,2809,17.0,44.0,1,815300.0,12.0,0,0,1
31,961,15.0,50.0,3,723250.0,8.0,0,1,1
19,361,13.0,12.0,2,230125.0,8.0,1,0,1
51,2601,15.0,32.0,4,1972500.0,2.0,0,1,1
47,2209,15.0,32.0,4,1578000.0,12.0,1,1,1
26,676,16.0,22.0,2,131500.0,5.0,0,0,1
23,529,16.0,22.0,2,236700.0,4.0,0,0,1
43,1849,8.0,48.0,2,526000.0,6.0,1,0,1
23,529,7.0,48.0,2,920500.0,6.0,0,0,1
53,2809,12.0,40.0,3,1091450.0,8.0,1,0,1
33,1089,17.0,45.0,4,1315000.0,7.0,1,0,1
30,900,8.0,82.0,7,460250.0,5.0,0,1,0
42,1764,12.0,48.0,4,526000.0,2.0,0,1,1
43,1849,12.0,48.0,4,526000.0,2.0,1,1,1
26,676,8.0,40.0,4,789000.0,2.0,0,1,0
47,2209,6.0,40.0,4,197250.0,3.0,1,0,1
31,961,15.0,25.0,3,920500.0,9.0,0,0,1
52,2704,14.0,25.0,3,565450.0,5.0,1,0,1
61,3721,15.0,0.0,2,894200.0,11.0,0,0,1
54,2916,16.0,45.0,3,1183500.0,9.0,1,1,1
56,3136,14.0,45.0,3,1183500.0,11.0,0,1,1
74,5476,6.0,36.0,6,460250.0,5.0,0,0,1
37,1369,12.0,36.0,6,789000.0,5.0,0,0,1
34,1156,15.0,36.0,6,460250.0,9.0,1,0,1
49,2401,15.0,36.0,6,789000.0,9.0,1,0,1
41,1681,11.0,36.0,6,394500.0,4.0,0,0,0
38,1444,15.0,30.0,1,394500.0,2.0,0,0,0
29,841,8.0,63.0,2,526000.0,3.0,0,1,0
20,400,13.0,30.0,4,526000.0,4.0,0,0,1
31,961,14.0,45.0,3,1249250.0,8.0,0,1,1
51,2601,12.0,48.0,1,1183500.0,9.0,0,0,1
54,2916,6.0,55.0,3,1578000.0,8.0,0,0,1
48,2304,12.0,30.0,4,1052000.0,4.0,0,1,1
47,2209,17.0,51.0,4,3945000.0,3.0,0,1,1
24,576,17.0,60.0,2,1052000.0,7.0,0,1,1
25,625,17.0,60.0,2,920500.0,1.0,1,1,1
64,4096,6.0,30.0,3,394500.0,1.0,0,0,0
22,484,12.0,30.0,3,433950.0,2.0,0,0,0
50,2500,12.0,56.0,2,657500.0,2.0,0,1,0
52,2704,12.0,56.0,2,657500.0,2.0,1,1,0
51,2601,12.0,48.0,4,131500.0,1.0,0,1,0
38,1444,13.0,24.0,2,1052000.0,2.0,1,0,1
40,1600,10.0,25.0,5,526000.0,3.0,0,1,0
65,4225,10.0,8.0,3,328750.0,1.0,0,1,1
65,4225,6.0,98.0,1,473400.0,1.0,0,0,1
29,841,15.0,20.0,2,394500.0,1.0,1,1,0
26,676,12.0,20.0,2,657500.0,1.0,0,1,0
21,441,8.0,9.0,8,328750.0,7.0,1,0,0
55,3025,12.0,40.0,4,1052000.0,1.0,0,1,1
44,1936,3.0,20.0,3,394500.0,4.0,0,0,0
30,900,15.0,40.0,1,1315000.0,7.0,1,0,1
26,676,12.0,42.0,3,78900.0,2.0,0,1,0
41,1681,17.0,57.0,3,1315000.0,10.0,0,1,1
36,1296,17.0,57.0,3,920500.0,7.0,1,1,1
15,225,8.0,40.0,3,1052000.0,1.0,0,0,1
55,3025,8.0,47.0,1,920500.0,7.0,0,0,1
46,2116,14.0,40.0,2,1183500.0,10.0,1,0,1
24,576,15.0,35.0,4,0.0,12.0,0,1,1
78,6084,19.0,40.0,2,1315000.0,1.0,0,1,1
75,5625,17.0,40.0,2,1709500.0,1.0,1,1,1
25,625,6.0,15.0,4,657500.0,6.0,0,1,0
43,1849,12.0,48.0,3,1052000.0,8.0,0,1,1
43,1849,15.0,48.0,3,526000.0,1.0,1,1,1
47,2209,17.0,40.0,3,920500.0,8.0,1,1,1
39,1521,14.0,40.0,2,1183500.0,2.0,0,0,1
51,2601,17.0,35.0,4,789000.0,1.0,0,1,1
44,1936,17.0,35.0,4,1972500.0,10.0,1,1,1
70,4900,12.0,60.0,1,526000.0,1.0,1,0,1
49,2401,12.0,30.0,10,631200.0,7.0,1,0,1
26,676,12.0,30.0,10,157800.0,1.0,0,1,0
58,3364,19.0,60.0,1,394500.0,11.0,0,0,1
44,1936,17.0,20.0,1,657500.0,7.0,1,0,1
32,1024,15.0,40.0,2,368200.0,7.0,1,0,1
52,2704,12.0,36.0,1,591750.0,9.0,1,0,1
46,2116,17.0,40.0,3,1972500.0,12.0,0,1,1
48,2304,14.0,40.0,3,1183500.0,12.0,1,1,1
54,2916,8.0,36.0,1,1183500.0,3.0,0,0,0
41,1681,15.0,60.0,1,1052000.0,1.0,0,0,0
27,729,15.0,72.0,1,2367000.0,11.0,1,0,1
35,1225,9.0,40.0,4,1183500.0,9.0,0,1,1
35,1225,15.0,25.0,2,591750.0,7.0,1,1,1
40,1600,12.0,25.0,2,65750.0,1.0,0,1,0
25,625,15.0,56.0,4,394500.0,11.0,1,0,1
53,2809,14.0,40.0,3,789000.0,3.0,0,1,1
45,2025,10.0,60.0,3,1052000.0,5.0,0,1,0
49,2401,8.0,40.0,2,526000.0,1.0,1,1,1
48,2304,8.0,20.0,5,657500.0,1.0,0,1,0
48,2304,15.0,30.0,4,460250.0,8.0,1,1,1
59,3481,14.0,40.0,2,1906750.0,12.0,0,0,1
74,5476,9.0,30.0,2,328750.0,1.0,0,1,1
59,3481,6.0,24.0,1,368200.0,1.0,0,0,1
49,2401,17.0,30.0,4,1183500.0,12.0,0,1,1
54,2916,12.0,56.0,1,789000.0,2.0,0,0,1
50,2500,17.0,48.0,2,1643750.0,1.0,1,0,1
57,3249,17.0,40.0,4,815300.0,9.0,1,1,1
27,729,17.0,40.0,4,1315000.0,8.0,0,0,1
30,900,17.0,48.0,2,1709500.0,12.0,0,1,1
29,841,17.0,48.0,2,2104000.0,11.0,1,1,1
55,3025,12.0,30.0,5,789000.0,10.0,1,1,1
62,3844,6.0,30.0,5,1052000.0,11.0,0,1,1
28,784,16.0,30.0,5,164375.0,4.0,1,0,0
40,1600,12.0,0.0,2,894200.0,9.0,0,0,1
58,3364,19.0,45.0,2,2104000.0,7.0,1,0,1
35,1225,13.0,60.0,3,460250.0,1.0,1,0,1
62,3844,12.0,70.0,3,920500.0,1.0,0,1,1
20,400,7.0,70.0,3,591750.0,7.0,0,0,1
48,2304,17.0,40.0,1,1052000.0,10.0,1,0,1
41,1681,6.0,56.0,4,368200.0,1.0,1,1,0
29,841,6.0,56.0,4,368200.0,4.0,0,1,0
65,4225,6.0,30.0,1,920500.0,8.0,1,0,1
47,2209,18.0,54.0,3,1578000.0,11.0,1,1,1
36,1296,19.0,54.0,3,1315000.0,10.0,0,1,1
49,2401,9.0,36.0,4,1841000.0,6.0,0,1,1
43,1849,12.0,36.0,4,526000.0,1.0,1,1,1
52,2704,17.0,40.0,5,1972500.0,7.0,1,1,1
26,676,12.0,40.0,5,789000.0,5.0,0,0,1
57,3249,12.0,40.0,4,2367000.0,10.0,0,1,1
54,2916,6.0,40.0,2,749550.0,6.0,0,1,1
40,1600,12.0,20.0,3,2630000.0,1.0,1,0,1
71,5041,12.0,40.0,1,105200.0,1.0,1,0,1
34,1156,18.0,25.0,3,710100.0,8.0,1,1,1
39,1521,12.0,54.0,2,1183500.0,10.0,0,0,1
36,1296,12.0,25.0,4,1117750.0,6.0,1,1,1
37,1369,6.0,25.0,4,1288700.0,10.0,0,1,1
60,3600,13.0,48.0,2,591750.0,5.0,0,1,1
45,2025,11.0,40.0,5,1578000.0,10.0,0,1,1
35,1225,12.0,40.0,5,131500.0,1.0,1,1,1
36,1296,12.0,45.0,1,1052000.0,11.0,0,0,1
33,1089,12.0,40.0,5,526000.0,3.0,0,1,0
35,1225,12.0,56.0,4,657500.0,5.0,0,1,0
50,2500,17.0,35.0,4,1578000.0,12.0,1,1,1
56,3136,7.0,48.0,4,1052000.0,12.0,0,1,1
28,784,12.0,48.0,4,526000.0,2.0,1,0,1
52,2704,8.0,35.0,4,328750.0,2.0,0,1,1
49,2401,17.0,35.0,4,789000.0,9.0,1,1,1
21,441,12.0,35.0,4,631200.0,1.0,0,0,0
43,1849,12.0,44.0,4,263000.0,1.0,1,1,1
32,1024,15.0,48.0,1,3024500.0,10.0,1,0,1
58,3364,9.0,35.0,4,1578000.0,8.0,0,1,1
41,1681,15.0,25.0,1,723250.0,1.0,1,0,1
34,1156,13.0,40.0,1,986250.0,11.0,0,0,1
55,3025,12.0,30.0,2,1117750.0,2.0,0,0,1
35,1225,12.0,64.0,2,1117750.0,9.0,1,0,1
50,2500,17.0,40.0,3,3287500.0,7.0,0,1,1
45,2025,17.0,40.0,3,1972500.0,2.0,1,1,1
37,1369,17.0,40.0,4,263000.0,1.0,1,1,1
60,3600,8.0,48.0,10,526000.0,6.0,0,1,0
45,2025,12.0,20.0,5,394500.0,1.0,1,1,1
49,2401,8.0,72.0,3,1052000.0,1.0,0,1,0
59,3481,12.0,48.0,1,1183500.0,2.0,0,0,0
62,3844,12.0,45.0,2,1841000.0,7.0,0,1,1
56,3136,12.0,40.0,3,1117750.0,7.0,0,1,1
23,529,13.0,48.0,2,131500.0,1.0,1,0,1
38,1444,12.0,27.0,2,1249250.0,3.0,1,1,1
28,784,6.0,48.0,3,789000.0,7.0,0,1,1
48,2304,17.0,32.0,4,3287500.0,12.0,0,1,1
43,1849,17.0,32.0,4,2630000.0,12.0,1,1,1
24,576,10.0,50.0,1,263000.0,7.0,0,0,0
63,3969,17.0,20.0,4,789000.0,9.0,0,1,1
59,3481,8.0,24.0,1,394500.0,1.0,0,0,0
75,5625,6.0,30.0,1,526000.0,1.0,0,0,1
34,1156,17.0,30.0,3,1183500.0,9.0,1,1,1
34,1156,17.0,30.0,3,1183500.0,8.0,0,1,1
38,1444,12.0,54.0,4,1972500.0,1.0,0,1,1
55,3025,15.0,45.0,1,1052000.0,9.0,1,0,1
50,2500,17.0,40.0,2,3287500.0,9.0,1,0,1
27,729,17.0,60.0,1,1315000.0,1.0,1,0,1
30,900,17.0,14.0,3,526000.0,1.0,1,1,1
35,1225,12.0,14.0,3,920500.0,2.0,0,1,0
42,1764,12.0,48.0,2,789000.0,10.0,1,0,1
56,3136,17.0,48.0,5,1052000.0,8.0,0,1,1
53,2809,17.0,48.0,5,1315000.0,8.0,1,1,1
38,1444,17.0,56.0,4,1972500.0,6.0,0,1,1
32,1024,12.0,56.0,4,2630000.0,11.0,1,1,1
62,3844,17.0,43.0,1,2235500.0,10.0,0,0,1
32,1024,12.0,48.0,1,263000.0,1.0,0,0,0
29,841,14.0,48.0,3,52600.0,1.0,1,1,0
47,2209,14.0,20.0,3,683800.0,7.0,1,0,1
46,2116,15.0,40.0,3,696950.0,8.0,1,0,1
65,4225,12.0,40.0,3,52600.0,2.0,0,0,1
36,1296,12.0,42.0,4,2630000.0,12.0,0,1,1
38,1444,9.0,42.0,4,920500.0,9.0,1,1,1
33,1089,12.0,56.0,4,789000.0,6.0,1,1,0
43,1849,15.0,48.0,2,789000.0,8.0,0,1,1
32,1024,12.0,40.0,2,789000.0,7.0,1,0,1
31,961,12.0,40.0,2,657500.0,6.0,1,0,1
54,2916,17.0,70.0,1,1052000.0,12.0,0,0,1
35,1225,12.0,48.0,4,812670.0,7.0,0,1,1
22,484,12.0,48.0,4,394500.0,1.0,1,0,1
31,961,12.0,36.0,2,263000.0,3.0,0,1,0
33,1089,6.0,48.0,1,315600.0,9.0,0,0,0
59,3481,10.0,48.0,2,657500.0,5.0,1,0,1
55,3025,6.0,60.0,1,789000.0,11.0,0,0,1
32,1024,17.0,40.0,2,1315000.0,6.0,0,1,1
56,3136,9.0,12.0,2,102570.0,6.0,1,0,0
45,2025,6.0,12.0,2,102570.0,6.0,0,0,0
31,961,8.0,57.0,4,1144050.0,8.0,0,1,1
47,2209,6.0,54.0,6,657500.0,7.0,0,1,1
41,1681,15.0,24.0,5,841600.0,9.0,1,1,1
42,1764,12.0,45.0,2,657500.0,6.0,1,0,1
26,676,14.0,45.0,2,1446500.0,4.0,1,1,1
23,529,14.0,45.0,2,591750.0,4.0,0,1,1
37,1369,14.0,52.0,2,1183500.0,12.0,0,1,1
24,576,14.0,52.0,2,2630000.0,5.0,1,1,1
64,4096,12.0,36.0,1,1183500.0,1.0,0,0,0
59,3481,15.0,50.0,1,789000.0,6.0,1,0,1
41,1681,8.0,30.0,5,526000.0,9.0,0,1,1
36,1296,10.0,30.0,5,473400.0,9.0,1,1,1
57,3249,9.0,34.0,4,1183500.0,11.0,0,1,1
56,3136,8.0,34.0,4,959950.0,9.0,1,1,1
34,1156,14.0,72.0,2,504960.0,8.0,1,1,0
37,1369,17.0,72.0,2,526000.0,10.0,0,1,1
59,3481,19.0,32.0,2,3287500.0,3.0,0,1,1
63,3969,19.0,32.0,2,1643750.0,2.0,1,1,1
43,1849,12.0,42.0,4,1972500.0,12.0,0,1,1
38,1444,17.0,54.0,4,657500.0,1.0,1,1,0
32,1024,15.0,35.0,2,1052000.0,7.0,0,1,1
26,676,15.0,35.0,2,854750.0,8.0,1,1,1
46,2116,15.0,30.0,4,789000.0,6.0,1,0,0
69,4761,17.0,21.0,2,1052000.0,12.0,0,1,1
66,4356,15.0,21.0,2,1315000.0,3.0,1,1,1
42,1764,6.0,30.0,2,526000.0,8.0,1,0,1
44,1936,10.0,56.0,5,1315000.0,6.0,0,1,0
42,1764,12.0,56.0,5,1052000.0,1.0,1,1,0
23,529,12.0,56.0,5,1052000.0,6.0,0,0,1
21,441,12.0,56.0,5,1446500.0,8.0,0,0,1
59,3481,12.0,32.0,5,920500.0,6.0,0,1,1
44,1936,6.0,36.0,6,263000.0,2.0,0,1,0
22,484,12.0,44.0,2,460250.0,6.0,0,1,1
50,2500,15.0,20.0,2,420800.0,2.0,1,1,1
47,2209,14.0,30.0,7,328750.0,1.0,0,1,1
48,2304,12.0,30.0,7,394500.0,6.0,1,1,1
27,729,9.0,30.0,7,263000.0,2.0,0,1,0
31,961,12.0,30.0,7,355050.0,3.0,1,1,0
21,441,12.0,30.0,7,157800.0,4.0,0,0,0
56,3136,15.0,20.0,2,631200.0,8.0,0,1,1
54,2916,9.0,30.0,2,657500.0,12.0,0,0,1
30,900,6.0,30.0,2,394500.0,12.0,0,0,1
54,2916,6.0,40.0,6,460250.0,3.0,0,1,1
74,5476,12.0,25.0,2,1972500.0,3.0,0,1,1
43,1849,14.0,56.0,2,486550.0,6.0,1,1,1
60,3600,12.0,53.0,2,920500.0,1.0,0,1,1
48,2304,17.0,24.0,1,1183500.0,1.0,1,0,1
47,2209,19.0,30.0,4,1315000.0,2.0,1,0,1
60,3600,6.0,0.0,5,723250.0,10.0,0,1,1
27,729,12.0,0.0,5,499700.0,1.0,0,0,0
24,576,12.0,0.0,5,263000.0,1.0,0,0,0
31,961,17.0,40.0,2,1315000.0,4.0,1,1,1
44,1936,12.0,60.0,4,1052000.0,4.0,0,1,1
33,1089,12.0,42.0,2,328750.0,11.0,1,0,1
39,1521,9.0,42.0,2,394500.0,1.0,0,0,0
30,900,14.0,40.0,3,959950.0,6.0,1,1,1
34,1156,12.0,40.0,3,959950.0,6.0,0,1,1
45,2025,12.0,53.0,3,657500.0,1.0,0,1,1
41,1681,6.0,53.0,3,197250.0,7.0,1,1,1
31,961,12.0,56.0,4,657500.0,7.0,0,1,1
53,2809,12.0,30.0,2,1249250.0,8.0,1,1,1
56,3136,12.0,30.0,2,394500.0,3.0,0,1,1
43,1849,12.0,12.0,5,197250.0,1.0,0,1,1
50,2500,12.0,56.0,7,1052000.0,1.0,0,1,1
42,1764,16.0,56.0,7,723250.0,10.0,1,1,1
44,1936,3.0,34.0,2,157800.0,2.0,0,0,0
43,1849,9.0,40.0,4,1130900.0,9.0,0,1,1
18,324,12.0,70.0,3,65750.0,2.0,0,0,0
65,4225,6.0,18.0,1,13150.0,1.0,0,0,0
51,2601,17.0,50.0,1,1315000.0,2.0,1,1,1
62,3844,12.0,40.0,3,1446500.0,11.0,1,1,1
44,1936,14.0,30.0,4,920500.0,8.0,0,1,1
46,2116,15.0,25.0,1,526000.0,1.0,1,0,0
60,3600,17.0,63.0,3,1972500.0,1.0,0,1,1
43,1849,6.0,36.0,6,263000.0,2.0,1,1,0
26,676,17.0,25.0,2,2064550.0,6.0,1,0,1
58,3364,10.0,24.0,1,526000.0,2.0,1,0,1
66,4356,13.0,40.0,2,1315000.0,8.0,0,1,1
22,484,10.0,36.0,2,368200.0,7.0,1,1,1
60,3600,17.0,56.0,2,920500.0,2.0,0,1,1
61,3721,14.0,56.0,2,920500.0,2.0,1,1,1
26,676,6.0,36.0,2,263000.0,2.0,0,1,0
37,1369,10.0,60.0,1,591750.0,3.0,0,0,1
46,2116,6.0,42.0,1,657500.0,1.0,0,0,0
19,361,12.0,44.0,5,210400.0,2.0,0,0,0
36,1296,6.0,44.0,5,368200.0,2.0,0,1,0
46,2116,6.0,40.0,6,526000.0,6.0,1,1,1
28,784,12.0,14.0,6,789000.0,5.0,1,0,1
62,3844,12.0,40.0,1,657500.0,1.0,0,0,0
44,1936,15.0,40.0,3,1183500.0,7.0,1,0,1
46,2116,12.0,56.0,4,420800.0,7.0,0,1,0
22,484,15.0,56.0,4,131500.0,1.0,0,0,0
53,2809,15.0,45.0,3,1578000.0,7.0,1,0,1
19,361,12.0,45.0,3,394500.0,7.0,1,0,1
45,2025,15.0,50.0,3,1167720.0,12.0,1,1,1
30,900,12.0,45.0,3,2235500.0,12.0,0,1,1
32,1024,11.0,25.0,8,394500.0,1.0,0,1,0
44,1936,12.0,44.0,2,789000.0,4.0,0,0,1
35,1225,12.0,36.0,3,1052000.0,12.0,0,1,1
54,2916,10.0,48.0,5,657500.0,1.0,0,1,0
17,289,10.0,48.0,5,234070.0,5.0,0,0,0
32,1024,7.0,36.0,3,789000.0,12.0,1,1,1
63,3969,15.0,0.0,1,1709500.0,7.0,0,0,1
48,2304,13.0,15.0,5,657500.0,1.0,0,1,1
32,1024,12.0,48.0,4,394500.0,2.0,0,0,0
30,900,12.0,48.0,4,65750.0,3.0,0,0,0
49,2401,6.0,40.0,2,328750.0,1.0,0,1,1
25,625,12.0,40.0,5,263000.0,1.0,0,1,0
70,4900,12.0,40.0,3,486550.0,1.0,0,1,1
38,1444,17.0,40.0,3,591750.0,1.0,1,0,1
20,400,8.0,44.0,1,328750.0,1.0,0,0,0
18,324,12.0,32.0,5,157800.0,5.0,0,0,0
35,1225,17.0,50.0,4,1203225.0,12.0,0,1,1
31,961,16.0,50.0,4,131500.0,1.0,1,1,1
64,4096,17.0,40.0,3,1578000.0,12.0,0,1,1
26,676,15.0,42.0,2,657500.0,8.0,1,1,1
23,529,15.0,42.0,2,591750.0,8.0,0,1,1
45,2025,17.0,50.0,3,526000.0,5.0,1,0,1
56,3136,17.0,20.0,2,526000.0,1.0,1,0,0
41,1681,12.0,45.0,4,1578000.0,11.0,0,1,1
46,2116,6.0,0.0,4,789000.0,6.0,0,1,1
50,2500,17.0,55.0,3,526000.0,1.0,1,1,1
76,5776,9.0,30.0,1,1709500.0,10.0,0,0,1
65,4225,12.0,40.0,1,3945000.0,11.0,0,0,1
37,1369,12.0,33.0,4,526000.0,9.0,0,1,1
45,2025,12.0,30.0,2,1157200.0,7.0,1,0,1
70,4900,6.0,60.0,4,526000.0,1.0,1,0,1
34,1156,15.0,60.0,4,394500.0,1.0,1,0,1
25,625,10.0,15.0,4,263000.0,2.0,0,0,0
28,784,12.0,15.0,4,236700.0,1.0,1,0,0
67,4489,12.0,48.0,2,657500.0,6.0,0,0,1
28,784,13.0,48.0,2,0.0,4.0,0,0,0
45,2025,16.0,26.0,3,3945000.0,12.0,0,1,1
51,2601,5.0,48.0,1,131500.0,1.0,0,0,0
27,729,12.0,30.0,1,460250.0,4.0,0,0,0
58,3364,6.0,20.0,3,263000.0,1.0,0,1,0
57,3249,8.0,20.0,3,263000.0,1.0,1,1,0
48,2304,6.0,72.0,5,2367000.0,12.0,0,1,1
21,441,10.0,30.0,4,526000.0,5.0,0,0,0
63,3969,12.0,36.0,3,2235500.0,1.0,0,1,1
25,625,12.0,36.0,3,1183500.0,1.0,0,0,1
35,1225,19.0,56.0,3,1183500.0,9.0,0,1,1
29,841,15.0,30.0,3,854750.0,10.0,1,1,1
25,625,12.0,54.0,4,999400.0,5.0,0,1,1
59,3481,6.0,40.0,4,394500.0,8.0,1,1,1
48,2304,17.0,15.0,5,2630000.0,9.0,1,1,1
41,1681,12.0,0.0,7,1315000.0,9.0,0,1,1
39,1521,17.0,0.0,7,959950.0,9.0,1,1,1
48,2304,6.0,0.0,7,631200.0,6.0,0,0,1
42,1764,12.0,32.0,3,631200.0,1.0,0,1,1
39,1521,12.0,32.0,3,52600.0,1.0,1,1,1
58,3364,6.0,35.0,4,657500.0,1.0,0,1,0
57,3249,6.0,35.0,4,0.0,4.0,1,1,0
32,1024,12.0,35.0,4,0.0,4.0,1,1,0
30,900,12.0,35.0,4,0.0,4.0,0,1,0
26,676,12.0,84.0,2,657500.0,4.0,0,1,0
25,625,12.0,84.0,2,263000.0,2.0,1,1,0
38,1444,12.0,28.0,3,789000.0,3.0,1,1,1
40,1600,12.0,28.0,3,394500.0,1.0,0,1,0
48,2304,12.0,44.0,4,1315000.0,9.0,0,1,1
47,2209,6.0,72.0,3,1315000.0,7.0,1,0,1
42,1764,17.0,20.0,3,473400.0,1.0,1,0,1
22,484,12.0,20.0,3,1972500.0,1.0,0,0,1
58,3364,9.0,3.0,2,7890.0,1.0,0,0,0
39,1521,14.0,40.0,3,881050.0,7.0,1,1,1
43,1849,15.0,48.0,3,1183500.0,9.0,1,0,1
62,3844,17.0,20.0,2,1972500.0,11.0,1,0,1
28,784,17.0,20.0,2,1972500.0,12.0,0,0,1
61,3721,12.0,54.0,3,1578000.0,9.0,0,1,1
31,961,7.0,40.0,4,1315000.0,9.0,0,1,1
26,676,14.0,40.0,2,657500.0,1.0,1,1,1
41,1681,12.0,40.0,4,394500.0,1.0,0,1,0
33,1089,14.0,75.0,2,657500.0,6.0,0,1,1
57,3249,17.0,46.0,1,2235500.0,8.0,1,0,1
36,1296,15.0,48.0,3,657500.0,8.0,1,1,1
41,1681,6.0,18.0,4,263000.0,5.0,1,1,0
46,2116,6.0,18.0,4,249850.0,7.0,0,1,0
23,529,12.0,18.0,4,986250.0,6.0,1,0,1
48,2304,12.0,60.0,3,526000.0,1.0,1,1,1
38,1444,16.0,84.0,3,1315000.0,6.0,0,1,1
36,1296,15.0,84.0,3,0.0,6.0,1,1,1
39,1521,7.0,30.0,3,854750.0,1.0,0,1,0
31,961,12.0,30.0,3,854750.0,10.0,0,0,1
51,2601,12.0,42.0,4,1052000.0,3.0,1,1,1
53,2809,12.0,42.0,4,3945000.0,3.0,0,1,1
27,729,12.0,42.0,4,789000.0,3.0,0,0,1
32,1024,12.0,45.0,6,1578000.0,11.0,0,1,1
28,784,9.0,40.0,4,789000.0,7.0,0,0,1
50,2500,12.0,66.0,5,2630000.0,3.0,0,1,1
49,2401,12.0,66.0,5,197250.0,1.0,1,1,1
46,2116,17.0,42.0,4,131500.0,9.0,0,1,1
45,2025,15.0,52.0,4,1315000.0,3.0,0,1,1
26,676,8.0,40.0,4,854750.0,7.0,1,0,1
25,625,15.0,20.0,4,236700.0,1.0,1,0,0
39,1521,17.0,56.0,2,1709500.0,9.0,1,0,1
51,2601,8.0,36.0,1,102570.0,6.0,0,0,1
28,784,12.0,40.0,2,1183500.0,3.0,0,1,0
28,784,15.0,40.0,2,1183500.0,5.0,1,1,1
29,841,17.0,48.0,2,631200.0,3.0,1,0,1
70,4900,3.0,0.0,3,657500.0,12.0,0,1,1
37,1369,12.0,40.0,5,1315000.0,10.0,0,1,1
56,3136,17.0,18.0,1,657500.0,1.0,0,0,0
56,3136,6.0,37.0,1,394500.0,2.0,1,0,1
19,361,12.0,102.0,4,683800.0,7.0,1,0,0
60,3600,17.0,40.0,1,1972500.0,7.0,0,0,1
36,1296,12.0,60.0,4,1052000.0,3.0,0,1,0
50,2500,15.0,65.0,4,3945000.0,6.0,0,1,1
49,2401,15.0,65.0,4,657500.0,10.0,1,1,1
52,2704,17.0,53.0,3,1315000.0,1.0,1,0,0
57,3249,6.0,44.0,3,1052000.0,1.0,0,1,0
55,3025,9.0,44.0,3,526000.0,1.0,1,1,0
36,1296,12.0,56.0,4,657500.0,2.0,1,1,0
44,1936,17.0,45.0,3,2630000.0,12.0,0,1,1
21,441,12.0,45.0,3,657500.0,1.0,0,0,1
49,2401,14.0,30.0,4,657500.0,9.0,0,1,1
44,1936,10.0,35.0,6,1183500.0,1.0,0,1,1
32,1024,12.0,30.0,9,368200.0,2.0,1,0,1
25,625,13.0,42.0,1,394500.0,9.0,1,0,1
49,2401,15.0,8.0,1,230125.0,11.0,1,0,1
47,2209,13.0,40.0,4,1052000.0,11.0,0,1,1
34,1156,15.0,44.0,3,1052000.0,1.0,0,1,1
38,1444,15.0,44.0,3,197250.0,9.0,1,1,1
37,1369,15.0,36.0,4,1972500.0,8.0,1,0,1
32,1024,12.0,36.0,4,1052000.0,5.0,1,0,1
35,1225,12.0,0.0,4,1104600.0,11.0,0,1,0
39,1521,15.0,0.0,4,526000.0,9.0,1,1,1
29,841,15.0,12.0,2,1315000.0,6.0,0,0,1
45,2025,8.0,18.0,7,328750.0,1.0,1,1,1
58,3364,12.0,40.0,1,591750.0,1.0,0,0,1
43,1849,8.0,48.0,6,526000.0,4.0,0,1,1
35,1225,9.0,30.0,4,263000.0,9.0,1,0,0
32,1024,15.0,30.0,2,1315000.0,2.0,0,1,1
47,2209,17.0,50.0,4,920500.0,6.0,0,1,1
28,784,7.0,30.0,6,368200.0,3.0,0,0,0
44,1936,15.0,48.0,1,789000.0,2.0,0,0,0
56,3136,12.0,16.0,4,328750.0,1.0,1,0,1
60,3600,14.0,24.0,4,102570.0,7.0,1,0,1
29,841,13.0,24.0,4,102570.0,7.0,1,0,1
22,484,12.0,24.0,4,102570.0,7.0,1,0,1
30,900,12.0,18.0,3,394500.0,3.0,1,0,1
34,1156,14.0,35.0,4,328750.0,6.0,1,0,1
43,1849,13.0,35.0,1,789000.0,7.0,1,0,1
34,1156,17.0,56.0,2,1315000.0,12.0,1,1,1
34,1156,12.0,56.0,2,1315000.0,7.0,0,1,1
37,1369,17.0,56.0,3,2630000.0,12.0,1,0,1
46,2116,14.0,10.0,4,526000.0,1.0,0,1,0
47,2209,12.0,10.0,4,526000.0,1.0,1,1,0
49,2401,17.0,40.0,2,1052000.0,7.0,0,0,1
21,441,13.0,40.0,2,867900.0,5.0,0,0,1
42,1764,10.0,50.0,3,789000.0,4.0,0,0,1
37,1369,12.0,40.0,3,591750.0,1.0,0,1,0
51,2601,15.0,23.0,5,52600.0,1.0,1,0,0
54,2916,7.0,40.0,3,526000.0,6.0,0,1,1
57,3249,15.0,65.0,4,657500.0,3.0,0,1,1
28,784,12.0,65.0,4,394500.0,3.0,0,0,0
34,1156,12.0,45.0,5,604900.0,10.0,0,1,1
36,1296,13.0,45.0,5,263000.0,8.0,1,1,1
50,2500,8.0,35.0,5,526000.0,1.0,1,1,1
63,3969,15.0,60.0,2,657500.0,6.0,1,1,1
43,1849,7.0,30.0,4,526000.0,1.0,0,1,1
39,1521,12.0,30.0,4,1446500.0,10.0,1,1,1
52,2704,15.0,36.0,1,1709500.0,7.0,1,0,1
55,3025,6.0,35.0,5,1446500.0,11.0,0,1,1
66,4356,6.0,24.0,4,394500.0,1.0,0,1,1
52,2704,12.0,24.0,4,1841000.0,6.0,1,1,1
29,841,17.0,24.0,4,920500.0,3.0,1,0,1
40,1600,6.0,48.0,5,657500.0,7.0,0,1,0
42,1764,6.0,40.0,3,449730.0,5.0,1,0,1
21,441,11.0,40.0,3,657500.0,6.0,0,0,0
31,961,15.0,40.0,3,986250.0,4.0,0,0,0
50,2500,6.0,17.0,2,157800.0,1.0,1,0,0
42,1764,15.0,30.0,4,1052000.0,9.0,1,1,1
52,2704,19.0,55.0,4,2630000.0,8.0,0,1,1
56,3136,15.0,20.0,2,1117750.0,9.0,0,1,1
52,2704,6.0,30.0,1,894200.0,8.0,0,0,1
50,2500,12.0,45.0,1,1315000.0,8.0,0,0,1
53,2809,12.0,55.0,5,1183500.0,8.0,0,1,1
50,2500,12.0,55.0,5,131500.0,2.0,1,1,1
29,841,15.0,55.0,5,394500.0,8.0,1,0,1
31,961,19.0,48.0,2,1183500.0,9.0,1,0,1
45,2025,12.0,37.0,4,986250.0,8.0,0,1,1
41,1681,12.0,37.0,4,920500.0,6.0,1,1,1
25,625,17.0,30.0,2,1052000.0,2.0,0,1,0
23,529,12.0,30.0,2,657500.0,4.0,1,0,0
40,1600,12.0,36.0,4,1578000.0,6.0,0,1,1
34,1156,12.0,42.0,2,1183500.0,5.0,1,0,1
34,1156,12.0,45.0,2,1578000.0,11.0,0,0,1
30,900,12.0,45.0,3,1578000.0,11.0,1,1,1
32,1024,12.0,45.0,3,1578000.0,11.0,0,1,1
38,1444,14.0,33.0,5,920500.0,6.0,0,1,1
27,729,12.0,18.0,7,263000.0,1.0,1,0,0
23,529,8.0,18.0,7,394500.0,1.0,0,1,0
41,1681,7.0,60.0,1,657500.0,1.0,0,0,0
31,961,15.0,30.0,2,657500.0,7.0,1,1,1
40,1600,17.0,50.0,3,1315000.0,2.0,1,1,1
31,961,12.0,48.0,3,131500.0,1.0,1,0,0
53,2809,12.0,15.0,5,236700.0,8.0,1,1,1
54,2916,12.0,15.0,5,552300.0,6.0,0,1,0
30,900,12.0,15.0,5,263000.0,1.0,1,0,0
26,676,12.0,15.0,5,263000.0,7.0,1,0,0
23,529,12.0,15.0,5,631200.0,7.0,1,0,0
30,900,14.0,35.0,1,4602500.0,8.0,0,0,1
44,1936,12.0,48.0,5,1972500.0,3.0,0,1,1
41,1681,7.0,48.0,6,1315000.0,7.0,0,1,1
36,1296,7.0,48.0,6,789000.0,6.0,0,0,1
35,1225,14.0,30.0,3,460250.0,8.0,1,1,1
43,1849,15.0,48.0,4,789000.0,9.0,1,1,1
19,361,12.0,40.0,4,276150.0,8.0,1,0,1
61,3721,6.0,60.0,3,1315000.0,2.0,0,1,0
20,400,12.0,60.0,3,394500.0,2.0,0,0,0
34,1156,9.0,45.0,5,92050.0,1.0,1,1,1
28,784,14.0,45.0,1,2104000.0,12.0,1,0,1
27,729,15.0,58.0,2,0.0,10.0,0,1,1
41,1681,12.0,48.0,4,328750.0,1.0,1,1,1
21,441,12.0,48.0,4,0.0,2.0,1,0,1
41,1681,12.0,60.0,2,789000.0,1.0,0,0,0
19,361,12.0,48.0,4,1315000.0,12.0,0,1,1
55,3025,16.0,39.0,2,1288700.0,12.0,0,1,1
58,3364,15.0,39.0,2,105200.0,1.0,1,1,1
52,2704,12.0,20.0,3,394500.0,1.0,0,0,0
29,841,15.0,60.0,2,1170350.0,12.0,1,0,1
62,3844,15.0,12.0,3,131500.0,8.0,1,0,1
31,961,17.0,12.0,3,591750.0,9.0,0,0,1
29,841,17.0,12.0,3,604900.0,12.0,0,0,1
23,529,11.0,20.0,3,0.0,1.0,0,0,1
20,400,11.0,20.0,3,0.0,1.0,1,1,1
42,1764,12.0,30.0,7,789000.0,7.0,1,0,1
23,529,12.0,20.0,3,0.0,1.0,0,1,0
65,4225,6.0,18.0,4,315600.0,7.0,0,0,0
33,1089,12.0,40.0,4,789000.0,10.0,0,1,1
46,2116,3.0,0.0,6,98625.0,2.0,0,1,0
40,1600,15.0,0.0,6,98625.0,2.0,1,1,0
18,324,10.0,0.0,6,47340.0,5.0,1,0,0
64,4096,17.0,10.0,1,131500.0,1.0,1,0,1
63,3969,12.0,12.0,2,289300.0,2.0,0,0,1
24,576,13.0,20.0,1,447100.0,5.0,0,0,1
53,2809,16.0,72.0,1,1117750.0,6.0,1,0,1
64,4096,12.0,40.0,1,920500.0,4.0,0,0,1
41,1681,6.0,28.0,7,236700.0,6.0,0,1,0
26,676,6.0,28.0,7,526000.0,4.0,0,0,0
21,441,6.0,28.0,7,341900.0,6.0,0,0,0
19,361,6.0,28.0,7,102570.0,7.0,1,1,1
23,529,6.0,28.0,7,420800.0,5.0,0,1,0
30,900,6.0,50.0,6,526000.0,1.0,0,1,0
37,1369,15.0,25.0,6,986250.0,7.0,1,1,1
40,1600,12.0,25.0,6,1972500.0,8.0,0,1,1
62,3844,6.0,20.0,2,526000.0,3.0,0,1,1
73,5329,12.0,20.0,1,2630000.0,7.0,0,0,1
59,3481,9.0,30.0,2,526000.0,8.0,0,1,1
54,2916,12.0,30.0,2,526000.0,10.0,1,1,1
64,4096,12.0,30.0,2,1052000.0,7.0,1,1,1
54,2916,9.0,35.0,3,394500.0,1.0,0,1,0
22,484,12.0,35.0,3,394500.0,5.0,1,0,0
52,2704,12.0,30.0,4,263000.0,2.0,0,1,0
23,529,8.0,9.0,5,131500.0,6.0,0,0,0
21,441,12.0,40.0,4,526000.0,2.0,0,0,1
41,1681,12.0,12.0,4,394500.0,6.0,1,1,0
47,2209,14.0,40.0,1,920500.0,8.0,0,0,1
55,3025,12.0,30.0,5,920500.0,7.0,0,1,1
49,2401,15.0,30.0,5,657500.0,7.0,1,1,1
28,784,15.0,30.0,5,854750.0,7.0,1,0,1
37,1369,17.0,40.0,2,1315000.0,9.0,1,0,1
73,5329,17.0,30.0,2,1183500.0,1.0,0,1,1
35,1225,9.0,44.0,5,1972500.0,2.0,0,1,1
61,3721,6.0,32.0,1,854750.0,1.0,0,0,0
63,3969,6.0,45.0,1,854750.0,1.0,0,0,0
56,3136,15.0,45.0,5,1578000.0,10.0,0,1,1
40,1600,12.0,45.0,5,565450.0,11.0,1,1,1
64,4096,12.0,40.0,4,1315000.0,6.0,0,1,1
24,576,12.0,25.0,3,460250.0,3.0,0,0,1
21,441,12.0,25.0,3,394500.0,6.0,0,0,0
46,2116,15.0,40.0,4,657500.0,6.0,1,1,1
19,361,12.0,40.0,4,854750.0,9.0,0,0,1
35,1225,14.0,24.0,2,499700.0,10.0,1,0,1
27,729,15.0,45.0,1,1341300.0,9.0,0,0,1
29,841,10.0,48.0,4,526000.0,2.0,0,1,0
74,5476,6.0,15.0,1,52600.0,1.0,1,0,1
50,2500,8.0,48.0,1,1315000.0,7.0,0,0,1
33,1089,12.0,54.0,5,1315000.0,9.0,0,1,0
38,1444,12.0,54.0,5,1315000.0,9.0,1,1,0
25,625,10.0,12.0,2,1315000.0,9.0,0,0,1
53,2809,9.0,40.0,3,1078300.0,8.0,0,1,1
38,1444,6.0,2.0,4,0.0,1.0,1,1,1
50,2500,8.0,84.0,4,636460.0,7.0,0,1,1
42,1764,9.0,84.0,4,102570.0,3.0,1,1,1
53,2809,14.0,45.0,1,526000.0,2.0,0,0,1
65,4225,15.0,48.0,3,657500.0,10.0,0,1,1
50,2500,15.0,48.0,3,197250.0,1.0,1,1,1
37,1369,8.0,40.0,2,986250.0,8.0,0,0,0
37,1369,9.0,20.0,6,210400.0,6.0,1,0,0
30,900,11.0,48.0,4,0.0,12.0,0,1,0
60,3600,6.0,24.0,2,1091450.0,10.0,0,1,1
33,1089,12.0,84.0,3,263000.0,1.0,0,1,0
34,1156,15.0,48.0,3,328750.0,1.0,1,0,0
20,400,8.0,40.0,2,526000.0,10.0,0,0,1
21,441,12.0,8.0,5,263000.0,6.0,1,0,0
44,1936,6.0,50.0,4,486550.0,5.0,0,0,0
42,1764,15.0,35.0,5,1578000.0,8.0,1,1,1
44,1936,14.0,35.0,5,1972500.0,8.0,0,1,1
49,2401,15.0,40.0,3,631200.0,10.0,0,1,1
65,4225,15.0,126.0,1,1709500.0,1.0,1,0,1
51,2601,6.0,24.0,3,1052000.0,10.0,0,1,1
64,4096,17.0,40.0,2,3945000.0,2.0,0,1,1
64,4096,17.0,40.0,2,2367000.0,12.0,1,1,1
50,2500,12.0,42.0,2,657500.0,1.0,0,1,1
44,1936,8.0,45.0,3,1150625.0,7.0,0,1,1
42,1764,14.0,42.0,2,657500.0,8.0,1,1,1
57,3249,12.0,40.0,2,1183500.0,9.0,0,1,1
36,1296,17.0,54.0,3,920500.0,5.0,1,0,0
62,3844,12.0,40.0,2,1052000.0,8.0,1,1,1
21,441,12.0,20.0,1,157800.0,1.0,1,0,1
68,4624,15.0,30.0,2,1972500.0,1.0,0,0,1
29,841,15.0,30.0,2,0.0,4.0,0,0,1
50,2500,0.0,24.0,3,263000.0,1.0,0,1,0
27,729,7.0,24.0,3,157800.0,1.0,0,0,0
30,900,14.0,24.0,4,789000.0,7.0,1,0,1
39,1521,15.0,28.0,3,920500.0,12.0,0,1,1
35,1225,15.0,28.0,3,1052000.0,11.0,1,1,1
36,1296,12.0,25.0,2,460250.0,8.0,1,0,0
35,1225,17.0,35.0,2,1117750.0,9.0,1,0,1
35,1225,17.0,30.0,2,789000.0,1.0,0,1,1
33,1089,17.0,30.0,2,1972500.0,1.0,1,1,1
49,2401,12.0,50.0,3,499700.0,7.0,1,1,0
24,576,12.0,50.0,3,526000.0,7.0,0,0,1
49,2401,12.0,60.0,4,657500.0,2.0,0,1,0
49,2401,12.0,60.0,4,657500.0,2.0,1,1,0
22,484,14.0,60.0,4,394500.0,5.0,0,0,0
50,2500,15.0,56.0,4,894200.0,11.0,1,1,1
64,4096,9.0,40.0,2,920500.0,5.0,0,1,1
45,2025,10.0,30.0,3,420800.0,3.0,1,1,0
52,2704,15.0,64.0,4,1183500.0,1.0,0,1,1
21,441,14.0,64.0,4,526000.0,3.0,1,0,1
46,2116,6.0,44.0,5,789000.0,1.0,1,1,1
48,2304,12.0,40.0,5,657500.0,1.0,0,1,0
49,2401,6.0,48.0,7,526000.0,1.0,1,1,1
50,2500,6.0,48.0,7,657500.0,2.0,0,1,0
20,400,12.0,40.0,7,394500.0,2.0,0,1,0
55,3025,6.0,40.0,7,526000.0,2.0,0,1,0
42,1764,12.0,9.0,2,220920.0,1.0,1,0,0
24,576,12.0,9.0,2,210400.0,3.0,0,0,0
38,1444,12.0,30.0,1,789000.0,1.0,0,0,1
26,676,9.0,12.0,3,197250.0,3.0,0,1,0
46,2116,12.0,48.0,7,789000.0,3.0,0,0,0
49,2401,12.0,48.0,7,1052000.0,3.0,0,0,0
75,5625,0.0,48.0,7,1183500.0,3.0,0,1,1
20,400,12.0,48.0,7,0.0,3.0,0,0,0
48,2304,10.0,42.0,3,1315000.0,1.0,0,1,0
38,1444,14.0,42.0,3,1374175.0,1.0,1,1,1
56,3136,6.0,30.0,4,394500.0,7.0,1,0,1
72,5184,6.0,8.0,3,263000.0,1.0,0,1,1
49,2401,17.0,40.0,3,789000.0,9.0,1,1,1
69,4761,6.0,40.0,2,263000.0,1.0,1,0,1
22,484,12.0,45.0,4,1117750.0,9.0,0,0,1
22,484,12.0,45.0,4,591750.0,7.0,0,0,1
38,1444,17.0,30.0,4,1578000.0,12.0,1,1,1
43,1849,12.0,40.0,2,1052000.0,1.0,0,0,0
33,1089,17.0,80.0,1,920500.0,3.0,0,0,1
62,3844,6.0,4.0,2,1972500.0,12.0,0,0,1
48,2304,12.0,45.0,4,2630000.0,12.0,0,1,1
21,441,11.0,51.0,2,657500.0,7.0,0,1,0
40,1600,10.0,36.0,1,1052000.0,9.0,0,0,1
59,3481,15.0,25.0,5,157800.0,1.0,0,1,0
20,400,12.0,18.0,6,657500.0,2.0,0,0,0
39,1521,19.0,30.0,3,1972500.0,7.0,1,0,1
67,4489,12.0,10.0,3,789000.0,1.0,1,1,1
19,361,12.0,44.0,3,368200.0,3.0,0,1,1
48,2304,12.0,40.0,3,1052000.0,5.0,0,1,1
65,4225,6.0,42.0,2,1709500.0,1.0,0,1,1
24,576,14.0,48.0,1,263000.0,1.0,1,0,1
72,5184,12.0,24.0,2,131500.0,1.0,1,0,1
48,2304,15.0,24.0,2,526000.0,3.0,0,0,0
40,1600,12.0,48.0,4,236700.0,4.0,0,1,0
44,1936,12.0,48.0,4,460250.0,1.0,1,1,0
66,4356,14.0,72.0,2,657500.0,2.0,1,0,1
39,1521,12.0,48.0,4,5260000.0,12.0,0,1,1
41,1681,12.0,48.0,4,197250.0,2.0,1,1,1
63,3969,9.0,30.0,1,591750.0,8.0,1,0,1
36,1296,17.0,40.0,1,2630000.0,7.0,0,0,1
40,1600,12.0,40.0,4,1052000.0,3.0,0,1,1
19,361,12.0,40.0,4,986250.0,2.0,1,0,1
33,1089,12.0,44.0,3,1052000.0,8.0,0,1,1
27,729,12.0,44.0,3,289300.0,6.0,1,1,1
42,1764,6.0,44.0,3,932335.0,5.0,1,0,0
37,1369,12.0,44.0,1,1578000.0,9.0,0,0,1
52,2704,17.0,56.0,4,1183500.0,10.0,0,1,1
46,2116,6.0,44.0,5,2630000.0,9.0,0,1,1
22,484,10.0,44.0,4,1052000.0,7.0,0,1,1
49,2401,15.0,48.0,2,0.0,5.0,1,0,1
25,625,15.0,45.0,2,1049370.0,6.0,1,1,1
27,729,14.0,45.0,2,1183500.0,8.0,1,1,1
46,2116,8.0,45.0,5,374775.0,6.0,0,1,1
48,2304,6.0,48.0,2,460250.0,1.0,0,1,0
22,484,12.0,18.0,1,197250.0,2.0,0,0,0
53,2809,15.0,44.0,2,0.0,8.0,0,1,1
64,4096,1.0,24.0,5,197250.0,1.0,1,1,0
62,3844,6.0,24.0,5,263000.0,1.0,0,1,0
34,1156,12.0,24.0,5,236700.0,4.0,1,0,0
32,1024,12.0,24.0,5,263000.0,1.0,0,0,0
22,484,14.0,24.0,5,197250.0,1.0,1,0,0
51,2601,15.0,15.0,2,157800.0,1.0,1,0,1
57,3249,16.0,56.0,4,1578000.0,1.0,0,1,1
60,3600,6.0,40.0,6,657500.0,11.0,1,0,1
37,1369,12.0,40.0,6,789000.0,9.0,1,0,1
30,900,15.0,40.0,6,920500.0,5.0,1,1,1
30,900,12.0,40.0,6,789000.0,8.0,0,1,1
39,1521,12.0,40.0,1,657500.0,2.0,1,0,1
29,841,17.0,60.0,1,1315000.0,11.0,1,0,1
40,1600,14.0,76.0,3,657500.0,3.0,0,1,1
33,1089,12.0,40.0,2,920500.0,3.0,1,0,1
53,2809,15.0,35.0,1,657500.0,3.0,1,0,1
35,1225,17.0,46.0,4,789000.0,3.0,0,1,1
32,1024,15.0,46.0,4,1052000.0,5.0,1,1,1
35,1225,15.0,20.0,4,368200.0,9.0,1,0,1
26,676,12.0,20.0,2,1071725.0,8.0,0,0,1
56,3136,6.0,24.0,1,263000.0,1.0,0,0,0
46,2116,14.0,36.0,3,591750.0,6.0,1,0,1
25,625,12.0,36.0,3,394500.0,1.0,0,0,0
31,961,15.0,64.0,2,815300.0,4.0,0,1,1
28,784,17.0,64.0,2,723250.0,4.0,1,1,1
55,3025,15.0,20.0,2,986250.0,9.0,1,0,1
40,1600,17.0,32.0,1,3024500.0,9.0,1,0,1
70,4900,12.0,30.0,4,1052000.0,2.0,0,1,1
59,3481,9.0,30.0,4,263000.0,1.0,1,1,1
27,729,12.0,30.0,4,1052000.0,2.0,0,0,0
36,1296,9.0,24.0,5,526000.0,1.0,0,1,0
55,3025,12.0,24.0,2,394500.0,1.0,0,1,1
52,2704,12.0,24.0,2,394500.0,1.0,1,1,1
25,625,17.0,48.0,1,1052000.0,4.0,0,0,1
27,729,12.0,25.0,2,0.0,2.0,1,1,0
29,841,15.0,25.0,2,1052000.0,6.0,0,1,1
64,4096,13.0,40.0,1,2498500.0,9.0,1,0,1
30,900,15.0,45.0,1,1315000.0,9.0,0,0,1
64,4096,12.0,35.0,4,394500.0,1.0,0,1,1
40,1600,12.0,24.0,3,789000.0,12.0,0,1,1
41,1681,17.0,54.0,5,3945000.0,12.0,0,1,1
44,1936,12.0,40.0,3,1578000.0,7.0,1,1,1
38,1444,12.0,18.0,4,0.0,1.0,1,1,1
37,1369,14.0,18.0,4,652240.0,3.0,0,1,1
19,361,12.0,48.0,4,197250.0,2.0,1,0,1
39,1521,14.0,56.0,3,1578000.0,6.0,1,1,1
46,2116,17.0,30.0,1,1578000.0,11.0,1,0,1
46,2116,15.0,56.0,3,1052000.0,2.0,0,1,1
20,400,12.0,84.0,6,157800.0,6.0,0,0,1
33,1089,5.0,48.0,4,920500.0,7.0,1,1,1
44,1936,4.0,48.0,4,1052000.0,6.0,0,1,1
41,1681,10.0,84.0,6,170950.0,3.0,1,1,0
40,1600,6.0,30.0,3,1117750.0,8.0,0,1,1
39,1521,19.0,40.0,1,3024500.0,10.0,1,0,1
29,841,13.0,45.0,2,1972500.0,12.0,0,1,1
45,2025,15.0,40.0,4,789000.0,5.0,1,1,1
32,1024,14.0,48.0,4,2630000.0,11.0,0,1,1
32,1024,11.0,48.0,4,263000.0,1.0,1,1,1
24,576,15.0,48.0,2,920500.0,8.0,1,0,1
23,529,12.0,56.0,4,591750.0,2.0,0,0,1
44,1936,15.0,60.0,2,2104000.0,2.0,0,1,1
37,1369,17.0,60.0,2,1183500.0,1.0,1,1,1
48,2304,12.0,20.0,4,473400.0,8.0,1,0,1
66,4356,12.0,45.0,2,3945000.0,6.0,0,1,1
34,1156,6.0,35.0,7,197250.0,3.0,0,1,0
54,2916,17.0,56.0,4,1183500.0,11.0,1,1,1
37,1369,15.0,40.0,4,657500.0,2.0,1,1,1
51,2601,14.0,71.0,3,946800.0,7.0,0,0,0
51,2601,12.0,35.0,5,1052000.0,2.0,0,1,0
26,676,17.0,35.0,5,131500.0,1.0,1,0,0
39,1521,13.0,76.0,3,657500.0,5.0,1,1,1
35,1225,12.0,45.0,3,1578000.0,11.0,0,1,1
47,2209,12.0,35.0,3,920500.0,8.0,1,1,1
49,2401,12.0,35.0,3,1972500.0,11.0,0,1,1
29,841,12.0,35.0,3,1578000.0,11.0,0,0,1
27,729,8.0,39.0,3,197250.0,1.0,0,1,0
30,900,6.0,39.0,3,328750.0,1.0,1,1,0
56,3136,15.0,25.0,5,591750.0,7.0,1,0,1
37,1369,15.0,25.0,5,98625.0,1.0,1,1,0
37,1369,12.0,25.0,5,263000.0,1.0,0,1,0
30,900,13.0,30.0,6,105200.0,1.0,1,0,0
48,2304,11.0,48.0,1,1578000.0,4.0,1,0,1
65,4225,12.0,40.0,2,1189286.0,7.0,0,1,1
36,1296,17.0,60.0,4,1117750.0,11.0,1,1,1
43,1849,12.0,60.0,4,1578000.0,12.0,0,1,1
46,2116,12.0,30.0,4,2630000.0,2.0,0,1,1
65,4225,12.0,60.0,6,1052000.0,2.0,0,0,1
53,2809,14.0,60.0,6,526000.0,2.0,0,0,0
33,1089,8.0,25.0,6,920500.0,7.0,1,0,1
46,2116,5.0,20.0,5,263000.0,1.0,0,1,0
44,1936,17.0,40.0,3,1333410.0,12.0,1,0,1
61,3721,7.0,35.0,3,1052000.0,7.0,0,1,1
56,3136,12.0,35.0,3,1315000.0,7.0,1,1,1
54,2916,14.0,40.0,3,499700.0,8.0,1,0,1
26,676,12.0,40.0,3,368200.0,7.0,0,0,0
48,2304,16.0,60.0,3,920500.0,7.0,0,0,1
18,324,12.0,60.0,3,157800.0,4.0,1,0,1
77,5929,15.0,3.0,4,15780.0,1.0,1,0,1
42,1764,12.0,3.0,4,263000.0,1.0,1,0,0
61,3721,10.0,56.0,5,854750.0,2.0,0,1,0
55,3025,12.0,56.0,5,854750.0,2.0,1,1,0
44,1936,6.0,24.0,3,460250.0,4.0,0,1,1
37,1369,12.0,48.0,2,1288700.0,3.0,0,1,1
33,1089,12.0,48.0,4,657500.0,2.0,0,1,0
30,900,10.0,40.0,4,1972500.0,4.0,0,1,1
27,729,10.0,40.0,4,789000.0,10.0,1,1,1
56,3136,6.0,49.0,7,591750.0,2.0,1,1,0
49,2401,15.0,40.0,5,657500.0,11.0,1,1,1
50,2500,10.0,45.0,5,460250.0,1.0,0,1,0
19,361,12.0,45.0,5,105200.0,2.0,0,0,0
46,2116,14.0,72.0,4,1117750.0,12.0,0,1,1
38,1444,7.0,42.0,2,591750.0,11.0,0,0,1
20,400,12.0,48.0,1,407650.0,9.0,0,0,1
28,784,9.0,45.0,2,486550.0,2.0,0,0,1
40,1600,12.0,48.0,3,1972500.0,7.0,1,0,1
60,3600,12.0,22.0,2,131500.0,1.0,0,0,1
36,1296,12.0,40.0,3,723250.0,12.0,0,1,1
30,900,12.0,40.0,5,657500.0,5.0,1,0,1
35,1225,12.0,16.0,4,210400.0,6.0,1,0,0
54,2916,10.0,24.0,1,723250.0,1.0,0,0,0
26,676,12.0,70.0,3,328750.0,3.0,0,1,0
57,3249,15.0,40.0,4,591750.0,2.0,0,1,0
33,1089,15.0,48.0,4,1315000.0,12.0,0,1,1
32,1024,12.0,48.0,4,789000.0,1.0,1,1,0
45,2025,15.0,54.0,2,460250.0,1.0,1,1,1
32,1024,12.0,37.0,4,657500.0,1.0,1,1,1
41,1681,12.0,45.0,1,1117750.0,7.0,0,0,1
63,3969,15.0,63.0,1,1308425.0,10.0,0,0,1
52,2704,12.0,56.0,5,986250.0,3.0,0,1,0
50,2500,12.0,56.0,5,657500.0,3.0,1,1,0
25,625,6.0,56.0,5,328750.0,3.0,1,0,0
43,1849,15.0,48.0,3,1052000.0,2.0,1,0,1
22,484,12.0,48.0,3,0.0,2.0,1,0,1
33,1089,12.0,60.0,1,1183500.0,6.0,0,0,0
59,3481,13.0,30.0,2,1130900.0,12.0,0,1,1
54,2916,15.0,30.0,2,999400.0,8.0,1,1,1
36,1296,12.0,40.0,2,2367000.0,8.0,1,0,1
58,3364,12.0,40.0,1,526000.0,2.0,1,0,0
37,1369,12.0,30.0,4,394500.0,1.0,0,1,0
41,1681,8.0,56.0,5,723250.0,3.0,0,1,0
39,1521,6.0,31.0,6,460250.0,8.0,1,0,0
44,1936,12.0,45.0,2,1183500.0,7.0,0,1,1
49,2401,17.0,45.0,2,1183500.0,7.0,1,1,1
27,729,19.0,23.0,2,657500.0,3.0,1,1,1
31,961,15.0,23.0,2,920500.0,4.0,0,1,1
31,961,8.0,40.0,3,1183500.0,11.0,0,1,1
22,484,12.0,36.0,1,210400.0,4.0,0,0,0
66,4356,12.0,32.0,1,920500.0,1.0,0,0,1
28,784,7.0,20.0,2,499700.0,6.0,1,1,1
35,1225,12.0,45.0,1,1315000.0,11.0,0,0,1
46,2116,9.0,84.0,1,2630000.0,2.0,0,0,1
44,1936,12.0,30.0,4,1052000.0,7.0,0,1,1
46,2116,12.0,30.0,4,1315000.0,11.0,1,1,1
30,900,17.0,40.0,2,1841000.0,12.0,1,1,1
33,1089,17.0,40.0,2,2367000.0,12.0,0,1,1
46,2116,17.0,30.0,2,1315000.0,11.0,1,1,1
59,3481,17.0,30.0,2,1709500.0,10.0,0,1,1
45,2025,15.0,30.0,5,1052000.0,12.0,0,1,1
38,1444,12.0,72.0,7,3945000.0,1.0,0,1,0
51,2601,6.0,48.0,5,789000.0,2.0,0,1,1
29,841,12.0,48.0,5,789000.0,7.0,0,0,1
23,529,12.0,48.0,5,657500.0,1.0,0,0,1
38,1444,15.0,35.0,6,1052000.0,11.0,0,1,1
34,1156,12.0,40.0,3,394500.0,1.0,1,0,0
42,1764,13.0,48.0,3,1446500.0,8.0,0,1,1
49,2401,17.0,56.0,4,1315000.0,1.0,0,1,0
43,1849,15.0,56.0,4,1183500.0,9.0,1,1,1
35,1225,12.0,25.0,3,315600.0,8.0,0,1,1
41,1681,12.0,35.0,1,1578000.0,8.0,0,0,1
33,1089,16.0,40.0,2,394500.0,1.0,1,1,1
34,1156,12.0,40.0,2,789000.0,6.0,0,1,1
59,3481,15.0,9.0,1,657500.0,1.0,1,0,1
34,1156,12.0,40.0,1,789000.0,8.0,1,0,1
55,3025,12.0,56.0,4,131500.0,1.0,0,1,1
53,2809,15.0,56.0,4,328750.0,6.0,1,1,1
25,625,15.0,56.0,4,394500.0,9.0,1,0,1
30,900,12.0,30.0,1,696950.0,7.0,0,0,1
43,1849,19.0,50.0,2,2367000.0,8.0,0,1,1
30,900,17.0,50.0,2,2235500.0,8.0,1,1,1
40,1600,17.0,42.0,1,920500.0,3.0,1,0,1
45,2025,17.0,73.0,1,2235500.0,7.0,0,0,1
26,676,15.0,20.0,1,591750.0,7.0,0,0,1
47,2209,17.0,50.0,3,2630000.0,9.0,0,1,1
45,2025,15.0,50.0,3,1315000.0,11.0,1,1,1
64,4096,6.0,42.0,3,552300.0,1.0,1,0,1
36,1296,12.0,40.0,2,164375.0,2.0,0,1,0
56,3136,12.0,72.0,4,789000.0,1.0,0,1,1
64,4096,12.0,6.0,1,328750.0,1.0,1,0,1
60,3600,13.0,46.0,2,1709500.0,7.0,1,0,1
29,841,12.0,10.0,5,0.0,2.0,0,1,1
31,961,8.0,35.0,3,1052000.0,8.0,0,1,1
45,2025,12.0,45.0,1,1216375.0,9.0,0,0,1
34,1156,17.0,32.0,1,1052000.0,9.0,0,0,1
44,1936,6.0,12.0,6,65750.0,1.0,0,1,0
20,400,7.0,31.0,6,236700.0,5.0,0,0,0
26,676,12.0,8.0,1,92050.0,1.0,0,0,1
40,1600,10.0,50.0,3,1315000.0,4.0,0,1,1
61,3721,10.0,8.0,5,65750.0,1.0,0,1,1
31,961,14.0,8.0,5,526000.0,7.0,1,0,1
67,4489,6.0,40.0,1,1052000.0,1.0,0,0,1
23,529,12.0,45.0,3,1578000.0,11.0,0,1,1
24,576,12.0,45.0,3,1052000.0,2.0,1,1,1
29,841,7.0,20.0,2,460250.0,2.0,0,1,1
42,1764,12.0,20.0,4,789000.0,8.0,1,1,1
34,1156,8.0,45.0,5,657500.0,8.0,0,1,1
42,1764,6.0,40.0,3,789000.0,4.0,0,1,0
41,1681,17.0,40.0,4,1841000.0,11.0,0,1,1
35,1225,12.0,48.0,3,920500.0,5.0,0,1,1
32,1024,7.0,50.0,5,1025700.0,9.0,0,1,1
37,1369,12.0,50.0,5,920500.0,9.0,1,1,1
57,3249,6.0,30.0,1,1315000.0,1.0,0,0,1
40,1600,12.0,24.0,4,197250.0,1.0,1,0,1
30,900,12.0,45.0,3,1578000.0,11.0,0,1,1
37,1369,8.0,60.0,3,394500.0,6.0,1,0,0
40,1600,19.0,40.0,1,1315000.0,12.0,0,0,1
32,1024,12.0,6.0,4,1183500.0,7.0,0,1,1
25,625,14.0,40.0,2,1052000.0,12.0,0,1,1
36,1296,12.0,24.0,5,263000.0,1.0,1,1,0
36,1296,7.0,41.0,3,657500.0,1.0,0,0,0
28,784,8.0,41.0,3,657500.0,3.0,0,0,0
37,1369,6.0,48.0,4,526000.0,1.0,1,1,0
41,1681,9.0,30.0,3,526000.0,2.0,0,1,1
38,1444,6.0,30.0,3,920500.0,12.0,1,1,1
31,961,12.0,30.0,4,394500.0,1.0,1,1,1
38,1444,15.0,30.0,4,315600.0,4.0,0,1,0
64,4096,16.0,56.0,3,1052000.0,2.0,0,1,1
34,1156,19.0,40.0,3,1709500.0,11.0,1,1,1
35,1225,17.0,40.0,3,4602500.0,11.0,0,1,1
47,2209,12.0,40.0,5,1315000.0,12.0,0,1,1
47,2209,12.0,36.0,4,789000.0,9.0,0,0,1
49,2401,12.0,30.0,4,723250.0,12.0,0,1,1
58,3364,4.0,40.0,5,394500.0,1.0,0,1,0
32,1024,15.0,30.0,1,460250.0,7.0,0,0,0
35,1225,17.0,40.0,3,1052000.0,7.0,1,1,1
50,2500,17.0,54.0,4,1052000.0,4.0,0,1,1
24,576,12.0,49.0,5,552300.0,3.0,0,0,0
28,784,16.0,2.0,1,131500.0,5.0,1,0,0
22,484,15.0,42.0,3,920500.0,8.0,0,0,1
25,625,12.0,52.0,1,1249250.0,6.0,0,0,1
36,1296,6.0,54.0,3,1709500.0,10.0,0,0,1
37,1369,17.0,40.0,3,394500.0,6.0,1,0,1
27,729,16.0,48.0,1,920500.0,9.0,0,0,1
26,676,12.0,20.0,1,460250.0,8.0,1,0,1
45,2025,12.0,20.0,1,394500.0,1.0,0,0,0
40,1600,15.0,30.0,5,526000.0,1.0,0,1,0
28,784,12.0,12.0,4,328750.0,2.0,1,0,0
47,2209,15.0,56.0,1,499700.0,8.0,0,0,1
44,1936,17.0,55.0,4,1249250.0,8.0,0,1,1
39,1521,17.0,55.0,4,394500.0,1.0,1,1,1
61,3721,12.0,40.0,3,1315000.0,9.0,1,1,1
62,3844,12.0,40.0,3,1183500.0,1.0,0,1,1
37,1369,12.0,42.0,4,394500.0,3.0,0,1,0
60,3600,6.0,25.0,3,499700.0,8.0,0,1,1
60,3600,17.0,25.0,2,447100.0,8.0,0,0,1
32,1024,17.0,25.0,2,789000.0,3.0,0,0,1
54,2916,17.0,46.0,3,1446500.0,9.0,1,1,1
50,2500,17.0,46.0,3,1446500.0,9.0,0,1,1
45,2025,12.0,0.0,4,1578000.0,11.0,0,1,1
30,900,12.0,0.0,4,1117750.0,10.0,1,1,1
60,3600,15.0,35.0,5,920500.0,9.0,1,0,1
56,3136,14.0,35.0,1,1578000.0,9.0,0,0,1
45,2025,9.0,24.0,4,591750.0,3.0,0,1,1
45,2025,8.0,24.0,4,0.0,3.0,1,1,1
64,4096,6.0,48.0,1,526000.0,2.0,0,0,1
29,841,12.0,40.0,1,1446500.0,10.0,0,0,1
41,1681,12.0,44.0,1,1183500.0,9.0,0,0,1
57,3249,12.0,20.0,3,197250.0,3.0,0,1,1
52,2704,9.0,24.0,3,1052000.0,1.0,0,1,1
47,2209,12.0,24.0,3,973100.0,5.0,1,1,1
76,5776,6.0,72.0,1,657500.0,7.0,0,0,1
64,4096,12.0,35.0,2,1052000.0,9.0,1,1,1
64,4096,12.0,35.0,2,1578000.0,11.0,0,1,1
39,1521,12.0,45.0,4,1183500.0,11.0,0,1,1
38,1444,12.0,45.0,4,789000.0,9.0,1,1,1
58,3364,9.0,48.0,4,394500.0,2.0,0,0,0
30,900,12.0,56.0,1,920500.0,8.0,0,0,1
41,1681,15.0,30.0,4,526000.0,9.0,0,1,1
43,1849,15.0,30.0,4,1025700.0,8.0,1,1,1
44,1936,12.0,51.0,1,1288700.0,10.0,0,0,1
50,2500,14.0,45.0,2,854750.0,8.0,0,0,1
54,2916,17.0,45.0,3,394500.0,1.0,0,1,0
55,3025,15.0,45.0,3,789000.0,1.0,1,1,1
46,2116,14.0,24.0,1,197250.0,3.0,0,0,0
42,1764,5.0,6.0,2,854750.0,7.0,0,1,1
39,1521,12.0,40.0,3,1249250.0,9.0,1,0,1
55,3025,7.0,4.0,3,170950.0,1.0,1,1,0
35,1225,14.0,56.0,3,394500.0,2.0,0,0,1
47,2209,6.0,36.0,6,236700.0,2.0,0,1,0
32,1024,12.0,39.0,4,591750.0,1.0,0,1,1
30,900,15.0,39.0,4,1183500.0,11.0,1,1,1
42,1764,12.0,72.0,4,1117750.0,12.0,0,1,1
48,2304,14.0,44.0,4,657500.0,2.0,1,1,1
26,676,13.0,44.0,4,289300.0,12.0,0,0,1
48,2304,15.0,44.0,4,657500.0,2.0,0,1,1
48,2304,17.0,28.0,4,1630600.0,6.0,1,1,1
34,1156,6.0,35.0,2,460250.0,1.0,0,1,0
45,2025,8.0,30.0,6,526000.0,1.0,0,1,0
22,484,12.0,30.0,6,394500.0,5.0,0,0,0
39,1521,6.0,45.0,5,789000.0,4.0,0,1,1
38,1444,12.0,45.0,5,723250.0,11.0,1,1,1
50,2500,12.0,40.0,4,1315000.0,10.0,1,1,1
64,4096,17.0,40.0,4,328750.0,12.0,0,1,1
33,1089,7.0,40.0,4,789000.0,11.0,0,1,1
28,784,0.0,20.0,6,394500.0,5.0,0,0,0
20,400,7.0,20.0,6,394500.0,5.0,0,0,0
36,1296,15.0,30.0,5,263000.0,1.0,1,1,0
54,2916,17.0,50.0,4,3682000.0,1.0,0,1,1
46,2116,17.0,50.0,4,2630000.0,1.0,1,1,1
54,2916,15.0,25.0,4,789000.0,7.0,0,1,1
53,2809,12.0,84.0,4,657500.0,6.0,1,1,1
18,324,12.0,84.0,4,394500.0,6.0,1,0,0
48,2304,19.0,4.0,1,394500.0,12.0,1,0,1
58,3364,12.0,84.0,4,1972500.0,2.0,0,1,1
24,576,10.0,84.0,2,657500.0,2.0,1,1,0
35,1225,15.0,54.0,1,1052000.0,6.0,1,0,1
61,3721,9.0,36.0,2,657500.0,3.0,0,0,1
53,2809,15.0,48.0,4,1578000.0,9.0,0,1,1
30,900,15.0,84.0,2,657500.0,2.0,0,1,0
61,3721,6.0,20.0,10,197250.0,1.0,0,0,0
22,484,11.0,20.0,3,0.0,1.0,0,0,1
44,1936,12.0,45.0,4,1578000.0,11.0,0,1,1
35,1225,12.0,35.0,1,1052000.0,9.0,1,0,1
29,841,12.0,48.0,6,1841000.0,7.0,0,1,1
35,1225,12.0,48.0,6,1709500.0,6.0,1,1,1
56,3136,7.0,48.0,6,1315000.0,2.0,0,1,1
51,2601,12.0,20.0,3,1578000.0,11.0,1,1,1
35,1225,12.0,30.0,2,526000.0,5.0,1,0,1
31,961,12.0,35.0,1,920500.0,9.0,0,0,1
61,3721,6.0,0.0,4,0.0,3.0,0,1,1
52,2704,6.0,0.0,4,0.0,3.0,1,1,1
33,1089,12.0,0.0,4,0.0,3.0,0,0,0
47,2209,15.0,48.0,4,657500.0,1.0,0,1,0
43,1849,9.0,48.0,4,210400.0,1.0,1,1,0
48,2304,17.0,70.0,3,1052000.0,11.0,1,1,1
68,4624,17.0,31.0,3,1315000.0,2.0,0,1,1
34,1156,17.0,31.0,3,1578000.0,5.0,0,0,1
53,2809,3.0,48.0,4,394500.0,3.0,0,1,0
31,961,15.0,48.0,2,920500.0,7.0,1,1,1
30,900,12.0,48.0,2,920500.0,8.0,1,1,1
22,484,12.0,12.0,2,131500.0,1.0,1,0,0
24,576,15.0,40.0,1,591750.0,8.0,1,0,1
59,3481,17.0,45.0,1,1972500.0,7.0,1,0,1
42,1764,15.0,42.0,4,512850.0,6.0,1,0,1
62,3844,15.0,28.0,4,1315000.0,1.0,0,1,1
32,1024,15.0,44.0,2,1117750.0,2.0,0,1,1
58,3364,3.0,30.0,6,499700.0,3.0,1,0,1
46,2116,15.0,45.0,2,1841000.0,9.0,1,0,1
55,3025,15.0,53.0,2,920500.0,1.0,1,0,1
65,4225,9.0,13.0,2,1315000.0,1.0,0,1,1
45,2025,11.0,14.0,3,105200.0,1.0,0,1,0
41,1681,15.0,54.0,1,1183500.0,12.0,0,0,1
43,1849,12.0,30.0,2,789000.0,12.0,1,0,1
55,3025,15.0,25.0,4,631200.0,8.0,1,1,1
28,784,12.0,45.0,1,591750.0,1.0,0,0,0
49,2401,12.0,48.0,2,394500.0,1.0,1,0,0
26,676,12.0,48.0,2,460250.0,6.0,0,0,0
56,3136,6.0,44.0,3,1972500.0,7.0,0,1,1
44,1936,17.0,40.0,4,3287500.0,10.0,0,1,1
40,1600,12.0,40.0,4,1972500.0,9.0,1,1,1
40,1600,9.0,20.0,1,526000.0,3.0,0,0,0
38,1444,11.0,20.0,9,197250.0,1.0,1,0,0
34,1156,10.0,20.0,9,1315000.0,10.0,0,1,1
52,2704,12.0,48.0,4,131500.0,1.0,1,1,1
28,784,15.0,48.0,4,1052000.0,10.0,0,1,1
24,576,17.0,48.0,4,920500.0,8.0,0,0,1
32,1024,15.0,84.0,3,1249250.0,6.0,0,1,1
29,841,14.0,84.0,3,394500.0,1.0,1,1,0
54,2916,12.0,6.0,1,197250.0,2.0,1,0,1
45,2025,17.0,35.0,9,1052000.0,12.0,1,0,1
34,1156,8.0,24.0,7,394500.0,1.0,0,1,0
62,3844,12.0,12.0,4,394500.0,6.0,0,0,1
39,1521,15.0,12.0,4,526000.0,10.0,0,1,1
36,1296,12.0,12.0,4,105200.0,6.0,1,1,1
40,1600,15.0,36.0,4,1972500.0,7.0,0,1,1
61,3721,8.0,24.0,7,65750.0,1.0,0,0,1
70,4900,17.0,20.0,3,920500.0,9.0,0,1,1
44,1936,17.0,35.0,2,4471000.0,9.0,1,0,1
65,4225,17.0,45.0,2,2630000.0,8.0,0,1,1
66,4356,19.0,45.0,2,6575000.0,11.0,1,1,1
40,1600,12.0,48.0,3,1052000.0,7.0,0,1,0
38,1444,12.0,48.0,3,1446500.0,10.0,1,1,1
45,2025,15.0,45.0,2,1709500.0,8.0,1,0,1
26,676,15.0,45.0,2,526000.0,1.0,1,0,0
33,1089,12.0,35.0,5,1512250.0,11.0,1,0,1
32,1024,7.0,35.0,5,394500.0,10.0,0,0,0
28,784,14.0,40.0,1,65750.0,1.0,1,0,1
46,2116,13.0,48.0,4,789000.0,1.0,0,1,1
54,2916,12.0,35.0,5,526000.0,7.0,1,0,1
52,2704,12.0,40.0,4,1578000.0,1.0,0,1,1
61,3721,6.0,24.0,2,105200.0,1.0,0,0,0
35,1225,12.0,25.0,2,197250.0,2.0,0,0,0
38,1444,12.0,25.0,2,460250.0,8.0,1,0,0
40,1600,8.0,80.0,4,263000.0,3.0,0,1,0
39,1521,9.0,80.0,4,473400.0,8.0,1,1,0
69,4761,9.0,50.0,5,263000.0,1.0,0,1,1
33,1089,12.0,50.0,5,723250.0,9.0,0,0,1
26,676,12.0,50.0,5,157800.0,1.0,0,0,0
28,784,12.0,30.0,2,1052000.0,7.0,1,0,1
52,2704,15.0,44.0,2,1052000.0,7.0,0,0,1
33,1089,15.0,35.0,1,727195.0,12.0,0,0,1
30,900,12.0,56.0,2,1315000.0,9.0,1,0,1
63,3969,12.0,40.0,3,394500.0,12.0,1,0,0
24,576,12.0,40.0,3,92050.0,1.0,1,1,0
25,625,12.0,54.0,4,526000.0,12.0,0,1,1
30,900,12.0,35.0,2,394500.0,1.0,0,1,0
25,625,12.0,40.0,2,723250.0,9.0,0,0,1
27,729,12.0,40.0,2,591750.0,9.0,1,0,1
63,3969,6.0,20.0,6,420800.0,9.0,0,1,1
61,3721,12.0,20.0,6,407650.0,9.0,1,1,1
41,1681,12.0,20.0,6,789000.0,6.0,1,1,1
37,1369,12.0,20.0,6,657500.0,6.0,0,1,1
39,1521,12.0,40.0,4,131500.0,3.0,1,1,1
58,3364,19.0,50.0,3,3945000.0,11.0,0,1,1
55,3025,19.0,50.0,3,1052000.0,8.0,1,1,1
28,784,15.0,50.0,3,657500.0,10.0,1,0,1
59,3481,17.0,70.0,5,65750.0,1.0,1,0,0
32,1024,16.0,70.0,5,1052000.0,1.0,1,1,0
33,1089,5.0,63.0,4,1446500.0,7.0,0,1,1
52,2704,15.0,17.0,1,184100.0,1.0,0,0,0
35,1225,18.0,40.0,1,1183500.0,1.0,0,0,0
27,729,16.0,32.0,1,1315000.0,5.0,1,0,1
65,4225,4.0,16.0,1,197250.0,1.0,1,0,1
58,3364,14.0,59.0,5,1025700.0,1.0,0,1,1
60,3600,17.0,59.0,5,1078300.0,11.0,1,1,1
27,729,12.0,47.0,2,1183500.0,6.0,0,1,1
30,900,17.0,47.0,2,657500.0,5.0,1,1,1
32,1024,17.0,48.0,2,2630000.0,12.0,1,0,1
28,784,15.0,50.0,2,789000.0,6.0,0,0,1
32,1024,12.0,40.0,1,920500.0,5.0,0,0,1
36,1296,19.0,24.0,1,1841000.0,1.0,1,0,0
25,625,12.0,56.0,2,1183500.0,6.0,0,0,0
48,2304,12.0,48.0,3,854750.0,7.0,0,1,1
45,2025,9.0,48.0,3,854750.0,10.0,1,1,1
60,3600,6.0,54.0,2,920500.0,1.0,0,1,0
56,3136,12.0,32.0,3,565450.0,12.0,1,1,1
33,1089,12.0,32.0,3,565450.0,12.0,0,0,1
58,3364,6.0,20.0,9,526000.0,1.0,0,0,0
22,484,15.0,35.0,9,0.0,12.0,1,0,1
38,1444,12.0,32.0,4,591750.0,8.0,0,1,1
36,1296,17.0,32.0,4,631200.0,9.0,1,1,1
41,1681,17.0,50.0,4,1972500.0,2.0,0,1,1
28,784,15.0,35.0,9,854750.0,11.0,1,0,1
31,961,17.0,40.0,2,1183500.0,12.0,0,1,1
60,3600,15.0,39.0,2,1183500.0,8.0,1,1,1
48,2304,12.0,39.0,2,920500.0,1.0,0,1,1
39,1521,12.0,36.0,4,1117750.0,6.0,1,1,1
27,729,12.0,72.0,5,394500.0,12.0,0,0,1
38,1444,12.0,48.0,4,1052000.0,2.0,0,1,1
33,1089,15.0,48.0,4,394500.0,1.0,1,1,1
60,3600,12.0,30.0,4,394500.0,1.0,1,1,1
30,900,11.0,30.0,4,315600.0,2.0,0,0,0
57,3249,15.0,50.0,3,1578000.0,11.0,0,1,1
49,2401,10.0,50.0,3,1183500.0,11.0,1,1,1
45,2025,12.0,40.0,1,1052000.0,11.0,1,0,1
40,1600,16.0,48.0,4,315600.0,3.0,1,1,1
46,2116,17.0,40.0,4,1709500.0,1.0,1,1,1
36,1296,15.0,20.0,1,618050.0,1.0,0,0,1
25,625,12.0,48.0,1,920500.0,4.0,1,0,0
44,1936,17.0,60.0,1,2104000.0,2.0,1,0,1
43,1849,9.0,40.0,2,1183500.0,11.0,0,0,1
42,1764,17.0,45.0,3,1183500.0,11.0,1,1,1
47,2209,8.0,52.0,1,210400.0,1.0,0,0,1
24,576,14.0,48.0,2,1117750.0,6.0,1,1,1
32,1024,5.0,32.0,5,789000.0,12.0,0,1,1
41,1681,12.0,48.0,4,473400.0,8.0,1,1,1
22,484,12.0,20.0,5,526000.0,5.0,0,0,0
28,784,12.0,40.0,1,1052000.0,5.0,0,0,0
41,1681,12.0,30.0,5,789000.0,1.0,1,1,1
24,576,10.0,35.0,3,986250.0,4.0,0,0,1
25,625,12.0,45.0,3,591750.0,2.0,0,0,1
23,529,8.0,54.0,2,3287500.0,9.0,0,1,1
21,441,12.0,54.0,2,1709500.0,8.0,1,1,1
57,3249,12.0,40.0,1,1709500.0,9.0,1,0,1
49,2401,12.0,60.0,3,1052000.0,2.0,0,1,0
38,1444,12.0,59.0,5,631200.0,4.0,0,0,1
40,1600,15.0,48.0,4,907350.0,8.0,1,1,1
68,4624,9.0,16.0,3,92050.0,2.0,0,1,1
69,4761,8.0,16.0,3,92050.0,2.0,1,1,1
74,5476,6.0,20.0,5,184100.0,1.0,0,1,1
23,529,10.0,20.0,5,447100.0,10.0,0,0,1
49,2401,15.0,50.0,4,1972500.0,2.0,1,1,1
34,1156,15.0,44.0,3,1315000.0,9.0,0,0,1
49,2401,8.0,20.0,2,341900.0,8.0,1,0,1
65,4225,15.0,2.0,1,78900.0,1.0,1,0,1
50,2500,6.0,48.0,3,460250.0,1.0,0,1,0
49,2401,16.0,48.0,5,1972500.0,1.0,0,1,1
59,3481,15.0,44.0,3,591750.0,7.0,1,1,1
42,1764,6.0,41.0,4,223550.0,1.0,1,1,1
38,1444,6.0,41.0,4,394500.0,3.0,0,1,1
26,676,13.0,48.0,5,197250.0,3.0,0,0,0
51,2601,6.0,52.0,4,13150.0,2.0,1,1,0
23,529,12.0,52.0,4,986250.0,9.0,0,0,1
54,2916,12.0,40.0,2,1052000.0,6.0,1,0,1
22,484,12.0,40.0,2,1091450.0,6.0,1,0,1
47,2209,6.0,5.0,7,36820.0,1.0,1,0,0
43,1849,12.0,49.0,4,394500.0,12.0,0,1,1
46,2116,12.0,49.0,4,328750.0,2.0,1,1,1
27,729,12.0,24.0,3,197250.0,1.0,1,1,1
28,784,12.0,24.0,3,920500.0,6.0,0,1,1
60,3600,12.0,6.0,4,32875.0,1.0,1,0,1
30,900,14.0,6.0,4,65750.0,1.0,1,0,1
58,3364,17.0,36.0,1,986250.0,8.0,0,0,1
52,2704,17.0,18.0,3,591750.0,8.0,1,1,1
55,3025,12.0,18.0,3,1052000.0,8.0,0,1,1
44,1936,15.0,45.0,4,1972500.0,2.0,0,1,1
42,1764,12.0,40.0,3,789000.0,2.0,1,0,0
40,1600,15.0,30.0,4,789000.0,11.0,1,0,1
42,1764,15.0,42.0,3,920500.0,6.0,0,1,1
67,4489,15.0,40.0,2,1052000.0,8.0,1,0,1
32,1024,15.0,40.0,2,920500.0,6.0,0,0,1
63,3969,6.0,48.0,6,1315000.0,7.0,0,1,1
61,3721,12.0,48.0,6,789000.0,7.0,1,1,1
32,1024,12.0,48.0,6,789000.0,8.0,1,0,1
42,1764,12.0,35.0,1,657500.0,9.0,0,0,1
56,3136,12.0,72.0,4,4208000.0,10.0,0,1,1
49,2401,12.0,72.0,4,789000.0,1.0,1,1,1
25,625,12.0,12.0,4,591750.0,3.0,1,0,1
24,576,12.0,12.0,4,420800.0,3.0,1,0,0
38,1444,6.0,84.0,5,1052000.0,9.0,0,1,1
54,2916,15.0,30.0,2,1052000.0,9.0,1,0,1
45,2025,16.0,52.0,2,394500.0,1.0,0,1,0
34,1156,12.0,52.0,2,0.0,2.0,1,1,0
43,1849,12.0,48.0,4,1183500.0,8.0,0,1,1
38,1444,15.0,25.0,4,631200.0,7.0,1,0,1
68,4624,6.0,48.0,5,131500.0,5.0,0,1,1
63,3969,6.0,48.0,5,131500.0,5.0,1,1,1
25,625,12.0,48.0,5,0.0,5.0,1,0,0
21,441,12.0,48.0,5,0.0,5.0,1,0,0
31,961,15.0,60.0,3,657500.0,7.0,1,1,1
35,1225,12.0,44.0,3,657500.0,9.0,0,1,0
25,625,6.0,40.0,3,394500.0,3.0,1,0,1
28,784,10.0,50.0,3,1104600.0,7.0,0,1,1
39,1521,11.0,40.0,5,762700.0,4.0,0,1,1
39,1521,15.0,48.0,5,920500.0,7.0,0,1,1
43,1849,12.0,48.0,5,131500.0,3.0,1,1,1
47,2209,9.0,48.0,5,1578000.0,10.0,0,1,1
36,1296,14.0,48.0,5,526000.0,1.0,1,1,1
32,1024,12.0,12.0,4,315600.0,1.0,1,0,1
48,2304,17.0,62.0,2,328750.0,2.0,0,0,1
71,5041,15.0,24.0,1,657500.0,2.0,1,0,1
34,1156,15.0,55.0,2,328750.0,1.0,0,1,0
36,1296,17.0,55.0,2,526000.0,4.0,1,1,1
39,1521,6.0,60.0,1,1052000.0,8.0,0,0,1
57,3249,17.0,40.0,2,2630000.0,9.0,0,1,1
43,1849,6.0,48.0,3,394500.0,1.0,0,0,0
50,2500,17.0,54.0,5,1709500.0,9.0,0,1,1
42,1764,15.0,54.0,5,1052000.0,11.0,1,1,1
47,2209,6.0,44.0,5,591750.0,10.0,0,1,1
36,1296,17.0,55.0,4,2367000.0,10.0,1,1,1
26,676,11.0,48.0,2,394500.0,5.0,0,0,1
36,1296,6.0,54.0,5,597010.0,9.0,0,0,1
64,4096,17.0,70.0,2,1052000.0,12.0,1,1,1
58,3364,6.0,45.0,5,526000.0,7.0,0,1,1
41,1681,6.0,45.0,5,1578000.0,11.0,0,1,1
49,2401,7.0,44.0,3,907350.0,7.0,0,1,1
33,1089,8.0,0.0,1,1315000.0,11.0,0,0,1
27,729,12.0,48.0,4,920500.0,6.0,0,1,0
60,3600,15.0,32.0,3,1972500.0,7.0,0,1,1
34,1156,5.0,40.0,2,394500.0,5.0,0,0,0
24,576,5.0,40.0,2,460250.0,5.0,0,0,0
44,1936,19.0,20.0,3,1446500.0,1.0,1,1,1
25,625,12.0,45.0,2,789000.0,10.0,0,1,1
23,529,12.0,45.0,2,789000.0,5.0,1,1,1
28,784,6.0,84.0,1,328750.0,1.0,0,0,0
48,2304,10.0,61.0,4,1052000.0,9.0,0,1,1
41,1681,10.0,61.0,4,131500.0,1.0,1,1,1
35,1225,12.0,60.0,3,1117750.0,9.0,0,1,1
48,2304,15.0,24.0,3,789000.0,7.0,1,1,1
26,676,15.0,40.0,1,1315000.0,10.0,0,0,1
27,729,12.0,42.0,4,1315000.0,8.0,0,1,1
63,3969,12.0,30.0,1,1578000.0,11.0,0,0,1
33,1089,17.0,30.0,1,789000.0,9.0,1,0,1
53,2809,6.0,66.0,5,3945000.0,6.0,0,1,1
53,2809,17.0,66.0,5,4602500.0,7.0,1,1,1
22,484,14.0,72.0,4,736400.0,9.0,1,0,1
21,441,12.0,16.0,3,263000.0,6.0,1,0,0
51,2601,12.0,16.0,3,1841000.0,7.0,0,1,1
47,2209,8.0,40.0,2,2630000.0,9.0,0,1,1
22,484,12.0,12.0,4,197250.0,1.0,1,1,0
42,1764,8.0,60.0,3,78900.0,1.0,1,0,0
30,900,17.0,35.0,2,1098025.0,8.0,0,0,1
31,961,17.0,35.0,2,322175.0,8.0,1,0,1
65,4225,12.0,30.0,2,591750.0,9.0,1,0,1
63,3969,10.0,18.0,3,105200.0,1.0,0,1,1
62,3844,6.0,30.0,3,683800.0,9.0,0,1,1
62,3844,12.0,30.0,3,710100.0,7.0,1,1,1
66,4356,6.0,25.0,3,591750.0,9.0,0,1,1
44,1936,8.0,25.0,3,394500.0,1.0,0,0,0
28,784,7.0,6.0,4,447100.0,8.0,0,1,0
62,3844,15.0,42.0,1,782425.0,12.0,1,0,1
23,529,14.0,25.0,2,657500.0,2.0,0,0,0
46,2116,15.0,50.0,4,1578000.0,7.0,0,1,1
49,2401,17.0,0.0,4,1709500.0,11.0,0,1,1
19,361,9.0,48.0,5,0.0,5.0,0,0,0
27,729,8.0,2.0,4,0.0,1.0,0,1,0
31,961,6.0,2.0,4,84160.0,2.0,1,1,0
77,5929,17.0,12.0,1,1972500.0,1.0,0,0,1
34,1156,12.0,48.0,4,118350.0,1.0,0,1,0
36,1296,17.0,30.0,1,986250.0,7.0,1,0,1
23,529,12.0,40.0,4,0.0,2.0,1,0,1
65,4225,15.0,48.0,1,3287500.0,7.0,0,0,1
56,3136,17.0,40.0,3,1183500.0,6.0,1,1,1
62,3844,16.0,40.0,3,789000.0,1.0,0,1,1
47,2209,6.0,35.0,4,197250.0,1.0,1,1,1
52,2704,12.0,35.0,4,1183500.0,10.0,0,1,1
52,2704,12.0,40.0,4,657500.0,2.0,1,1,1
24,576,12.0,0.0,2,526000.0,9.0,1,1,1
26,676,6.0,0.0,2,263000.0,1.0,0,1,0
75,5625,17.0,16.0,1,263000.0,1.0,1,0,1
52,2704,12.0,32.0,4,394500.0,1.0,1,1,1
22,484,12.0,32.0,4,394500.0,1.0,0,0,1
51,2601,15.0,68.0,4,263000.0,1.0,0,1,1
52,2704,15.0,68.0,4,1183500.0,10.0,1,1,1
58,3364,17.0,52.0,3,1183500.0,10.0,1,0,1
48,2304,15.0,52.0,3,263000.0,1.0,0,0,0
43,1849,14.0,40.0,3,1604300.0,6.0,1,1,1
42,1764,6.0,40.0,3,1709500.0,8.0,0,1,1
80,6400,12.0,72.0,1,1183500.0,1.0,0,0,1
30,900,17.0,55.0,4,1972500.0,9.0,0,1,1
57,3249,15.0,48.0,3,1052000.0,7.0,0,1,1
57,3249,15.0,48.0,3,526000.0,8.0,1,1,1
48,2304,6.0,2.0,8,368200.0,2.0,1,0,0
64,4096,0.0,42.0,6,328750.0,1.0,1,1,1
61,3721,12.0,42.0,6,526000.0,1.0,0,1,0
41,1681,15.0,35.0,1,3287500.0,2.0,1,0,1
58,3364,6.0,35.0,2,0.0,12.0,0,1,1
66,4356,6.0,40.0,4,986250.0,2.0,0,1,1
31,961,9.0,40.0,4,789000.0,8.0,1,0,1
54,2916,17.0,40.0,4,1315000.0,8.0,0,1,1
37,1369,12.0,48.0,1,591750.0,2.0,0,0,0
43,1849,17.0,40.0,1,1315000.0,11.0,0,0,1
27,729,12.0,40.0,2,959950.0,9.0,1,1,1
27,729,15.0,40.0,2,657500.0,2.0,0,1,0
49,2401,9.0,48.0,4,920500.0,7.0,1,0,1
61,3721,17.0,40.0,1,1578000.0,3.0,1,0,1
38,1444,8.0,0.0,2,0.0,1.0,0,0,0
25,625,12.0,40.0,1,1052000.0,9.0,0,0,1
46,2116,6.0,54.0,6,1417570.0,9.0,0,1,1
21,441,12.0,66.0,5,1972500.0,6.0,0,0,1
24,576,15.0,66.0,5,1972500.0,6.0,0,0,1
37,1369,9.0,30.0,1,460250.0,1.0,0,0,0
64,4096,12.0,30.0,8,657500.0,1.0,0,1,1
33,1089,12.0,30.0,8,854750.0,9.0,0,0,1
32,1024,15.0,30.0,8,263000.0,1.0,1,0,1
55,3025,17.0,38.0,3,710100.0,8.0,1,0,1
50,2500,6.0,36.0,4,657500.0,8.0,0,1,1
42,1764,12.0,30.0,5,1315000.0,9.0,0,1,1
40,1600,12.0,30.0,5,920500.0,9.0,1,1,1
60,3600,12.0,38.0,3,263000.0,1.0,0,1,1
36,1296,14.0,30.0,3,986250.0,4.0,0,1,1
39,1521,12.0,25.0,1,657500.0,9.0,0,0,1
26,676,17.0,15.0,3,591750.0,7.0,0,0,1
28,784,12.0,40.0,4,591750.0,7.0,1,0,1
23,529,7.0,40.0,4,657500.0,6.0,0,0,0
51,2601,6.0,15.0,4,197250.0,2.0,0,1,0
56,3136,7.0,15.0,4,236700.0,1.0,1,1,0
24,576,12.0,15.0,4,591750.0,7.0,1,0,0
50,2500,12.0,40.0,3,920500.0,7.0,0,1,1
56,3136,12.0,40.0,3,789000.0,8.0,1,1,1
24,576,12.0,40.0,3,263000.0,1.0,0,0,0
43,1849,16.0,44.0,3,1578000.0,9.0,0,1,1
43,1849,15.0,50.0,1,789000.0,10.0,0,0,1
47,2209,12.0,48.0,4,789000.0,6.0,0,1,1
50,2500,6.0,52.0,3,657500.0,2.0,0,0,0
66,4356,5.0,35.0,3,1315000.0,7.0,0,1,1
43,1849,15.0,25.0,4,526000.0,8.0,0,1,1
39,1521,15.0,25.0,4,526000.0,9.0,1,1,1
44,1936,12.0,28.0,2,105200.0,1.0,1,0,1
39,1521,12.0,48.0,4,657500.0,2.0,0,1,0
39,1521,12.0,48.0,4,131500.0,1.0,1,1,0
47,2209,12.0,25.0,1,197250.0,3.0,0,0,0
52,2704,6.0,55.0,4,131500.0,1.0,1,1,0
46,2116,12.0,48.0,5,1249250.0,9.0,0,1,1
37,1369,15.0,30.0,2,526000.0,8.0,0,1,1
51,2601,15.0,30.0,2,920500.0,11.0,1,1,1
46,2116,17.0,30.0,5,920500.0,10.0,0,1,1
50,2500,13.0,72.0,7,1315000.0,10.0,1,1,1
66,4356,12.0,35.0,2,657500.0,3.0,0,0,1
36,1296,15.0,35.0,2,289300.0,6.0,1,0,1
26,676,12.0,12.0,5,591750.0,1.0,0,1,0
27,729,12.0,12.0,5,78900.0,1.0,1,1,1
53,2809,12.0,3.0,2,170950.0,1.0,0,1,1
48,2304,14.0,3.0,2,1446500.0,12.0,0,1,1
52,2704,16.0,40.0,4,1972500.0,5.0,0,1,1
35,1225,19.0,60.0,4,3287500.0,12.0,1,1,1
55,3025,9.0,48.0,1,1052000.0,1.0,0,0,0
30,900,12.0,20.0,3,526000.0,6.0,1,0,1
32,1024,15.0,40.0,4,1315000.0,9.0,0,1,1
51,2601,12.0,52.0,3,1709500.0,9.0,1,0,1
24,576,8.0,52.0,3,420800.0,11.0,0,0,0
41,1681,17.0,52.0,3,1183500.0,9.0,0,0,1
41,1681,17.0,40.0,1,1972500.0,8.0,0,0,0
29,841,12.0,54.0,3,315600.0,7.0,1,1,1
50,2500,15.0,40.0,4,2104000.0,8.0,0,1,1
47,2209,17.0,40.0,4,1315000.0,1.0,1,1,1
60,3600,8.0,36.0,2,789000.0,12.0,1,0,1
52,2704,17.0,10.0,6,789000.0,9.0,1,0,1
48,2304,12.0,71.0,4,946800.0,7.0,0,1,0
22,484,12.0,71.0,4,420800.0,7.0,1,0,0
54,2916,12.0,48.0,2,2104000.0,1.0,0,1,1
47,2209,15.0,48.0,2,2235500.0,12.0,1,1,1
34,1156,12.0,20.0,4,591750.0,2.0,1,1,1
34,1156,6.0,20.0,4,1183500.0,7.0,0,1,1
43,1849,17.0,48.0,2,1315000.0,4.0,1,1,1
41,1681,17.0,48.0,2,1315000.0,4.0,0,1,1
40,1600,12.0,60.0,2,1446500.0,8.0,0,1,1
65,4225,17.0,48.0,3,0.0,2.0,1,1,1
33,1089,12.0,30.0,2,1315000.0,7.0,0,0,1
30,900,7.0,56.0,5,657500.0,2.0,0,1,0
34,1156,15.0,56.0,5,591750.0,4.0,1,1,0
45,2025,12.0,48.0,4,591750.0,7.0,1,1,1
24,576,8.0,48.0,4,263000.0,3.0,0,0,0
47,2209,12.0,48.0,4,762700.0,8.0,0,1,1
49,2401,6.0,56.0,6,236700.0,2.0,1,0,1
43,1849,12.0,40.0,1,1709500.0,7.0,0,0,1
45,2025,17.0,20.0,1,920500.0,8.0,1,0,1
50,2500,13.0,54.0,6,394500.0,3.0,0,0,1
48,2304,12.0,48.0,5,1052000.0,3.0,0,1,1
24,576,12.0,56.0,1,1236100.0,8.0,1,0,1
46,2116,15.0,25.0,5,526000.0,7.0,1,1,1
26,676,9.0,36.0,4,315600.0,3.0,0,0,0
25,625,7.0,36.0,4,789000.0,6.0,0,1,0
41,1681,6.0,77.0,6,0.0,3.0,1,1,1
53,2809,14.0,72.0,7,1315000.0,10.0,0,1,1
22,484,13.0,72.0,7,328750.0,7.0,0,0,1
36,1296,15.0,40.0,2,1183500.0,8.0,1,0,1
52,2704,12.0,48.0,2,526000.0,2.0,0,1,0
24,576,14.0,36.0,1,526000.0,11.0,1,0,1
46,2116,9.0,3.0,3,39450.0,1.0,1,0,0
24,576,13.0,3.0,3,854750.0,12.0,1,0,1
31,961,17.0,40.0,2,2630000.0,1.0,0,1,0
32,1024,15.0,67.0,1,210400.0,4.0,1,0,0
53,2809,17.0,40.0,1,789000.0,1.0,0,0,1
43,1849,12.0,45.0,3,854750.0,7.0,0,1,1
43,1849,12.0,45.0,3,789000.0,8.0,1,1,1
38,1444,17.0,48.0,2,1288700.0,11.0,1,0,1
34,1156,12.0,48.0,5,1578000.0,5.0,1,0,1
56,3136,15.0,40.0,2,1262400.0,8.0,1,1,1
40,1600,12.0,40.0,2,1315000.0,6.0,0,1,0
46,2116,12.0,36.0,1,789000.0,1.0,0,0,0
37,1369,9.0,20.0,3,102570.0,9.0,1,0,0
54,2916,6.0,48.0,3,1578000.0,6.0,0,0,1
36,1296,16.0,48.0,1,789000.0,6.0,0,0,0
39,1521,17.0,40.0,3,1841000.0,11.0,0,1,1
48,2304,15.0,48.0,5,1841000.0,10.0,0,1,1
21,441,15.0,48.0,5,657500.0,10.0,0,0,1
64,4096,12.0,28.0,2,263000.0,3.0,1,1,1
40,1600,7.0,48.0,4,394500.0,1.0,0,1,0
35,1225,14.0,58.0,1,526000.0,7.0,0,0,1
35,1225,12.0,40.0,1,394500.0,4.0,0,0,0
28,784,16.0,50.0,3,1709500.0,9.0,0,1,1
26,676,13.0,48.0,1,1183500.0,8.0,1,0,1
54,2916,12.0,30.0,1,1052000.0,11.0,1,0,1
57,3249,15.0,40.0,1,1183500.0,7.0,1,0,1
34,1156,14.0,41.0,2,105200.0,1.0,0,1,0
35,1225,17.0,40.0,2,657500.0,6.0,1,0,0
38,1444,14.0,44.0,3,1841000.0,6.0,0,1,1
43,1849,13.0,44.0,3,0.0,1.0,1,1,1
35,1225,17.0,40.0,2,920500.0,1.0,0,1,1
36,1296,17.0,40.0,2,2630000.0,9.0,1,1,1
52,2704,14.0,51.0,3,1315000.0,11.0,0,1,1
23,529,12.0,56.0,6,236700.0,1.0,1,0,0
55,3025,6.0,48.0,1,460250.0,3.0,0,0,0
51,2601,6.0,45.0,3,789000.0,5.0,1,1,1
47,2209,17.0,45.0,3,1052000.0,12.0,0,1,1
32,1024,12.0,58.0,2,854750.0,4.0,1,0,1
46,2116,6.0,48.0,5,657500.0,1.0,0,1,0
29,841,12.0,56.0,6,0.0,2.0,1,0,0
44,1936,12.0,40.0,2,2104000.0,7.0,1,0,1
46,2116,17.0,50.0,2,657500.0,9.0,0,0,1
40,1600,15.0,43.0,2,2498500.0,12.0,0,0,1
35,1225,9.0,44.0,4,1446500.0,6.0,0,1,1
33,1089,12.0,44.0,4,526000.0,6.0,1,1,1
47,2209,12.0,30.0,3,368200.0,1.0,0,1,1
56,3136,17.0,27.0,2,762700.0,2.0,1,0,1
41,1681,12.0,40.0,3,789000.0,3.0,0,1,1
64,4096,9.0,70.0,4,460250.0,1.0,0,1,1
45,2025,17.0,40.0,1,637775.0,11.0,1,0,1
34,1156,12.0,35.0,1,526000.0,11.0,1,0,1
61,3721,8.0,80.0,1,526000.0,12.0,0,0,1
21,441,12.0,77.0,6,0.0,3.0,0,0,1
61,3721,16.0,45.0,3,1052000.0,6.0,1,1,1
66,4356,6.0,45.0,3,789000.0,1.0,0,1,1
34,1156,15.0,45.0,3,920500.0,2.0,0,0,1
55,3025,15.0,20.0,5,526000.0,6.0,1,0,1
62,3844,15.0,20.0,5,526000.0,11.0,1,0,1
31,961,19.0,40.0,2,2630000.0,1.0,1,1,1
31,961,7.0,36.0,3,447100.0,2.0,1,0,0
41,1681,17.0,40.0,2,1972500.0,6.0,0,0,1
35,1225,12.0,40.0,2,105200.0,1.0,1,0,0
37,1369,17.0,56.0,3,460250.0,2.0,0,1,1
27,729,12.0,84.0,3,591750.0,1.0,1,0,0
51,2601,17.0,48.0,3,1249250.0,6.0,1,1,1
54,2916,15.0,48.0,3,1052000.0,6.0,0,1,1
31,961,11.0,35.0,7,854750.0,6.0,0,1,0
27,729,12.0,4.0,2,73640.0,1.0,0,0,0
33,1089,13.0,30.0,3,907350.0,11.0,1,0,1
45,2025,12.0,32.0,4,394500.0,7.0,0,1,1
39,1521,12.0,32.0,4,394500.0,2.0,1,1,1
38,1444,15.0,45.0,1,1578000.0,11.0,0,0,1
22,484,7.0,6.0,5,341900.0,6.0,0,0,0
35,1225,12.0,6.0,5,526000.0,3.0,0,0,0
56,3136,7.0,20.0,3,102570.0,7.0,0,0,1
21,441,10.0,20.0,3,102570.0,7.0,0,0,1
48,2304,6.0,35.0,3,657500.0,1.0,1,1,1
51,2601,12.0,9.0,6,157800.0,1.0,1,0,1
21,441,12.0,9.0,6,460250.0,7.0,0,0,1
33,1089,12.0,49.0,3,5260000.0,9.0,0,1,1
40,1600,17.0,18.0,2,1052000.0,1.0,1,0,1
62,3844,6.0,9.0,1,131500.0,1.0,0,0,0
35,1225,12.0,48.0,3,1117750.0,11.0,1,0,1
22,484,12.0,50.0,1,657500.0,2.0,0,0,0
53,2809,15.0,28.0,5,657500.0,1.0,0,1,0
30,900,15.0,60.0,3,1315000.0,5.0,0,1,1
31,961,9.0,48.0,5,1117750.0,8.0,0,1,1
22,484,12.0,45.0,2,1315000.0,2.0,1,1,1
41,1681,12.0,32.0,4,657500.0,11.0,0,1,1
41,1681,15.0,72.0,3,1183500.0,9.0,0,1,1
42,1764,15.0,72.0,3,263000.0,2.0,1,1,1
23,529,12.0,45.0,2,1315000.0,3.0,0,1,1
20,400,12.0,48.0,5,78900.0,2.0,0,0,0
19,361,11.0,48.0,5,85475.0,2.0,1,0,0
58,3364,14.0,35.0,3,1972500.0,8.0,1,0,1
67,4489,15.0,48.0,3,1972500.0,1.0,0,1,1
63,3969,8.0,6.0,2,65750.0,1.0,1,0,1
54,2916,15.0,60.0,1,1972500.0,1.0,1,0,1
19,361,12.0,36.0,2,263000.0,1.0,0,0,1
32,1024,12.0,40.0,6,789000.0,7.0,0,1,1
29,841,17.0,40.0,2,394500.0,1.0,0,1,0
59,3481,15.0,40.0,4,657500.0,1.0,1,1,1
25,625,12.0,30.0,1,236700.0,6.0,0,0,0
53,2809,12.0,30.0,3,131500.0,1.0,1,1,1
54,2916,12.0,30.0,3,526000.0,1.0,0,1,1
60,3600,5.0,15.0,2,85475.0,2.0,1,0,1
42,1764,6.0,15.0,2,85475.0,2.0,1,0,1
29,841,12.0,37.0,2,394500.0,5.0,0,1,0
55,3025,6.0,24.0,6,131500.0,2.0,0,1,0
49,2401,15.0,30.0,2,1052000.0,12.0,1,0,1
40,1600,12.0,35.0,1,1709500.0,9.0,0,0,1
29,841,14.0,44.0,5,1709500.0,9.0,0,1,1
34,1156,12.0,42.0,3,1315000.0,9.0,0,1,1
43,1849,12.0,45.0,3,1578000.0,11.0,0,1,1
35,1225,15.0,56.0,3,460250.0,2.0,1,1,1
47,2209,17.0,52.0,2,789000.0,3.0,1,1,1
47,2209,17.0,52.0,2,1315000.0,3.0,0,1,1
46,2116,15.0,45.0,5,1052000.0,11.0,1,1,1
51,2601,17.0,48.0,4,789000.0,12.0,1,0,1
31,961,13.0,48.0,4,263000.0,1.0,1,0,0
28,784,15.0,48.0,4,263000.0,1.0,1,1,1
59,3481,12.0,40.0,2,1052000.0,1.0,0,1,1
55,3025,12.0,40.0,2,1578000.0,1.0,1,1,1
54,2916,6.0,8.0,2,328750.0,1.0,1,0,1
54,2916,1.0,35.0,4,920500.0,9.0,0,1,1
46,2116,3.0,64.0,1,1052000.0,9.0,0,1,1
46,2116,14.0,46.0,4,920500.0,10.0,1,0,1
58,3364,6.0,47.0,1,1315000.0,1.0,0,0,1
25,625,7.0,3.0,5,394500.0,1.0,1,0,0
47,2209,15.0,40.0,3,1183500.0,5.0,1,0,1
53,2809,12.0,36.0,1,657500.0,6.0,0,0,1
29,841,15.0,40.0,3,1709500.0,7.0,1,1,1
29,841,15.0,58.0,1,657500.0,1.0,0,0,1
38,1444,18.0,46.0,3,263000.0,2.0,0,1,1
25,625,12.0,12.0,5,184100.0,4.0,1,0,0
28,784,12.0,48.0,4,460250.0,7.0,0,1,1
20,400,11.0,45.0,1,460250.0,6.0,0,0,0
36,1296,8.0,48.0,4,1315000.0,11.0,0,1,1
41,1681,17.0,48.0,4,920500.0,7.0,1,1,1
47,2209,15.0,8.0,1,263000.0,1.0,1,0,0
32,1024,5.0,15.0,1,65750.0,1.0,0,0,0
35,1225,8.0,84.0,6,1183500.0,2.0,0,1,1
33,1089,15.0,84.0,6,740345.0,6.0,1,1,1
39,1521,6.0,50.0,4,683800.0,6.0,0,1,0
35,1225,12.0,50.0,4,263000.0,1.0,1,1,0
21,441,14.0,31.0,3,131500.0,3.0,0,0,0
22,484,12.0,21.0,5,263000.0,3.0,0,0,0
48,2304,7.0,30.0,1,1052000.0,3.0,1,0,1
45,2025,12.0,72.0,6,1052000.0,1.0,0,1,0
23,529,7.0,72.0,6,394500.0,3.0,1,0,0
52,2704,12.0,21.0,5,1709500.0,6.0,0,1,1
43,1849,15.0,31.0,4,681170.0,8.0,1,0,1
47,2209,8.0,45.0,2,1117750.0,1.0,0,0,1
55,3025,7.0,48.0,1,552300.0,10.0,0,0,1
34,1156,12.0,18.0,1,526000.0,2.0,0,0,0
21,441,8.0,9.0,3,197250.0,1.0,1,0,0
22,484,8.0,6.0,3,394500.0,4.0,0,0,0
43,1849,15.0,60.0,2,789000.0,1.0,1,1,0
42,1764,8.0,60.0,2,526000.0,1.0,0,1,0
33,1089,17.0,48.0,3,1157200.0,1.0,0,0,1
21,441,14.0,48.0,2,0.0,1.0,1,1,1
23,529,12.0,48.0,2,854750.0,10.0,0,1,1
76,5776,12.0,5.0,1,52600.0,1.0,1,0,1
36,1296,16.0,48.0,4,1972500.0,9.0,0,1,1
32,1024,12.0,48.0,4,1578000.0,1.0,1,1,1
48,2304,15.0,48.0,1,657500.0,1.0,1,0,0
39,1521,15.0,40.0,2,394500.0,8.0,1,0,1
18,324,12.0,48.0,2,657500.0,2.0,1,0,1
37,1369,12.0,40.0,2,986250.0,6.0,1,1,1
32,1024,12.0,40.0,2,789000.0,1.0,0,1,0
55,3025,7.0,30.0,3,394500.0,1.0,0,1,0
24,576,15.0,30.0,3,394500.0,7.0,1,0,1
42,1764,11.0,8.0,2,394500.0,4.0,0,0,0
24,576,15.0,30.0,1,341900.0,7.0,0,0,1
29,841,14.0,48.0,7,0.0,6.0,1,1,0
50,2500,19.0,40.0,10,6575000.0,3.0,0,1,1
46,2116,17.0,40.0,10,1315000.0,7.0,1,1,1
42,1764,6.0,20.0,7,526000.0,1.0,0,1,0
47,2209,18.0,10.0,1,157800.0,9.0,1,0,1
32,1024,12.0,40.0,3,789000.0,6.0,0,1,1
27,729,11.0,9.0,3,102570.0,7.0,1,1,0
27,729,17.0,9.0,3,289300.0,5.0,0,1,0
62,3844,6.0,30.0,4,460250.0,4.0,0,1,0
46,2116,6.0,48.0,9,0.0,6.0,0,1,1
27,729,13.0,24.0,2,690375.0,8.0,0,1,1
26,676,17.0,24.0,2,0.0,3.0,1,1,1
29,841,12.0,36.0,2,1117750.0,9.0,0,1,1
27,729,15.0,40.0,4,526000.0,9.0,1,0,1
50,2500,9.0,40.0,1,933650.0,10.0,1,0,1
36,1296,14.0,48.0,4,1709500.0,10.0,0,1,1
36,1296,17.0,48.0,4,2367000.0,9.0,1,1,1
73,5329,15.0,4.0,2,131500.0,1.0,0,1,1
58,3364,12.0,9.0,1,263000.0,1.0,0,0,0
50,2500,13.0,40.0,3,854750.0,12.0,0,0,1
61,3721,17.0,25.0,3,591750.0,10.0,0,1,1
61,3721,11.0,48.0,4,1183500.0,10.0,1,0,1
29,841,12.0,48.0,4,526000.0,6.0,1,0,0
20,400,12.0,48.0,4,460250.0,6.0,0,0,1
44,1936,9.0,30.0,2,920500.0,9.0,0,0,1
26,676,17.0,30.0,1,1052000.0,6.0,0,0,1
58,3364,12.0,54.0,1,2104000.0,8.0,0,0,1
64,4096,16.0,45.0,2,1972500.0,8.0,0,1,1
34,1156,9.0,24.0,5,263000.0,5.0,1,0,0
66,4356,9.0,40.0,2,78900.0,2.0,0,1,1
62,3844,0.0,40.0,2,105200.0,2.0,1,1,1
47,2209,14.0,48.0,1,394500.0,1.0,0,0,0
56,3136,15.0,15.0,3,473400.0,7.0,1,0,1
43,1849,12.0,32.0,2,368200.0,4.0,1,0,0
44,1936,16.0,20.0,4,65750.0,1.0,1,0,1
48,2304,6.0,30.0,4,157800.0,1.0,0,1,0
52,2704,12.0,48.0,3,1183500.0,9.0,0,1,1
36,1296,15.0,48.0,3,710100.0,7.0,1,1,1
35,1225,12.0,40.0,3,789000.0,7.0,0,0,1
34,1156,15.0,54.0,3,1052000.0,6.0,0,1,1
37,1369,15.0,30.0,3,1578000.0,1.0,0,1,0
20,400,11.0,15.0,2,657500.0,10.0,0,0,1
31,961,15.0,50.0,2,2630000.0,2.0,0,1,1
32,1024,17.0,50.0,2,1972500.0,1.0,1,1,1
38,1444,12.0,30.0,3,2630000.0,2.0,0,1,0
53,2809,17.0,44.0,2,526000.0,6.0,1,0,1
50,2500,15.0,50.0,3,460250.0,8.0,1,0,1
25,625,12.0,50.0,3,789000.0,7.0,0,0,1
74,5476,8.0,24.0,1,394500.0,1.0,1,0,1
28,784,12.0,12.0,3,157800.0,7.0,1,0,0
53,2809,8.0,84.0,2,789000.0,2.0,0,1,0
48,2304,9.0,84.0,2,789000.0,2.0,1,1,0
66,4356,5.0,9.0,6,0.0,2.0,1,1,1
36,1296,13.0,9.0,6,1052000.0,2.0,1,1,1
40,1600,6.0,9.0,6,920500.0,1.0,0,1,0
35,1225,15.0,0.0,3,1972500.0,9.0,0,1,1
33,1089,19.0,0.0,3,131500.0,1.0,1,1,1
33,1089,15.0,48.0,1,1775250.0,6.0,0,0,1
40,1600,9.0,40.0,5,263000.0,2.0,1,1,0
46,2116,17.0,25.0,4,1052000.0,7.0,1,1,1
58,3364,15.0,35.0,1,328750.0,1.0,1,1,1
58,3364,16.0,35.0,2,1315000.0,10.0,0,1,1
46,2116,17.0,35.0,2,1972500.0,6.0,1,1,1
22,484,10.0,48.0,1,1153255.0,12.0,0,0,1
37,1369,9.0,72.0,2,789000.0,1.0,1,0,0
49,2401,12.0,51.0,5,920500.0,5.0,0,1,1
52,2704,12.0,51.0,5,789000.0,7.0,1,1,1
62,3844,11.0,30.0,2,749550.0,7.0,1,0,1
29,841,14.0,30.0,2,263000.0,1.0,0,0,0
41,1681,19.0,36.0,1,1052000.0,1.0,0,0,1
43,1849,14.0,44.0,5,526000.0,1.0,0,1,1
41,1681,17.0,44.0,5,789000.0,1.0,1,1,1
60,3600,6.0,40.0,5,920500.0,11.0,1,0,1
33,1089,12.0,40.0,5,920500.0,11.0,1,1,1
34,1156,12.0,40.0,5,197250.0,1.0,0,0,0
40,1600,15.0,40.0,5,1315000.0,10.0,0,1,1
35,1225,7.0,42.0,3,322175.0,6.0,0,1,0
42,1764,17.0,0.0,5,565450.0,1.0,0,1,1
29,841,12.0,70.0,2,657500.0,2.0,1,1,1
47,2209,10.0,70.0,2,657500.0,2.0,0,1,1
37,1369,12.0,42.0,3,44710.0,2.0,1,1,0
47,2209,6.0,30.0,4,65750.0,2.0,1,0,0
35,1225,6.0,30.0,4,65750.0,2.0,1,0,0
42,1764,17.0,60.0,4,1315000.0,2.0,0,0,1
25,625,15.0,60.0,4,1052000.0,6.0,1,0,1
32,1024,8.0,48.0,1,473400.0,3.0,0,0,0
48,2304,6.0,25.0,2,526000.0,1.0,0,1,0
44,1936,12.0,46.0,5,986250.0,8.0,0,1,1
37,1369,19.0,20.0,1,1183500.0,1.0,1,0,1
32,1024,12.0,30.0,3,696950.0,12.0,1,1,1
58,3364,17.0,30.0,2,1446500.0,7.0,1,1,1
64,4096,12.0,35.0,2,789000.0,4.0,0,1,1
64,4096,15.0,35.0,2,657500.0,4.0,1,1,1
54,2916,7.0,16.0,2,328750.0,2.0,0,1,0
76,5776,15.0,20.0,2,789000.0,1.0,0,0,1
47,2209,15.0,25.0,1,789000.0,7.0,1,0,1
39,1521,12.0,30.0,3,526000.0,4.0,1,1,1
39,1521,14.0,8.0,1,236700.0,1.0,1,0,0
34,1156,9.0,40.0,4,920500.0,7.0,0,1,1
30,900,6.0,30.0,10,476030.0,9.0,0,1,1
32,1024,12.0,30.0,10,244590.0,6.0,1,1,1
26,676,9.0,24.0,3,355050.0,2.0,0,1,0
64,4096,12.0,24.0,2,1183500.0,12.0,1,1,1
45,2025,12.0,24.0,2,789000.0,10.0,0,0,1
35,1225,17.0,35.0,1,1183500.0,12.0,1,0,1
35,1225,9.0,56.0,5,1117750.0,10.0,1,1,1
34,1156,9.0,56.0,5,394500.0,1.0,0,1,1
45,2025,12.0,36.0,2,657500.0,1.0,0,0,0
28,784,14.0,0.0,2,631200.0,4.0,0,0,1
53,2809,15.0,30.0,4,328750.0,1.0,1,0,0
24,576,14.0,30.0,4,657500.0,1.0,1,0,0
54,2916,12.0,48.0,2,591750.0,1.0,0,1,0
44,1936,12.0,40.0,3,1104600.0,11.0,1,0,1
56,3136,5.0,66.0,4,1117750.0,11.0,0,0,1
55,3025,15.0,52.0,3,1183500.0,9.0,1,0,1
23,529,13.0,52.0,3,789000.0,1.0,1,0,1
50,2500,17.0,44.0,4,1183500.0,12.0,1,1,1
38,1444,15.0,48.0,2,1183500.0,1.0,0,1,1
45,2025,15.0,48.0,2,394500.0,1.0,1,1,1
51,2601,6.0,70.0,7,1052000.0,5.0,0,1,1
46,2116,6.0,70.0,7,328750.0,1.0,1,1,0
26,676,10.0,70.0,7,315600.0,5.0,1,1,0
24,576,10.0,50.0,3,315600.0,5.0,0,1,0
27,729,10.0,40.0,5,473400.0,5.0,0,1,0
39,1521,14.0,55.0,4,0.0,2.0,1,1,1
42,1764,12.0,48.0,5,920500.0,1.0,0,1,1
33,1089,12.0,48.0,4,854750.0,11.0,0,1,1
49,2401,12.0,40.0,4,986250.0,11.0,0,1,1
59,3481,9.0,25.0,2,657500.0,10.0,1,1,1
70,4900,6.0,25.0,3,236700.0,2.0,0,1,1
34,1156,12.0,25.0,3,526000.0,6.0,0,0,1
49,2401,13.0,16.0,6,118350.0,1.0,1,0,1
28,784,12.0,16.0,6,1183500.0,11.0,0,0,1
58,3364,6.0,84.0,2,420800.0,2.0,1,0,1
32,1024,12.0,48.0,3,1052000.0,7.0,0,1,1
61,3721,6.0,40.0,3,854750.0,10.0,0,1,1
50,2500,14.0,40.0,2,1578000.0,8.0,0,1,1
55,3025,9.0,40.0,2,1052000.0,7.0,1,1,1
34,1156,14.0,44.0,2,1183500.0,10.0,1,1,1
35,1225,14.0,44.0,2,1315000.0,10.0,0,1,1
45,2025,6.0,36.0,3,657500.0,7.0,0,1,1
46,2116,6.0,36.0,3,591750.0,7.0,1,1,1
44,1936,17.0,45.0,3,1052000.0,3.0,0,1,1
39,1521,17.0,45.0,3,789000.0,9.0,1,1,1
42,1764,12.0,48.0,3,1972500.0,9.0,0,1,1
27,729,14.0,48.0,3,1315000.0,8.0,1,1,1
60,3600,19.0,40.0,1,1052000.0,12.0,0,0,1
29,841,8.0,6.0,4,157800.0,1.0,1,1,0
56,3136,14.0,31.0,1,591750.0,7.0,0,0,0
38,1444,17.0,40.0,1,920500.0,6.0,1,0,1
35,1225,8.0,48.0,4,315600.0,2.0,1,0,0
54,2916,9.0,78.0,10,197250.0,5.0,0,1,0
39,1521,17.0,40.0,4,762700.0,8.0,1,1,1
37,1369,14.0,40.0,4,854750.0,7.0,0,1,1
51,2601,14.0,33.0,3,591750.0,8.0,1,0,1
56,3136,9.0,20.0,4,473400.0,8.0,1,0,1
60,3600,12.0,60.0,3,986250.0,1.0,0,1,1
40,1600,12.0,48.0,4,789000.0,8.0,1,1,1
42,1764,9.0,48.0,4,473400.0,10.0,0,1,1
23,529,12.0,48.0,4,263000.0,5.0,0,0,1
58,3364,6.0,40.0,5,723250.0,9.0,0,1,1
48,2304,17.0,40.0,5,591750.0,9.0,1,1,1
27,729,12.0,40.0,5,789000.0,9.0,0,0,1
31,961,12.0,40.0,4,184100.0,2.0,1,1,0
41,1681,12.0,40.0,4,263000.0,2.0,0,1,0
58,3364,4.0,49.0,5,971785.0,12.0,1,1,1
64,4096,6.0,49.0,5,789000.0,1.0,0,1,0
53,2809,9.0,6.0,2,52600.0,6.0,0,0,1
19,361,10.0,0.0,2,789000.0,1.0,1,0,0
40,1600,12.0,48.0,6,789000.0,9.0,0,1,1
22,484,15.0,48.0,6,394500.0,6.0,0,0,1
56,3136,14.0,30.0,5,407650.0,10.0,1,1,1
53,2809,6.0,30.0,5,591750.0,10.0,0,1,1
34,1156,12.0,30.0,5,420800.0,6.0,0,0,1
31,961,12.0,30.0,5,78900.0,1.0,1,0,0
61,3721,4.0,30.0,1,394500.0,2.0,0,0,1
38,1444,12.0,24.0,4,236700.0,1.0,0,1,0
41,1681,12.0,30.0,5,394500.0,1.0,0,1,0
32,1024,17.0,56.0,4,657500.0,5.0,1,0,1
74,5476,17.0,6.0,2,131500.0,1.0,1,1,1
28,784,12.0,50.0,1,1709500.0,1.0,0,0,1
53,2809,16.0,40.0,2,2630000.0,9.0,1,0,1
49,2401,6.0,35.0,5,920500.0,1.0,0,1,1
52,2704,6.0,40.0,6,657500.0,1.0,0,1,1
57,3249,12.0,40.0,6,1578000.0,10.0,1,1,1
23,529,12.0,40.0,3,1052000.0,8.0,0,0,1
56,3136,17.0,44.0,2,789000.0,1.0,0,0,1
40,1600,15.0,45.0,3,1183500.0,8.0,1,0,1
42,1764,14.0,45.0,2,1578000.0,11.0,0,0,1
46,2116,18.0,40.0,2,3682000.0,12.0,0,0,1
21,441,12.0,0.0,3,197250.0,2.0,1,0,0
57,3249,12.0,12.0,12,39450.0,1.0,0,1,0
27,729,12.0,12.0,12,315600.0,1.0,0,0,0
23,529,12.0,12.0,12,394500.0,6.0,0,0,0
36,1296,12.0,12.0,12,1117750.0,12.0,0,1,1
52,2704,12.0,48.0,5,355050.0,5.0,0,1,0
29,841,12.0,48.0,5,249850.0,5.0,0,0,0
24,576,12.0,48.0,5,210400.0,5.0,1,0,0
34,1156,17.0,40.0,3,920500.0,1.0,1,1,1
32,1024,17.0,40.0,3,920500.0,6.0,0,1,1
47,2209,16.0,30.0,1,394500.0,2.0,1,0,1
47,2209,6.0,40.0,3,789000.0,5.0,0,1,0
32,1024,15.0,40.0,3,263000.0,3.0,1,1,0
44,1936,14.0,50.0,1,394500.0,1.0,1,0,1
60,3600,12.0,16.0,1,118350.0,1.0,1,0,0
58,3364,17.0,40.0,3,1315000.0,10.0,0,1,1
44,1936,17.0,48.0,3,1972500.0,10.0,1,0,1
52,2704,4.0,30.0,2,2630000.0,1.0,0,1,0
62,3844,9.0,60.0,2,920500.0,1.0,0,1,0
59,3481,12.0,60.0,2,197250.0,1.0,1,1,0
18,324,9.0,35.0,3,273520.0,4.0,0,0,1
50,2500,7.0,96.0,1,1841000.0,7.0,0,0,1
58,3364,17.0,40.0,3,1315000.0,8.0,0,1,1
42,1764,17.0,40.0,3,1052000.0,6.0,1,1,1
44,1936,12.0,40.0,4,920500.0,9.0,1,0,1
63,3969,8.0,48.0,10,1315000.0,7.0,0,1,1
51,2601,17.0,25.0,5,1315000.0,6.0,0,1,1
46,2116,17.0,25.0,5,3945000.0,6.0,1,1,1
22,484,15.0,25.0,5,657500.0,1.0,1,0,1
18,324,12.0,25.0,5,131500.0,1.0,0,0,1
33,1089,10.0,30.0,4,1578000.0,11.0,0,1,1
42,1764,12.0,48.0,3,1972500.0,8.0,0,1,1
39,1521,15.0,48.0,3,1643750.0,8.0,1,1,1
39,1521,15.0,20.0,4,762700.0,7.0,0,1,1
59,3481,8.0,0.0,2,1052000.0,10.0,0,1,1
50,2500,17.0,30.0,1,1183500.0,9.0,1,0,1
45,2025,10.0,60.0,2,1315000.0,9.0,0,1,1
44,1936,17.0,60.0,2,1972500.0,8.0,1,1,1
58,3364,17.0,27.0,4,1038850.0,10.0,0,1,1
59,3481,19.0,50.0,4,1315000.0,7.0,0,1,1
34,1156,15.0,40.0,1,920500.0,6.0,0,0,1
57,3249,6.0,40.0,1,263000.0,1.0,0,0,0
37,1369,9.0,83.0,4,1052000.0,10.0,0,1,1
63,3969,16.0,40.0,2,2630000.0,11.0,0,1,1
57,3249,15.0,40.0,2,920500.0,10.0,1,1,1
24,576,13.0,40.0,4,368200.0,3.0,1,0,1
29,841,12.0,70.0,2,526000.0,1.0,0,1,0
44,1936,17.0,48.0,3,854750.0,11.0,0,1,1
43,1849,17.0,48.0,3,657500.0,12.0,1,1,1
61,3721,9.0,48.0,2,52600.0,1.0,1,0,1
50,2500,6.0,40.0,5,1578000.0,6.0,0,1,1
44,1936,12.0,40.0,5,854750.0,9.0,1,1,1
61,3721,12.0,15.0,2,460250.0,1.0,0,0,1
62,3844,17.0,30.0,5,920500.0,9.0,0,1,1
22,484,12.0,30.0,5,236700.0,3.0,0,0,1
59,3481,15.0,35.0,2,710100.0,9.0,0,1,1
37,1369,9.0,30.0,3,131500.0,1.0,1,0,0
45,2025,15.0,48.0,1,263000.0,1.0,1,0,0
56,3136,14.0,18.0,4,65750.0,2.0,1,1,0
18,324,12.0,18.0,4,0.0,2.0,0,0,0
28,784,12.0,48.0,2,473400.0,6.0,0,1,0
26,676,12.0,48.0,2,131500.0,1.0,1,1,0
25,625,12.0,44.0,4,526000.0,8.0,1,0,0
37,1369,12.0,33.0,5,657500.0,1.0,0,1,0
37,1369,15.0,33.0,5,920500.0,8.0,1,1,1
36,1296,12.0,40.0,1,1052000.0,12.0,1,0,1
30,900,15.0,50.0,2,1315000.0,12.0,1,1,1
47,2209,8.0,70.0,4,1052000.0,6.0,0,0,0
22,484,12.0,70.0,4,526000.0,5.0,0,0,0
43,1849,12.0,48.0,1,1052000.0,9.0,0,0,1
25,625,10.0,16.0,1,657500.0,6.0,0,0,0
27,729,6.0,50.0,5,1315000.0,12.0,0,0,1
67,4489,6.0,50.0,4,1315000.0,1.0,0,1,1
71,5041,19.0,10.0,1,263000.0,10.0,1,0,1
50,2500,6.0,60.0,4,92050.0,1.0,0,1,1
21,441,12.0,60.0,4,263000.0,3.0,0,0,0
21,441,12.0,84.0,6,98625.0,1.0,1,0,0
58,3364,12.0,40.0,1,1709500.0,10.0,0,0,1
52,2704,12.0,40.0,4,723250.0,5.0,0,1,1
52,2704,12.0,40.0,4,1052000.0,1.0,1,1,1
24,576,15.0,48.0,2,1972500.0,6.0,1,1,1
24,576,12.0,48.0,2,854750.0,6.0,0,1,1
50,2500,7.0,35.0,4,1052000.0,7.0,1,1,1
50,2500,12.0,35.0,4,1052000.0,9.0,0,1,1
26,676,17.0,40.0,2,2367000.0,1.0,1,1,1
33,1089,15.0,20.0,4,591750.0,7.0,1,1,1
43,1849,12.0,35.0,2,263000.0,6.0,0,1,1
40,1600,17.0,35.0,2,315600.0,2.0,1,1,1
39,1521,12.0,48.0,4,920500.0,1.0,1,1,1
54,2916,6.0,30.0,3,591750.0,11.0,0,1,1
67,4489,14.0,40.0,2,1183500.0,12.0,0,1,1
47,2209,8.0,48.0,6,1183500.0,9.0,0,1,1
37,1369,14.0,48.0,6,572025.0,9.0,1,1,1
77,5929,6.0,35.0,1,197250.0,1.0,1,0,1
57,3249,6.0,66.0,2,710100.0,1.0,1,0,1
54,2916,12.0,24.0,3,983620.0,4.0,0,1,1
53,2809,12.0,24.0,3,1052000.0,1.0,1,1,1
28,784,15.0,30.0,3,526000.0,5.0,1,1,1
28,784,15.0,30.0,3,723250.0,10.0,0,1,1
58,3364,6.0,48.0,2,591750.0,9.0,0,1,1
25,625,12.0,0.0,2,789000.0,8.0,1,0,1
25,625,14.0,0.0,2,854750.0,8.0,1,0,1
63,3969,15.0,76.0,3,1025700.0,7.0,0,0,1
21,441,12.0,76.0,3,263000.0,1.0,0,1,0
53,2809,15.0,63.0,5,263000.0,2.0,0,1,1
52,2704,12.0,63.0,5,526000.0,2.0,1,1,1
59,3481,10.0,50.0,6,591750.0,7.0,0,1,1
33,1089,12.0,60.0,2,1315000.0,1.0,0,1,1
31,961,17.0,60.0,2,1052000.0,5.0,1,1,1
29,841,7.0,48.0,2,604900.0,8.0,0,0,0
63,3969,6.0,48.0,2,789000.0,6.0,0,1,1
36,1296,9.0,48.0,4,1578000.0,8.0,0,1,1
33,1089,15.0,48.0,2,1025700.0,11.0,0,1,1
44,1936,15.0,48.0,2,1446500.0,10.0,0,1,1
52,2704,17.0,60.0,5,1315000.0,12.0,0,1,1
52,2704,17.0,60.0,5,657500.0,1.0,1,1,1
23,529,16.0,60.0,5,0.0,11.0,0,0,1
38,1444,12.0,20.0,6,657500.0,1.0,0,1,0
38,1444,13.0,16.0,2,210400.0,4.0,1,0,0
22,484,12.0,60.0,3,499700.0,9.0,0,0,1
36,1296,12.0,27.0,2,460250.0,2.0,1,0,1
58,3364,12.0,38.0,1,3287500.0,7.0,0,0,1
42,1764,17.0,40.0,4,526000.0,1.0,1,1,1
40,1600,14.0,40.0,4,1183500.0,1.0,0,1,1
37,1369,12.0,60.0,5,52600.0,2.0,1,1,1
46,2116,12.0,15.0,6,157800.0,1.0,1,1,0
26,676,10.0,15.0,6,499700.0,6.0,1,0,1
32,1024,15.0,25.0,1,1315000.0,9.0,1,0,1
35,1225,17.0,50.0,1,276150.0,1.0,1,0,0
66,4356,12.0,45.0,1,986250.0,1.0,0,0,1
56,3136,15.0,30.0,4,1315000.0,9.0,1,1,1
51,2601,12.0,30.0,4,789000.0,10.0,0,1,1
26,676,12.0,40.0,2,657500.0,5.0,1,1,1
28,784,12.0,40.0,2,657500.0,5.0,0,1,1
41,1681,12.0,36.0,5,789000.0,8.0,1,0,1
29,841,12.0,40.0,2,526000.0,1.0,0,0,0
22,484,11.0,37.0,5,378720.0,3.0,0,0,1
19,361,12.0,37.0,5,263000.0,3.0,0,0,1
16,256,10.0,37.0,5,78900.0,1.0,1,0,1
37,1369,7.0,63.0,4,920500.0,7.0,1,0,1
24,576,15.0,40.0,5,526000.0,1.0,1,0,1
33,1089,15.0,40.0,5,526000.0,1.0,0,0,1
27,729,15.0,40.0,2,986250.0,4.0,1,1,1
26,676,15.0,36.0,4,986250.0,9.0,0,1,1
46,2116,12.0,36.0,4,315600.0,3.0,1,0,0
25,625,12.0,36.0,4,789000.0,12.0,1,1,1
23,529,12.0,36.0,4,1078300.0,5.0,0,0,1
35,1225,15.0,56.0,2,394500.0,6.0,0,1,1
32,1024,12.0,56.0,2,197250.0,5.0,1,1,1
44,1936,12.0,70.0,5,526000.0,1.0,1,0,0
20,400,10.0,70.0,5,1249250.0,6.0,0,1,1
35,1225,19.0,40.0,3,1578000.0,9.0,1,1,1
44,1936,6.0,30.0,5,328750.0,2.0,0,0,0
20,400,12.0,30.0,5,552300.0,11.0,0,0,1
57,3249,15.0,50.0,6,105200.0,2.0,1,1,1
32,1024,8.0,50.0,6,52600.0,1.0,0,0,0
32,1024,6.0,50.0,6,504960.0,6.0,0,1,1
59,3481,6.0,50.0,6,591750.0,7.0,0,0,1
62,3844,6.0,40.0,2,657500.0,2.0,0,1,0
46,2116,12.0,40.0,5,394500.0,2.0,0,1,1
46,2116,12.0,40.0,5,394500.0,2.0,1,1,1
41,1681,12.0,35.0,2,920500.0,9.0,1,0,1
38,1444,17.0,35.0,6,1315000.0,9.0,1,1,1
43,1849,12.0,35.0,6,789000.0,1.0,0,1,1
31,961,12.0,42.0,1,920500.0,5.0,0,0,1
25,625,12.0,72.0,3,657500.0,6.0,0,1,0
53,2809,6.0,40.0,2,1038850.0,3.0,0,1,1
48,2304,12.0,40.0,2,986250.0,11.0,1,1,1
49,2401,12.0,39.0,6,657500.0,8.0,1,1,1
53,2809,10.0,39.0,6,2630000.0,1.0,0,1,1
22,484,14.0,39.0,6,789000.0,7.0,0,0,1
19,361,12.0,39.0,6,526000.0,7.0,1,0,1
25,625,15.0,48.0,2,1052000.0,9.0,0,1,1
37,1369,14.0,48.0,2,723250.0,9.0,1,1,1
37,1369,12.0,24.0,5,131500.0,6.0,1,0,0
28,784,9.0,24.0,5,131500.0,6.0,1,0,0
38,1444,15.0,40.0,2,526000.0,3.0,1,1,1
50,2500,12.0,84.0,5,1709500.0,10.0,0,1,1
36,1296,13.0,88.0,3,0.0,1.0,1,1,0
15,225,8.0,88.0,3,157800.0,1.0,0,0,0
52,2704,10.0,45.0,4,1315000.0,2.0,0,1,0
37,1369,12.0,45.0,4,1315000.0,2.0,1,1,0
43,1849,15.0,48.0,3,526000.0,8.0,1,0,1
31,961,17.0,32.0,1,1578000.0,9.0,1,0,1
53,2809,15.0,20.0,4,657500.0,10.0,0,1,1
48,2304,15.0,20.0,4,723250.0,9.0,1,1,1
57,3249,7.0,56.0,4,394500.0,2.0,0,0,1
38,1444,4.0,36.0,5,289300.0,3.0,0,1,1
37,1369,15.0,72.0,4,2630000.0,8.0,0,0,1
63,3969,12.0,72.0,4,1183500.0,6.0,0,1,1
41,1681,15.0,25.0,2,683800.0,8.0,1,0,1
56,3136,17.0,40.0,2,1315000.0,9.0,0,1,1
54,2916,17.0,40.0,2,657500.0,1.0,1,1,1
58,3364,6.0,40.0,2,789000.0,6.0,0,1,1
67,4489,10.0,12.0,1,65750.0,1.0,1,0,1
29,841,12.0,64.0,1,1117750.0,10.0,1,0,1
45,2025,6.0,60.0,5,854750.0,7.0,0,1,1
45,2025,8.0,60.0,5,131500.0,1.0,1,1,1
24,576,15.0,60.0,5,591750.0,7.0,0,0,0
32,1024,12.0,71.0,2,1275550.0,9.0,0,1,1
61,3721,6.0,20.0,4,236700.0,9.0,0,0,0
35,1225,6.0,20.0,4,657500.0,9.0,0,1,1
49,2401,6.0,48.0,4,1117750.0,10.0,0,1,1
41,1681,12.0,48.0,4,263000.0,1.0,1,1,1
34,1156,16.0,0.0,1,657500.0,12.0,1,0,1
31,961,17.0,40.0,2,1052000.0,6.0,0,1,1
32,1024,15.0,40.0,2,1117750.0,8.0,1,1,1
31,961,17.0,40.0,1,1052000.0,1.0,0,0,0
33,1089,12.0,40.0,1,657500.0,6.0,0,0,1
49,2401,6.0,70.0,4,368200.0,6.0,0,1,0
56,3136,6.0,30.0,1,526000.0,10.0,1,0,1
39,1521,12.0,53.0,3,2630000.0,7.0,0,0,1
44,1936,12.0,56.0,2,1052000.0,11.0,1,0,1
40,1600,12.0,54.0,4,1012550.0,2.0,0,1,1
32,1024,12.0,40.0,3,263000.0,3.0,1,0,0
30,900,12.0,30.0,4,230125.0,7.0,1,0,1
52,2704,15.0,30.0,4,1578000.0,8.0,1,0,1
46,2116,12.0,35.0,2,1183500.0,9.0,1,1,1
45,2025,12.0,35.0,2,1578000.0,11.0,0,1,1
60,3600,12.0,32.0,5,1117750.0,8.0,1,0,1
34,1156,13.0,32.0,5,52600.0,1.0,1,1,1
33,1089,12.0,32.0,5,1157200.0,9.0,0,1,1
44,1936,12.0,40.0,3,1972500.0,8.0,0,0,1
37,1369,12.0,35.0,3,1052000.0,9.0,0,1,1
29,841,12.0,35.0,3,1052000.0,6.0,1,1,1
48,2304,9.0,49.0,4,631200.0,6.0,0,1,1
41,1681,12.0,72.0,1,2630000.0,8.0,0,0,1
55,3025,19.0,40.0,1,6575000.0,9.0,1,0,1
43,1849,15.0,40.0,4,1315000.0,9.0,1,1,1
30,900,12.0,35.0,2,1183500.0,6.0,0,0,1
47,2209,17.0,40.0,4,2630000.0,6.0,0,1,1
48,2304,15.0,40.0,4,197250.0,1.0,1,1,1
44,1936,17.0,25.0,1,328750.0,9.0,0,0,1
51,2601,6.0,50.0,1,657500.0,1.0,0,0,1
42,1764,17.0,50.0,4,1315000.0,1.0,0,1,1
41,1681,17.0,50.0,4,1315000.0,7.0,1,1,1
55,3025,12.0,35.0,2,394500.0,3.0,1,0,1
53,2809,12.0,44.0,6,394500.0,2.0,1,1,0
30,900,12.0,44.0,6,920500.0,9.0,0,1,1
26,676,15.0,44.0,6,263000.0,2.0,1,1,0
51,2601,14.0,44.0,6,789000.0,1.0,0,1,0
41,1681,15.0,40.0,2,1315000.0,1.0,1,0,0
53,2809,15.0,44.0,5,1183500.0,12.0,0,1,1
49,2401,8.0,39.0,2,273520.0,2.0,1,0,0
52,2704,19.0,40.0,2,920500.0,11.0,0,1,1
28,784,14.0,40.0,2,263000.0,2.0,0,1,0
29,841,9.0,72.0,4,2630000.0,8.0,0,0,1
46,2116,17.0,42.0,5,1972500.0,9.0,0,1,1
32,1024,8.0,30.0,2,256425.0,7.0,0,1,1
18,324,12.0,25.0,4,526000.0,6.0,0,0,1
36,1296,10.0,16.0,3,789000.0,11.0,0,1,1
28,784,13.0,16.0,3,302450.0,6.0,1,1,0
53,2809,12.0,48.0,2,1775250.0,7.0,0,1,1
51,2601,6.0,40.0,2,723250.0,7.0,1,0,1
27,729,10.0,40.0,2,657500.0,2.0,0,0,0
28,784,12.0,8.0,2,394500.0,1.0,1,0,0
31,961,6.0,8.0,2,526000.0,10.0,0,0,1
68,4624,12.0,18.0,4,65750.0,2.0,0,1,1
39,1521,10.0,30.0,3,591750.0,9.0,1,0,1
55,3025,8.0,48.0,5,263000.0,1.0,0,1,0
54,2916,9.0,48.0,5,144650.0,2.0,1,1,0
21,441,7.0,48.0,5,144650.0,2.0,1,0,0
26,676,9.0,48.0,5,236700.0,4.0,0,0,0
49,2401,6.0,84.0,5,460250.0,2.0,0,1,1
46,2116,6.0,84.0,5,460250.0,2.0,1,1,1
30,900,12.0,40.0,2,1183500.0,11.0,0,1,1
29,841,14.0,24.0,6,328750.0,10.0,1,0,1
62,3844,9.0,12.0,4,460250.0,1.0,0,0,1
40,1600,12.0,12.0,4,526000.0,8.0,0,0,1
42,1764,12.0,12.0,4,0.0,2.0,1,0,0
32,1024,6.0,84.0,4,789000.0,5.0,0,1,0
58,3364,12.0,30.0,2,1052000.0,1.0,0,0,1
30,900,12.0,30.0,2,526000.0,2.0,1,0,0
30,900,15.0,40.0,3,1052000.0,7.0,1,0,1
49,2401,6.0,48.0,5,263000.0,1.0,0,1,0
55,3025,15.0,31.0,1,789000.0,8.0,0,0,1
42,1764,12.0,45.0,5,1315000.0,10.0,0,1,1
40,1600,15.0,45.0,5,657500.0,6.0,1,1,1
57,3249,12.0,50.0,2,1643750.0,6.0,0,1,1
55,3025,15.0,50.0,2,1841000.0,10.0,1,1,1
56,3136,12.0,48.0,1,657500.0,2.0,0,0,1
32,1024,14.0,33.0,4,854750.0,12.0,0,1,1
40,1600,12.0,35.0,3,78900.0,2.0,0,0,1
63,3969,6.0,5.0,2,460250.0,2.0,0,1,1
62,3844,12.0,5.0,2,460250.0,2.0,1,1,1
31,961,13.0,48.0,3,1183500.0,5.0,0,1,1
27,729,12.0,48.0,3,394500.0,11.0,1,1,1
41,1681,12.0,24.0,4,263000.0,1.0,1,0,0
23,529,9.0,24.0,4,526000.0,1.0,0,0,0
44,1936,12.0,60.0,4,526000.0,2.0,0,1,1
23,529,3.0,24.0,3,263000.0,2.0,0,1,0
19,361,7.0,24.0,3,124925.0,2.0,1,1,1
46,2116,6.0,48.0,1,789000.0,9.0,0,0,1
35,1225,12.0,52.0,4,591750.0,5.0,0,1,1
58,3364,12.0,35.0,1,1130900.0,8.0,1,0,1
50,2500,17.0,55.0,2,0.0,9.0,1,1,1
45,2025,15.0,35.0,3,6575000.0,4.0,1,0,1
47,2209,6.0,40.0,5,1052000.0,6.0,0,1,1
54,2916,6.0,24.0,6,263000.0,1.0,0,1,0
51,2601,12.0,30.0,8,526000.0,6.0,1,0,1
31,961,12.0,30.0,8,631200.0,1.0,1,0,1
23,529,9.0,30.0,8,441840.0,2.0,1,0,0
36,1296,17.0,50.0,3,1052000.0,1.0,1,1,1
38,1444,15.0,50.0,3,1052000.0,5.0,0,1,1
28,784,17.0,48.0,1,1578000.0,7.0,0,0,1
55,3025,12.0,0.0,3,0.0,3.0,0,0,1
52,2704,15.0,0.0,1,1183500.0,12.0,0,0,1
44,1936,19.0,40.0,3,1052000.0,3.0,1,1,1
44,1936,17.0,36.0,3,1183500.0,11.0,1,1,1
26,676,12.0,44.0,3,946800.0,7.0,0,1,1
23,529,9.0,48.0,5,236700.0,4.0,0,0,0
50,2500,12.0,35.0,4,1183500.0,12.0,0,1,1
23,529,15.0,35.0,4,657500.0,10.0,1,0,1
34,1156,12.0,66.0,4,657500.0,12.0,0,1,1
60,3600,12.0,40.0,1,1709500.0,9.0,1,0,1
30,900,12.0,40.0,2,1183500.0,11.0,1,1,1
43,1849,17.0,36.0,3,1315000.0,11.0,1,0,1
58,3364,12.0,44.0,4,920500.0,2.0,0,1,1
27,729,15.0,44.0,4,920500.0,6.0,0,0,1
25,625,12.0,24.0,6,207770.0,2.0,1,0,1
33,1089,12.0,54.0,4,1052000.0,8.0,0,1,1
41,1681,12.0,26.0,5,394500.0,1.0,0,1,0
36,1296,12.0,35.0,5,986250.0,9.0,1,1,1
51,2601,9.0,45.0,1,1578000.0,10.0,1,0,1
50,2500,12.0,42.0,3,1052000.0,5.0,1,1,1
51,2601,12.0,42.0,3,1315000.0,9.0,0,1,1
33,1089,12.0,45.0,3,1183500.0,9.0,0,1,1
58,3364,17.0,30.0,1,828450.0,8.0,0,0,1
32,1024,15.0,40.0,2,736400.0,4.0,0,1,1
31,961,6.0,10.0,1,105200.0,1.0,0,0,0
52,2704,14.0,48.0,2,1052000.0,1.0,0,1,0
37,1369,8.0,45.0,1,131500.0,1.0,0,0,0
56,3136,12.0,68.0,4,1315000.0,1.0,0,1,1
30,900,17.0,45.0,1,2235500.0,9.0,1,0,1
59,3481,17.0,33.0,2,657500.0,11.0,1,0,1
37,1369,17.0,45.0,2,1052000.0,8.0,0,1,1
30,900,17.0,45.0,2,263000.0,1.0,1,1,1
20,400,9.0,24.0,4,263000.0,1.0,1,0,0
19,361,9.0,24.0,4,197250.0,4.0,0,0,0
47,2209,12.0,40.0,4,526000.0,7.0,0,1,1
59,3481,12.0,40.0,4,526000.0,7.0,1,1,1
66,4356,8.0,18.0,2,131500.0,2.0,1,1,0
46,2116,8.0,18.0,2,263000.0,5.0,0,1,0
38,1444,12.0,56.0,4,1709500.0,3.0,1,1,1
66,4356,6.0,25.0,3,131500.0,1.0,0,1,1
56,3136,17.0,30.0,3,3419000.0,7.0,1,1,1
36,1296,12.0,30.0,3,460250.0,2.0,0,1,0
33,1089,17.0,30.0,3,920500.0,8.0,1,1,1
44,1936,14.0,32.0,5,789000.0,4.0,0,1,0
46,2116,14.0,32.0,5,789000.0,4.0,0,1,0
30,900,6.0,24.0,6,920500.0,10.0,0,1,1
29,841,12.0,35.0,2,328750.0,3.0,1,1,1
33,1089,6.0,35.0,2,499700.0,10.0,0,1,1
60,3600,9.0,54.0,4,460250.0,1.0,0,0,0
36,1296,10.0,54.0,4,591750.0,8.0,0,1,0
32,1024,12.0,54.0,4,526000.0,7.0,1,1,1
39,1521,17.0,40.0,2,5260000.0,10.0,0,1,1
33,1089,17.0,40.0,2,1315000.0,10.0,1,1,1
22,484,14.0,20.0,1,236700.0,7.0,1,0,0
34,1156,15.0,30.0,3,920500.0,9.0,1,0,1
33,1089,12.0,40.0,4,1578000.0,2.0,0,1,1
33,1089,15.0,40.0,4,1052000.0,8.0,1,1,1
60,3600,1.0,18.0,2,473400.0,1.0,0,0,0
63,3969,15.0,48.0,1,986250.0,9.0,1,0,1
19,361,12.0,12.0,4,0.0,3.0,0,0,0
38,1444,17.0,45.0,2,1025700.0,9.0,1,1,1
30,900,14.0,38.0,1,789000.0,3.0,1,0,1
45,2025,17.0,20.0,4,263000.0,1.0,1,0,1
32,1024,15.0,24.0,3,263000.0,7.0,1,1,1
34,1156,12.0,24.0,3,1052000.0,6.0,0,1,1
29,841,12.0,16.0,2,526000.0,1.0,0,1,0
29,841,12.0,16.0,2,0.0,2.0,1,1,0
27,729,0.0,30.0,1,407650.0,1.0,0,0,0
35,1225,6.0,50.0,4,920500.0,9.0,0,1,1
32,1024,12.0,50.0,4,526000.0,1.0,1,1,1
26,676,12.0,2.0,6,591750.0,1.0,0,0,0
39,1521,12.0,30.0,2,1972500.0,11.0,1,0,1
41,1681,9.0,40.0,2,944170.0,8.0,1,0,1
19,361,9.0,88.0,2,1578000.0,6.0,0,0,0
42,1764,13.0,30.0,4,526000.0,9.0,1,0,1
22,484,13.0,30.0,4,263000.0,4.0,0,0,0
41,1681,15.0,72.0,4,1446500.0,7.0,1,0,1
21,441,12.0,72.0,4,604900.0,3.0,0,0,0
37,1369,15.0,35.0,5,1841000.0,9.0,0,1,1
48,2304,10.0,54.0,1,380035.0,7.0,1,0,0
54,2916,15.0,85.0,2,591750.0,7.0,1,0,1
25,625,12.0,58.0,3,657500.0,10.0,0,1,1
33,1089,12.0,48.0,2,499700.0,9.0,1,0,1
39,1521,12.0,48.0,4,2630000.0,4.0,1,0,1
29,841,12.0,40.0,2,157800.0,2.0,1,1,0
51,2601,14.0,45.0,5,1972500.0,6.0,0,1,1
54,2916,10.0,45.0,5,1052000.0,6.0,1,1,1
47,2209,8.0,16.0,4,789000.0,9.0,0,1,1
47,2209,14.0,20.0,2,657500.0,9.0,0,1,1
43,1849,12.0,50.0,4,552300.0,6.0,0,1,0
36,1296,15.0,50.0,4,1130900.0,8.0,1,1,1
31,961,12.0,38.0,2,526000.0,2.0,0,1,1
24,576,12.0,38.0,2,526000.0,2.0,1,1,1
43,1849,8.0,58.0,7,591750.0,4.0,1,0,0
22,484,10.0,58.0,7,170950.0,6.0,0,0,0
20,400,10.0,58.0,7,131500.0,2.0,1,0,0
74,5476,9.0,20.0,2,263000.0,1.0,1,0,1
50,2500,16.0,20.0,2,657500.0,1.0,0,0,0
56,3136,17.0,54.0,2,1315000.0,3.0,0,1,1
54,2916,17.0,54.0,2,394500.0,3.0,1,1,1
49,2401,12.0,60.0,3,789000.0,6.0,0,1,0
50,2500,12.0,40.0,2,394500.0,11.0,1,0,1
24,576,12.0,30.0,5,420800.0,6.0,0,1,0
65,4225,6.0,40.0,2,263000.0,3.0,0,0,1
52,2704,6.0,8.0,7,526000.0,1.0,0,1,0
40,1600,12.0,51.0,2,591750.0,1.0,0,1,0
33,1089,14.0,42.0,4,920500.0,7.0,1,0,1
49,2401,17.0,40.0,3,1578000.0,11.0,0,1,1
56,3136,15.0,40.0,3,1183500.0,8.0,1,1,1
28,784,12.0,40.0,3,1578000.0,11.0,0,0,1
44,1936,12.0,48.0,4,1183500.0,7.0,0,1,1
41,1681,17.0,48.0,4,263000.0,1.0,1,1,1
40,1600,0.0,15.0,3,920500.0,1.0,0,1,0
20,400,14.0,15.0,3,394500.0,1.0,0,0,1
58,3364,6.0,42.0,2,526000.0,7.0,0,1,1
40,1600,12.0,35.0,2,789000.0,11.0,1,0,1
49,2401,8.0,22.0,1,263000.0,1.0,0,0,0
33,1089,15.0,40.0,2,789000.0,7.0,1,0,1
47,2209,7.0,28.0,4,131500.0,1.0,1,0,0
50,2500,15.0,15.0,1,749550.0,8.0,0,0,1
41,1681,17.0,35.0,2,789000.0,1.0,0,0,1
44,1936,12.0,40.0,1,1315000.0,7.0,0,0,1
24,576,12.0,20.0,1,281410.0,9.0,0,0,0
49,2401,15.0,78.0,4,1315000.0,4.0,1,1,1
45,2025,15.0,40.0,3,1183500.0,4.0,0,1,1
35,1225,17.0,56.0,1,789000.0,12.0,1,0,1
82,6724,15.0,10.0,1,0.0,1.0,1,0,1
58,3364,12.0,24.0,5,368200.0,1.0,0,1,1
56,3136,6.0,24.0,5,460250.0,7.0,1,1,1
31,961,6.0,24.0,5,1157200.0,6.0,0,1,0
27,729,12.0,40.0,5,473400.0,4.0,0,1,0
33,1089,6.0,6.0,5,710100.0,8.0,0,1,1
46,2116,16.0,32.0,2,920500.0,12.0,0,1,1
39,1521,17.0,45.0,3,2235500.0,7.0,1,1,1
50,2500,9.0,48.0,2,1420200.0,9.0,0,1,1
27,729,12.0,51.0,1,854750.0,5.0,0,0,1
27,729,13.0,48.0,2,696950.0,3.0,1,0,0
38,1444,17.0,45.0,2,1972500.0,10.0,1,0,1
23,529,12.0,10.0,3,131500.0,6.0,1,0,0
61,3721,12.0,36.0,2,1183500.0,11.0,1,0,1
28,784,14.0,36.0,2,335325.0,7.0,1,0,0
48,2304,12.0,60.0,5,170950.0,3.0,0,1,1
27,729,10.0,60.0,5,263000.0,3.0,0,1,1
68,4624,17.0,25.0,1,1052000.0,8.0,1,0,1
30,900,6.0,48.0,1,920500.0,8.0,0,0,1
43,1849,17.0,35.0,1,394500.0,8.0,1,0,1
53,2809,6.0,56.0,3,197250.0,1.0,1,1,1
32,1024,12.0,36.0,3,986250.0,7.0,0,1,1
31,961,17.0,36.0,3,118350.0,2.0,1,1,1
54,2916,17.0,40.0,5,1315000.0,2.0,0,1,1
33,1089,16.0,20.0,1,657500.0,1.0,1,0,1
44,1936,12.0,25.0,2,657500.0,3.0,1,0,0
47,2209,13.0,20.0,2,789000.0,9.0,1,1,1
27,729,12.0,25.0,5,657500.0,6.0,0,1,1
28,784,12.0,25.0,5,657500.0,7.0,1,1,1
56,3136,9.0,40.0,4,657500.0,2.0,0,1,0
22,484,12.0,40.0,4,0.0,2.0,0,0,0
38,1444,6.0,24.0,5,394500.0,6.0,1,1,1
22,484,12.0,24.0,5,184100.0,1.0,0,0,0
20,400,12.0,24.0,5,170950.0,1.0,1,0,0
39,1521,6.0,24.0,5,289300.0,6.0,0,1,0
46,2116,8.0,12.0,2,78900.0,5.0,1,0,0
27,729,15.0,12.0,2,197250.0,5.0,1,0,0
51,2601,12.0,44.0,4,986250.0,6.0,0,1,0
34,1156,14.0,40.0,2,526000.0,7.0,1,1,1
39,1521,17.0,52.0,1,631200.0,1.0,0,0,1
36,1296,12.0,44.0,4,940225.0,3.0,1,1,1
46,2116,12.0,44.0,4,1301850.0,8.0,0,1,1
43,1849,7.0,40.0,1,1183500.0,1.0,0,0,0
29,841,12.0,8.0,7,105200.0,3.0,0,0,0
28,784,12.0,8.0,7,105200.0,3.0,0,0,0
20,400,12.0,8.0,7,105200.0,3.0,0,0,0
41,1681,12.0,25.0,2,1117750.0,12.0,0,0,1
38,1444,14.0,36.0,1,789000.0,11.0,1,0,1
34,1156,17.0,72.0,4,3945000.0,12.0,0,1,1
30,900,8.0,30.0,1,394500.0,4.0,0,0,0
41,1681,12.0,40.0,2,789000.0,7.0,1,0,1
38,1444,15.0,48.0,4,1315000.0,7.0,0,1,1
38,1444,12.0,48.0,4,1315000.0,7.0,1,1,1
30,900,17.0,55.0,1,1052000.0,1.0,0,0,0
51,2601,12.0,40.0,2,263000.0,2.0,1,0,1
69,4761,6.0,8.0,4,46025.0,2.0,0,1,1
28,784,12.0,40.0,5,197250.0,6.0,1,1,0
53,2809,12.0,40.0,1,1972500.0,12.0,0,0,1
31,961,12.0,35.0,1,1183500.0,11.0,0,0,1
35,1225,8.0,42.0,5,920500.0,1.0,0,1,1
34,1156,12.0,42.0,5,1315000.0,11.0,1,1,1
22,484,15.0,12.0,3,52600.0,2.0,0,1,1
32,1024,17.0,12.0,3,0.0,12.0,0,0,1
38,1444,12.0,40.0,6,1183500.0,5.0,0,1,0
49,2401,10.0,42.0,2,828450.0,12.0,0,1,1
45,2025,15.0,42.0,2,789000.0,12.0,1,1,1
51,2601,15.0,48.0,4,657500.0,1.0,0,1,1
43,1849,17.0,48.0,4,1315000.0,12.0,1,1,1
19,361,12.0,48.0,4,0.0,2.0,0,0,1
43,1849,17.0,0.0,2,1315000.0,9.0,1,0,1
43,1849,12.0,40.0,2,1315000.0,6.0,1,0,1
36,1296,15.0,40.0,1,1315000.0,9.0,1,0,1
30,900,12.0,18.0,4,762700.0,12.0,1,0,1
37,1369,15.0,30.0,2,1183500.0,10.0,0,1,1
35,1225,15.0,30.0,2,1446500.0,10.0,1,1,1
41,1681,15.0,112.0,4,1052000.0,7.0,1,1,1
46,2116,9.0,112.0,4,5260000.0,11.0,0,1,1
57,3249,6.0,35.0,7,1117750.0,8.0,1,0,1
35,1225,15.0,84.0,1,1315000.0,9.0,0,0,1
70,4900,17.0,12.0,3,394500.0,1.0,0,1,1
30,900,13.0,45.0,1,1091450.0,8.0,0,0,1
49,2401,12.0,25.0,4,526000.0,1.0,1,1,1
25,625,9.0,56.0,1,657500.0,3.0,0,0,0
32,1024,10.0,20.0,3,0.0,2.0,0,0,1
63,3969,6.0,20.0,3,920500.0,2.0,1,1,1
34,1156,8.0,48.0,5,263000.0,1.0,1,1,0
31,961,8.0,48.0,5,526000.0,9.0,0,1,0
62,3844,15.0,40.0,1,2630000.0,7.0,0,0,1
33,1089,9.0,48.0,4,854750.0,7.0,0,1,1
31,961,15.0,48.0,4,539150.0,6.0,1,1,1
45,2025,6.0,12.0,2,170950.0,1.0,1,0,0
44,1936,15.0,40.0,3,460250.0,2.0,0,1,1
48,2304,6.0,40.0,5,657500.0,6.0,0,1,1
55,3025,12.0,40.0,2,1315000.0,9.0,1,1,1
51,2601,12.0,40.0,2,1183500.0,1.0,0,1,1
42,1764,12.0,6.0,5,394500.0,1.0,0,1,0
60,3600,8.0,60.0,1,920500.0,9.0,0,0,1
42,1764,17.0,40.0,2,1052000.0,8.0,0,0,1
39,1521,9.0,60.0,3,1183500.0,8.0,0,0,1
32,1024,12.0,60.0,3,1249250.0,10.0,0,0,1
62,3844,6.0,32.0,1,0.0,2.0,0,0,1
19,361,10.0,20.0,3,39450.0,1.0,0,0,0
35,1225,12.0,40.0,4,460250.0,9.0,1,0,1
36,1296,7.0,42.0,3,197250.0,1.0,1,0,0
19,361,12.0,65.0,3,0.0,2.0,1,1,0
47,2209,12.0,48.0,4,657500.0,1.0,1,1,1
39,1521,8.0,8.0,4,46025.0,2.0,1,0,1
48,2304,12.0,48.0,4,920500.0,12.0,1,1,1
70,4900,6.0,30.0,3,526000.0,2.0,0,1,1
51,2601,9.0,48.0,1,394500.0,7.0,0,0,1
52,2704,8.0,60.0,4,1183500.0,1.0,0,1,1
61,3721,16.0,60.0,4,1183500.0,11.0,1,1,1
46,2116,12.0,40.0,3,328750.0,6.0,0,1,1
19,361,8.0,40.0,3,65750.0,1.0,1,0,1
46,2116,8.0,36.0,5,789000.0,1.0,1,1,1
58,3364,8.0,36.0,5,473400.0,6.0,0,1,0
27,729,12.0,36.0,5,263000.0,1.0,0,0,0
55,3025,6.0,30.0,3,591750.0,6.0,1,1,1
32,1024,15.0,30.0,3,789000.0,7.0,1,0,1
61,3721,15.0,48.0,1,368200.0,1.0,1,0,0
56,3136,17.0,40.0,3,1183500.0,1.0,0,0,1
60,3600,19.0,40.0,3,3945000.0,10.0,1,1,1
23,529,17.0,40.0,3,789000.0,12.0,1,0,1
58,3364,12.0,45.0,2,1315000.0,9.0,0,0,1
46,2116,19.0,40.0,3,1972500.0,12.0,0,1,1
45,2025,6.0,48.0,4,394500.0,9.0,0,1,0
29,841,12.0,48.0,4,197250.0,9.0,1,1,0
70,4900,6.0,35.0,2,52600.0,1.0,0,1,1
27,729,11.0,9.0,2,131500.0,1.0,1,0,0
29,841,8.0,6.0,5,473400.0,6.0,0,1,0
50,2500,12.0,48.0,6,1315000.0,9.0,0,1,1
52,2704,12.0,48.0,6,789000.0,1.0,1,1,1
27,729,17.0,45.0,3,0.0,8.0,1,0,1
50,2500,17.0,25.0,4,1183500.0,8.0,1,1,1
20,400,15.0,25.0,4,210400.0,2.0,0,0,1
48,2304,17.0,25.0,4,1578000.0,10.0,0,1,1
41,1681,6.0,56.0,3,1315000.0,2.0,1,1,0
33,1089,12.0,56.0,3,1315000.0,3.0,0,1,0
29,841,6.0,41.0,2,236700.0,1.0,0,0,0
43,1849,12.0,40.0,5,65750.0,1.0,1,1,1
44,1936,17.0,40.0,2,1249250.0,8.0,0,0,1
49,2401,6.0,24.0,3,52600.0,1.0,1,0,1
51,2601,15.0,24.0,1,394500.0,1.0,1,0,0
59,3481,16.0,40.0,1,986250.0,9.0,1,0,1
67,4489,15.0,60.0,2,920500.0,9.0,1,1,1
35,1225,0.0,20.0,9,157800.0,8.0,1,0,0
54,2916,15.0,48.0,4,263000.0,1.0,0,1,1
52,2704,17.0,50.0,6,0.0,7.0,0,1,1
24,576,15.0,60.0,3,1249250.0,8.0,0,1,1
27,729,15.0,60.0,3,1117750.0,7.0,1,1,1
32,1024,12.0,40.0,3,736400.0,7.0,0,1,1
32,1024,15.0,40.0,3,526000.0,1.0,1,1,1
60,3600,6.0,48.0,2,657500.0,7.0,0,1,1
33,1089,14.0,20.0,3,1288700.0,7.0,0,1,1
54,2916,12.0,48.0,1,1315000.0,1.0,0,0,1
66,4356,6.0,40.0,2,526000.0,1.0,0,0,1
59,3481,6.0,40.0,2,789000.0,2.0,0,0,0
26,676,12.0,40.0,4,591750.0,12.0,1,1,1
28,784,12.0,40.0,4,723250.0,12.0,0,1,1
58,3364,12.0,30.0,1,263000.0,1.0,1,0,0
55,3025,15.0,25.0,3,854750.0,8.0,0,1,1
52,2704,15.0,25.0,3,854750.0,8.0,1,1,1
51,2601,4.0,30.0,2,394500.0,1.0,0,0,1
65,4225,15.0,24.0,4,46025.0,1.0,1,0,1
67,4489,16.0,70.0,3,1315000.0,6.0,1,1,1
38,1444,14.0,35.0,3,197250.0,4.0,1,0,0
34,1156,8.0,21.0,4,94680.0,3.0,0,1,0
57,3249,6.0,48.0,2,263000.0,1.0,0,0,0
50,2500,17.0,40.0,5,2630000.0,1.0,0,1,1
37,1369,15.0,36.0,1,1775250.0,7.0,1,0,1
37,1369,17.0,24.0,1,591750.0,12.0,0,0,1
32,1024,17.0,30.0,1,1315000.0,7.0,0,0,1
32,1024,12.0,56.0,2,657500.0,6.0,1,0,0
26,676,12.0,6.0,5,197250.0,6.0,1,1,0
60,3600,6.0,6.0,5,1052000.0,7.0,0,1,1
53,2809,6.0,50.0,1,631200.0,1.0,0,0,0
29,841,10.0,69.0,1,2630000.0,4.0,0,0,1
46,2116,19.0,50.0,4,1315000.0,8.0,1,1,1
43,1849,8.0,48.0,4,946800.0,10.0,0,1,1
32,1024,15.0,0.0,4,881050.0,12.0,1,1,1
39,1521,15.0,56.0,1,1972500.0,10.0,0,0,1
23,529,7.0,72.0,1,460250.0,1.0,0,0,1
25,625,13.0,30.0,3,762700.0,12.0,0,1,1
28,784,16.0,30.0,3,789000.0,12.0,1,1,1
27,729,15.0,30.0,3,789000.0,1.0,1,0,0
37,1369,13.0,18.0,2,65750.0,1.0,1,0,0
34,1156,14.0,45.0,4,1578000.0,7.0,0,1,1
69,4761,19.0,20.0,2,1249250.0,1.0,0,1,1
44,1936,17.0,40.0,2,1315000.0,6.0,0,1,1
32,1024,17.0,40.0,2,657500.0,1.0,1,1,1
53,2809,17.0,45.0,3,631200.0,10.0,1,1,1
37,1369,17.0,44.0,3,1315000.0,8.0,0,1,1
36,1296,17.0,44.0,3,1315000.0,9.0,1,1,1
50,2500,12.0,45.0,3,489180.0,1.0,0,1,1
49,2401,15.0,45.0,3,986250.0,9.0,1,1,1
27,729,12.0,15.0,2,78900.0,2.0,0,0,0
67,4489,6.0,13.0,10,131500.0,1.0,1,0,1
46,2116,6.0,13.0,10,102570.0,7.0,1,0,0
41,1681,6.0,13.0,10,102570.0,7.0,1,0,0
31,961,6.0,13.0,10,578600.0,6.0,0,0,0
40,1600,6.0,76.0,2,1972500.0,7.0,0,1,1
63,3969,17.0,6.0,1,657500.0,9.0,0,0,1
40,1600,15.0,54.0,2,1315000.0,7.0,0,1,1
33,1089,13.0,54.0,2,920500.0,9.0,1,1,1
61,3721,19.0,35.0,1,10520000.0,9.0,0,0,1
39,1521,17.0,44.0,4,1775250.0,11.0,1,0,1
56,3136,12.0,30.0,4,1183500.0,4.0,0,1,1
56,3136,15.0,30.0,4,526000.0,8.0,1,1,1
30,900,15.0,40.0,3,710100.0,7.0,0,1,1
29,841,14.0,40.0,3,539150.0,6.0,1,1,1
73,5329,14.0,0.0,1,526000.0,3.0,1,0,1
41,1681,17.0,72.0,1,2630000.0,9.0,0,0,1
37,1369,15.0,20.0,5,657500.0,2.0,1,1,0
37,1369,14.0,20.0,5,1183500.0,6.0,0,1,1
57,3249,6.0,24.0,6,263000.0,2.0,0,0,0
66,4356,17.0,60.0,4,1117750.0,7.0,1,0,1
37,1369,15.0,35.0,3,565450.0,6.0,0,1,1
33,1089,8.0,48.0,3,920500.0,2.0,0,1,0
26,676,12.0,40.0,1,591750.0,6.0,0,0,0
38,1444,17.0,45.0,3,10520000.0,12.0,0,1,1
37,1369,17.0,45.0,3,1972500.0,11.0,1,1,1
39,1521,12.0,30.0,3,920500.0,7.0,0,1,1
36,1296,12.0,30.0,3,526000.0,7.0,1,1,1
32,1024,17.0,34.0,4,1315000.0,4.0,1,1,1
54,2916,15.0,44.0,3,294560.0,12.0,1,1,1
27,729,17.0,44.0,3,249850.0,4.0,1,0,1
68,4624,17.0,0.0,2,3287500.0,1.0,0,1,1
45,2025,12.0,36.0,5,920500.0,5.0,0,1,1
36,1296,17.0,30.0,2,946800.0,7.0,0,1,1
42,1764,15.0,37.0,1,2761500.0,11.0,1,0,1
48,2304,15.0,40.0,3,1578000.0,12.0,1,0,1
35,1225,7.0,60.0,4,2235500.0,11.0,0,1,1
47,2209,17.0,20.0,4,1183500.0,1.0,1,0,1
21,441,12.0,42.0,2,1183500.0,5.0,0,1,1
20,400,12.0,42.0,2,1052000.0,3.0,1,1,1
38,1444,12.0,45.0,4,1578000.0,11.0,0,1,1
43,1849,12.0,45.0,4,1578000.0,11.0,0,1,1
69,4761,12.0,70.0,1,0.0,1.0,1,0,1
44,1936,12.0,42.0,3,1578000.0,12.0,0,1,1
46,2116,15.0,42.0,3,618050.0,6.0,1,1,1
18,324,12.0,42.0,3,526000.0,7.0,0,0,1
53,2809,10.0,24.0,3,131500.0,1.0,0,1,0
64,4096,16.0,7.0,2,315600.0,1.0,1,1,1
54,2916,15.0,44.0,2,657500.0,8.0,0,1,1
39,1521,17.0,40.0,3,526000.0,8.0,0,1,1
35,1225,17.0,40.0,3,657500.0,8.0,1,1,1
48,2304,17.0,35.0,3,1446500.0,10.0,1,0,1
29,841,17.0,35.0,3,407650.0,7.0,1,0,1
28,784,12.0,58.0,1,1052000.0,1.0,0,0,1
54,2916,9.0,68.0,4,591750.0,1.0,0,1,1
33,1089,17.0,56.0,2,3945000.0,11.0,1,1,1
35,1225,12.0,56.0,2,986250.0,8.0,0,1,1
52,2704,17.0,40.0,4,1578000.0,9.0,0,1,1
49,2401,17.0,40.0,4,1578000.0,9.0,1,1,1
57,3249,14.0,15.0,2,263000.0,1.0,0,0,0
48,2304,14.0,15.0,2,249850.0,1.0,1,0,0
44,1936,15.0,50.0,5,1709500.0,10.0,0,1,1
45,2025,15.0,50.0,5,526000.0,7.0,1,1,1
67,4489,12.0,40.0,4,2630000.0,10.0,0,1,1
25,625,15.0,76.0,1,591750.0,10.0,0,0,1
79,6241,6.0,35.0,1,1315000.0,1.0,0,0,1
32,1024,16.0,48.0,3,394500.0,2.0,0,1,1
29,841,12.0,48.0,3,157800.0,2.0,1,1,1
31,961,14.0,25.0,3,657500.0,9.0,1,0,1
63,3969,8.0,56.0,5,670650.0,6.0,0,1,1
37,1369,17.0,40.0,1,3419000.0,8.0,0,0,1
25,625,12.0,60.0,2,920500.0,8.0,1,0,0
25,625,12.0,60.0,2,460250.0,4.0,1,0,0
25,625,12.0,40.0,2,263000.0,1.0,1,1,1
38,1444,17.0,40.0,2,2630000.0,9.0,1,1,1
38,1444,12.0,40.0,2,1315000.0,6.0,0,1,1
63,3969,15.0,84.0,2,328750.0,1.0,1,0,0
24,576,12.0,16.0,5,394500.0,7.0,0,0,0
33,1089,17.0,34.0,4,3945000.0,7.0,0,1,1
52,2704,12.0,44.0,4,1183500.0,9.0,0,1,1
22,484,14.0,25.0,2,854750.0,6.0,0,0,1
63,3969,12.0,40.0,3,1841000.0,12.0,0,1,1
34,1156,6.0,56.0,5,552300.0,5.0,0,1,0
54,2916,6.0,16.0,6,105200.0,3.0,1,1,0
48,2304,6.0,16.0,6,473400.0,2.0,0,1,0
22,484,6.0,16.0,6,894200.0,6.0,0,1,1
27,729,8.0,16.0,6,368200.0,6.0,0,0,0
53,2809,15.0,40.0,2,789000.0,8.0,1,0,1
33,1089,12.0,24.0,3,1315000.0,12.0,1,0,1
32,1024,12.0,96.0,6,1841000.0,9.0,0,1,1
61,3721,12.0,30.0,5,920500.0,1.0,0,1,1
59,3481,6.0,30.0,4,789000.0,8.0,1,1,1
69,4761,6.0,30.0,4,657500.0,9.0,0,1,1
31,961,15.0,40.0,2,1052000.0,8.0,0,1,1
31,961,19.0,40.0,2,1052000.0,8.0,1,1,1
33,1089,15.0,30.0,1,789000.0,7.0,0,0,1
40,1600,6.0,45.0,4,631200.0,6.0,0,1,0
31,961,17.0,42.0,4,1315000.0,12.0,0,0,1
45,2025,17.0,30.0,1,1209800.0,11.0,1,0,1
49,2401,17.0,41.0,2,894200.0,11.0,1,1,1
52,2704,17.0,41.0,2,657500.0,10.0,0,1,1
39,1521,17.0,0.0,4,0.0,1.0,0,1,1
32,1024,17.0,0.0,4,0.0,1.0,1,1,1
36,1296,17.0,32.0,3,749550.0,7.0,1,0,1
43,1849,14.0,16.0,5,102570.0,10.0,1,1,0
24,576,14.0,16.0,5,95995.0,9.0,1,0,0
41,1681,12.0,16.0,5,657500.0,7.0,0,1,0
23,529,14.0,16.0,5,39450.0,6.0,0,0,0
46,2116,6.0,30.0,4,341900.0,8.0,1,0,1
39,1521,12.0,48.0,4,920500.0,9.0,0,1,1
44,1936,12.0,40.0,5,526000.0,5.0,0,1,1
34,1156,12.0,30.0,3,1315000.0,7.0,0,0,1
66,4356,6.0,37.0,4,789000.0,10.0,0,1,1
30,900,14.0,37.0,4,1578000.0,12.0,0,1,1
54,2916,17.0,25.0,2,512850.0,10.0,1,0,1
48,2304,12.0,60.0,4,591750.0,8.0,0,1,0
26,676,6.0,28.0,5,394500.0,2.0,1,1,0
39,1521,6.0,28.0,5,591750.0,2.0,0,1,0
44,1936,12.0,48.0,4,1052000.0,9.0,0,1,1
36,1296,12.0,48.0,4,657500.0,3.0,1,1,1
47,2209,15.0,22.0,5,736400.0,1.0,0,0,0
20,400,9.0,22.0,5,263000.0,2.0,1,0,0
48,2304,15.0,40.0,1,723250.0,8.0,1,0,1
43,1849,9.0,40.0,4,920500.0,6.0,1,1,1
48,2304,17.0,40.0,2,789000.0,1.0,1,0,1
37,1369,12.0,48.0,1,920500.0,8.0,0,0,1
64,4096,14.0,45.0,2,854750.0,9.0,0,0,1
28,784,17.0,45.0,2,1052000.0,10.0,1,0,1
29,841,12.0,56.0,5,552300.0,6.0,1,0,1
43,1849,12.0,48.0,7,723250.0,8.0,0,1,1
39,1521,12.0,25.0,2,499700.0,9.0,1,0,1
53,2809,8.0,48.0,5,1972500.0,5.0,0,1,1
48,2304,12.0,48.0,5,78900.0,1.0,1,1,1
39,1521,15.0,30.0,4,789000.0,7.0,1,0,1
36,1296,17.0,39.0,4,657500.0,6.0,1,1,1
26,676,6.0,24.0,6,526000.0,9.0,0,1,1
34,1156,6.0,24.0,6,683800.0,3.0,0,0,0
52,2704,12.0,40.0,3,920500.0,1.0,0,0,1
55,3025,7.0,30.0,4,1301850.0,7.0,0,1,1
40,1600,9.0,48.0,4,2630000.0,12.0,0,1,1
46,2116,17.0,40.0,2,1841000.0,6.0,0,0,1
42,1764,1.0,50.0,5,591750.0,1.0,0,1,0
21,441,12.0,50.0,5,26300.0,1.0,0,0,0
47,2209,8.0,30.0,4,854750.0,8.0,0,0,1
27,729,15.0,30.0,5,1249250.0,12.0,0,0,1
20,400,12.0,30.0,5,328750.0,3.0,1,0,1
37,1369,15.0,44.0,4,2630000.0,11.0,0,1,1
57,3249,12.0,55.0,1,1262400.0,5.0,0,0,1
43,1849,12.0,0.0,5,1052000.0,12.0,0,1,1
44,1936,12.0,0.0,5,526000.0,7.0,1,1,1
27,729,8.0,30.0,3,657500.0,4.0,0,1,1
34,1156,10.0,30.0,3,263000.0,3.0,1,1,1
39,1521,14.0,32.0,2,378720.0,4.0,1,0,0
49,2401,14.0,24.0,9,263000.0,2.0,0,1,0
45,2025,6.0,24.0,9,26300.0,2.0,1,1,0
38,1444,12.0,24.0,4,236700.0,1.0,1,0,0
47,2209,6.0,16.0,5,328750.0,1.0,0,1,0
35,1225,12.0,16.0,5,328750.0,1.0,1,1,0
55,3025,17.0,20.0,3,1578000.0,7.0,0,1,1
54,2916,17.0,20.0,3,1315000.0,9.0,1,1,1
33,1089,13.0,20.0,4,526000.0,1.0,1,1,0
33,1089,12.0,20.0,4,1052000.0,10.0,0,0,1
36,1296,12.0,24.0,3,263000.0,1.0,0,1,0
50,2500,15.0,30.0,7,657500.0,3.0,0,1,0
53,2809,12.0,18.0,4,197250.0,3.0,1,0,0
69,4761,3.0,18.0,4,197250.0,3.0,1,0,1
44,1936,15.0,51.0,4,789000.0,4.0,0,1,0
36,1296,6.0,72.0,5,2367000.0,9.0,0,1,1
43,1849,15.0,70.0,5,460250.0,9.0,1,1,1
45,2025,12.0,15.0,5,197250.0,1.0,1,1,0
55,3025,12.0,15.0,5,526000.0,2.0,0,1,0
67,4489,12.0,15.0,6,526000.0,3.0,1,0,1
30,900,15.0,15.0,6,263000.0,1.0,1,0,0
43,1849,6.0,49.0,3,657500.0,8.0,0,1,1
36,1296,17.0,49.0,3,591750.0,8.0,1,1,1
62,3844,14.0,0.0,1,1315000.0,10.0,1,0,1
41,1681,11.0,30.0,5,341900.0,6.0,1,0,1
22,484,12.0,30.0,5,789000.0,9.0,0,1,1
35,1225,17.0,48.0,3,1249250.0,6.0,1,1,1
35,1225,12.0,48.0,3,328750.0,9.0,0,1,0
42,1764,17.0,20.0,2,552300.0,2.0,1,0,0
39,1521,12.0,20.0,2,341900.0,2.0,1,0,0
19,361,14.0,6.0,4,105200.0,2.0,1,0,0
35,1225,12.0,12.0,4,315600.0,3.0,1,0,0
45,2025,17.0,52.0,2,789000.0,10.0,1,0,1
38,1444,15.0,25.0,3,591750.0,9.0,1,1,1
38,1444,15.0,25.0,3,657500.0,9.0,0,1,1
49,2401,9.0,25.0,5,337955.0,7.0,0,1,0
19,361,12.0,25.0,5,92050.0,5.0,0,0,0
40,1600,6.0,48.0,6,420800.0,8.0,0,1,1
38,1444,5.0,48.0,6,13150.0,1.0,1,1,0
48,2304,17.0,20.0,3,263000.0,7.0,1,1,1
27,729,12.0,48.0,4,526000.0,1.0,0,1,0
54,2916,10.0,42.0,3,526000.0,4.0,0,1,1
46,2116,10.0,42.0,3,789000.0,9.0,1,1,1
34,1156,15.0,40.0,3,526000.0,7.0,1,0,1
62,3844,6.0,40.0,3,1183500.0,6.0,0,1,1
60,3600,6.0,40.0,3,131500.0,1.0,1,1,1
27,729,16.0,25.0,4,407650.0,7.0,0,1,0
26,676,15.0,25.0,4,657500.0,8.0,1,1,1
61,3721,12.0,30.0,4,394500.0,7.0,1,0,1
46,2116,12.0,30.0,5,499700.0,8.0,1,1,1
56,3136,6.0,30.0,5,657500.0,6.0,0,1,1
30,900,9.0,30.0,5,526000.0,2.0,1,0,1
48,2304,15.0,54.0,3,394500.0,1.0,1,0,1
62,3844,6.0,40.0,3,263000.0,1.0,0,1,0
30,900,12.0,40.0,2,591750.0,6.0,0,0,0
30,900,15.0,45.0,1,1052000.0,9.0,0,0,1
39,1521,12.0,30.0,3,315600.0,3.0,1,0,0
37,1369,17.0,52.0,1,986250.0,10.0,0,0,1
36,1296,12.0,56.0,2,131500.0,1.0,0,0,0
24,576,15.0,30.0,1,946800.0,11.0,0,0,1
45,2025,12.0,60.0,1,1972500.0,12.0,1,0,1
29,841,15.0,48.0,3,920500.0,11.0,1,1,1
59,3481,12.0,44.0,1,1117750.0,6.0,1,0,1
28,784,14.0,60.0,2,1275550.0,11.0,0,1,1
32,1024,13.0,60.0,2,1104600.0,7.0,0,1,1
54,2916,12.0,30.0,2,668020.0,10.0,1,0,1
28,784,12.0,30.0,2,789000.0,11.0,0,0,1
51,2601,12.0,24.0,1,894200.0,9.0,0,0,1
49,2401,6.0,40.0,2,1578000.0,8.0,1,1,1
24,576,15.0,30.0,7,341900.0,1.0,1,0,0
60,3600,15.0,12.0,2,170950.0,1.0,1,0,0
29,841,14.0,84.0,2,1407050.0,9.0,0,1,1
42,1764,12.0,30.0,3,789000.0,6.0,0,0,0
44,1936,15.0,30.0,3,657500.0,1.0,0,0,0
27,729,12.0,30.0,3,920500.0,7.0,0,1,1
26,676,17.0,30.0,3,657500.0,7.0,1,1,1
43,1849,12.0,35.0,4,1052000.0,11.0,0,1,1
51,2601,15.0,24.0,1,157800.0,1.0,1,0,0
24,576,17.0,40.0,1,789000.0,3.0,1,0,1
45,2025,12.0,84.0,5,1052000.0,8.0,0,1,1
50,2500,13.0,25.0,2,328750.0,1.0,1,0,1
25,625,15.0,25.0,2,526000.0,2.0,0,0,1
59,3481,17.0,34.0,2,1183500.0,7.0,0,1,1
66,4356,9.0,34.0,2,920500.0,7.0,1,1,1
54,2916,17.0,48.0,1,1315000.0,4.0,0,0,1
40,1600,13.0,24.0,3,1315000.0,8.0,0,1,1
28,784,12.0,40.0,2,1117750.0,8.0,1,0,1
48,2304,12.0,20.0,3,2498500.0,10.0,0,1,1
23,529,16.0,25.0,1,1183500.0,5.0,0,0,1
35,1225,7.0,44.0,4,105200.0,2.0,0,0,1
57,3249,1.0,44.0,4,105200.0,2.0,1,1,1
51,2601,6.0,48.0,3,394500.0,3.0,0,0,0
34,1156,6.0,40.0,7,526000.0,1.0,0,1,0
43,1849,17.0,40.0,1,1446500.0,9.0,1,0,1
50,2500,12.0,48.0,3,473400.0,1.0,0,1,1
47,2209,17.0,48.0,3,657500.0,7.0,1,1,1
21,441,12.0,48.0,3,220920.0,7.0,1,0,1
36,1296,19.0,40.0,3,1117750.0,8.0,1,1,1
37,1369,12.0,40.0,3,1052000.0,11.0,0,1,1
41,1681,6.0,48.0,3,815300.0,8.0,0,1,1
44,1936,12.0,48.0,1,920500.0,9.0,0,0,1
59,3481,15.0,80.0,3,1315000.0,3.0,0,1,1
57,3249,6.0,30.0,8,1117750.0,2.0,0,1,0
29,841,8.0,30.0,8,920500.0,2.0,0,0,0
38,1444,9.0,40.0,6,723250.0,12.0,1,0,1
48,2304,19.0,68.0,3,789000.0,12.0,0,1,1
43,1849,19.0,68.0,3,157800.0,9.0,1,1,1
40,1600,13.0,51.0,4,789000.0,6.0,0,1,1
42,1764,15.0,48.0,1,1578000.0,6.0,1,0,1
32,1024,12.0,40.0,3,328750.0,6.0,0,1,0
47,2209,9.0,30.0,3,394500.0,1.0,0,1,1
28,784,6.0,48.0,3,1052000.0,10.0,0,1,1
22,484,11.0,12.0,3,368200.0,6.0,0,0,0
22,484,9.0,54.0,3,394500.0,10.0,1,0,0
49,2401,17.0,33.0,1,657500.0,9.0,1,0,1
26,676,12.0,39.0,4,657500.0,8.0,0,1,1
31,961,12.0,39.0,4,39450.0,1.0,1,1,1
57,3249,6.0,40.0,1,263000.0,1.0,0,0,0
34,1156,12.0,45.0,5,263000.0,4.0,0,1,0
43,1849,10.0,20.0,4,105200.0,6.0,1,0,0
44,1936,15.0,40.0,5,1183500.0,9.0,1,1,1
40,1600,15.0,40.0,5,1052000.0,9.0,0,1,1
52,2704,9.0,30.0,2,789000.0,1.0,0,1,1
52,2704,12.0,30.0,2,1117750.0,4.0,1,1,1
39,1521,15.0,20.0,3,591750.0,7.0,1,0,1
45,2025,12.0,48.0,2,710100.0,8.0,1,0,1
49,2401,17.0,42.0,5,1315000.0,8.0,1,1,1
49,2401,17.0,42.0,5,1315000.0,8.0,0,1,1
44,1936,15.0,40.0,2,1183500.0,12.0,1,0,1
22,484,12.0,48.0,5,263000.0,1.0,0,0,0
37,1369,6.0,48.0,1,526000.0,1.0,0,0,0
42,1764,12.0,40.0,4,1132478.0,10.0,0,1,1
57,3249,8.0,9.0,5,131500.0,1.0,0,1,0
24,576,10.0,9.0,5,1052000.0,3.0,0,0,0
43,1849,12.0,48.0,1,920500.0,7.0,0,0,1
48,2304,12.0,30.0,2,552300.0,8.0,1,1,1
42,1764,12.0,0.0,5,1052000.0,9.0,0,1,1
63,3969,17.0,63.0,2,0.0,3.0,0,0,1
69,4761,6.0,6.0,3,26300.0,1.0,1,1,1
56,3136,12.0,84.0,4,473400.0,2.0,1,0,1
68,4624,3.0,84.0,4,683800.0,1.0,0,0,1
43,1849,12.0,40.0,2,1315000.0,6.0,1,0,1
45,2025,17.0,50.0,2,2630000.0,11.0,0,1,1
35,1225,19.0,50.0,2,2367000.0,9.0,1,1,1
32,1024,7.0,60.0,5,1709500.0,11.0,0,1,1
52,2704,15.0,20.0,2,197250.0,2.0,1,1,1
64,4096,6.0,20.0,2,789000.0,1.0,0,1,1
23,529,12.0,45.0,3,1315000.0,12.0,0,1,1
24,576,12.0,45.0,3,394500.0,6.0,1,1,0
33,1089,17.0,36.0,1,920500.0,10.0,1,0,1
44,1936,15.0,75.0,4,1004660.0,9.0,1,1,1
42,1764,12.0,75.0,4,657500.0,1.0,0,1,0
62,3844,13.0,25.0,2,894200.0,8.0,1,1,1
36,1296,15.0,24.0,3,657500.0,8.0,1,1,1
33,1089,14.0,24.0,3,1052000.0,10.0,0,1,1
45,2025,15.0,40.0,3,1249250.0,8.0,1,0,1
56,3136,6.0,40.0,6,789000.0,9.0,1,0,1
36,1296,9.0,40.0,6,1315000.0,8.0,0,1,1
37,1369,6.0,25.0,5,460250.0,8.0,0,1,1
61,3721,8.0,63.0,3,1578000.0,5.0,0,1,1
29,841,17.0,44.0,1,1446500.0,3.0,1,0,1
39,1521,15.0,40.0,5,723250.0,9.0,0,1,1
39,1521,15.0,40.0,5,683800.0,9.0,1,1,1
30,900,17.0,35.0,3,2630000.0,3.0,1,0,1
47,2209,6.0,30.0,3,39450.0,1.0,0,1,0
31,961,12.0,40.0,3,1578000.0,10.0,0,1,1
63,3969,6.0,16.0,4,0.0,1.0,1,0,1
28,784,13.0,16.0,4,263000.0,6.0,1,1,1
26,676,9.0,16.0,4,473400.0,6.0,0,1,1
36,1296,14.0,48.0,4,657500.0,1.0,1,0,1
64,4096,12.0,48.0,2,657500.0,6.0,0,1,1
62,3844,15.0,48.0,2,39450.0,1.0,1,1,1
47,2209,9.0,49.0,4,460250.0,2.0,0,1,1
46,2116,15.0,49.0,4,460250.0,2.0,1,1,1
62,3844,14.0,40.0,5,1052000.0,8.0,0,1,1
49,2401,8.0,30.0,4,157800.0,4.0,1,0,0
24,576,12.0,30.0,4,420800.0,4.0,1,0,0
24,576,12.0,36.0,4,184100.0,1.0,0,1,0
20,400,11.0,15.0,5,131500.0,3.0,0,0,0
51,2601,6.0,15.0,5,105200.0,1.0,0,1,0
35,1225,15.0,48.0,3,657500.0,12.0,0,1,1
27,729,12.0,30.0,1,526000.0,9.0,0,0,1
31,961,17.0,40.0,1,1183500.0,9.0,0,0,1
62,3844,17.0,112.0,5,19725000.0,2.0,0,1,1
52,2704,12.0,112.0,5,0.0,2.0,1,1,1
28,784,17.0,112.0,5,6575000.0,1.0,1,0,1
24,576,16.0,112.0,5,591750.0,12.0,1,0,1
44,1936,17.0,45.0,1,1578000.0,9.0,0,0,1
38,1444,12.0,44.0,4,854750.0,10.0,0,1,1
35,1225,12.0,44.0,4,854750.0,7.0,1,1,1
23,529,12.0,40.0,1,1315000.0,9.0,0,0,1
59,3481,6.0,48.0,7,394500.0,1.0,0,1,1
36,1296,12.0,48.0,7,394500.0,1.0,0,0,0
34,1156,8.0,48.0,7,52600.0,1.0,0,0,0
66,4356,6.0,25.0,4,499700.0,11.0,1,0,1
42,1764,15.0,25.0,4,526000.0,8.0,1,0,1
25,625,17.0,25.0,4,394500.0,7.0,1,0,1
63,3969,7.0,40.0,3,526000.0,3.0,0,0,0
39,1521,12.0,40.0,3,368200.0,3.0,0,0,1
43,1849,17.0,30.0,3,1972500.0,11.0,0,1,1
33,1089,12.0,30.0,3,657500.0,1.0,1,1,0
27,729,12.0,20.0,5,32875.0,1.0,1,0,0
54,2916,11.0,8.0,2,131500.0,1.0,1,0,0
22,484,14.0,8.0,2,249850.0,5.0,1,0,1
36,1296,17.0,35.0,4,1183500.0,12.0,0,1,1
33,1089,17.0,35.0,4,1183500.0,12.0,1,1,1
46,2116,12.0,0.0,5,920500.0,1.0,0,1,1
35,1225,15.0,0.0,5,1972500.0,1.0,1,1,1
35,1225,12.0,40.0,5,526000.0,6.0,0,1,0
71,5041,15.0,20.0,2,2367000.0,1.0,0,1,1
45,2025,12.0,40.0,1,1183500.0,1.0,0,0,1
52,2704,12.0,48.0,5,1315000.0,7.0,0,1,1
36,1296,13.0,49.0,3,1216375.0,6.0,0,1,1
36,1296,17.0,49.0,3,2235500.0,12.0,1,1,1
36,1296,14.0,20.0,4,210400.0,3.0,1,0,0
62,3844,7.0,20.0,4,920500.0,1.0,0,1,1
56,3136,6.0,48.0,4,526000.0,7.0,0,1,1
33,1089,14.0,48.0,4,526000.0,1.0,1,0,0
49,2401,15.0,30.0,4,854750.0,8.0,0,1,1
61,3721,17.0,4.0,2,197250.0,1.0,0,1,1
52,2704,17.0,4.0,2,1183500.0,9.0,1,1,1
30,900,15.0,84.0,3,946800.0,9.0,1,0,1
35,1225,17.0,50.0,4,1578000.0,11.0,0,1,1
32,1024,14.0,50.0,4,263000.0,1.0,1,1,1
56,3136,8.0,63.0,5,131500.0,1.0,0,0,0
34,1156,17.0,40.0,2,1578000.0,6.0,0,0,1
29,841,15.0,40.0,2,394500.0,7.0,0,0,1
64,4096,4.0,48.0,5,197250.0,2.0,0,0,1
28,784,12.0,48.0,5,157800.0,2.0,1,0,0
27,729,12.0,48.0,5,197250.0,2.0,0,0,0
39,1521,15.0,20.0,3,460250.0,7.0,1,1,1
49,2401,12.0,30.0,4,473400.0,8.0,0,1,1
41,1681,17.0,50.0,1,1315000.0,11.0,0,0,1
29,841,12.0,40.0,3,131500.0,1.0,1,0,1
37,1369,6.0,20.0,5,368200.0,3.0,0,0,0
46,2116,12.0,48.0,2,1709500.0,7.0,0,1,1
41,1681,12.0,42.0,7,1183500.0,9.0,0,1,1
44,1936,13.0,42.0,7,1315000.0,12.0,1,1,1
35,1225,12.0,45.0,4,789000.0,10.0,0,1,1
43,1849,8.0,45.0,4,526000.0,10.0,1,1,1
61,3721,6.0,40.0,3,1315000.0,8.0,0,1,1
56,3136,12.0,40.0,3,789000.0,6.0,1,1,1
42,1764,12.0,40.0,4,1052000.0,8.0,0,1,1
35,1225,12.0,40.0,4,920500.0,9.0,1,1,1
56,3136,15.0,55.0,1,1972500.0,9.0,1,0,1
51,2601,13.0,16.0,3,789000.0,1.0,0,1,0
45,2025,12.0,16.0,3,1052000.0,6.0,1,1,1
56,3136,15.0,40.0,2,1288700.0,7.0,1,0,1
52,2704,12.0,30.0,4,460250.0,6.0,0,1,1
42,1764,12.0,30.0,4,420800.0,6.0,1,1,1
30,900,11.0,48.0,7,526000.0,1.0,0,0,0
36,1296,17.0,55.0,2,1578000.0,10.0,0,1,1
33,1089,17.0,55.0,2,1052000.0,8.0,1,1,1
47,2209,15.0,35.0,3,999400.0,12.0,0,1,1
45,2025,3.0,48.0,4,315600.0,4.0,0,1,0
36,1296,17.0,45.0,2,789000.0,11.0,1,0,1
33,1089,13.0,40.0,4,394500.0,1.0,1,1,1
42,1764,8.0,25.0,4,361625.0,6.0,0,0,0
23,529,8.0,25.0,4,289300.0,7.0,1,0,0
54,2916,9.0,70.0,3,263000.0,1.0,1,1,1
43,1849,12.0,48.0,2,1052000.0,8.0,1,0,1
33,1089,12.0,14.0,4,1183500.0,8.0,0,1,1
50,2500,6.0,40.0,2,591750.0,2.0,0,1,0
49,2401,12.0,40.0,2,460250.0,7.0,1,1,0
26,676,12.0,20.0,4,263000.0,11.0,0,0,0
57,3249,8.0,48.0,3,657500.0,3.0,0,0,1
22,484,12.0,48.0,5,394500.0,6.0,1,1,0
60,3600,4.0,20.0,4,328750.0,1.0,1,1,1
41,1681,12.0,48.0,4,394500.0,2.0,0,1,0
51,2601,6.0,48.0,4,394500.0,2.0,1,1,0
21,441,12.0,48.0,4,197250.0,3.0,1,0,0
68,4624,17.0,12.0,2,657500.0,1.0,0,1,1
48,2304,15.0,45.0,3,1578000.0,12.0,0,1,1
39,1521,14.0,45.0,3,1183500.0,4.0,1,1,1
42,1764,17.0,40.0,3,723250.0,9.0,1,1,1
47,2209,16.0,40.0,3,2104000.0,12.0,0,1,1
35,1225,11.0,45.0,1,1249250.0,9.0,0,0,1
58,3364,15.0,48.0,2,1709500.0,9.0,0,0,1
42,1764,12.0,44.0,4,473400.0,3.0,1,0,0
25,625,12.0,44.0,4,131500.0,3.0,1,0,0
24,576,12.0,44.0,4,105200.0,3.0,1,0,0
58,3364,9.0,40.0,1,1709500.0,10.0,1,0,1
25,625,15.0,24.0,3,1183500.0,9.0,0,1,1
53,2809,7.0,16.0,6,420800.0,1.0,0,1,0
38,1444,17.0,30.0,5,1052000.0,1.0,1,1,1
30,900,9.0,25.0,5,789000.0,1.0,0,1,0
44,1936,12.0,20.0,3,657500.0,1.0,0,1,0
39,1521,12.0,30.0,1,565450.0,11.0,0,0,1
41,1681,12.0,36.0,6,315600.0,1.0,0,1,0
32,1024,15.0,9.0,6,263000.0,8.0,1,0,0
29,841,15.0,9.0,6,263000.0,8.0,0,0,0
27,729,7.0,9.0,6,131500.0,1.0,0,0,0
17,289,12.0,12.0,4,78900.0,2.0,0,0,1
64,4096,15.0,60.0,5,1249250.0,9.0,0,1,1
33,1089,12.0,54.0,3,1196650.0,8.0,0,1,1
70,4900,6.0,48.0,2,789000.0,2.0,0,1,1
63,3969,6.0,48.0,2,526000.0,2.0,1,1,1
55,3025,19.0,50.0,4,1972500.0,12.0,0,1,1
50,2500,19.0,50.0,4,2630000.0,2.0,1,1,1
39,1521,14.0,40.0,2,2630000.0,10.0,1,1,1
54,2916,15.0,0.0,1,526000.0,7.0,0,0,1
41,1681,12.0,44.0,3,762700.0,6.0,0,1,1
66,4356,6.0,45.0,4,1052000.0,2.0,0,1,1
57,3249,15.0,45.0,4,591750.0,8.0,1,1,1
35,1225,12.0,45.0,4,657500.0,2.0,0,0,1
30,900,12.0,40.0,1,1578000.0,9.0,0,0,1
41,1681,12.0,35.0,3,789000.0,9.0,0,1,1
39,1521,12.0,35.0,3,591750.0,9.0,1,1,1
31,961,17.0,40.0,1,789000.0,8.0,0,0,1
36,1296,15.0,42.0,5,591750.0,2.0,1,0,0
68,4624,4.0,44.0,1,394500.0,4.0,0,0,1
25,625,12.0,24.0,1,216975.0,6.0,0,0,0
33,1089,17.0,18.0,1,789000.0,12.0,1,0,1
52,2704,15.0,30.0,1,723250.0,9.0,1,0,1
50,2500,10.0,48.0,2,723250.0,6.0,1,0,1
27,729,8.0,48.0,2,973100.0,9.0,0,0,1
24,576,12.0,48.0,5,460250.0,6.0,0,1,0
51,2601,2.0,30.0,4,102570.0,3.0,1,0,0
27,729,8.0,30.0,4,394500.0,5.0,0,0,0
19,361,7.0,30.0,4,631200.0,2.0,0,0,0
45,2025,17.0,52.0,3,2630000.0,12.0,1,0,1
39,1521,17.0,40.0,2,1841000.0,12.0,1,1,1
37,1369,17.0,40.0,2,2367000.0,11.0,0,1,1
53,2809,17.0,37.0,4,1972500.0,12.0,0,1,1
44,1936,15.0,37.0,4,1972500.0,10.0,1,1,1
46,2116,12.0,49.0,5,1578000.0,7.0,0,1,1
41,1681,15.0,49.0,5,762700.0,7.0,1,1,1
45,2025,12.0,48.0,4,1195335.0,10.0,1,0,1
35,1225,12.0,31.0,1,1052000.0,1.0,0,0,1
37,1369,6.0,30.0,5,789000.0,9.0,1,0,1
60,3600,9.0,42.0,4,394500.0,1.0,0,1,0
19,361,8.0,9.0,3,263000.0,10.0,0,0,0
31,961,8.0,9.0,3,394500.0,1.0,0,0,0
30,900,17.0,16.0,3,789000.0,1.0,1,1,1
31,961,15.0,16.0,3,657500.0,9.0,0,1,1
43,1849,17.0,55.0,5,5917500.0,12.0,0,1,1
44,1936,12.0,32.0,4,394500.0,2.0,0,1,0
63,3969,12.0,30.0,3,789000.0,6.0,0,1,1
28,784,12.0,30.0,3,789000.0,6.0,0,0,1
48,2304,14.0,76.0,4,920500.0,1.0,0,1,1
24,576,12.0,32.0,3,591750.0,7.0,0,1,0
21,441,12.0,32.0,3,328750.0,8.0,1,1,1
20,400,10.0,40.0,4,105200.0,1.0,0,0,1
36,1296,11.0,40.0,4,657500.0,8.0,0,1,1
27,729,12.0,20.0,4,157800.0,7.0,1,1,0
30,900,6.0,20.0,4,460250.0,9.0,0,1,0
26,676,12.0,48.0,2,683800.0,9.0,1,0,1
28,784,15.0,48.0,2,157800.0,7.0,1,0,0
40,1600,15.0,26.0,2,1157200.0,7.0,0,1,1
38,1444,17.0,26.0,2,1578000.0,9.0,1,1,1
37,1369,6.0,84.0,6,1972500.0,9.0,0,1,1
56,3136,6.0,48.0,2,1117750.0,6.0,0,1,1
35,1225,12.0,72.0,2,789000.0,1.0,0,1,1
39,1521,15.0,30.0,4,1578000.0,12.0,0,1,1
33,1089,15.0,30.0,4,1253195.0,12.0,1,1,1
25,625,17.0,40.0,3,0.0,2.0,1,0,1
69,4761,13.0,40.0,4,1052000.0,7.0,0,0,1
36,1296,9.0,24.0,1,657500.0,6.0,0,0,1
46,2116,8.0,44.0,5,723250.0,8.0,0,1,1
19,361,8.0,44.0,5,591750.0,8.0,0,0,1
45,2025,15.0,24.0,2,1183500.0,9.0,1,0,1
37,1369,4.0,45.0,3,197250.0,1.0,0,1,0
51,2601,6.0,20.0,11,231440.0,7.0,1,1,0
54,2916,10.0,20.0,11,526000.0,6.0,0,1,0
31,961,12.0,20.0,11,252480.0,3.0,1,0,0
30,900,13.0,20.0,11,657500.0,8.0,0,0,1
49,2401,15.0,23.0,3,723250.0,7.0,0,1,1
47,2209,15.0,23.0,3,723250.0,6.0,1,1,1
28,784,12.0,70.0,4,131500.0,1.0,1,1,0
55,3025,15.0,44.0,4,394500.0,7.0,0,1,1
61,3721,15.0,44.0,4,1052000.0,7.0,1,1,1
60,3600,17.0,45.0,1,2235500.0,12.0,0,0,1
33,1089,12.0,25.0,4,394500.0,6.0,1,1,0
32,1024,12.0,25.0,4,473400.0,6.0,0,1,0
62,3844,17.0,31.0,1,1130900.0,8.0,0,0,1
61,3721,17.0,50.0,2,1709500.0,6.0,1,1,1
75,5625,15.0,30.0,1,263000.0,5.0,1,0,1
34,1156,17.0,30.0,1,1052000.0,1.0,0,0,1
27,729,13.0,48.0,2,65750.0,2.0,0,1,1
27,729,15.0,48.0,2,65750.0,2.0,1,1,1
19,361,11.0,30.0,3,460250.0,8.0,0,1,1
35,1225,17.0,48.0,3,1183500.0,7.0,1,0,1
28,784,17.0,48.0,1,1183500.0,6.0,1,0,1
46,2116,15.0,20.0,4,946800.0,7.0,1,0,1
64,4096,14.0,30.0,1,1052000.0,10.0,1,0,1
33,1089,12.0,42.0,4,355050.0,2.0,1,0,0
32,1024,12.0,60.0,5,657500.0,2.0,0,1,0
33,1089,12.0,60.0,5,657500.0,2.0,1,1,0
48,2304,7.0,48.0,4,657500.0,6.0,0,0,1
70,4900,6.0,25.0,2,460250.0,8.0,0,0,1
43,1849,17.0,25.0,4,526000.0,8.0,1,0,1
54,2916,6.0,35.0,4,1972500.0,12.0,0,1,1
49,2401,12.0,35.0,4,920500.0,12.0,1,1,1
50,2500,12.0,24.0,2,591750.0,3.0,1,1,1
53,2809,12.0,24.0,2,959950.0,6.0,0,1,1
58,3364,16.0,60.0,2,0.0,2.0,1,1,1
48,2304,9.0,54.0,3,1578000.0,7.0,0,1,1
27,729,5.0,14.0,1,118350.0,6.0,0,0,0
42,1764,9.0,48.0,1,657500.0,8.0,0,0,1
19,361,12.0,43.0,2,920500.0,7.0,1,0,0
69,4761,17.0,25.0,1,657500.0,1.0,1,0,1
60,3600,15.0,54.0,5,854750.0,12.0,0,1,1
27,729,15.0,40.0,2,657500.0,8.0,1,0,1
48,2304,12.0,40.0,5,920500.0,9.0,1,0,1
61,3721,6.0,0.0,1,1052000.0,8.0,0,0,1
58,3364,19.0,40.0,2,1709500.0,10.0,1,0,1
52,2704,8.0,12.0,1,315600.0,1.0,0,0,0
40,1600,17.0,40.0,1,762700.0,8.0,0,0,1
58,3364,7.0,44.0,2,157800.0,1.0,0,0,1
50,2500,12.0,48.0,2,604900.0,10.0,0,1,1
47,2209,12.0,48.0,2,539150.0,3.0,1,1,1
60,3600,12.0,25.0,6,427375.0,8.0,1,1,1
52,2704,6.0,25.0,6,394500.0,5.0,0,1,0
32,1024,14.0,25.0,6,526000.0,5.0,0,0,0
30,900,12.0,25.0,6,591750.0,7.0,0,0,0
28,784,12.0,25.0,6,657500.0,9.0,1,0,1
24,576,12.0,25.0,6,460250.0,10.0,0,0,1
46,2116,17.0,40.0,1,657500.0,9.0,0,0,1
61,3721,12.0,48.0,5,1183500.0,2.0,0,0,1
35,1225,14.0,48.0,5,1446500.0,10.0,0,1,1
33,1089,15.0,48.0,5,986250.0,3.0,1,1,1
63,3969,3.0,40.0,3,328750.0,2.0,1,1,1
64,4096,0.0,40.0,3,657500.0,1.0,0,1,1
71,5041,6.0,35.0,3,1446500.0,9.0,0,1,1
61,3721,6.0,0.0,3,1578000.0,8.0,0,1,1
59,3481,13.0,25.0,4,657500.0,8.0,1,1,1
63,3969,7.0,25.0,4,526000.0,9.0,0,1,1
35,1225,17.0,25.0,4,723250.0,7.0,1,0,1
28,784,16.0,25.0,4,0.0,2.0,1,0,1
70,4900,15.0,54.0,1,460250.0,1.0,0,0,1
31,961,15.0,64.0,3,1117750.0,9.0,1,1,1
44,1936,15.0,64.0,3,1446500.0,11.0,0,1,1
44,1936,12.0,44.0,1,1249250.0,4.0,0,0,1
63,3969,12.0,66.0,2,1315000.0,4.0,0,1,1
61,3721,12.0,66.0,2,1052000.0,4.0,1,1,1
63,3969,6.0,42.0,3,394500.0,1.0,0,1,1
57,3249,13.0,42.0,3,315600.0,2.0,1,1,1
32,1024,6.0,42.0,3,263000.0,1.0,0,0,1
31,961,15.0,45.0,1,1249250.0,5.0,1,0,1
24,576,14.0,30.0,2,263000.0,7.0,0,0,1
61,3721,2.0,14.0,6,157800.0,1.0,1,0,0
25,625,10.0,14.0,6,263000.0,1.0,0,0,0
28,784,15.0,44.0,4,1315000.0,7.0,1,1,1
34,1156,12.0,60.0,4,478660.0,2.0,1,0,0
33,1089,12.0,60.0,4,920500.0,8.0,1,0,1
38,1444,13.0,52.0,4,2367000.0,6.0,0,1,1
47,2209,14.0,35.0,2,789000.0,8.0,1,0,1
49,2401,12.0,34.0,4,1052000.0,1.0,0,1,1
58,3364,12.0,40.0,5,3287500.0,2.0,0,1,1
33,1089,15.0,40.0,5,920500.0,7.0,1,0,1
21,441,14.0,40.0,5,170950.0,7.0,1,0,1
37,1369,12.0,44.0,3,394500.0,1.0,1,1,1
52,2704,12.0,35.0,2,1222950.0,6.0,0,0,1
61,3721,12.0,35.0,2,1117750.0,5.0,0,0,1
55,3025,15.0,35.0,2,1078300.0,9.0,1,0,1
79,6241,4.0,48.0,1,789000.0,9.0,0,0,1
27,729,17.0,25.0,4,657500.0,9.0,1,0,1
54,2916,14.0,9.0,4,0.0,3.0,0,1,0
57,3249,16.0,9.0,4,197250.0,3.0,1,1,0
18,324,12.0,9.0,4,0.0,3.0,0,0,0
55,3025,17.0,35.0,5,986250.0,12.0,0,1,1
54,2916,15.0,35.0,5,762700.0,12.0,1,1,1
22,484,15.0,35.0,5,105200.0,9.0,1,0,1
27,729,12.0,36.0,1,920500.0,3.0,1,0,1
32,1024,15.0,40.0,2,1117750.0,8.0,1,1,1
32,1024,15.0,40.0,2,920500.0,8.0,0,1,1
34,1156,13.0,35.0,7,920500.0,8.0,0,0,1
28,784,12.0,35.0,7,762700.0,6.0,1,1,0
37,1369,12.0,35.0,7,789000.0,1.0,0,1,1
47,2209,6.0,35.0,7,526000.0,6.0,1,1,0
59,3481,12.0,40.0,2,789000.0,9.0,0,1,1
54,2916,12.0,40.0,2,197250.0,1.0,1,1,1
59,3481,14.0,40.0,2,920500.0,7.0,1,1,1
42,1764,12.0,14.0,4,1052000.0,5.0,1,0,0
19,361,7.0,14.0,4,126240.0,5.0,0,0,0
50,2500,6.0,14.0,4,920500.0,4.0,0,0,0
34,1156,17.0,56.0,1,1578000.0,1.0,0,0,1
54,2916,14.0,44.0,3,1052000.0,4.0,0,1,1
52,2704,15.0,44.0,3,0.0,4.0,1,1,0
38,1444,9.0,48.0,4,3945000.0,11.0,0,1,1
49,2401,17.0,45.0,2,1446500.0,7.0,1,1,1
55,3025,12.0,45.0,2,1315000.0,7.0,0,1,1
45,2025,12.0,40.0,1,657500.0,1.0,0,0,0
21,441,12.0,45.0,3,5260000.0,10.0,0,0,1
39,1521,17.0,24.0,2,1315000.0,9.0,1,1,1
40,1600,19.0,24.0,2,2235500.0,10.0,0,1,1
25,625,12.0,48.0,1,920500.0,7.0,1,0,1
39,1521,12.0,48.0,3,789000.0,8.0,1,1,1
31,961,12.0,48.0,3,657500.0,7.0,1,1,1
42,1764,12.0,44.0,3,65750.0,1.0,1,1,1
27,729,17.0,48.0,1,1183500.0,9.0,0,0,1
36,1296,12.0,40.0,4,1183500.0,12.0,0,1,1
36,1296,14.0,40.0,4,1052000.0,9.0,1,0,1
30,900,12.0,40.0,4,460250.0,6.0,1,0,1
30,900,12.0,40.0,4,394500.0,6.0,1,0,1
65,4225,17.0,18.0,1,460250.0,9.0,1,0,1
65,4225,13.0,25.0,3,644350.0,7.0,0,1,1
38,1444,12.0,25.0,3,512850.0,8.0,0,0,1
47,2209,17.0,48.0,5,526000.0,7.0,1,1,1
57,3249,15.0,30.0,3,526000.0,8.0,1,0,1
33,1089,15.0,48.0,4,526000.0,4.0,1,1,0
47,2209,17.0,48.0,2,1183500.0,11.0,1,0,1
46,2116,8.0,40.0,6,1315000.0,3.0,0,1,0
38,1444,7.0,40.0,6,111775.0,5.0,1,1,0
33,1089,14.0,11.0,2,92050.0,1.0,1,0,0
53,2809,12.0,48.0,4,789000.0,7.0,0,1,1
42,1764,6.0,48.0,4,789000.0,7.0,1,1,1
20,400,12.0,48.0,4,0.0,7.0,0,0,1
34,1156,12.0,54.0,2,789000.0,1.0,1,0,1
42,1764,16.0,40.0,1,1578000.0,4.0,0,0,1
42,1764,12.0,36.0,1,631200.0,6.0,0,0,1
50,2500,12.0,35.0,4,1709500.0,7.0,0,1,1
60,3600,12.0,35.0,3,1315000.0,10.0,0,1,1
32,1024,12.0,35.0,3,657500.0,1.0,0,0,1
44,1936,12.0,30.0,1,486550.0,7.0,0,0,1
33,1089,17.0,25.0,2,657500.0,10.0,1,0,1
29,841,6.0,40.0,1,631200.0,2.0,0,0,1
55,3025,17.0,40.0,3,2630000.0,1.0,0,1,1
52,2704,17.0,40.0,3,3945000.0,7.0,1,1,1
46,2116,12.0,34.0,4,789000.0,1.0,1,1,1
23,529,12.0,34.0,4,1315000.0,7.0,0,0,1
33,1089,17.0,38.0,1,526000.0,11.0,1,0,1
58,3364,15.0,25.0,5,1052000.0,11.0,1,1,1
32,1024,15.0,25.0,5,657500.0,2.0,0,1,1
31,961,15.0,30.0,1,789000.0,3.0,0,0,1
33,1089,15.0,45.0,1,1104600.0,6.0,0,0,1
34,1156,15.0,36.0,2,657500.0,5.0,0,1,1
24,576,15.0,24.0,6,552300.0,12.0,1,0,1
46,2116,12.0,48.0,4,1315000.0,2.0,0,1,1
45,2025,17.0,48.0,4,1183500.0,9.0,1,1,1
43,1849,6.0,40.0,1,657500.0,6.0,0,0,1
28,784,15.0,48.0,4,394500.0,3.0,1,1,1
27,729,9.0,48.0,4,789000.0,7.0,0,1,1
46,2116,17.0,40.0,4,2630000.0,10.0,0,1,1
54,2916,17.0,72.0,5,1315000.0,8.0,0,1,1
42,1764,17.0,72.0,5,657500.0,7.0,1,1,1
63,3969,10.0,40.0,4,420800.0,4.0,0,1,1
38,1444,17.0,35.0,1,1578000.0,9.0,1,0,1
70,4900,12.0,40.0,4,2630000.0,2.0,0,1,1
50,2500,9.0,48.0,5,526000.0,6.0,1,1,1
27,729,14.0,48.0,5,394500.0,6.0,0,0,0
43,1849,6.0,19.0,4,131500.0,2.0,0,1,0
28,784,6.0,19.0,4,131500.0,2.0,1,1,0
31,961,12.0,35.0,4,920500.0,12.0,1,0,1
62,3844,9.0,8.0,3,473400.0,1.0,0,1,0
53,2809,12.0,30.0,2,1052000.0,7.0,1,0,1
43,1849,12.0,33.0,4,631200.0,8.0,0,1,1
37,1369,17.0,33.0,4,1052000.0,10.0,1,1,1
34,1156,17.0,40.0,3,920500.0,2.0,0,0,1
45,2025,12.0,36.0,4,328750.0,6.0,1,0,0
70,4900,2.0,40.0,1,394500.0,1.0,0,0,1
33,1089,12.0,54.0,3,1052000.0,3.0,0,1,1
23,529,12.0,54.0,3,526000.0,3.0,1,1,0
36,1296,12.0,70.0,1,1315000.0,5.0,0,0,0
18,324,9.0,48.0,2,828450.0,6.0,0,1,0
18,324,12.0,48.0,2,131500.0,1.0,1,1,0
28,784,12.0,24.0,3,0.0,10.0,0,0,0
63,3969,12.0,44.0,2,854750.0,5.0,1,0,1
31,961,14.0,44.0,2,670650.0,5.0,1,0,1
50,2500,12.0,40.0,2,1012550.0,5.0,1,0,1
51,2601,12.0,73.0,5,1578000.0,9.0,0,1,1
46,2116,12.0,73.0,5,657500.0,3.0,1,1,1
15,225,7.0,73.0,5,0.0,3.0,0,0,1
19,361,10.0,73.0,5,0.0,3.0,0,0,1
34,1156,12.0,24.0,3,131500.0,1.0,1,0,0
61,3721,6.0,42.0,4,263000.0,3.0,1,0,1
42,1764,12.0,42.0,4,263000.0,3.0,0,0,0
39,1521,12.0,42.0,4,131500.0,1.0,0,0,0
33,1089,12.0,42.0,4,263000.0,3.0,0,0,0
43,1849,15.0,40.0,4,723250.0,10.0,1,1,1
44,1936,12.0,40.0,4,789000.0,10.0,0,1,1
45,2025,17.0,36.0,5,723250.0,8.0,0,1,1
37,1369,12.0,36.0,5,302450.0,8.0,1,1,1
35,1225,15.0,18.0,3,394500.0,2.0,1,1,1
34,1156,15.0,18.0,3,986250.0,8.0,0,1,1
48,2304,7.0,10.0,6,131500.0,1.0,1,1,0
54,2916,12.0,10.0,6,263000.0,3.0,0,1,0
22,484,8.0,10.0,6,157800.0,2.0,0,0,0
36,1296,12.0,48.0,2,920500.0,3.0,1,1,1
30,900,15.0,40.0,2,5260000.0,12.0,0,1,1
49,2401,10.0,44.0,3,591750.0,5.0,0,1,0
46,2116,9.0,40.0,2,920500.0,1.0,0,0,0
24,576,7.0,20.0,3,335325.0,1.0,1,0,0
29,841,12.0,14.0,3,1315000.0,1.0,1,1,0
29,841,5.0,14.0,3,789000.0,6.0,0,1,0
50,2500,15.0,36.0,1,263000.0,2.0,0,0,0
58,3364,12.0,21.0,4,197250.0,1.0,1,0,0
33,1089,12.0,21.0,4,102570.0,7.0,0,0,1
23,529,12.0,21.0,4,0.0,2.0,0,0,0
70,4900,12.0,1.0,3,0.0,1.0,1,1,1
59,3481,6.0,72.0,2,315600.0,2.0,0,1,0
57,3249,12.0,72.0,2,315600.0,2.0,1,1,0
27,729,12.0,40.0,3,526000.0,3.0,0,1,0
50,2500,6.0,24.0,3,328750.0,2.0,0,1,1
45,2025,12.0,24.0,3,328750.0,2.0,1,1,1
35,1225,12.0,48.0,2,1183500.0,7.0,0,1,1
38,1444,15.0,48.0,2,2630000.0,7.0,1,1,1
52,2704,12.0,0.0,1,902090.0,9.0,1,0,1
48,2304,12.0,50.0,3,1183500.0,7.0,0,1,1
45,2025,12.0,50.0,3,1183500.0,6.0,1,1,1
46,2116,15.0,48.0,4,881050.0,7.0,1,1,1
60,3600,15.0,40.0,1,1157200.0,7.0,0,0,1
41,1681,12.0,40.0,5,920500.0,7.0,0,1,1
39,1521,17.0,40.0,5,828450.0,2.0,1,1,1
26,676,15.0,65.0,2,394500.0,1.0,1,1,0
59,3481,6.0,84.0,1,65750.0,1.0,0,0,1
39,1521,14.0,60.0,1,1972500.0,9.0,0,0,1
58,3364,17.0,40.0,1,789000.0,9.0,0,0,1
38,1444,15.0,40.0,3,1183500.0,1.0,0,1,1
39,1521,17.0,40.0,3,1183500.0,12.0,1,1,1
55,3025,12.0,40.0,5,920500.0,4.0,0,1,1
51,2601,17.0,40.0,2,920500.0,7.0,1,0,1
48,2304,12.0,48.0,3,854750.0,11.0,0,0,1
62,3844,6.0,6.0,2,78900.0,6.0,1,1,1
55,3025,8.0,48.0,5,683800.0,6.0,0,0,0
30,900,8.0,48.0,5,0.0,2.0,0,0,0
49,2401,6.0,44.0,7,789000.0,1.0,0,1,0
36,1296,12.0,48.0,3,394500.0,5.0,1,0,0
23,529,17.0,44.0,1,2235500.0,6.0,1,0,1
56,3136,17.0,0.0,3,920500.0,1.0,0,1,1
56,3136,5.0,36.0,6,591750.0,3.0,0,1,1
31,961,10.0,36.0,6,328750.0,3.0,0,0,0
25,625,6.0,36.0,6,460250.0,7.0,1,0,0
36,1296,15.0,40.0,2,1578000.0,1.0,0,1,1
43,1849,17.0,44.0,3,1380750.0,8.0,1,0,1
50,2500,6.0,40.0,4,394500.0,2.0,0,1,0
55,3025,6.0,48.0,1,263000.0,2.0,0,0,0
50,2500,12.0,98.0,5,1183500.0,9.0,1,1,1
27,729,9.0,14.0,4,526000.0,2.0,0,0,0
37,1369,15.0,36.0,1,723250.0,11.0,1,0,1
36,1296,17.0,40.0,2,789000.0,2.0,1,1,1
36,1296,15.0,40.0,2,920500.0,1.0,0,1,1
46,2116,12.0,30.0,1,657500.0,9.0,1,0,1
59,3481,19.0,30.0,1,1052000.0,10.0,1,0,1
55,3025,14.0,12.0,9,197250.0,1.0,1,1,1
55,3025,12.0,12.0,9,460250.0,1.0,0,1,1
27,729,12.0,12.0,9,157800.0,5.0,0,1,0
59,3481,8.0,24.0,1,657500.0,1.0,0,0,1
30,900,7.0,66.0,1,328750.0,1.0,0,0,0
73,5329,6.0,70.0,2,263000.0,2.0,0,1,1
73,5329,6.0,70.0,2,0.0,2.0,1,1,1
37,1369,12.0,61.0,4,1621395.0,7.0,0,1,1
38,1444,19.0,25.0,3,1972500.0,9.0,1,1,1
40,1600,19.0,25.0,3,2498500.0,6.0,0,1,1
41,1681,12.0,42.0,4,1183500.0,9.0,1,1,1
45,2025,12.0,42.0,4,1315000.0,9.0,0,1,1
28,784,17.0,56.0,2,1643750.0,9.0,0,1,1
30,900,17.0,56.0,2,2038250.0,7.0,1,1,1
33,1089,9.0,15.0,5,420800.0,1.0,1,1,1
34,1156,9.0,15.0,5,526000.0,1.0,0,1,1
63,3969,12.0,30.0,4,723250.0,9.0,1,1,1
32,1024,12.0,30.0,4,552300.0,7.0,0,0,1
30,900,12.0,45.0,2,1183500.0,7.0,0,1,1
40,1600,14.0,40.0,4,1578000.0,4.0,1,1,1
36,1296,14.0,40.0,4,1578000.0,10.0,0,1,1
34,1156,7.0,63.0,2,1183500.0,9.0,0,1,1
40,1600,12.0,63.0,2,1315000.0,12.0,1,1,1
30,900,17.0,40.0,3,657500.0,12.0,1,1,1
29,841,12.0,40.0,3,1052000.0,12.0,0,1,1
39,1521,9.0,50.0,4,526000.0,1.0,0,1,0
40,1600,8.0,50.0,4,131500.0,1.0,1,1,0
40,1600,15.0,52.0,2,986250.0,6.0,0,1,1
40,1600,14.0,20.0,3,236700.0,7.0,1,0,0
20,400,12.0,20.0,3,1104600.0,2.0,1,1,0
43,1849,15.0,44.0,5,1117750.0,5.0,1,1,1
42,1764,12.0,44.0,5,838970.0,9.0,0,1,1
52,2704,6.0,20.0,2,394500.0,10.0,1,0,1
67,4489,15.0,25.0,3,499700.0,8.0,0,1,1
24,576,12.0,48.0,2,789000.0,2.0,0,1,0
24,576,15.0,48.0,2,263000.0,2.0,1,1,0
42,1764,15.0,40.0,5,591750.0,8.0,0,1,1
33,1089,12.0,40.0,5,197250.0,4.0,1,1,1
53,2809,13.0,30.0,2,230125.0,9.0,1,0,1
33,1089,12.0,30.0,2,368200.0,10.0,0,0,1
54,2916,14.0,40.0,2,1052000.0,9.0,0,1,1
56,3136,12.0,40.0,2,526000.0,10.0,1,1,1
34,1156,15.0,48.0,1,1052000.0,1.0,0,0,0
53,2809,6.0,36.0,3,526000.0,1.0,1,1,1
63,3969,12.0,36.0,3,0.0,2.0,0,1,1
42,1764,12.0,48.0,1,1183500.0,9.0,1,0,1
24,576,8.0,25.0,4,526000.0,2.0,0,0,0
40,1600,6.0,48.0,2,683800.0,7.0,0,1,0
32,1024,7.0,40.0,4,460250.0,3.0,0,1,0
29,841,10.0,40.0,4,102570.0,5.0,1,1,0
54,2916,17.0,0.0,3,263000.0,2.0,1,1,1
68,4624,17.0,15.0,4,63120.0,1.0,1,1,1
31,961,14.0,15.0,4,19725.0,1.0,1,0,0
31,961,15.0,21.0,3,394500.0,9.0,1,1,1
40,1600,11.0,20.0,5,328750.0,1.0,0,1,0
64,4096,15.0,25.0,1,526000.0,10.0,0,0,1
32,1024,16.0,20.0,3,131500.0,4.0,1,1,1
39,1521,12.0,20.0,3,657500.0,2.0,0,1,0
57,3249,7.0,4.0,3,236700.0,4.0,0,0,0
42,1764,12.0,48.0,5,1315000.0,12.0,0,1,1
70,4900,17.0,40.0,3,920500.0,1.0,0,1,0
43,1849,15.0,48.0,4,591750.0,1.0,1,1,1
28,784,16.0,48.0,1,920500.0,7.0,0,0,1
52,2704,17.0,40.0,1,1315000.0,7.0,0,0,1
66,4356,17.0,30.0,3,1972500.0,8.0,0,1,1
54,2916,17.0,30.0,3,2630000.0,7.0,1,1,1
25,625,12.0,32.0,1,986250.0,9.0,0,0,1
39,1521,14.0,56.0,6,394500.0,2.0,1,1,1
41,1681,12.0,56.0,6,657500.0,9.0,0,1,1
37,1369,12.0,42.0,1,657500.0,6.0,0,0,1
65,4225,12.0,35.0,1,999400.0,9.0,1,0,1
23,529,12.0,5.0,4,65750.0,1.0,1,0,0
51,2601,8.0,8.0,1,59175.0,1.0,1,0,0
51,2601,15.0,8.0,5,1315000.0,1.0,0,1,1
50,2500,19.0,50.0,3,657500.0,8.0,1,0,1
32,1024,11.0,24.0,2,394500.0,6.0,0,0,0
25,625,12.0,48.0,6,0.0,2.0,0,0,0
32,1024,12.0,48.0,6,1052000.0,2.0,1,0,1
65,4225,6.0,30.0,4,723250.0,2.0,0,1,1
54,2916,6.0,30.0,4,0.0,2.0,1,1,1
55,3025,12.0,30.0,1,1709500.0,8.0,0,0,1
42,1764,12.0,30.0,2,854750.0,8.0,1,0,1
61,3721,13.0,30.0,2,920500.0,8.0,1,0,1
34,1156,7.0,30.0,2,526000.0,3.0,0,0,1
40,1600,15.0,20.0,4,920500.0,9.0,1,1,1
42,1764,15.0,20.0,4,657500.0,6.0,0,1,1
35,1225,14.0,20.0,4,631200.0,6.0,0,0,1
56,3136,12.0,48.0,2,1183500.0,7.0,0,1,1
74,5476,8.0,6.0,1,263000.0,1.0,0,0,1
52,2704,6.0,48.0,5,526000.0,3.0,0,1,0
52,2704,6.0,48.0,5,39450.0,1.0,1,1,0
46,2116,15.0,38.0,4,1315000.0,7.0,0,1,1
44,1936,15.0,38.0,4,1025700.0,7.0,1,1,1
50,2500,9.0,10.0,5,78900.0,1.0,0,1,0
58,3364,6.0,36.0,2,328750.0,1.0,0,1,0
54,2916,6.0,56.0,1,986250.0,7.0,1,0,1
33,1089,12.0,48.0,5,223550.0,3.0,1,1,1
40,1600,17.0,45.0,2,1315000.0,1.0,1,1,1
40,1600,17.0,45.0,2,1315000.0,8.0,0,1,1
55,3025,12.0,48.0,1,2367000.0,9.0,0,1,1
27,729,12.0,48.0,1,1972500.0,9.0,1,0,1
26,676,16.0,30.0,1,920500.0,7.0,1,0,1
60,3600,15.0,15.0,1,263000.0,1.0,1,0,0
20,400,15.0,60.0,5,631200.0,6.0,0,1,0
19,361,12.0,60.0,5,355050.0,6.0,0,0,1
21,441,13.0,60.0,5,568080.0,6.0,0,0,0
24,576,14.0,40.0,1,657500.0,1.0,0,1,1
48,2304,7.0,40.0,6,0.0,3.0,0,0,0
22,484,12.0,40.0,6,657500.0,11.0,1,0,1
34,1156,19.0,40.0,1,3945000.0,10.0,1,0,1
20,400,12.0,60.0,5,447100.0,9.0,1,0,1
65,4225,10.0,25.0,1,197250.0,1.0,0,0,1
24,576,12.0,10.0,3,657500.0,1.0,1,0,0
60,3600,16.0,16.0,2,394500.0,9.0,0,1,1
46,2116,17.0,40.0,1,920500.0,8.0,0,0,1
53,2809,17.0,64.0,3,3156000.0,12.0,0,1,1
49,2401,17.0,64.0,3,5260000.0,2.0,1,1,1
42,1764,6.0,50.0,4,789000.0,6.0,0,1,0
38,1444,17.0,45.0,3,1183500.0,9.0,1,0,1
59,3481,6.0,48.0,2,1315000.0,2.0,0,0,1
33,1089,15.0,48.0,2,3287500.0,10.0,0,0,1
54,2916,12.0,30.0,3,157800.0,1.0,1,1,0
45,2025,6.0,48.0,4,657500.0,1.0,0,1,0
45,2025,8.0,9.0,3,102570.0,2.0,1,0,0
28,784,8.0,0.0,1,526000.0,2.0,0,0,0
20,400,12.0,20.0,4,0.0,2.0,1,0,0
19,361,12.0,20.0,4,0.0,2.0,0,0,0
54,2916,6.0,20.0,4,526000.0,1.0,1,0,0
55,3025,15.0,48.0,2,789000.0,3.0,1,1,1
34,1156,15.0,25.0,4,1972500.0,8.0,0,1,1
25,625,14.0,32.0,3,526000.0,6.0,0,0,1
55,3025,15.0,32.0,3,2235500.0,8.0,1,1,1
60,3600,12.0,32.0,3,1052000.0,1.0,0,1,1
49,2401,12.0,30.0,5,526000.0,6.0,1,1,1
56,3136,6.0,30.0,5,460250.0,7.0,0,1,0
71,5041,6.0,12.0,4,105200.0,1.0,0,0,1
43,1849,12.0,12.0,4,368200.0,6.0,0,0,1
37,1369,12.0,12.0,4,102570.0,6.0,0,0,1
73,5329,6.0,12.0,3,105200.0,1.0,1,0,1
39,1521,19.0,40.0,2,1578000.0,9.0,0,1,1
47,2209,17.0,40.0,2,1578000.0,9.0,0,1,1
37,1369,12.0,60.0,4,1262400.0,9.0,0,1,1
40,1600,12.0,60.0,5,1183500.0,8.0,0,1,1
58,3364,12.0,25.0,3,1117750.0,7.0,1,1,1
39,1521,12.0,48.0,4,1709500.0,12.0,0,1,1
37,1369,14.0,48.0,2,1117750.0,9.0,1,0,1
74,5476,10.0,24.0,4,65750.0,1.0,0,0,1
37,1369,8.0,40.0,3,368200.0,2.0,0,1,1
56,3136,13.0,41.0,4,1578000.0,9.0,0,1,1
52,2704,15.0,41.0,4,762700.0,9.0,1,1,1
36,1296,1.0,40.0,6,0.0,9.0,1,1,1
26,676,12.0,40.0,6,263000.0,3.0,0,0,0
42,1764,12.0,48.0,3,315600.0,6.0,1,0,1
42,1764,10.0,43.0,3,1446500.0,9.0,0,0,1
21,441,12.0,43.0,3,591750.0,8.0,1,0,1
49,2401,15.0,40.0,3,1183500.0,2.0,1,0,1
51,2601,17.0,46.0,2,1297957.5999999999,12.0,0,1,1
45,2025,12.0,25.0,1,289300.0,4.0,0,0,1
48,2304,6.0,45.0,1,328750.0,1.0,0,0,0
23,529,7.0,32.0,3,473400.0,3.0,0,1,0
54,2916,6.0,40.0,1,0.0,5.0,0,0,0
47,2209,15.0,40.0,3,1052000.0,1.0,0,1,1
43,1849,12.0,40.0,3,460250.0,3.0,1,1,1
52,2704,14.0,48.0,3,1183500.0,12.0,0,1,1
53,2809,17.0,48.0,3,657500.0,8.0,1,1,1
55,3025,12.0,60.0,4,1972500.0,1.0,0,1,1
52,2704,17.0,60.0,4,854750.0,8.0,1,1,1
69,4761,15.0,4.0,1,657500.0,7.0,0,1,1
59,3481,14.0,40.0,7,1972500.0,8.0,0,1,1
52,2704,9.0,40.0,7,1025700.0,6.0,1,1,1
24,576,14.0,40.0,7,591750.0,5.0,1,0,1
75,5625,6.0,6.0,1,26300.0,3.0,0,0,1
43,1849,15.0,40.0,3,920500.0,8.0,1,1,1
43,1849,15.0,40.0,3,789000.0,1.0,0,1,1
60,3600,17.0,40.0,2,2367000.0,12.0,0,1,1
58,3364,12.0,40.0,2,789000.0,1.0,1,1,1
51,2601,15.0,30.0,1,2893000.0,7.0,1,0,1
43,1849,6.0,60.0,4,1117750.0,3.0,0,1,0
60,3600,12.0,30.0,2,1972500.0,9.0,0,1,1
57,3249,12.0,30.0,2,2367000.0,9.0,1,1,1
45,2025,12.0,30.0,5,657500.0,6.0,1,0,1
23,529,12.0,30.0,5,526000.0,9.0,1,0,1
52,2704,15.0,30.0,2,3287500.0,11.0,1,0,1
28,784,12.0,76.0,3,2367000.0,10.0,0,1,1
27,729,15.0,76.0,3,657500.0,2.0,1,1,1
28,784,14.0,40.0,5,657500.0,9.0,0,0,1
28,784,12.0,24.0,2,473400.0,8.0,1,1,1
39,1521,12.0,84.0,4,4865500.0,11.0,0,1,1
30,900,12.0,84.0,4,1841000.0,10.0,1,1,1
35,1225,17.0,40.0,2,7890000.0,12.0,1,0,1
33,1089,12.0,48.0,4,1315000.0,7.0,0,1,1
31,961,12.0,48.0,4,1709500.0,8.0,1,1,1
31,961,11.0,60.0,5,368200.0,1.0,1,1,1
48,2304,15.0,30.0,4,1446500.0,8.0,1,1,1
20,400,12.0,30.0,4,657500.0,1.0,1,0,1
39,1521,12.0,84.0,1,789000.0,1.0,1,0,0
51,2601,12.0,22.0,2,157800.0,1.0,0,0,0
68,4624,17.0,10.0,2,526000.0,10.0,0,1,1
48,2304,17.0,20.0,3,1052000.0,6.0,0,1,1
36,1296,17.0,88.0,3,2630000.0,3.0,1,0,1
18,324,10.0,67.0,4,0.0,1.0,0,0,1
31,961,12.0,67.0,4,526000.0,7.0,1,0,0
46,2116,6.0,36.0,2,394500.0,1.0,1,0,1
22,484,12.0,36.0,2,670650.0,5.0,1,0,1
33,1089,7.0,9.0,5,92050.0,6.0,1,0,0
25,625,12.0,56.0,6,157800.0,3.0,0,1,1
44,1936,12.0,11.0,3,118350.0,1.0,1,0,0
22,484,12.0,11.0,3,55230.0,2.0,1,0,0
24,576,12.0,11.0,3,55230.0,3.0,1,0,0
42,1764,15.0,36.0,4,526000.0,5.0,0,1,0
44,1936,17.0,45.0,3,2367000.0,10.0,1,1,1
47,2209,12.0,45.0,3,2630000.0,12.0,0,1,1
29,841,6.0,38.0,4,131500.0,1.0,0,0,0
26,676,6.0,38.0,4,394500.0,5.0,0,1,0
43,1849,15.0,40.0,5,2630000.0,8.0,1,1,1
52,2704,12.0,54.0,4,1315000.0,7.0,1,1,1
60,3600,15.0,44.0,2,65750.0,1.0,1,0,1
34,1156,17.0,60.0,2,2630000.0,8.0,1,0,1
45,2025,12.0,45.0,2,789000.0,7.0,1,0,1
24,576,11.0,0.0,4,1052000.0,4.0,0,0,1
27,729,12.0,0.0,4,526000.0,1.0,1,1,0
32,1024,12.0,0.0,4,657500.0,10.0,0,1,1
59,3481,6.0,38.0,2,394500.0,4.0,0,1,0
62,3844,17.0,30.0,5,5260000.0,6.0,0,1,1
53,2809,15.0,30.0,5,920500.0,2.0,1,1,1
59,3481,12.0,35.0,1,526000.0,6.0,0,0,0
48,2304,12.0,48.0,4,1709500.0,5.0,0,0,1
62,3844,12.0,40.0,1,789000.0,4.0,0,0,1
52,2704,11.0,60.0,4,2630000.0,7.0,0,1,1
70,4900,6.0,40.0,1,414225.0,5.0,0,0,0
56,3136,8.0,20.0,3,1315000.0,9.0,0,1,1
53,2809,10.0,40.0,3,526000.0,6.0,0,0,1
52,2704,15.0,3.0,5,263000.0,2.0,0,1,1
41,1681,9.0,49.0,1,394500.0,2.0,0,0,0
32,1024,17.0,35.0,3,1315000.0,1.0,0,1,1
34,1156,17.0,35.0,3,394500.0,8.0,1,1,1
34,1156,10.0,40.0,6,394500.0,9.0,1,1,1
45,2025,12.0,40.0,4,526000.0,2.0,0,1,1
44,1936,15.0,40.0,4,1709500.0,7.0,1,1,1
53,2809,17.0,44.0,2,1315000.0,10.0,1,0,1
27,729,17.0,44.0,2,1315000.0,6.0,1,0,1
62,3844,12.0,20.0,2,328750.0,1.0,1,1,1
67,4489,12.0,20.0,2,657500.0,6.0,0,1,1
34,1156,12.0,21.0,2,657500.0,1.0,1,0,0
43,1849,15.0,40.0,1,1315000.0,12.0,1,0,1
40,1600,14.0,30.0,2,526000.0,6.0,1,1,1
39,1521,14.0,30.0,2,565450.0,6.0,1,1,1
33,1089,8.0,60.0,4,920500.0,1.0,0,1,0
47,2209,14.0,6.0,4,394500.0,1.0,1,0,1
47,2209,17.0,68.0,1,2630000.0,12.0,1,0,1
34,1156,19.0,40.0,4,7890000.0,10.0,0,1,1
33,1089,17.0,40.0,4,1052000.0,1.0,1,1,1
52,2704,15.0,40.0,5,920500.0,10.0,0,1,1
32,1024,14.0,40.0,5,52600.0,1.0,0,0,0
24,576,12.0,40.0,5,78900.0,1.0,1,0,1
63,3969,17.0,40.0,3,1446500.0,8.0,1,0,1
30,900,13.0,40.0,3,526000.0,2.0,0,1,0
31,961,12.0,40.0,3,394500.0,1.0,1,1,0
59,3481,17.0,55.0,3,1446500.0,1.0,0,1,1
58,3364,17.0,55.0,3,1117750.0,7.0,1,1,1
50,2500,12.0,55.0,3,1972500.0,3.0,0,1,1
48,2304,15.0,55.0,3,1315000.0,1.0,1,1,1
24,576,14.0,40.0,1,2367000.0,8.0,0,0,1
38,1444,17.0,45.0,5,591750.0,10.0,1,1,1
41,1681,10.0,45.0,5,1249250.0,12.0,0,1,1
21,441,8.0,45.0,5,394500.0,7.0,0,1,1
44,1936,7.0,30.0,1,657500.0,2.0,0,0,1
63,3969,8.0,30.0,3,526000.0,1.0,0,1,1
50,2500,12.0,30.0,3,920500.0,3.0,1,1,1
32,1024,12.0,30.0,4,1578000.0,8.0,0,1,1
47,2209,15.0,96.0,3,1972500.0,7.0,0,1,1
46,2116,15.0,45.0,3,789000.0,1.0,0,1,1
45,2025,13.0,25.0,3,526000.0,9.0,1,1,1
51,2601,13.0,25.0,3,526000.0,9.0,0,1,1
24,576,15.0,25.0,3,328750.0,9.0,1,0,1
34,1156,15.0,29.0,2,526000.0,6.0,1,0,0
67,4489,15.0,29.0,2,526000.0,12.0,1,0,1
44,1936,14.0,40.0,3,1578000.0,10.0,0,1,1
47,2209,15.0,40.0,3,1052000.0,11.0,1,1,1
42,1764,6.0,14.0,4,184100.0,1.0,1,0,0
21,441,12.0,14.0,4,1104600.0,2.0,0,0,0
27,729,15.0,48.0,3,986250.0,10.0,1,1,1
34,1156,15.0,48.0,3,1117750.0,9.0,0,1,1
58,3364,15.0,45.0,1,999400.0,8.0,0,0,1
42,1764,10.0,7.0,5,78900.0,7.0,1,0,0
49,2401,17.0,60.0,4,1578000.0,7.0,1,1,1
27,729,14.0,60.0,4,591750.0,7.0,0,0,1
22,484,12.0,60.0,4,920500.0,7.0,0,0,1
46,2116,17.0,40.0,4,1117750.0,9.0,0,1,1
45,2025,17.0,40.0,4,920500.0,9.0,1,1,1
28,784,9.0,48.0,4,624625.0,2.0,0,1,1
25,625,7.0,48.0,4,0.0,2.0,1,1,1
55,3025,17.0,32.0,4,2104000.0,8.0,1,1,1
46,2116,9.0,50.0,9,644350.0,7.0,1,0,1
25,625,12.0,50.0,9,355050.0,8.0,1,0,0
24,576,8.0,50.0,9,170950.0,5.0,1,0,0
28,784,12.0,50.0,9,512850.0,7.0,0,0,1
42,1764,6.0,40.0,6,157800.0,2.0,0,1,0
19,361,10.0,40.0,6,65750.0,6.0,1,0,0
36,1296,6.0,44.0,3,1578000.0,11.0,0,1,1
37,1369,12.0,45.0,4,1315000.0,10.0,0,1,1
37,1369,15.0,48.0,2,1315000.0,12.0,1,0,1
48,2304,15.0,0.0,2,1052000.0,9.0,1,1,1
48,2304,12.0,0.0,2,315600.0,6.0,0,1,1
36,1296,17.0,40.0,3,1578000.0,6.0,0,1,1
35,1225,17.0,40.0,3,1183500.0,6.0,1,1,1
30,900,17.0,40.0,2,2630000.0,12.0,0,1,1
30,900,17.0,40.0,2,591750.0,10.0,1,1,1
42,1764,9.0,66.0,4,578600.0,7.0,0,1,1
53,2809,0.0,30.0,4,420800.0,2.0,0,1,0
31,961,17.0,40.0,2,0.0,1.0,0,0,1
43,1849,17.0,32.0,4,1972500.0,10.0,1,1,1
43,1849,17.0,32.0,4,1972500.0,9.0,0,1,1
41,1681,15.0,40.0,3,986250.0,8.0,1,0,1
52,2704,12.0,44.0,4,723250.0,7.0,0,1,1
44,1936,17.0,45.0,5,1183500.0,10.0,1,1,1
47,2209,10.0,45.0,5,2630000.0,1.0,0,1,1
25,625,13.0,45.0,5,1052000.0,10.0,0,0,1
21,441,12.0,45.0,5,0.0,3.0,0,0,1
52,2704,15.0,52.0,4,1446500.0,11.0,0,1,1
54,2916,12.0,52.0,4,920500.0,7.0,1,1,1
44,1936,6.0,16.0,5,263000.0,4.0,0,1,0
19,361,10.0,16.0,5,131500.0,3.0,0,0,0
57,3249,12.0,40.0,4,1841000.0,8.0,0,1,1
29,841,9.0,40.0,4,394500.0,2.0,0,0,0
35,1225,12.0,40.0,4,1183500.0,8.0,0,0,1
42,1764,17.0,40.0,3,2630000.0,1.0,0,1,1
34,1156,17.0,40.0,3,0.0,9.0,1,1,1
38,1444,12.0,6.0,3,131500.0,1.0,0,1,0
29,841,17.0,6.0,3,657500.0,6.0,1,1,0
44,1936,12.0,20.0,2,789000.0,10.0,0,1,1
25,625,12.0,40.0,2,1052000.0,12.0,1,0,1
41,1681,17.0,30.0,4,19725000.0,9.0,0,0,1
30,900,15.0,24.0,4,1236100.0,5.0,0,1,1
48,2304,6.0,60.0,4,657500.0,5.0,0,0,0
40,1600,12.0,30.0,5,0.0,3.0,1,1,0
41,1681,12.0,30.0,5,0.0,1.0,0,1,0
47,2209,18.0,44.0,3,1209800.0,8.0,1,1,1
45,2025,6.0,48.0,5,394500.0,9.0,0,1,1
28,784,12.0,50.0,2,789000.0,3.0,0,1,0
27,729,15.0,50.0,2,657500.0,3.0,1,1,1
52,2704,12.0,60.0,5,4602500.0,10.0,0,1,1
53,2809,15.0,39.0,4,841600.0,8.0,1,1,1
54,2916,6.0,40.0,2,1183500.0,3.0,0,1,1
52,2704,12.0,40.0,2,3945000.0,3.0,1,1,1
39,1521,17.0,60.0,2,920500.0,7.0,1,1,1
30,900,12.0,38.0,3,394500.0,1.0,0,1,0
62,3844,8.0,60.0,4,263000.0,1.0,0,1,0
28,784,12.0,60.0,4,1052000.0,10.0,0,0,1
69,4761,13.0,40.0,3,2630000.0,12.0,0,1,1
61,3721,10.0,40.0,3,78900.0,1.0,1,1,1
42,1764,14.0,48.0,4,1446500.0,10.0,0,1,1
43,1849,15.0,48.0,4,723250.0,7.0,1,1,1
42,1764,12.0,40.0,1,1183500.0,7.0,0,0,1
48,2304,6.0,40.0,1,920500.0,10.0,0,0,1
75,5625,17.0,32.0,1,1183500.0,11.0,1,0,1
34,1156,10.0,8.0,4,105200.0,2.0,1,0,0
33,1089,15.0,40.0,3,460250.0,7.0,1,0,1
37,1369,10.0,24.0,9,263000.0,1.0,0,1,0
49,2401,8.0,30.0,5,197250.0,2.0,1,1,0
29,841,14.0,30.0,5,65750.0,2.0,1,0,0
21,441,12.0,30.0,5,657500.0,2.0,0,0,0
51,2601,15.0,40.0,3,1117750.0,8.0,1,0,1
37,1369,19.0,45.0,3,5917500.0,11.0,0,1,1
53,2809,17.0,40.0,2,1446500.0,9.0,1,1,1
22,484,15.0,27.0,2,683800.0,7.0,0,1,1
52,2704,12.0,44.0,1,1249250.0,6.0,0,0,1
56,3136,12.0,50.0,1,2235500.0,7.0,0,0,1
43,1849,14.0,16.0,4,657500.0,1.0,1,1,1
44,1936,15.0,16.0,4,670650.0,9.0,0,1,1
44,1936,8.0,36.0,5,789000.0,1.0,0,1,1
39,1521,12.0,36.0,5,1052000.0,12.0,1,1,1
50,2500,8.0,25.0,6,789000.0,3.0,0,1,1
22,484,12.0,25.0,6,394500.0,3.0,0,1,0
25,625,17.0,48.0,4,1183500.0,11.0,0,0,1
21,441,6.0,40.0,2,986250.0,12.0,0,0,1
42,1764,12.0,20.0,5,394500.0,1.0,1,1,1
52,2704,6.0,20.0,5,1052000.0,1.0,0,1,1
34,1156,10.0,48.0,5,2498500.0,8.0,0,1,1
35,1225,9.0,48.0,5,789000.0,9.0,1,1,1
30,900,13.0,30.0,1,1117750.0,8.0,1,0,1
43,1849,12.0,64.0,3,1972500.0,10.0,0,1,1
33,1089,15.0,64.0,3,854750.0,7.0,1,1,1
50,2500,8.0,44.0,2,131500.0,1.0,1,0,0
59,3481,6.0,48.0,2,657500.0,2.0,0,1,1
63,3969,12.0,48.0,2,131500.0,2.0,1,1,1
36,1296,12.0,48.0,4,723250.0,6.0,0,1,1
33,1089,12.0,48.0,4,13150.0,1.0,1,1,1
43,1849,15.0,40.0,4,881050.0,6.0,1,1,1
43,1849,12.0,40.0,4,881050.0,6.0,0,1,1
20,400,12.0,20.0,4,105200.0,1.0,0,0,0
50,2500,6.0,48.0,8,789000.0,1.0,0,1,0
21,441,7.0,48.0,8,657500.0,6.0,0,0,0
23,529,6.0,48.0,8,657500.0,5.0,0,1,0
22,484,10.0,48.0,8,394500.0,4.0,0,1,0
58,3364,8.0,21.0,2,52600.0,1.0,1,0,0
23,529,12.0,21.0,2,526000.0,6.0,0,0,0
24,576,9.0,48.0,5,460250.0,6.0,1,0,1
52,2704,9.0,4.0,1,394500.0,1.0,0,0,0
70,4900,17.0,0.0,2,1315000.0,1.0,0,1,1
30,900,12.0,45.0,4,1052000.0,8.0,0,1,1
29,841,12.0,45.0,4,394500.0,11.0,1,1,1
35,1225,14.0,40.0,3,1709500.0,9.0,0,1,1
36,1296,17.0,40.0,3,789000.0,9.0,1,1,1
59,3481,15.0,30.0,5,526000.0,5.0,0,1,1
33,1089,12.0,40.0,2,1709500.0,7.0,0,1,1
57,3249,12.0,30.0,7,881050.0,9.0,0,1,1
51,2601,15.0,30.0,7,789000.0,7.0,1,1,1
30,900,12.0,30.0,7,394500.0,2.0,0,0,0
23,529,12.0,30.0,7,394500.0,7.0,0,0,1
60,3600,12.0,45.0,3,1183500.0,9.0,0,0,1
21,441,13.0,45.0,3,1052000.0,9.0,0,0,1
27,729,14.0,45.0,3,1052000.0,9.0,0,0,1
31,961,15.0,0.0,3,1315000.0,8.0,1,1,1
27,729,15.0,0.0,3,1578000.0,12.0,0,1,1
59,3481,15.0,30.0,1,197250.0,1.0,1,0,1
79,6241,17.0,42.0,1,184100.0,1.0,1,0,1
21,441,12.0,30.0,2,762700.0,12.0,0,0,1
61,3721,3.0,34.0,3,92050.0,2.0,0,1,0
63,3969,4.0,34.0,3,92050.0,2.0,1,1,1
37,1369,7.0,34.0,3,315600.0,2.0,0,0,0
24,576,6.0,45.0,3,1025700.0,5.0,0,1,0
45,2025,15.0,15.0,4,78900.0,1.0,0,0,0
40,1600,15.0,15.0,4,657500.0,7.0,1,0,1
38,1444,15.0,15.0,4,526000.0,9.0,1,0,0
35,1225,10.0,112.0,8,526000.0,5.0,1,0,1
66,4356,17.0,35.0,3,5260000.0,1.0,0,1,1
30,900,12.0,48.0,1,789000.0,10.0,0,0,1
49,2401,15.0,20.0,1,552300.0,8.0,1,0,1
26,676,14.0,18.0,3,131500.0,3.0,0,0,1
52,2704,12.0,40.0,4,789000.0,7.0,1,0,1
44,1936,12.0,40.0,4,1052000.0,7.0,1,1,1
44,1936,14.0,20.0,1,197250.0,3.0,0,0,0
63,3969,12.0,32.0,1,197250.0,1.0,0,0,1
52,2704,17.0,30.0,1,1315000.0,8.0,1,0,1
74,5476,15.0,25.0,1,1052000.0,9.0,0,0,1
42,1764,12.0,48.0,3,1052000.0,7.0,0,1,1
45,2025,12.0,30.0,1,1209800.0,7.0,0,0,1
48,2304,6.0,0.0,5,2630000.0,12.0,0,1,1
28,784,9.0,0.0,5,657500.0,5.0,0,0,0
49,2401,12.0,40.0,5,920500.0,11.0,1,1,1
56,3136,7.0,40.0,5,394500.0,1.0,0,1,0
28,784,16.0,40.0,5,394500.0,1.0,1,0,1
22,484,12.0,40.0,5,0.0,2.0,1,0,0
26,676,9.0,15.0,5,131500.0,1.0,1,0,0
43,1849,15.0,36.0,2,552300.0,8.0,1,0,1
61,3721,12.0,35.0,1,854750.0,9.0,0,0,1
43,1849,16.0,45.0,3,1183500.0,4.0,0,1,1
39,1521,14.0,45.0,3,604900.0,2.0,1,1,1
40,1600,17.0,26.0,2,881050.0,8.0,1,0,1
35,1225,17.0,48.0,2,1183500.0,10.0,1,1,1
35,1225,17.0,48.0,2,381350.0,9.0,1,1,1
37,1369,11.0,35.0,5,1052000.0,9.0,0,1,1
48,2304,15.0,56.0,5,1183500.0,11.0,0,1,1
44,1936,17.0,48.0,1,2104000.0,9.0,0,0,1
39,1521,17.0,45.0,3,1315000.0,7.0,1,0,1
43,1849,6.0,30.0,2,131500.0,1.0,1,0,0
38,1444,15.0,28.0,5,920500.0,8.0,1,1,1
40,1600,14.0,28.0,5,368200.0,1.0,0,1,1
57,3249,8.0,20.0,1,105200.0,1.0,0,0,0
60,3600,17.0,30.0,7,854750.0,7.0,0,1,1
55,3025,15.0,30.0,7,657500.0,8.0,1,1,1
36,1296,12.0,30.0,7,414225.0,7.0,0,0,1
23,529,12.0,30.0,7,394500.0,4.0,0,1,0
36,1296,12.0,52.0,5,946800.0,4.0,0,1,0
60,3600,6.0,72.0,2,657500.0,8.0,0,1,1
75,5625,8.0,34.0,2,657500.0,1.0,0,1,1
31,961,15.0,45.0,1,1315000.0,9.0,1,0,1
66,4356,19.0,38.0,1,3945000.0,12.0,0,0,1
26,676,17.0,36.0,2,604900.0,12.0,1,0,1
24,576,17.0,36.0,2,1052000.0,7.0,1,0,1
26,676,12.0,54.0,2,526000.0,1.0,1,1,1
43,1849,15.0,54.0,2,1578000.0,12.0,0,1,1
51,2601,13.0,45.0,2,1709500.0,4.0,0,1,1
48,2304,6.0,9.0,5,526000.0,6.0,0,1,0
22,484,14.0,60.0,4,52600.0,3.0,1,0,0
25,625,12.0,60.0,4,368200.0,9.0,1,0,1
32,1024,12.0,45.0,3,591750.0,7.0,1,1,1
64,4096,15.0,56.0,3,1052000.0,11.0,0,1,1
44,1936,6.0,40.0,4,591750.0,9.0,0,1,1
22,484,8.0,30.0,2,263000.0,2.0,0,1,0
32,1024,17.0,52.0,2,526000.0,9.0,1,1,1
36,1296,17.0,52.0,2,1183500.0,1.0,0,1,1
52,2704,14.0,40.0,1,499700.0,8.0,1,0,1
42,1764,11.0,45.0,3,1052000.0,1.0,0,1,0
54,2916,12.0,24.0,2,394500.0,1.0,0,1,0
36,1296,12.0,60.0,4,999400.0,1.0,1,0,0
19,361,12.0,60.0,4,420800.0,1.0,0,0,0
39,1521,9.0,48.0,5,102570.0,7.0,1,1,1
45,2025,15.0,30.0,3,854750.0,12.0,1,1,1
45,2025,12.0,30.0,3,1117750.0,10.0,0,1,1
36,1296,17.0,49.0,4,1446500.0,12.0,0,1,1
54,2916,6.0,54.0,3,920500.0,8.0,0,1,1
56,3136,8.0,20.0,3,499700.0,11.0,1,0,1
30,900,12.0,20.0,3,103885.0,8.0,0,0,1
51,2601,12.0,30.0,4,920500.0,2.0,0,1,1
54,2916,7.0,35.0,1,197250.0,1.0,0,0,0
44,1936,6.0,48.0,4,368200.0,4.0,1,0,0
27,729,12.0,40.0,1,1104600.0,7.0,0,0,1
49,2401,17.0,25.0,4,1972500.0,9.0,0,1,1
47,2209,17.0,25.0,4,263000.0,11.0,1,1,1
48,2304,9.0,10.0,3,920500.0,6.0,1,1,1
40,1600,8.0,40.0,2,789000.0,8.0,0,0,1
24,576,8.0,40.0,2,1052000.0,8.0,0,0,1
22,484,12.0,60.0,3,1108545.0,8.0,0,1,1
27,729,10.0,60.0,3,420800.0,3.0,1,1,0
40,1600,12.0,72.0,4,2630000.0,8.0,0,1,1
41,1681,15.0,72.0,4,1052000.0,8.0,1,1,1
52,2704,12.0,24.0,2,473400.0,3.0,0,0,1
49,2401,15.0,45.0,4,657500.0,9.0,1,1,1
20,400,12.0,40.0,2,657500.0,8.0,0,0,1
56,3136,7.0,40.0,3,1144050.0,2.0,0,1,1
54,2916,12.0,40.0,2,210400.0,2.0,0,1,0
16,256,8.0,0.0,7,131500.0,2.0,0,0,0
56,3136,17.0,50.0,3,1315000.0,2.0,1,0,1
21,441,13.0,45.0,2,0.0,2.0,1,0,1
25,625,14.0,16.0,3,220920.0,2.0,1,1,1
30,900,9.0,16.0,3,1052000.0,8.0,0,1,1
48,2304,12.0,40.0,4,447100.0,10.0,1,0,1
22,484,12.0,40.0,1,1578000.0,2.0,0,0,1
40,1600,12.0,72.0,9,5917500.0,10.0,0,1,1
25,625,12.0,48.0,2,526000.0,12.0,0,0,1
34,1156,14.0,40.0,2,2104000.0,11.0,0,1,1
35,1225,17.0,32.0,1,1972500.0,7.0,0,0,1
40,1600,12.0,36.0,4,4602500.0,9.0,0,1,1
46,2116,16.0,50.0,3,526000.0,7.0,1,0,0
45,2025,15.0,16.0,2,657500.0,1.0,1,0,0
21,441,13.0,16.0,2,26300.0,3.0,1,0,0
40,1600,12.0,31.0,1,1052000.0,8.0,0,0,1
37,1369,14.0,50.0,1,263000.0,9.0,1,0,1
63,3969,6.0,40.0,2,789000.0,1.0,0,1,0
55,3025,17.0,34.0,1,1183500.0,8.0,0,0,1
55,3025,16.0,56.0,1,1183500.0,1.0,1,0,1
55,3025,15.0,48.0,4,1315000.0,9.0,0,1,1
54,2916,12.0,48.0,4,789000.0,2.0,1,1,1
56,3136,6.0,36.0,8,657500.0,9.0,0,0,1
28,784,10.0,36.0,8,102570.0,6.0,1,0,0
26,676,12.0,48.0,4,975730.0,7.0,1,0,1
51,2601,15.0,40.0,2,1446500.0,12.0,1,0,1
34,1156,12.0,40.0,2,1183500.0,11.0,0,0,1
21,441,15.0,15.0,4,526000.0,8.0,1,0,1
25,625,12.0,50.0,2,1315000.0,3.0,0,0,0
48,2304,15.0,50.0,2,1315000.0,3.0,1,0,1
46,2116,12.0,40.0,7,144650.0,10.0,0,1,1
21,441,12.0,40.0,7,78900.0,3.0,1,0,0
46,2116,9.0,15.0,4,1972500.0,2.0,1,1,1
52,2704,15.0,15.0,4,657500.0,2.0,0,1,1
25,625,12.0,54.0,9,526000.0,4.0,1,1,0
26,676,10.0,54.0,9,105200.0,4.0,0,1,0
65,4225,6.0,40.0,4,1972500.0,12.0,0,1,1
49,2401,12.0,54.0,4,1052000.0,8.0,0,1,1
57,3249,6.0,54.0,9,263000.0,1.0,0,1,0
52,2704,12.0,54.0,9,0.0,1.0,1,1,0
40,1600,8.0,54.0,6,696950.0,11.0,1,0,1
24,576,12.0,54.0,6,789000.0,10.0,1,0,1
22,484,12.0,54.0,6,526000.0,7.0,1,0,1
35,1225,12.0,48.0,1,631200.0,12.0,0,0,1
44,1936,17.0,66.0,1,6575000.0,8.0,0,0,1
33,1089,17.0,50.0,1,920500.0,1.0,0,0,1
53,2809,15.0,45.0,1,328750.0,1.0,1,0,0
52,2704,16.0,56.0,4,1578000.0,2.0,0,1,0
59,3481,17.0,12.0,2,1183500.0,12.0,1,0,1
44,1936,15.0,40.0,1,1315000.0,8.0,1,0,1
65,4225,17.0,24.0,2,657500.0,4.0,0,1,1
49,2401,12.0,60.0,4,3945000.0,7.0,0,1,1
55,3025,15.0,40.0,2,920500.0,1.0,1,0,1
53,2809,17.0,45.0,4,1841000.0,9.0,0,1,1
49,2401,15.0,45.0,4,1117750.0,2.0,1,1,1
35,1225,12.0,16.0,5,65750.0,2.0,1,0,0
58,3364,10.0,20.0,6,657500.0,1.0,0,1,1
35,1225,12.0,64.0,5,368200.0,5.0,0,1,0
70,4900,12.0,9.0,2,315600.0,1.0,1,0,1
32,1024,12.0,24.0,5,131500.0,2.0,0,1,1
24,576,17.0,51.0,2,657500.0,9.0,0,0,1
51,2601,15.0,51.0,2,1578000.0,1.0,1,0,1
28,784,12.0,40.0,4,460250.0,7.0,1,0,0
19,361,12.0,40.0,4,526000.0,6.0,1,0,0
44,1936,15.0,25.0,3,460250.0,1.0,1,0,1
57,3249,6.0,48.0,3,789000.0,5.0,0,1,0
22,484,12.0,72.0,9,460250.0,5.0,0,0,0
56,3136,15.0,45.0,2,3287500.0,10.0,0,0,1
36,1296,12.0,45.0,2,460250.0,2.0,0,0,0
72,5184,19.0,40.0,2,0.0,10.0,0,1,1
62,3844,19.0,40.0,2,0.0,10.0,1,1,1
38,1444,9.0,48.0,6,394500.0,4.0,1,0,0
29,841,9.0,6.0,4,263000.0,1.0,0,1,0
65,4225,15.0,30.0,4,920500.0,8.0,1,0,1
38,1444,15.0,30.0,4,789000.0,8.0,0,0,1
62,3844,6.0,60.0,3,657500.0,6.0,0,1,0
29,841,15.0,30.0,1,854750.0,12.0,1,0,1
35,1225,17.0,40.0,1,1315000.0,12.0,0,0,1
27,729,15.0,44.0,2,604900.0,4.0,0,1,1
26,676,14.0,44.0,2,368200.0,5.0,1,1,1
52,2704,12.0,45.0,3,789000.0,12.0,0,1,1
24,576,12.0,36.0,8,102570.0,6.0,1,0,0
30,900,11.0,36.0,8,102570.0,7.0,0,0,0
38,1444,6.0,22.0,5,59175.0,1.0,1,0,0
45,2025,6.0,60.0,4,1972500.0,12.0,0,1,1
42,1764,10.0,60.0,4,802150.0,6.0,1,1,1
20,400,12.0,60.0,4,789000.0,7.0,0,0,1
43,1849,15.0,48.0,1,2235500.0,9.0,0,0,1
62,3844,4.0,40.0,1,920500.0,3.0,0,0,0
49,2401,8.0,45.0,1,854750.0,9.0,0,0,0
37,1369,15.0,8.0,3,230125.0,6.0,1,0,1
41,1681,17.0,45.0,4,0.0,1.0,1,1,1
48,2304,17.0,54.0,4,920500.0,12.0,1,1,1
27,729,15.0,54.0,4,762700.0,11.0,0,0,1
45,2025,15.0,40.0,3,920500.0,1.0,1,0,0
21,441,12.0,54.0,6,657500.0,10.0,0,0,1
51,2601,15.0,48.0,3,920500.0,1.0,0,1,0
50,2500,13.0,48.0,3,0.0,2.0,1,1,0
30,900,17.0,45.0,1,1972500.0,10.0,1,0,1
52,2704,15.0,56.0,4,657500.0,1.0,1,0,0
40,1600,14.0,40.0,2,1578000.0,9.0,1,1,1
46,2116,15.0,40.0,2,1183500.0,12.0,0,1,1
40,1600,12.0,44.0,4,1117750.0,3.0,1,1,1
43,1849,12.0,44.0,4,1117750.0,7.0,0,1,1
39,1521,6.0,36.0,5,1709500.0,11.0,0,1,1
33,1089,12.0,40.0,2,0.0,2.0,0,0,1
51,2601,12.0,30.0,4,394500.0,1.0,1,0,1
27,729,12.0,30.0,4,594380.0,12.0,0,0,1
24,576,12.0,30.0,4,289300.0,5.0,0,1,0
23,529,12.0,44.0,2,920500.0,8.0,0,1,1
35,1225,18.0,40.0,1,1183500.0,10.0,1,0,1
77,5929,17.0,24.0,1,1052000.0,1.0,0,0,1
40,1600,12.0,48.0,4,1052000.0,12.0,0,1,1
40,1600,12.0,48.0,4,986250.0,12.0,1,1,1
48,2304,8.0,46.0,4,657500.0,12.0,0,1,1
29,841,12.0,36.0,1,607530.0,8.0,0,0,1
64,4096,15.0,15.0,1,39450.0,1.0,0,0,0
40,1600,14.0,48.0,2,1446500.0,7.0,1,0,1
30,900,14.0,45.0,2,999400.0,8.0,0,1,1
29,841,17.0,45.0,2,394500.0,9.0,1,1,1
53,2809,15.0,20.0,3,789000.0,8.0,1,1,1
55,3025,6.0,20.0,3,631200.0,6.0,0,1,1
32,1024,17.0,25.0,2,657500.0,9.0,1,1,0
38,1444,11.0,25.0,2,920500.0,9.0,0,1,1
45,2025,12.0,56.0,6,1052000.0,1.0,1,0,0
19,361,12.0,56.0,6,197250.0,1.0,0,0,1
34,1156,6.0,44.0,4,328750.0,3.0,0,1,0
42,1764,12.0,36.0,3,657500.0,1.0,1,0,1
34,1156,6.0,60.0,3,263000.0,2.0,0,0,0
40,1600,15.0,24.0,1,631200.0,9.0,0,0,1
33,1089,9.0,0.0,3,420800.0,1.0,0,1,1
40,1600,6.0,48.0,3,1052000.0,5.0,0,1,1
42,1764,17.0,48.0,3,1052000.0,10.0,1,1,1
15,225,9.0,48.0,3,26300.0,1.0,1,0,1
62,3844,12.0,35.0,3,1052000.0,7.0,0,1,1
50,2500,12.0,35.0,3,920500.0,7.0,1,1,1
45,2025,6.0,36.0,3,789000.0,3.0,0,1,0
59,3481,19.0,60.0,2,6575000.0,1.0,0,1,1
58,3364,18.0,60.0,2,3945000.0,12.0,1,1,1
36,1296,12.0,63.0,2,1315000.0,10.0,0,1,1
36,1296,15.0,63.0,2,1183500.0,4.0,1,1,1
29,841,12.0,30.0,3,890255.0,12.0,0,0,1
23,529,12.0,30.0,3,723250.0,1.0,0,0,0
46,2116,12.0,24.0,5,1315000.0,12.0,0,1,1
48,2304,15.0,24.0,5,1117750.0,8.0,1,1,1
58,3364,6.0,66.0,3,1052000.0,1.0,1,0,1
35,1225,15.0,66.0,3,1052000.0,1.0,1,0,0
52,2704,12.0,0.0,2,618050.0,8.0,1,0,1
60,3600,8.0,60.0,2,1315000.0,1.0,0,1,1
38,1444,12.0,40.0,2,1117750.0,4.0,0,1,1
37,1369,12.0,52.0,4,1315000.0,10.0,0,1,1
34,1156,12.0,52.0,4,105200.0,2.0,1,1,0
33,1089,17.0,40.0,2,1972500.0,11.0,1,1,1
21,441,13.0,43.0,3,197250.0,1.0,1,0,1
39,1521,15.0,40.0,5,1052000.0,6.0,1,1,1
41,1681,12.0,40.0,5,789000.0,8.0,0,1,1
61,3721,15.0,40.0,1,78900.0,3.0,1,0,1
35,1225,14.0,40.0,2,1446500.0,7.0,0,1,1
27,729,13.0,40.0,2,1578000.0,8.0,0,1,1
27,729,13.0,40.0,2,854750.0,8.0,0,1,1
39,1521,17.0,48.0,2,1578000.0,8.0,1,1,1
36,1296,17.0,48.0,2,3287500.0,12.0,0,1,1
61,3721,15.0,12.0,2,1052000.0,2.0,1,0,1
38,1444,17.0,50.0,2,1841000.0,12.0,1,1,1
39,1521,14.0,50.0,2,657500.0,12.0,0,1,1
35,1225,15.0,36.0,1,1709500.0,12.0,0,0,1
31,961,9.0,40.0,4,1972500.0,9.0,0,1,1
45,2025,13.0,57.0,4,2564250.0,11.0,0,1,1
40,1600,15.0,57.0,4,1052000.0,5.0,1,1,1
25,625,12.0,57.0,4,1052000.0,12.0,0,0,1
49,2401,12.0,60.0,1,2104000.0,9.0,0,0,1
23,529,8.0,17.0,3,105200.0,8.0,1,1,0
30,900,6.0,17.0,3,657500.0,3.0,0,1,0
34,1156,12.0,48.0,1,1052000.0,7.0,0,0,1
68,4624,17.0,25.0,2,657500.0,7.0,1,1,1
72,5184,6.0,24.0,10,118350.0,1.0,0,1,1
51,2601,10.0,24.0,10,39450.0,1.0,1,0,0
46,2116,6.0,24.0,10,32875.0,1.0,1,0,0
44,1936,12.0,24.0,10,131500.0,2.0,1,1,1
39,1521,10.0,24.0,10,118350.0,1.0,0,0,0
56,3136,13.0,20.0,3,328750.0,1.0,0,1,1
24,576,12.0,40.0,3,197250.0,2.0,1,0,0
41,1681,6.0,6.0,2,52600.0,2.0,0,0,0
52,2704,8.0,56.0,5,65750.0,1.0,1,0,0
29,841,15.0,30.0,3,328750.0,6.0,1,0,0
52,2704,3.0,48.0,4,394500.0,1.0,0,0,0
33,1089,7.0,48.0,4,460250.0,2.0,0,0,0
25,625,6.0,48.0,4,328750.0,3.0,0,0,0
46,2116,12.0,56.0,5,328750.0,1.0,1,1,1
26,676,12.0,58.0,2,499700.0,8.0,1,0,1
33,1089,12.0,56.0,2,657500.0,1.0,1,0,0
44,1936,17.0,40.0,4,1972500.0,11.0,0,1,1
35,1225,17.0,40.0,4,1052000.0,11.0,1,1,1
29,841,19.0,0.0,1,657500.0,6.0,0,0,1
27,729,19.0,32.0,1,789000.0,12.0,0,0,1
37,1369,12.0,48.0,4,986250.0,8.0,0,1,1
35,1225,12.0,48.0,4,394500.0,3.0,1,1,1
42,1764,12.0,68.0,4,789000.0,1.0,0,1,1
32,1024,17.0,42.0,2,0.0,8.0,0,1,1
30,900,17.0,42.0,2,5260000.0,2.0,1,1,1
74,5476,17.0,62.0,2,5260000.0,1.0,0,1,1
27,729,17.0,40.0,1,1259770.0,2.0,1,0,1
42,1764,19.0,40.0,1,4602500.0,7.0,0,0,1
64,4096,12.0,24.0,1,447100.0,1.0,1,0,1
29,841,12.0,98.0,3,105200.0,2.0,1,1,0
26,676,6.0,98.0,3,657500.0,4.0,0,1,0
63,3969,15.0,62.0,2,657500.0,1.0,1,0,1
45,2025,12.0,36.0,2,65750.0,2.0,1,1,0
72,5184,12.0,36.0,2,65750.0,2.0,0,1,1
24,576,17.0,50.0,1,1972500.0,12.0,1,0,1
33,1089,9.0,60.0,4,1183500.0,5.0,0,1,0
29,841,8.0,60.0,4,526000.0,5.0,1,1,0
44,1936,9.0,54.0,4,1183500.0,11.0,0,1,1
44,1936,12.0,54.0,4,920500.0,7.0,1,1,1
27,729,15.0,54.0,4,0.0,6.0,1,0,0
33,1089,12.0,44.0,7,789000.0,7.0,0,1,1
63,3969,19.0,60.0,2,2104000.0,12.0,0,0,1
22,484,14.0,60.0,2,657500.0,6.0,1,0,1
40,1600,19.0,30.0,1,1052000.0,11.0,1,0,1
39,1521,15.0,40.0,2,1446500.0,8.0,1,0,1
34,1156,12.0,50.0,6,263000.0,2.0,1,1,0
42,1764,6.0,50.0,6,328750.0,3.0,0,0,0
33,1089,9.0,50.0,6,263000.0,2.0,0,1,0
33,1089,13.0,45.0,2,1972500.0,12.0,0,1,1
30,900,16.0,45.0,2,1315000.0,9.0,1,1,1
58,3364,12.0,15.0,3,168320.0,9.0,1,0,1
26,676,9.0,15.0,3,460250.0,3.0,0,0,0
24,576,12.0,15.0,3,631200.0,5.0,0,0,0
32,1024,12.0,30.0,4,920500.0,12.0,1,1,1
32,1024,12.0,30.0,5,657500.0,11.0,1,1,1
35,1225,6.0,30.0,5,526000.0,3.0,0,1,1
35,1225,7.0,4.0,4,0.0,1.0,1,1,1
41,1681,6.0,4.0,4,526000.0,4.0,0,1,0
34,1156,12.0,60.0,5,1052000.0,8.0,0,1,1
34,1156,12.0,60.0,5,263000.0,1.0,1,1,0
44,1936,17.0,30.0,1,657500.0,1.0,1,0,0
45,2025,9.0,61.0,1,1315000.0,1.0,0,0,0
32,1024,12.0,12.0,4,197250.0,1.0,1,1,1
32,1024,12.0,12.0,4,789000.0,8.0,0,1,1
44,1936,8.0,66.0,1,828450.0,6.0,0,0,0
53,2809,15.0,70.0,4,789000.0,1.0,1,1,0
43,1849,6.0,45.0,5,789000.0,7.0,0,1,1
52,2704,6.0,51.0,1,4602500.0,3.0,1,0,1
46,2116,6.0,40.0,4,526000.0,8.0,0,1,1
57,3249,6.0,3.0,4,381350.0,1.0,0,1,0
38,1444,12.0,40.0,3,1117750.0,6.0,0,1,1
39,1521,12.0,40.0,3,1841000.0,7.0,1,1,1
65,4225,6.0,13.0,1,420800.0,1.0,0,0,0
31,961,17.0,30.0,1,723250.0,9.0,1,0,1
26,676,15.0,20.0,4,394500.0,3.0,1,0,0
29,841,15.0,20.0,4,499700.0,6.0,1,0,1
31,961,15.0,20.0,4,328750.0,6.0,1,0,0
37,1369,15.0,41.0,3,526000.0,7.0,1,0,1
51,2601,6.0,32.0,1,1117750.0,2.0,0,0,0
38,1444,8.0,30.0,4,604900.0,8.0,1,0,1
39,1521,15.0,44.0,4,1315000.0,3.0,1,1,1
41,1681,12.0,44.0,4,1315000.0,3.0,0,1,1
28,784,12.0,50.0,1,1052000.0,1.0,0,0,0
23,529,9.0,30.0,3,368200.0,1.0,0,1,0
48,2304,19.0,60.0,3,1578000.0,11.0,1,1,1
39,1521,17.0,48.0,2,1052000.0,6.0,0,1,1
25,625,17.0,48.0,2,499700.0,5.0,1,1,0
44,1936,14.0,10.0,6,78900.0,1.0,1,1,0
33,1089,6.0,10.0,6,657500.0,10.0,0,1,1
22,484,14.0,6.0,2,526000.0,5.0,1,1,1
31,961,6.0,48.0,2,2104000.0,10.0,0,0,1
39,1521,17.0,35.0,1,1315000.0,9.0,1,0,1
36,1296,12.0,40.0,6,394500.0,1.0,0,1,0
26,676,15.0,30.0,3,762700.0,6.0,1,1,1
27,729,12.0,30.0,3,1117750.0,7.0,0,1,1
42,1764,3.0,49.0,9,394500.0,1.0,0,1,0
47,2209,12.0,25.0,3,657500.0,3.0,0,1,1
42,1764,12.0,25.0,3,526000.0,1.0,1,1,1
67,4489,6.0,0.0,3,460250.0,5.0,0,0,1
32,1024,12.0,42.0,1,657500.0,5.0,0,0,0
57,3249,6.0,0.0,2,315600.0,1.0,1,0,0
21,441,12.0,0.0,2,52600.0,1.0,0,0,0
24,576,12.0,48.0,6,65750.0,9.0,0,0,1
28,784,12.0,48.0,6,157800.0,2.0,0,1,0
42,1764,12.0,84.0,4,1052000.0,12.0,0,1,1
41,1681,12.0,84.0,4,789000.0,3.0,1,1,1
49,2401,9.0,14.0,2,92050.0,1.0,1,0,1
38,1444,19.0,40.0,1,2630000.0,11.0,0,0,1
61,3721,12.0,30.0,2,591750.0,2.0,1,1,1
63,3969,12.0,30.0,2,591750.0,2.0,0,1,1
54,2916,12.0,44.0,5,789000.0,1.0,0,1,1
32,1024,15.0,45.0,1,1578000.0,11.0,0,0,1
69,4761,17.0,20.0,1,2367000.0,1.0,1,0,1
39,1521,15.0,42.0,3,1183500.0,2.0,1,1,1
40,1600,12.0,42.0,3,1315000.0,12.0,0,1,1
37,1369,15.0,40.0,1,3287500.0,11.0,1,0,1
22,484,12.0,16.0,3,1972500.0,9.0,0,0,1
57,3249,12.0,16.0,3,1183500.0,8.0,1,0,1
41,1681,12.0,15.0,2,1578000.0,6.0,0,0,0
28,784,12.0,48.0,3,854750.0,7.0,1,0,1
62,3844,15.0,54.0,1,526000.0,6.0,0,0,1
63,3969,6.0,48.0,2,263000.0,1.0,0,1,0
28,784,12.0,48.0,6,854750.0,11.0,0,1,1
53,2809,12.0,70.0,4,1052000.0,2.0,0,1,0
22,484,12.0,70.0,4,263000.0,2.0,0,0,0
48,2304,12.0,40.0,3,1578000.0,3.0,0,1,1
40,1600,17.0,40.0,3,1183500.0,12.0,1,1,1
54,2916,6.0,40.0,1,710100.0,6.0,0,0,0
44,1936,6.0,57.0,5,1144050.0,9.0,0,1,1
27,729,15.0,32.0,1,289300.0,8.0,1,0,1
64,4096,15.0,40.0,5,2630000.0,8.0,0,1,1
57,3249,15.0,50.0,5,1578000.0,8.0,1,1,1
59,3481,15.0,50.0,5,65750.0,1.0,0,1,1
34,1156,16.0,50.0,5,657500.0,8.0,1,0,1
30,900,16.0,50.0,5,657500.0,8.0,0,0,1
65,4225,8.0,32.0,2,236700.0,2.0,0,1,1
34,1156,17.0,6.0,2,263000.0,7.0,1,1,1
34,1156,15.0,6.0,2,1052000.0,7.0,1,1,1
49,2401,6.0,48.0,4,263000.0,3.0,0,1,0
42,1764,12.0,8.0,3,105200.0,1.0,1,0,0
44,1936,14.0,36.0,3,157800.0,4.0,1,0,0
43,1849,12.0,48.0,4,460250.0,6.0,0,1,1
45,2025,10.0,48.0,4,394500.0,6.0,1,1,0
24,576,12.0,48.0,4,328750.0,1.0,0,0,0
69,4761,12.0,70.0,2,1315000.0,1.0,0,1,1
40,1600,17.0,44.0,4,1841000.0,7.0,0,1,1
34,1156,15.0,35.0,1,1052000.0,9.0,1,0,1
47,2209,0.0,36.0,1,105200.0,1.0,1,0,0
20,400,10.0,44.0,3,703525.0,11.0,1,1,1
21,441,10.0,44.0,3,394500.0,5.0,0,1,0
36,1296,15.0,56.0,2,789000.0,1.0,0,1,1
35,1225,15.0,56.0,2,657500.0,1.0,1,1,1
67,4489,11.0,0.0,2,420800.0,1.0,1,0,1
33,1089,12.0,40.0,3,1315000.0,5.0,1,0,1
60,3600,12.0,33.0,1,197250.0,1.0,0,0,0
58,3364,17.0,25.0,2,1315000.0,9.0,1,0,1
27,729,15.0,54.0,2,526000.0,6.0,1,0,1
24,576,6.0,42.0,2,460250.0,7.0,1,0,0
22,484,12.0,63.0,1,1315000.0,6.0,1,0,1
41,1681,15.0,40.0,4,1315000.0,8.0,1,1,1
30,900,15.0,0.0,1,920500.0,7.0,1,0,1
25,625,15.0,54.0,2,1183500.0,6.0,0,0,1
26,676,12.0,12.0,5,105200.0,4.0,1,1,1
27,729,17.0,12.0,5,1588520.0,9.0,0,1,1
61,3721,6.0,72.0,5,197250.0,3.0,1,0,1
27,729,15.0,72.0,5,197250.0,3.0,1,0,0
20,400,11.0,72.0,5,197250.0,3.0,1,0,0
30,900,12.0,24.0,3,263000.0,1.0,0,1,0
28,784,15.0,24.0,3,236700.0,1.0,1,1,1
30,900,12.0,10.0,6,473400.0,7.0,1,1,0
47,2209,17.0,50.0,3,789000.0,1.0,1,0,0
29,841,12.0,48.0,2,1315000.0,1.0,1,0,0
62,3844,6.0,24.0,2,789000.0,1.0,1,0,1
46,2116,12.0,48.0,1,1709500.0,9.0,0,0,1
39,1521,15.0,44.0,2,762700.0,6.0,0,1,1
65,4225,15.0,40.0,3,1446500.0,12.0,0,1,1
25,625,14.0,40.0,3,789000.0,6.0,0,0,1
28,784,14.0,12.0,1,0.0,3.0,0,0,1
63,3969,10.0,36.0,5,526000.0,1.0,0,1,1
26,676,12.0,30.0,1,1315000.0,6.0,0,1,1
40,1600,12.0,24.0,1,394500.0,3.0,1,0,0
42,1764,12.0,35.0,4,1315000.0,6.0,0,1,1
37,1369,12.0,60.0,4,1222950.0,7.0,0,1,1
29,841,12.0,60.0,4,131500.0,1.0,1,1,1
32,1024,11.0,36.0,5,473400.0,6.0,0,1,0
36,1296,15.0,50.0,6,723250.0,9.0,1,0,1
64,4096,8.0,40.0,3,1578000.0,1.0,0,1,1
24,576,12.0,40.0,3,263000.0,2.0,0,0,0
34,1156,6.0,36.0,4,178840.0,8.0,0,1,1
43,1849,14.0,40.0,4,1052000.0,7.0,0,1,1
28,784,6.0,30.0,6,591750.0,3.0,0,0,0
50,2500,8.0,24.0,2,1052000.0,3.0,0,1,1
45,2025,12.0,40.0,3,1183500.0,9.0,1,0,1
33,1089,15.0,4.0,3,1052000.0,8.0,0,1,1
49,2401,9.0,30.0,6,854750.0,9.0,0,1,1
33,1089,12.0,30.0,6,854750.0,3.0,1,1,1
33,1089,15.0,50.0,3,657500.0,8.0,1,1,1
37,1369,15.0,50.0,3,723250.0,9.0,0,1,1
73,5329,17.0,20.0,2,723250.0,10.0,0,1,1
76,5776,6.0,28.0,2,420800.0,2.0,0,0,1
53,2809,15.0,45.0,3,789000.0,7.0,0,1,1
59,3481,12.0,50.0,4,394500.0,7.0,0,0,0
36,1296,13.0,8.0,4,526000.0,9.0,1,1,1
38,1444,12.0,8.0,4,197250.0,6.0,0,1,1
24,576,17.0,40.0,5,1446500.0,9.0,1,0,1
22,484,13.0,30.0,2,3945000.0,6.0,0,0,1
34,1156,19.0,52.0,3,1972500.0,2.0,0,1,1
30,900,15.0,15.0,4,631200.0,7.0,0,1,1
24,576,12.0,15.0,4,657500.0,9.0,0,0,1
45,2025,9.0,56.0,4,197250.0,2.0,1,1,1
27,729,7.0,15.0,7,591750.0,5.0,0,1,0
41,1681,15.0,63.0,2,2367000.0,4.0,1,0,1
42,1764,17.0,40.0,4,1052000.0,9.0,1,0,1
25,625,12.0,40.0,2,657500.0,1.0,1,0,1
34,1156,12.0,20.0,1,1315000.0,10.0,1,0,1
51,2601,7.0,106.0,3,789000.0,2.0,0,1,0
41,1681,12.0,106.0,3,499700.0,7.0,1,1,0
56,3136,8.0,0.0,1,1578000.0,11.0,0,0,1
36,1296,17.0,28.0,1,302450.0,7.0,1,0,1
24,576,17.0,54.0,2,723250.0,3.0,1,0,1
22,484,14.0,54.0,2,197250.0,6.0,1,0,1
39,1521,9.0,48.0,3,0.0,6.0,1,0,0
45,2025,9.0,84.0,4,920500.0,7.0,0,1,0
56,3136,17.0,40.0,3,1709500.0,12.0,1,1,1
59,3481,15.0,60.0,3,3287500.0,2.0,1,0,1
42,1764,17.0,60.0,3,1315000.0,9.0,1,0,1
54,2916,6.0,44.0,3,368200.0,7.0,0,1,1
72,5184,4.0,0.0,1,6575.0,1.0,1,0,1
36,1296,12.0,35.0,1,1709500.0,10.0,0,0,1
21,441,15.0,30.0,3,2498500.0,12.0,1,0,1
45,2025,15.0,40.0,4,920500.0,10.0,0,1,1
32,1024,12.0,35.0,1,920500.0,8.0,0,0,1
21,441,7.0,16.0,2,126240.0,6.0,1,0,1
47,2209,4.0,48.0,3,263000.0,3.0,0,0,0
29,841,9.0,36.0,5,315600.0,5.0,1,1,0
58,3364,12.0,40.0,3,1972500.0,3.0,0,0,1
28,784,15.0,40.0,3,2432750.0,11.0,0,0,1
25,625,12.0,40.0,3,1052000.0,7.0,0,0,1
46,2116,8.0,16.0,1,328750.0,1.0,0,0,0
57,3249,15.0,40.0,2,565450.0,7.0,1,0,1
54,2916,12.0,20.0,2,263000.0,11.0,1,0,0
42,1764,17.0,32.0,4,1052000.0,8.0,1,1,1
56,3136,6.0,12.0,3,0.0,1.0,1,1,1
51,2601,6.0,40.0,4,749550.0,8.0,0,1,1
27,729,12.0,40.0,3,315600.0,10.0,0,1,0
40,1600,12.0,48.0,7,526000.0,9.0,0,1,1
48,2304,6.0,28.0,2,420800.0,2.0,0,0,0
26,676,12.0,45.0,2,657500.0,2.0,1,1,1
31,961,17.0,0.0,2,1709500.0,8.0,0,1,1
31,961,16.0,0.0,2,657500.0,6.0,1,1,1
24,576,12.0,29.0,2,526000.0,6.0,0,0,1
70,4900,11.0,25.0,2,657500.0,8.0,0,1,1
59,3481,12.0,48.0,4,1052000.0,2.0,0,1,1
59,3481,12.0,48.0,4,526000.0,1.0,0,1,1
26,676,17.0,48.0,4,1052000.0,8.0,0,0,1
27,729,12.0,45.0,2,657500.0,6.0,0,1,1
48,2304,17.0,4.0,4,157800.0,1.0,1,0,1
33,1089,17.0,32.0,4,1578000.0,8.0,1,0,1
37,1369,13.0,35.0,3,1183500.0,3.0,1,1,0
47,2209,17.0,40.0,4,2630000.0,1.0,0,1,1
46,2116,15.0,40.0,4,1315000.0,11.0,1,1,1
46,2116,9.0,48.0,4,1196650.0,10.0,0,1,1
48,2304,15.0,35.0,3,920500.0,7.0,0,1,0
51,2601,7.0,26.0,2,657500.0,9.0,0,0,1
62,3844,6.0,54.0,2,526000.0,5.0,0,1,0
43,1849,11.0,8.0,1,65750.0,1.0,0,0,0
57,3249,12.0,35.0,3,657500.0,10.0,1,0,1
49,2401,15.0,20.0,2,762700.0,6.0,1,0,1
77,5929,12.0,25.0,1,394500.0,1.0,0,0,1
33,1089,7.0,40.0,3,683800.0,6.0,0,1,0
57,3249,15.0,16.0,1,789000.0,2.0,1,0,0
44,1936,12.0,43.0,3,1315000.0,12.0,1,0,1
51,2601,6.0,45.0,4,591750.0,4.0,0,1,0
20,400,15.0,45.0,4,986250.0,8.0,0,0,1
61,3721,10.0,50.0,1,131500.0,1.0,1,0,1
69,4761,6.0,60.0,6,526000.0,9.0,1,0,0
59,3481,14.0,30.0,5,1972500.0,12.0,0,1,1
45,2025,17.0,64.0,3,1052000.0,12.0,1,0,1
43,1849,12.0,64.0,3,0.0,3.0,0,0,0
38,1444,15.0,45.0,1,913925.0,12.0,1,0,1
35,1225,13.0,15.0,4,315600.0,4.0,1,0,0
41,1681,12.0,40.0,5,1446500.0,4.0,1,1,1
45,2025,12.0,40.0,5,2367000.0,8.0,0,1,1
35,1225,12.0,40.0,5,1315000.0,9.0,0,1,1
36,1296,12.0,40.0,5,1052000.0,6.0,1,1,1
30,900,19.0,55.0,1,1117750.0,4.0,0,0,1
69,4761,17.0,10.0,2,0.0,9.0,1,1,1
54,2916,9.0,58.0,5,2498500.0,12.0,0,1,1
45,2025,12.0,44.0,4,1052000.0,11.0,0,1,1
41,1681,17.0,52.0,3,512850.0,7.0,1,0,1
65,4225,12.0,30.0,2,657500.0,1.0,0,1,1
32,1024,15.0,40.0,3,657500.0,8.0,1,1,1
36,1296,15.0,40.0,3,460250.0,8.0,0,1,1
34,1156,17.0,40.0,1,789000.0,9.0,1,0,1
47,2209,6.0,40.0,4,460250.0,4.0,0,1,0
72,5184,15.0,49.0,4,526000.0,9.0,0,0,1
65,4225,14.0,45.0,5,1972500.0,12.0,0,1,1
19,361,6.0,30.0,2,460250.0,9.0,0,0,1
34,1156,10.0,30.0,2,460250.0,9.0,0,0,1
57,3249,16.0,48.0,2,1841000.0,11.0,0,1,1
26,676,17.0,15.0,1,460250.0,1.0,0,0,1
35,1225,15.0,68.0,4,1315000.0,12.0,0,1,1
35,1225,15.0,68.0,4,1315000.0,12.0,1,1,1
23,529,12.0,48.0,4,315600.0,5.0,1,0,0
18,324,12.0,48.0,4,289300.0,5.0,0,0,1
41,1681,12.0,72.0,4,2630000.0,12.0,0,1,1
37,1369,6.0,48.0,4,1578000.0,10.0,0,1,1
36,1296,6.0,55.0,1,526000.0,2.0,0,0,1
43,1849,6.0,35.0,3,263000.0,1.0,0,1,0
32,1024,12.0,3.0,5,1052000.0,3.0,1,1,1
43,1849,16.0,40.0,2,2367000.0,5.0,0,0,1
38,1444,13.0,24.0,2,657500.0,9.0,1,0,1
46,2116,17.0,96.0,5,394500.0,7.0,0,1,1
35,1225,15.0,84.0,2,2630000.0,11.0,1,0,1
27,729,7.0,40.0,3,854750.0,11.0,1,1,1
40,1600,15.0,0.0,4,1315000.0,1.0,0,1,1
46,2116,15.0,0.0,4,1117750.0,6.0,1,1,1
27,729,12.0,48.0,1,762700.0,12.0,0,0,1
47,2209,17.0,44.0,2,1144050.0,2.0,0,1,1
37,1369,15.0,20.0,3,1315000.0,1.0,0,0,1
44,1936,15.0,48.0,5,1315000.0,9.0,0,1,1
39,1521,17.0,48.0,5,1841000.0,9.0,1,1,1
35,1225,14.0,60.0,1,2630000.0,6.0,0,0,1
48,2304,12.0,50.0,4,1315000.0,7.0,1,1,1
53,2809,17.0,40.0,4,1578000.0,11.0,0,1,1
52,2704,15.0,40.0,4,1578000.0,11.0,1,1,1
40,1600,12.0,40.0,4,1446500.0,10.0,0,0,1
43,1849,10.0,18.0,3,526000.0,2.0,0,1,0
49,2401,15.0,43.0,3,1972500.0,9.0,0,1,1
37,1369,12.0,30.0,5,526000.0,6.0,0,0,1
39,1521,8.0,40.0,3,1183500.0,9.0,1,0,1
69,4761,17.0,10.0,2,0.0,9.0,0,1,1
31,961,9.0,59.0,4,1117750.0,8.0,0,1,1
30,900,17.0,59.0,4,986250.0,6.0,1,1,0
29,841,10.0,12.0,1,526000.0,1.0,0,0,0
35,1225,12.0,104.0,1,815300.0,2.0,0,0,1
47,2209,15.0,48.0,2,1052000.0,4.0,0,0,0
32,1024,15.0,30.0,2,920500.0,10.0,1,1,1
55,3025,12.0,44.0,4,1315000.0,6.0,0,1,1
29,841,12.0,12.0,4,263000.0,3.0,0,1,0
38,1444,17.0,36.0,3,1315000.0,11.0,1,1,1
52,2704,16.0,60.0,4,2367000.0,8.0,0,1,1
48,2304,12.0,45.0,3,1183500.0,11.0,0,1,1
56,3136,12.0,40.0,2,131500.0,1.0,0,1,1
59,3481,15.0,40.0,2,1315000.0,11.0,1,1,1
46,2116,12.0,30.0,2,2235500.0,1.0,1,0,1
37,1369,13.0,33.0,1,5654500.0,6.0,0,0,1
68,4624,8.0,48.0,3,1052000.0,2.0,0,1,1
20,400,14.0,84.0,2,78900.0,1.0,1,0,0
49,2401,17.0,40.0,1,1052000.0,8.0,0,0,1
43,1849,12.0,24.0,3,78900.0,1.0,0,1,1
43,1849,15.0,24.0,3,966525.0,9.0,1,1,1
42,1764,17.0,40.0,5,789000.0,8.0,0,1,1
39,1521,17.0,40.0,5,657500.0,8.0,1,1,1
52,2704,15.0,28.0,4,512850.0,12.0,0,1,1
47,2209,15.0,28.0,4,789000.0,12.0,1,1,1
34,1156,14.0,44.0,2,552300.0,2.0,1,1,1
33,1089,9.0,42.0,4,236700.0,2.0,1,0,0
44,1936,12.0,72.0,4,846860.0,1.0,0,1,1
38,1444,12.0,72.0,4,263000.0,2.0,1,1,0
32,1024,15.0,15.0,3,789000.0,7.0,1,0,1
63,3969,6.0,15.0,3,394500.0,1.0,0,0,1
27,729,12.0,45.0,1,1578000.0,11.0,0,0,1
43,1849,15.0,40.0,4,328750.0,1.0,1,1,1
42,1764,17.0,40.0,4,1972500.0,11.0,0,1,1
51,2601,12.0,59.0,3,789000.0,8.0,1,0,1
32,1024,7.0,63.0,1,1564850.0,11.0,0,0,1
52,2704,12.0,9.0,2,13150.0,1.0,1,0,1
39,1521,15.0,40.0,3,920500.0,12.0,0,1,1
44,1936,12.0,40.0,3,1183500.0,7.0,1,1,1
74,5476,12.0,20.0,2,526000.0,6.0,0,1,1
49,2401,17.0,44.0,2,1709500.0,8.0,1,1,1
50,2500,17.0,44.0,2,1709500.0,1.0,0,1,1
52,2704,8.0,8.0,1,0.0,2.0,0,0,0
50,2500,19.0,40.0,4,5260000.0,12.0,0,1,1
31,961,15.0,24.0,3,657500.0,7.0,1,0,1
23,529,12.0,48.0,1,2630000.0,7.0,1,0,1
28,784,15.0,23.0,3,789000.0,8.0,1,0,1
50,2500,19.0,40.0,4,1315000.0,1.0,0,1,1
49,2401,17.0,40.0,4,1183500.0,1.0,1,1,1
44,1936,12.0,40.0,4,920500.0,11.0,1,0,1
45,2025,6.0,60.0,7,736400.0,2.0,1,0,0
27,729,12.0,60.0,7,473400.0,2.0,0,1,1
28,784,12.0,60.0,7,0.0,7.0,1,1,0
22,484,12.0,60.0,7,157800.0,2.0,0,0,0
32,1024,12.0,48.0,1,1315000.0,1.0,0,0,0
40,1600,7.0,48.0,4,1315000.0,1.0,0,1,1
61,3721,4.0,48.0,5,526000.0,1.0,0,1,1
41,1681,12.0,56.0,4,1315000.0,9.0,0,1,1
41,1681,10.0,28.0,4,131500.0,1.0,0,1,0
40,1600,6.0,60.0,3,526000.0,1.0,1,1,0
30,900,17.0,40.0,1,1446500.0,7.0,1,0,1
46,2116,12.0,35.0,3,1052000.0,8.0,0,1,1
40,1600,15.0,35.0,3,526000.0,9.0,1,1,1
23,529,17.0,28.0,5,407650.0,6.0,1,0,1
22,484,15.0,28.0,5,789000.0,7.0,0,0,1
18,324,12.0,28.0,5,197250.0,7.0,1,0,1
24,576,12.0,37.0,2,1052000.0,6.0,1,0,1
61,3721,7.0,45.0,3,6575000.0,2.0,0,1,1
34,1156,12.0,45.0,3,1315000.0,2.0,1,0,0
32,1024,8.0,43.0,5,441840.0,5.0,1,0,0
53,2809,12.0,36.0,4,526000.0,6.0,1,1,1
22,484,10.0,43.0,2,789000.0,7.0,0,0,1
51,2601,17.0,72.0,2,920500.0,1.0,1,1,1
49,2401,17.0,72.0,2,1052000.0,1.0,0,1,1
61,3721,17.0,54.0,2,1315000.0,9.0,0,0,1
30,900,12.0,54.0,2,1052000.0,12.0,0,0,1
46,2116,12.0,48.0,1,789000.0,11.0,0,0,1
54,2916,17.0,42.0,4,1972500.0,12.0,0,1,1
54,2916,17.0,42.0,4,131500.0,12.0,1,1,1
64,4096,17.0,40.0,2,1315000.0,3.0,0,0,1
29,841,13.0,40.0,2,328750.0,8.0,0,0,1
44,1936,10.0,30.0,4,328750.0,1.0,0,1,1
32,1024,10.0,40.0,2,1972500.0,1.0,0,1,1
30,900,15.0,20.0,2,789000.0,11.0,1,0,1
57,3249,9.0,16.0,3,1315000.0,2.0,0,1,1
42,1764,10.0,16.0,3,1315000.0,2.0,1,1,0
30,900,19.0,40.0,2,1204540.0,12.0,1,0,1
30,900,17.0,40.0,2,1204540.0,12.0,1,0,1
30,900,12.0,50.0,5,526000.0,2.0,0,1,0
28,784,12.0,50.0,5,789000.0,1.0,1,1,0
54,2916,12.0,48.0,1,657500.0,3.0,0,0,0
72,5184,8.0,2.0,1,52600.0,1.0,1,0,1
50,2500,9.0,40.0,4,2367000.0,12.0,0,1,1
52,2704,15.0,48.0,4,2630000.0,11.0,0,1,1
42,1764,15.0,48.0,4,1052000.0,8.0,1,1,1
29,841,15.0,84.0,1,526000.0,6.0,0,0,1
67,4489,17.0,6.0,2,657500.0,1.0,0,1,1
35,1225,13.0,30.0,3,394500.0,1.0,1,0,0
20,400,12.0,23.0,3,460250.0,3.0,0,0,0
48,2304,12.0,83.0,3,0.0,9.0,0,0,1
39,1521,15.0,34.0,3,1972500.0,9.0,1,1,1
42,1764,15.0,34.0,3,1315000.0,12.0,0,1,1
45,2025,15.0,40.0,2,1578000.0,7.0,1,0,1
49,2401,12.0,48.0,2,1052000.0,7.0,1,0,1
38,1444,17.0,40.0,4,2235500.0,12.0,1,1,1
41,1681,0.0,40.0,4,1117750.0,10.0,0,1,1
47,2209,12.0,60.0,4,789000.0,3.0,0,1,1
49,2401,12.0,60.0,4,1236100.0,9.0,1,1,1
41,1681,6.0,18.0,1,197250.0,1.0,0,0,0
76,5776,17.0,0.0,2,526000.0,1.0,0,1,1
27,729,17.0,40.0,2,1315000.0,8.0,0,1,1
28,784,19.0,40.0,2,2104000.0,12.0,1,1,1
68,4624,12.0,14.0,2,26300.0,1.0,1,0,1
52,2704,17.0,14.0,2,131500.0,1.0,0,0,1
54,2916,11.0,54.0,3,1709500.0,8.0,0,1,1
42,1764,17.0,25.0,6,1183500.0,8.0,0,1,1
42,1764,17.0,25.0,6,1052000.0,11.0,1,1,1
42,1764,15.0,48.0,5,1578000.0,8.0,0,1,1
41,1681,17.0,48.0,5,1446500.0,11.0,1,1,1
57,3249,9.0,50.0,1,789000.0,1.0,0,0,0
39,1521,15.0,20.0,3,723250.0,7.0,1,0,1
35,1225,15.0,48.0,4,2367000.0,8.0,1,1,1
60,3600,17.0,20.0,2,723250.0,6.0,1,0,1
42,1764,12.0,48.0,1,368200.0,6.0,0,0,0
36,1296,0.0,70.0,4,394500.0,4.0,0,1,1
51,2601,8.0,48.0,4,1604300.0,1.0,0,1,1
28,784,12.0,48.0,4,986250.0,12.0,0,0,1
57,3249,17.0,30.0,4,986250.0,8.0,1,1,1
38,1444,9.0,44.0,4,1052000.0,7.0,1,0,1
45,2025,6.0,42.0,5,263000.0,1.0,1,1,1
59,3481,17.0,60.0,3,1972500.0,1.0,1,0,1
27,729,17.0,40.0,4,789000.0,9.0,1,1,1
25,625,15.0,20.0,7,0.0,1.0,1,1,0
39,1521,10.0,20.0,7,473400.0,1.0,0,1,0
46,2116,7.0,20.0,7,1249250.0,9.0,0,0,1
32,1024,11.0,84.0,6,368200.0,2.0,0,1,0
39,1521,15.0,40.0,3,460250.0,7.0,0,1,1
38,1444,15.0,40.0,3,657500.0,7.0,0,0,1
37,1369,12.0,40.0,3,374775.0,8.0,1,1,1
22,484,13.0,48.0,1,1117750.0,8.0,0,0,1
40,1600,15.0,56.0,1,1315000.0,7.0,1,0,1
50,2500,15.0,30.0,2,1052000.0,9.0,1,1,1
37,1369,9.0,0.0,7,1052000.0,1.0,0,1,0
49,2401,19.0,40.0,4,1841000.0,11.0,0,1,1
48,2304,12.0,40.0,4,1841000.0,11.0,1,1,1
25,625,12.0,40.0,4,657500.0,11.0,0,0,1
58,3364,8.0,45.0,2,657500.0,7.0,0,1,0
42,1764,14.0,9.0,3,226180.0,2.0,1,1,0
44,1936,6.0,9.0,3,394500.0,4.0,0,1,0
38,1444,12.0,24.0,1,394500.0,11.0,0,0,1
36,1296,6.0,40.0,2,789000.0,5.0,0,1,1
50,2500,13.0,66.0,5,710100.0,4.0,0,1,1
47,2209,12.0,66.0,5,197250.0,2.0,1,1,1
35,1225,12.0,60.0,3,1078300.0,5.0,0,1,1
29,841,15.0,60.0,3,1032275.0,9.0,1,1,1
58,3364,6.0,2.0,6,157800.0,1.0,0,1,1
24,576,8.0,2.0,6,0.0,1.0,1,0,1
34,1156,3.0,2.0,6,986250.0,6.0,0,0,1
28,784,12.0,55.0,2,986250.0,6.0,1,0,1
64,4096,2.0,42.0,3,657500.0,8.0,0,0,0
68,4624,2.0,4.0,1,52600.0,6.0,0,0,1
36,1296,14.0,56.0,5,789000.0,1.0,0,1,1
31,961,15.0,56.0,5,394500.0,1.0,1,1,1
47,2209,13.0,60.0,5,394500.0,4.0,1,1,1
39,1521,14.0,60.0,5,460250.0,4.0,0,1,1
22,484,12.0,60.0,5,591750.0,4.0,0,0,0
40,1600,17.0,35.0,4,2630000.0,12.0,0,1,1
40,1600,15.0,35.0,4,1183500.0,9.0,1,1,1
60,3600,17.0,20.0,1,328750.0,7.0,1,0,1
40,1600,12.0,20.0,2,1315000.0,1.0,0,0,1
26,676,12.0,24.0,2,236700.0,1.0,0,1,0
37,1369,17.0,25.0,2,1183500.0,1.0,0,1,0
24,576,17.0,25.0,2,526000.0,1.0,1,1,0
62,3844,14.0,48.0,2,1183500.0,9.0,0,1,1
60,3600,12.0,48.0,2,526000.0,9.0,1,1,1
47,2209,12.0,30.0,4,499700.0,7.0,1,0,1
20,400,12.0,30.0,4,526000.0,7.0,1,0,0
21,441,12.0,50.0,2,815300.0,9.0,0,1,1
25,625,12.0,54.0,2,1222950.0,11.0,1,0,1
53,2809,17.0,48.0,3,1117750.0,7.0,1,1,1
51,2601,9.0,48.0,4,946800.0,9.0,0,1,1
29,841,7.0,6.0,4,184100.0,2.0,1,1,0
24,576,13.0,51.0,1,1052000.0,2.0,1,0,0
42,1764,9.0,48.0,9,499700.0,1.0,0,1,0
20,400,12.0,48.0,9,368200.0,6.0,1,0,0
30,900,10.0,70.0,4,105200.0,1.0,1,1,1
36,1296,6.0,6.0,4,157800.0,1.0,0,1,0
19,361,12.0,72.0,7,526000.0,2.0,1,0,0
24,576,12.0,48.0,4,1183500.0,10.0,0,0,1
50,2500,12.0,46.0,3,789000.0,1.0,0,0,0
23,529,14.0,46.0,3,263000.0,1.0,1,0,0
32,1024,12.0,72.0,7,526000.0,2.0,1,0,0
55,3025,12.0,44.0,3,1052000.0,3.0,1,1,1
40,1600,12.0,45.0,4,1315000.0,6.0,0,1,1
40,1600,15.0,45.0,4,920500.0,12.0,1,1,1
33,1089,12.0,24.0,3,65750.0,4.0,0,0,0
31,961,12.0,48.0,4,789000.0,6.0,0,1,1
46,2116,15.0,24.0,3,263000.0,8.0,1,0,0
50,2500,12.0,84.0,6,1183500.0,2.0,1,1,1
44,1936,12.0,45.0,7,657500.0,10.0,1,0,1
34,1156,15.0,56.0,3,1183500.0,10.0,1,0,1
30,900,12.0,56.0,3,920500.0,10.0,0,0,1
24,576,9.0,12.0,3,102570.0,5.0,1,1,0
59,3481,15.0,54.0,4,526000.0,1.0,0,1,1
61,3721,15.0,54.0,4,657500.0,11.0,1,1,1
43,1849,12.0,36.0,3,657500.0,2.0,0,1,0
47,2209,17.0,36.0,3,1052000.0,9.0,1,1,1
31,961,6.0,36.0,3,78900.0,1.0,1,0,0
49,2401,12.0,60.0,4,0.0,2.0,0,1,1
32,1024,15.0,64.0,2,1275550.0,5.0,1,0,1
34,1156,12.0,64.0,2,1315000.0,2.0,0,0,1
50,2500,12.0,48.0,4,802150.0,6.0,0,1,1
65,4225,14.0,30.0,4,1052000.0,8.0,0,1,1
23,529,13.0,30.0,4,263000.0,3.0,1,0,1
71,5041,12.0,72.0,4,1841000.0,2.0,1,0,1
25,625,13.0,72.0,4,0.0,2.0,0,0,0
48,2304,12.0,20.0,2,453675.0,1.0,1,0,1
42,1764,9.0,48.0,4,1578000.0,6.0,0,1,1
55,3025,6.0,45.0,3,263000.0,1.0,1,1,1
28,784,15.0,45.0,3,1052000.0,10.0,0,0,1
28,784,17.0,39.0,1,3287500.0,10.0,0,0,1
46,2116,12.0,18.0,3,328750.0,1.0,1,1,0
48,2304,7.0,18.0,3,263000.0,3.0,0,1,1
65,4225,12.0,30.0,4,105200.0,2.0,1,1,1
37,1369,12.0,30.0,4,159115.0,7.0,1,0,0
18,324,11.0,30.0,4,78900.0,1.0,1,0,1
50,2500,16.0,30.0,3,789000.0,3.0,1,1,1
33,1089,8.0,70.0,1,1052000.0,7.0,0,0,1
28,784,15.0,48.0,5,263000.0,5.0,1,0,1
47,2209,12.0,48.0,5,263000.0,5.0,0,1,1
48,2304,17.0,48.0,4,920500.0,2.0,0,1,1
49,2401,17.0,48.0,4,3419000.0,6.0,1,1,1
45,2025,9.0,30.0,1,591750.0,7.0,0,0,1
43,1849,7.0,48.0,3,657500.0,4.0,0,0,0
68,4624,12.0,48.0,3,710100.0,8.0,1,0,1
46,2116,17.0,44.0,4,3287500.0,8.0,0,1,1
44,1936,17.0,44.0,4,657500.0,6.0,1,1,1
58,3364,17.0,35.0,2,815300.0,11.0,1,0,1
57,3249,17.0,25.0,2,789000.0,7.0,1,1,1
60,3600,17.0,25.0,2,1315000.0,1.0,0,1,1
33,1089,12.0,40.0,2,1052000.0,7.0,1,1,1
51,2601,12.0,40.0,2,0.0,1.0,0,1,0
52,2704,15.0,27.0,1,565450.0,8.0,1,0,1
45,2025,12.0,45.0,5,789000.0,8.0,0,1,1
32,1024,12.0,40.0,2,1052000.0,12.0,1,1,1
68,4624,17.0,19.0,3,263000.0,2.0,0,1,1
44,1936,12.0,48.0,5,920500.0,1.0,0,1,0
43,1849,14.0,48.0,5,526000.0,1.0,1,1,0
55,3025,17.0,48.0,2,1972500.0,10.0,0,1,1
51,2601,17.0,48.0,2,1446500.0,9.0,1,1,1
48,2304,12.0,45.0,2,986250.0,12.0,0,1,1
46,2116,12.0,20.0,2,263000.0,6.0,1,1,1
54,2916,8.0,48.0,3,460250.0,2.0,0,1,1
54,2916,7.0,48.0,3,0.0,8.0,1,1,1
65,4225,13.0,40.0,1,526000.0,6.0,0,0,1
38,1444,17.0,60.0,1,1972500.0,4.0,0,0,1
50,2500,12.0,40.0,6,1315000.0,7.0,0,1,1
34,1156,7.0,40.0,1,657500.0,6.0,0,0,1
38,1444,15.0,50.0,3,394500.0,2.0,1,1,1
35,1225,15.0,50.0,3,920500.0,2.0,0,1,1
20,400,6.0,84.0,6,591750.0,2.0,0,0,1
47,2209,14.0,60.0,4,1315000.0,12.0,0,1,1
44,1936,14.0,60.0,4,1341300.0,12.0,1,1,1
28,784,14.0,40.0,5,1183500.0,11.0,0,0,1
30,900,12.0,35.0,1,1052000.0,9.0,0,0,1
22,484,12.0,45.0,2,1052000.0,11.0,1,1,1
30,900,12.0,45.0,2,1315000.0,5.0,0,1,1
43,1849,6.0,40.0,7,1972500.0,1.0,0,1,1
37,1369,17.0,51.0,1,1183500.0,1.0,0,0,1
37,1369,14.0,40.0,5,789000.0,11.0,0,1,1
43,1849,7.0,0.0,3,1709500.0,11.0,0,0,1
37,1369,8.0,66.0,4,1315000.0,8.0,0,1,1
63,3969,17.0,42.0,1,526000.0,12.0,1,0,1
42,1764,14.0,60.0,4,499700.0,1.0,1,1,1
20,400,12.0,60.0,4,328750.0,6.0,1,0,1
49,2401,15.0,45.0,4,696950.0,10.0,1,1,1
35,1225,17.0,48.0,3,1052000.0,10.0,1,0,1
48,2304,17.0,60.0,2,789000.0,3.0,1,0,1
51,2601,13.0,48.0,3,131500.0,1.0,1,1,1
33,1089,9.0,20.0,2,460250.0,1.0,1,0,1
21,441,11.0,72.0,3,263000.0,5.0,1,0,1
53,2809,6.0,48.0,3,986250.0,12.0,1,0,1
57,3249,8.0,30.0,3,657500.0,1.0,0,1,0
27,729,12.0,30.0,3,789000.0,7.0,0,0,1
24,576,15.0,56.0,4,526000.0,2.0,0,0,1
72,5184,12.0,15.0,3,657500.0,2.0,0,1,1
34,1156,12.0,15.0,3,526000.0,2.0,0,0,1
60,3600,12.0,40.0,3,3945000.0,11.0,0,1,1
43,1849,8.0,60.0,4,526000.0,8.0,1,0,0
43,1849,12.0,48.0,5,263000.0,5.0,1,1,1
24,576,12.0,48.0,5,263000.0,5.0,1,0,1
20,400,12.0,48.0,5,263000.0,5.0,1,0,1
46,2116,15.0,48.0,3,249850.0,1.0,0,0,0
57,3249,12.0,42.0,6,999400.0,10.0,0,1,1
70,4900,12.0,44.0,2,940225.0,1.0,0,1,1
56,3136,6.0,42.0,2,52600.0,2.0,1,1,1
53,2809,9.0,42.0,2,52600.0,2.0,0,1,0
58,3364,10.0,45.0,6,1052000.0,7.0,0,1,1
29,841,12.0,45.0,6,1052000.0,11.0,0,1,1
53,2809,12.0,8.0,1,263000.0,1.0,1,0,1
39,1521,15.0,30.0,3,736400.0,3.0,1,1,1
42,1764,12.0,30.0,3,657500.0,6.0,0,1,1
51,2601,13.0,40.0,1,789000.0,6.0,0,0,1
38,1444,12.0,20.0,2,1315000.0,11.0,0,1,1
52,2704,17.0,40.0,3,328750.0,7.0,1,0,1
19,361,12.0,40.0,3,52600.0,7.0,0,0,1
36,1296,17.0,12.0,1,657500.0,6.0,0,0,1
47,2209,13.0,45.0,5,1578000.0,12.0,0,1,1
23,529,12.0,45.0,5,1315000.0,12.0,0,0,1
39,1521,15.0,20.0,2,394500.0,1.0,1,0,0
32,1024,14.0,60.0,3,1841000.0,12.0,1,0,1
60,3600,6.0,30.0,5,526000.0,1.0,0,0,1
30,900,6.0,30.0,5,263000.0,1.0,1,1,0
46,2116,12.0,30.0,5,460250.0,1.0,0,1,0
38,1444,12.0,30.0,2,828450.0,11.0,1,0,1
35,1225,14.0,42.0,1,854750.0,9.0,1,0,1
56,3136,17.0,48.0,1,2630000.0,1.0,0,0,1
49,2401,12.0,50.0,2,789000.0,5.0,1,0,1
31,961,12.0,35.0,3,920500.0,9.0,1,0,1
46,2116,6.0,40.0,5,920500.0,2.0,0,1,1
52,2704,15.0,36.0,3,2104000.0,7.0,0,0,1
41,1681,12.0,0.0,1,1315000.0,12.0,0,0,1
47,2209,17.0,45.0,3,1578000.0,7.0,0,1,1
51,2601,11.0,48.0,4,591750.0,7.0,0,1,1
50,2500,15.0,48.0,4,1341300.0,7.0,1,1,1
45,2025,15.0,48.0,3,1183500.0,7.0,0,1,1
41,1681,15.0,48.0,3,920500.0,8.0,1,1,1
29,841,10.0,26.0,4,31560.0,1.0,1,0,0
24,576,12.0,26.0,4,591750.0,6.0,0,0,1
34,1156,17.0,42.0,1,1315000.0,12.0,1,0,1
66,4356,12.0,40.0,2,1709500.0,6.0,0,1,1
68,4624,12.0,40.0,2,1709500.0,6.0,1,1,1
43,1849,12.0,12.0,1,394500.0,1.0,0,0,0
54,2916,12.0,36.0,1,263000.0,1.0,0,0,0
59,3481,6.0,40.0,6,328750.0,2.0,0,1,0
32,1024,12.0,18.0,6,473400.0,2.0,0,1,0
37,1369,12.0,40.0,7,1315000.0,1.0,0,0,1
42,1764,12.0,45.0,1,1183500.0,1.0,0,0,1
36,1296,9.0,48.0,3,789000.0,4.0,0,1,1
32,1024,15.0,48.0,3,618050.0,6.0,1,1,1
64,4096,6.0,24.0,2,197250.0,1.0,0,0,0
61,3721,12.0,36.0,4,789000.0,1.0,0,1,0
36,1296,6.0,36.0,4,394500.0,1.0,1,1,0
33,1089,14.0,48.0,3,1578000.0,10.0,1,0,1
35,1225,15.0,25.0,5,526000.0,8.0,1,1,1
39,1521,15.0,25.0,5,591750.0,8.0,0,1,1
31,961,12.0,40.0,3,1052000.0,9.0,0,1,1
28,784,12.0,40.0,3,1052000.0,9.0,1,1,1
20,400,7.0,48.0,3,473400.0,8.0,0,1,0
25,625,12.0,70.0,1,1288700.0,10.0,0,0,1
22,484,12.0,48.0,1,1315000.0,9.0,0,0,1
64,4096,15.0,49.0,2,1446500.0,11.0,0,0,1
33,1089,12.0,30.0,4,1183500.0,3.0,0,1,0
29,841,15.0,84.0,2,3682000.0,12.0,0,1,1
49,2401,6.0,70.0,7,1446500.0,9.0,0,1,1
48,2304,14.0,70.0,7,552300.0,2.0,1,1,1
48,2304,17.0,40.0,4,920500.0,7.0,1,1,1
29,841,12.0,45.0,4,1117750.0,7.0,0,1,0
30,900,12.0,45.0,4,657500.0,1.0,1,1,0
39,1521,17.0,44.0,2,789000.0,2.0,0,0,1
57,3249,17.0,40.0,2,3287500.0,5.0,1,0,1
63,3969,17.0,55.0,2,657500.0,1.0,1,0,1
36,1296,17.0,55.0,2,591750.0,8.0,0,0,1
44,1936,6.0,60.0,3,565450.0,10.0,1,1,0
40,1600,6.0,60.0,3,368200.0,10.0,0,1,1
59,3481,6.0,4.0,2,157800.0,1.0,0,1,0
36,1296,12.0,45.0,5,394500.0,4.0,0,1,0
43,1849,12.0,40.0,3,0.0,1.0,0,1,1
50,2500,12.0,40.0,3,499700.0,9.0,1,1,1
35,1225,12.0,12.0,1,328750.0,1.0,0,0,0
60,3600,5.0,12.0,3,197250.0,2.0,1,1,0
47,2209,8.0,40.0,3,1578000.0,11.0,0,1,1
54,2916,7.0,45.0,1,1459650.0,10.0,0,0,1
50,2500,6.0,40.0,2,263000.0,1.0,0,1,0
43,1849,6.0,15.0,3,223550.0,1.0,0,1,0
24,576,11.0,15.0,3,723250.0,9.0,0,0,1
26,676,12.0,48.0,3,1315000.0,8.0,0,0,1
54,2916,13.0,25.0,2,184100.0,9.0,1,0,1
19,361,12.0,25.0,2,1208485.0,9.0,0,0,1
37,1369,6.0,70.0,4,723250.0,7.0,0,1,1
43,1849,17.0,55.0,4,1972500.0,6.0,0,1,1
39,1521,17.0,55.0,4,2235500.0,9.0,1,1,1
22,484,16.0,45.0,1,2630000.0,11.0,0,0,1
61,3721,15.0,30.0,2,920500.0,9.0,1,1,1
48,2304,15.0,40.0,3,1906750.0,9.0,1,0,1
48,2304,12.0,30.0,5,394500.0,1.0,1,0,0
27,729,7.0,30.0,5,328750.0,1.0,0,0,0
22,484,12.0,30.0,5,263000.0,1.0,0,0,0
38,1444,12.0,21.0,2,126240.0,1.0,1,0,0
69,4761,6.0,25.0,5,263000.0,1.0,0,1,1
49,2401,12.0,25.0,5,1183500.0,9.0,0,1,1
47,2209,6.0,25.0,5,252480.0,3.0,1,1,0
48,2304,10.0,25.0,5,328750.0,1.0,0,0,0
57,3249,6.0,18.0,1,94680.0,5.0,0,0,0
43,1849,17.0,45.0,3,3945000.0,10.0,0,1,1
51,2601,15.0,48.0,3,1183500.0,1.0,0,1,0
32,1024,15.0,30.0,1,2104000.0,10.0,0,0,1
45,2025,13.0,45.0,1,1183500.0,11.0,1,0,1
51,2601,17.0,48.0,1,1157200.0,11.0,1,0,1
30,900,14.0,48.0,1,526000.0,7.0,0,0,1
45,2025,16.0,40.0,4,920500.0,2.0,1,1,1
49,2401,16.0,40.0,4,3945000.0,8.0,0,1,1
45,2025,17.0,56.0,4,526000.0,4.0,0,1,1
44,1936,19.0,56.0,4,789000.0,4.0,1,1,1
48,2304,13.0,48.0,2,920500.0,1.0,0,1,1
41,1681,16.0,48.0,2,526000.0,10.0,1,1,1
52,2704,15.0,23.0,1,526000.0,6.0,1,0,1
24,576,17.0,40.0,2,0.0,6.0,0,1,0
31,961,16.0,56.0,2,1183500.0,12.0,0,1,1
32,1024,12.0,48.0,4,131500.0,1.0,1,1,0
46,2116,7.0,84.0,7,1183500.0,6.0,1,0,0
29,841,12.0,84.0,7,1183500.0,7.0,0,1,0
44,1936,14.0,40.0,5,1315000.0,8.0,1,1,1
42,1764,12.0,40.0,5,1183500.0,8.0,0,1,1
29,841,17.0,28.0,2,394500.0,7.0,1,1,1
35,1225,17.0,28.0,2,394500.0,1.0,0,1,0
34,1156,12.0,28.0,3,394500.0,3.0,0,0,0
42,1764,9.0,45.0,6,394500.0,1.0,0,1,0
41,1681,15.0,60.0,3,1183500.0,11.0,0,1,1
40,1600,12.0,60.0,3,78900.0,1.0,1,1,1
52,2704,17.0,20.0,2,328750.0,1.0,0,1,0
43,1849,12.0,60.0,2,657500.0,1.0,0,1,1
39,1521,17.0,60.0,2,657500.0,10.0,1,1,1
52,2704,5.0,16.0,1,118350.0,1.0,0,0,0
31,961,19.0,0.0,3,3024500.0,10.0,1,1,1
33,1089,17.0,0.0,3,1972500.0,1.0,0,1,1
38,1444,8.0,24.0,3,526000.0,2.0,1,0,1
46,2116,17.0,60.0,5,2498500.0,7.0,0,1,1
43,1849,15.0,35.0,4,1052000.0,1.0,0,1,1
42,1764,17.0,35.0,4,920500.0,1.0,1,1,1
36,1296,15.0,48.0,3,920500.0,9.0,1,1,1
40,1600,15.0,48.0,3,920500.0,7.0,0,1,1
64,4096,12.0,40.0,1,1972500.0,12.0,0,0,1
34,1156,12.0,72.0,2,789000.0,9.0,0,1,1
32,1024,12.0,72.0,2,789000.0,9.0,1,1,1
54,2916,14.0,40.0,4,394500.0,3.0,1,1,0
29,841,6.0,48.0,2,526000.0,3.0,0,1,0
57,3249,12.0,40.0,2,591750.0,8.0,1,1,1
27,729,17.0,48.0,2,1841000.0,8.0,1,0,1
23,529,10.0,12.0,3,65750.0,2.0,0,0,0
38,1444,18.0,36.0,4,1578000.0,12.0,0,1,1
38,1444,17.0,36.0,4,1052000.0,12.0,1,1,1
47,2209,14.0,35.0,3,1052000.0,12.0,0,1,1
46,2116,15.0,35.0,3,1315000.0,1.0,1,0,1
53,2809,17.0,40.0,1,1315000.0,9.0,1,0,1
39,1521,12.0,56.0,4,591750.0,6.0,0,0,0
49,2401,6.0,40.0,3,789000.0,6.0,0,1,1
53,2809,6.0,40.0,4,657500.0,9.0,0,1,1
74,5476,19.0,25.0,1,0.0,1.0,1,0,1
51,2601,13.0,60.0,3,1249250.0,9.0,0,1,1
76,5776,12.0,0.0,2,92050.0,1.0,1,0,1
28,784,7.0,40.0,3,394500.0,8.0,0,1,1
53,2809,6.0,30.0,5,263000.0,2.0,1,1,1
56,3136,15.0,40.0,3,1972500.0,10.0,0,1,1
56,3136,17.0,40.0,3,1972500.0,8.0,1,1,1
44,1936,12.0,49.0,2,1052000.0,5.0,0,1,1
43,1849,15.0,40.0,3,2367000.0,12.0,0,1,1
37,1369,12.0,40.0,3,1157200.0,3.0,0,1,1
38,1444,15.0,48.0,2,1301850.0,3.0,1,1,1
31,961,17.0,40.0,1,460250.0,3.0,1,0,0
34,1156,14.0,35.0,2,591750.0,9.0,1,0,0
35,1225,10.0,36.0,5,854750.0,11.0,1,1,1
41,1681,12.0,60.0,4,394500.0,2.0,0,1,1
38,1444,14.0,60.0,4,394500.0,2.0,1,1,1
47,2209,12.0,48.0,3,263000.0,1.0,0,0,0
43,1849,17.0,60.0,3,2630000.0,12.0,0,1,1
26,676,12.0,42.0,1,1052000.0,9.0,1,0,1
40,1600,12.0,49.0,5,197250.0,2.0,1,1,0
45,2025,12.0,49.0,5,197250.0,2.0,0,1,0
47,2209,12.0,25.0,5,920500.0,8.0,0,1,1
57,3249,14.0,45.0,1,1315000.0,3.0,1,0,1
40,1600,12.0,96.0,3,2104000.0,7.0,0,1,1
61,3721,15.0,35.0,5,1972500.0,8.0,0,1,1
31,961,17.0,35.0,5,552300.0,4.0,1,0,1
59,3481,17.0,30.0,4,1446500.0,6.0,0,1,1
56,3136,17.0,20.0,3,197250.0,1.0,1,0,1
60,3600,12.0,59.0,3,368200.0,1.0,0,1,1
57,3249,15.0,59.0,3,1183500.0,8.0,1,1,1
50,2500,6.0,0.0,5,473400.0,7.0,1,1,1
46,2116,6.0,0.0,5,526000.0,1.0,0,1,0
29,841,11.0,34.0,3,854750.0,7.0,0,1,1
62,3844,12.0,42.0,3,1972500.0,10.0,0,0,1
67,4489,6.0,15.0,1,32875.0,1.0,0,0,1
67,4489,15.0,25.0,1,789000.0,7.0,0,0,1
42,1764,15.0,48.0,4,263000.0,7.0,0,0,0
44,1936,17.0,48.0,4,1052000.0,12.0,1,0,1
39,1521,17.0,35.0,2,2367000.0,9.0,0,1,1
38,1444,12.0,35.0,2,854750.0,1.0,1,1,0
38,1444,14.0,40.0,5,2630000.0,4.0,0,1,1
36,1296,17.0,40.0,5,3945000.0,7.0,1,1,1
36,1296,12.0,68.0,5,1052000.0,9.0,1,1,1
48,2304,12.0,48.0,2,1052000.0,7.0,0,1,1
54,2916,12.0,48.0,2,2235500.0,12.0,1,1,1
53,2809,15.0,16.0,2,526000.0,8.0,1,1,1
53,2809,13.0,16.0,2,1183500.0,6.0,0,1,1
31,961,6.0,60.0,6,683800.0,5.0,0,1,0
32,1024,15.0,48.0,3,1315000.0,11.0,0,1,1
25,625,12.0,48.0,3,263000.0,3.0,1,1,0
50,2500,15.0,50.0,1,1315000.0,1.0,0,0,1
35,1225,9.0,48.0,2,1025700.0,5.0,0,0,0
29,841,17.0,42.0,2,1354450.0,9.0,0,1,1
58,3364,15.0,40.0,2,526000.0,9.0,0,1,1
51,2601,15.0,40.0,2,526000.0,9.0,1,1,1
69,4761,6.0,30.0,5,789000.0,11.0,0,1,1
33,1089,6.0,30.0,5,473400.0,2.0,0,0,1
83,6889,7.0,48.0,2,0.0,2.0,0,1,1
31,961,12.0,35.0,1,526000.0,1.0,1,0,1
29,841,12.0,4.0,3,78900.0,3.0,0,0,0
45,2025,12.0,48.0,5,263000.0,3.0,0,1,0
43,1849,6.0,48.0,5,263000.0,3.0,1,1,0
23,529,12.0,48.0,5,526000.0,10.0,1,0,1
22,484,12.0,48.0,5,263000.0,3.0,1,0,0
56,3136,0.0,48.0,3,394500.0,2.0,0,1,0
51,2601,12.0,48.0,3,0.0,2.0,1,1,0
26,676,12.0,48.0,3,263000.0,8.0,1,0,1
28,784,13.0,30.0,3,1038850.0,9.0,1,1,1
29,841,6.0,30.0,3,420800.0,7.0,0,1,1
38,1444,12.0,35.0,2,1315000.0,11.0,1,0,1
30,900,12.0,40.0,2,1288700.0,7.0,0,0,1
48,2304,17.0,40.0,4,2630000.0,9.0,1,1,1
39,1521,8.0,40.0,4,1972500.0,9.0,0,1,1
42,1764,12.0,48.0,7,0.0,11.0,1,1,1
52,2704,17.0,60.0,3,1052000.0,8.0,1,0,1
20,400,14.0,60.0,3,473400.0,5.0,0,0,1
56,3136,6.0,78.0,4,526000.0,6.0,0,1,0
42,1764,12.0,20.0,4,263000.0,1.0,1,0,1
21,441,12.0,20.0,4,131500.0,1.0,1,0,0
48,2304,16.0,63.0,1,762700.0,8.0,0,0,1
31,961,15.0,50.0,2,499700.0,10.0,1,0,1
50,2500,8.0,30.0,5,789000.0,9.0,0,1,1
27,729,8.0,30.0,5,657500.0,6.0,0,0,0
25,625,9.0,30.0,5,1052000.0,1.0,0,0,1
60,3600,17.0,2.0,2,19725.0,1.0,1,0,1
31,961,15.0,30.0,4,394500.0,6.0,0,0,1
30,900,12.0,34.0,3,894200.0,9.0,0,1,1
49,2401,15.0,44.0,6,526000.0,6.0,1,1,1
24,576,8.0,48.0,3,736400.0,5.0,0,1,0
26,676,14.0,40.0,1,1315000.0,8.0,1,0,1
23,529,8.0,7.0,2,65750.0,1.0,1,0,0
58,3364,9.0,32.0,2,78900.0,2.0,0,1,0
32,1024,16.0,40.0,2,394500.0,1.0,0,0,1
53,2809,6.0,25.0,3,433950.0,9.0,0,0,1
60,3600,6.0,18.0,1,197250.0,1.0,0,0,0
61,3721,6.0,35.0,1,433950.0,1.0,0,0,1
31,961,12.0,45.0,1,1578000.0,11.0,0,0,1
56,3136,17.0,35.0,2,1315000.0,9.0,1,1,1
44,1936,12.0,40.0,4,5260000.0,12.0,0,1,1
59,3481,6.0,48.0,1,854750.0,6.0,0,0,1
55,3025,12.0,36.0,6,959950.0,6.0,0,1,1
30,900,15.0,36.0,6,723250.0,9.0,0,1,1
49,2401,9.0,44.0,4,263000.0,1.0,0,1,0
30,900,17.0,29.0,2,3024500.0,11.0,1,1,1
35,1225,17.0,29.0,2,1709500.0,11.0,0,1,1
26,676,9.0,0.0,6,1052000.0,9.0,0,1,1
53,2809,6.0,0.0,6,263000.0,3.0,1,0,0
64,4096,13.0,40.0,6,1446500.0,7.0,0,1,1
59,3481,6.0,24.0,4,394500.0,1.0,0,1,0
24,576,12.0,4.0,4,460250.0,4.0,1,1,1
48,2304,17.0,30.0,1,920500.0,12.0,1,0,1
55,3025,12.0,42.0,1,920500.0,1.0,0,0,0
23,529,12.0,56.0,2,1052000.0,2.0,0,0,1
42,1764,10.0,54.0,5,263000.0,1.0,0,1,0
44,1936,1.0,48.0,3,657500.0,1.0,0,1,0
30,900,12.0,48.0,3,920500.0,7.0,1,1,1
22,484,12.0,45.0,2,1709500.0,9.0,0,0,1
27,729,12.0,45.0,2,1446500.0,9.0,0,0,1
45,2025,15.0,45.0,1,2067180.0,9.0,0,0,1
34,1156,12.0,55.0,4,657500.0,9.0,0,1,1
47,2209,15.0,38.0,5,1052000.0,10.0,0,1,1
51,2601,15.0,38.0,5,526000.0,9.0,1,1,1
32,1024,15.0,25.0,2,815300.0,9.0,1,1,1
34,1156,15.0,25.0,2,815300.0,9.0,1,1,1
33,1089,12.0,48.0,2,1315000.0,12.0,0,1,1
29,841,15.0,48.0,2,1183500.0,7.0,1,1,1
53,2809,12.0,84.0,4,0.0,2.0,1,1,1
43,1849,15.0,84.0,2,920500.0,1.0,1,0,1
22,484,12.0,48.0,1,1249250.0,6.0,0,0,1
26,676,14.0,44.0,2,894200.0,7.0,0,1,1
25,625,16.0,44.0,2,920500.0,7.0,1,1,1
55,3025,12.0,30.0,2,657500.0,2.0,1,1,1
55,3025,12.0,30.0,2,657500.0,2.0,0,1,1
47,2209,12.0,48.0,3,1315000.0,7.0,1,1,1
39,1521,6.0,24.0,5,263000.0,1.0,0,1,0
40,1600,2.0,40.0,6,499700.0,8.0,0,1,1
19,361,6.0,40.0,6,394500.0,8.0,0,0,0
16,256,6.0,40.0,6,394500.0,8.0,0,0,0
50,2500,15.0,40.0,1,1183500.0,7.0,1,0,1
70,4900,6.0,16.0,1,131500.0,1.0,0,0,1
55,3025,6.0,44.0,1,1052000.0,3.0,1,0,1
60,3600,17.0,48.0,1,2630000.0,9.0,0,0,1
48,2304,12.0,12.0,3,394500.0,9.0,0,1,0
45,2025,12.0,20.0,4,657500.0,1.0,0,1,1
26,676,12.0,20.0,4,696950.0,9.0,1,0,1
61,3721,12.0,12.0,3,657500.0,1.0,1,0,1
33,1089,14.0,24.0,3,131500.0,1.0,1,0,1
44,1936,6.0,44.0,5,920500.0,3.0,0,1,0
20,400,12.0,44.0,5,328750.0,3.0,0,0,0
18,324,12.0,44.0,5,328750.0,3.0,0,0,0
46,2116,12.0,60.0,4,657500.0,6.0,1,1,1
19,361,12.0,60.0,4,197250.0,1.0,0,0,1
53,2809,12.0,45.0,5,1972500.0,12.0,1,1,1
47,2209,6.0,45.0,5,789000.0,1.0,0,1,1
21,441,12.0,45.0,5,657500.0,3.0,0,0,1
47,2209,8.0,32.0,4,1012550.0,7.0,0,1,1
36,1296,16.0,32.0,4,394500.0,10.0,1,1,1
19,361,12.0,30.0,4,65750.0,1.0,1,0,0
38,1444,17.0,30.0,2,1052000.0,12.0,1,0,1
32,1024,12.0,60.0,2,907350.0,3.0,1,0,1
48,2304,15.0,48.0,2,959950.0,7.0,0,1,1
42,1764,12.0,48.0,2,723250.0,6.0,1,1,1
48,2304,2.0,51.0,6,294560.0,2.0,0,1,0
50,2500,6.0,51.0,6,10520.0,1.0,1,1,0
29,841,10.0,51.0,6,315600.0,1.0,0,0,0
22,484,10.0,51.0,6,210400.0,4.0,0,0,0
21,441,11.0,51.0,6,26300.0,4.0,1,0,0
41,1681,15.0,32.0,4,3945000.0,12.0,0,1,1
42,1764,17.0,32.0,4,1315000.0,12.0,1,1,1
39,1521,12.0,48.0,1,1972500.0,1.0,0,0,0
41,1681,12.0,44.0,3,1052000.0,8.0,0,1,1
37,1369,12.0,44.0,3,394500.0,5.0,1,1,1
59,3481,6.0,35.0,5,394500.0,11.0,0,1,1
41,1681,12.0,48.0,4,526000.0,1.0,0,1,0
34,1156,12.0,40.0,2,526000.0,5.0,0,1,1
32,1024,12.0,40.0,2,328750.0,1.0,1,1,1
32,1024,15.0,20.0,3,710100.0,7.0,1,1,1
32,1024,12.0,20.0,3,920500.0,7.0,0,1,1
56,3136,15.0,36.0,2,1972500.0,1.0,1,1,1
56,3136,17.0,36.0,2,3287500.0,2.0,0,1,1
37,1369,12.0,60.0,3,591750.0,5.0,0,1,0
33,1089,12.0,60.0,3,723250.0,10.0,1,1,1
51,2601,15.0,30.0,4,591750.0,6.0,1,1,1
35,1225,19.0,40.0,3,1052000.0,8.0,1,0,1
49,2401,17.0,40.0,4,394500.0,1.0,0,1,1
43,1849,17.0,40.0,4,394500.0,1.0,1,1,1
56,3136,6.0,60.0,6,1315000.0,6.0,0,1,1
52,2704,15.0,25.0,4,657500.0,7.0,1,1,1
57,3249,6.0,12.0,3,0.0,8.0,1,1,1
60,3600,17.0,45.0,3,657500.0,9.0,0,1,1
59,3481,17.0,45.0,3,789000.0,11.0,1,1,1
44,1936,12.0,64.0,2,1183500.0,12.0,0,1,1
41,1681,12.0,36.0,5,657500.0,1.0,0,1,1
38,1444,6.0,60.0,4,526000.0,5.0,0,1,0
42,1764,12.0,72.0,5,1709500.0,8.0,0,1,1
40,1600,14.0,72.0,5,1183500.0,8.0,1,1,1
64,4096,12.0,30.0,3,1578000.0,10.0,0,1,1
32,1024,12.0,0.0,6,526000.0,9.0,0,1,1
32,1024,12.0,0.0,6,420800.0,10.0,1,1,1
23,529,12.0,0.0,6,328750.0,7.0,0,0,0
25,625,12.0,0.0,6,789000.0,10.0,0,0,1
24,576,9.0,0.0,6,328750.0,8.0,0,0,0
23,529,12.0,0.0,6,394500.0,6.0,1,0,1
47,2209,12.0,56.0,4,526000.0,1.0,0,1,0
50,2500,6.0,70.0,16,394500.0,1.0,1,0,0
34,1156,9.0,70.0,16,1052000.0,10.0,0,1,1
28,784,9.0,70.0,16,460250.0,2.0,0,1,0
31,961,15.0,53.0,3,98625.0,7.0,1,1,1
27,729,8.0,14.0,3,118350.0,1.0,1,0,0
39,1521,15.0,45.0,2,1262400.0,11.0,1,0,1
60,3600,14.0,35.0,1,1578000.0,8.0,0,0,1
68,4624,6.0,8.0,2,105200.0,1.0,1,0,1
54,2916,12.0,40.0,4,986250.0,9.0,0,1,1
55,3025,12.0,14.0,5,157800.0,2.0,0,1,1
37,1369,12.0,14.0,5,157800.0,2.0,1,1,1
54,2916,6.0,40.0,3,1052000.0,1.0,0,1,0
50,2500,15.0,48.0,3,1183500.0,8.0,1,1,1
55,3025,12.0,20.0,5,394500.0,3.0,0,1,0
35,1225,8.0,40.0,4,526000.0,9.0,1,1,1
45,2025,8.0,37.0,1,131500.0,1.0,1,0,0
28,784,14.0,45.0,1,1578000.0,11.0,0,0,1
58,3364,8.0,45.0,2,1308425.0,11.0,0,1,1
23,529,7.0,54.0,2,1052000.0,10.0,0,1,1
44,1936,10.0,48.0,4,1315000.0,6.0,0,1,1
35,1225,15.0,30.0,4,749550.0,11.0,0,1,1
36,1296,17.0,30.0,4,1315000.0,7.0,1,1,1
57,3249,9.0,56.0,1,394500.0,3.0,0,0,1
32,1024,12.0,40.0,4,1446500.0,10.0,0,1,1
34,1156,12.0,40.0,4,631200.0,7.0,1,1,1
47,2209,12.0,50.0,3,1249250.0,6.0,1,0,1
28,784,17.0,30.0,2,1972500.0,4.0,1,1,1
27,729,16.0,30.0,2,789000.0,1.0,0,1,1
38,1444,13.0,20.0,5,789000.0,7.0,1,1,1
51,2601,15.0,25.0,2,986250.0,9.0,1,0,1
32,1024,14.0,35.0,1,920500.0,7.0,0,0,1
38,1444,17.0,30.0,6,328750.0,8.0,0,1,0
37,1369,14.0,30.0,6,328750.0,8.0,1,0,1
40,1600,15.0,30.0,6,328750.0,2.0,1,1,0
64,4096,17.0,30.0,6,526000.0,8.0,1,0,1
37,1369,17.0,36.0,2,920500.0,8.0,1,0,1
48,2304,12.0,45.0,3,263000.0,1.0,1,1,1
55,3025,15.0,40.0,3,1052000.0,1.0,0,0,1
22,484,13.0,40.0,3,394500.0,7.0,0,0,1
41,1681,15.0,60.0,4,2367000.0,1.0,0,1,1
36,1296,17.0,60.0,4,1183500.0,3.0,1,1,1
36,1296,12.0,50.0,3,328750.0,1.0,1,0,0
61,3721,9.0,56.0,2,1183500.0,2.0,0,1,1
66,4356,12.0,56.0,2,1183500.0,2.0,1,1,0
30,900,9.0,25.0,5,486550.0,9.0,1,1,1
37,1369,12.0,25.0,5,236700.0,1.0,0,1,0
38,1444,12.0,48.0,5,263000.0,1.0,0,1,0
41,1681,6.0,48.0,5,131500.0,1.0,1,1,1
27,729,15.0,12.0,1,328750.0,5.0,1,0,1
35,1225,12.0,54.0,4,1052000.0,3.0,0,0,1
24,576,15.0,54.0,4,789000.0,5.0,1,0,1
60,3600,16.0,54.0,4,1183500.0,5.0,0,1,1
54,2916,15.0,54.0,4,986250.0,2.0,1,1,1
37,1369,12.0,45.0,3,1709500.0,7.0,0,1,1
24,576,12.0,70.0,16,263000.0,2.0,1,0,1
22,484,6.0,70.0,16,197250.0,2.0,0,0,0
22,484,12.0,70.0,16,263000.0,4.0,1,1,1
66,4356,19.0,55.0,2,1972500.0,12.0,1,1,1
34,1156,12.0,84.0,4,1315000.0,7.0,0,1,1
32,1024,15.0,84.0,4,1315000.0,11.0,1,1,1
60,3600,6.0,48.0,1,1052000.0,1.0,0,0,1
52,2704,12.0,48.0,2,1578000.0,9.0,0,0,1
24,576,12.0,48.0,2,1578000.0,7.0,0,0,1
49,2401,12.0,35.0,2,1972500.0,11.0,1,0,1
25,625,12.0,35.0,2,394500.0,3.0,0,0,0
65,4225,9.0,36.0,3,789000.0,1.0,0,1,1
32,1024,12.0,36.0,3,1183500.0,8.0,1,0,1
41,1681,13.0,40.0,2,1972500.0,7.0,1,1,1
27,729,12.0,60.0,3,0.0,1.0,1,0,0
71,5041,6.0,12.0,6,92050.0,1.0,0,1,1
54,2916,15.0,30.0,3,1249250.0,8.0,1,1,1
28,784,15.0,30.0,3,986250.0,9.0,0,0,1
33,1089,12.0,24.0,3,394500.0,4.0,0,1,1
28,784,12.0,20.0,3,170950.0,1.0,0,1,0
26,676,12.0,20.0,3,341900.0,7.0,1,1,1
46,2116,17.0,40.0,5,723250.0,7.0,1,1,1
25,625,11.0,45.0,1,151225.0,3.0,0,0,0
58,3364,12.0,24.0,3,986250.0,9.0,0,0,1
33,1089,12.0,24.0,3,526000.0,7.0,0,0,1
59,3481,6.0,24.0,3,526000.0,1.0,0,0,0
45,2025,6.0,24.0,4,789000.0,1.0,0,1,0
35,1225,16.0,45.0,4,2630000.0,8.0,1,1,1
36,1296,6.0,45.0,4,789000.0,1.0,0,1,0
31,961,15.0,30.0,3,789000.0,12.0,0,1,1
37,1369,15.0,35.0,3,1972500.0,10.0,1,0,1
32,1024,12.0,32.0,3,591750.0,2.0,1,0,1
17,289,9.0,20.0,5,657500.0,5.0,0,0,1
20,400,11.0,20.0,5,657500.0,6.0,0,0,1
58,3364,17.0,48.0,1,2104000.0,10.0,1,0,1
46,2116,6.0,54.0,3,394500.0,1.0,0,1,1
50,2500,14.0,12.0,2,394500.0,1.0,1,0,1
42,1764,12.0,84.0,6,131500.0,2.0,0,1,1
39,1521,15.0,84.0,6,131500.0,2.0,1,1,0
30,900,12.0,84.0,6,197250.0,11.0,0,0,0
46,2116,14.0,40.0,4,118350.0,1.0,1,1,1
47,2209,17.0,40.0,4,789000.0,8.0,0,1,1
63,3969,3.0,74.0,8,0.0,2.0,0,1,0
26,676,15.0,40.0,2,1972500.0,9.0,1,0,1
57,3249,6.0,32.0,3,85475.0,1.0,1,1,0
65,4225,6.0,0.0,3,1052000.0,9.0,0,1,1
46,2116,19.0,63.0,1,5260000.0,1.0,0,0,1
42,1764,12.0,48.0,3,1183500.0,8.0,0,0,1
57,3249,7.0,3.0,1,197250.0,9.0,0,0,0
20,400,10.0,40.0,4,526000.0,7.0,1,0,0
22,484,12.0,40.0,4,723250.0,11.0,1,0,1
45,2025,14.0,55.0,4,263000.0,2.0,0,1,0
61,3721,15.0,48.0,4,920500.0,2.0,1,1,1
58,3364,15.0,48.0,4,3287500.0,10.0,0,1,1
30,900,14.0,48.0,4,789000.0,4.0,0,0,1
26,676,17.0,48.0,4,986250.0,6.0,0,0,1
32,1024,15.0,25.0,2,526000.0,1.0,0,1,0
31,961,15.0,25.0,2,789000.0,1.0,1,1,1
38,1444,17.0,40.0,2,1315000.0,1.0,0,1,1
63,3969,6.0,12.0,2,102570.0,6.0,0,1,1
60,3600,6.0,12.0,2,526000.0,8.0,1,1,1
47,2209,14.0,40.0,3,789000.0,8.0,0,0,0
55,3025,15.0,35.0,4,1315000.0,4.0,1,1,1
37,1369,15.0,0.0,4,1972500.0,12.0,0,1,1
42,1764,15.0,0.0,4,1315000.0,12.0,1,1,1
34,1156,15.0,20.0,2,723250.0,8.0,1,1,1
33,1089,12.0,20.0,2,789000.0,3.0,0,1,1
53,2809,13.0,45.0,5,1052000.0,8.0,0,1,1
24,576,15.0,45.0,5,328750.0,5.0,1,0,1
49,2401,12.0,48.0,3,1183500.0,12.0,0,1,1
51,2601,15.0,25.0,1,39450.0,7.0,1,0,0
39,1521,4.0,44.0,4,0.0,2.0,1,1,0
40,1600,12.0,60.0,3,210400.0,3.0,0,1,1
33,1089,12.0,48.0,1,1315000.0,7.0,0,0,1
38,1444,13.0,6.0,4,263000.0,1.0,1,1,1
40,1600,12.0,6.0,4,1972500.0,8.0,0,1,1
38,1444,6.0,29.0,1,1183500.0,1.0,0,0,0
55,3025,6.0,0.0,4,526000.0,11.0,0,0,1
50,2500,6.0,0.0,4,131500.0,1.0,0,0,0
28,784,12.0,48.0,3,1052000.0,7.0,0,1,1
54,2916,14.0,48.0,1,1315000.0,9.0,0,0,1
26,676,12.0,24.0,1,394500.0,1.0,0,0,0
49,2401,12.0,48.0,4,328750.0,3.0,0,0,0
27,729,11.0,48.0,4,328750.0,3.0,0,0,0
21,441,9.0,48.0,4,328750.0,3.0,0,0,0
26,676,16.0,45.0,4,789000.0,9.0,1,0,1
50,2500,14.0,72.0,4,1972500.0,12.0,0,1,1
40,1600,7.0,40.0,4,789000.0,7.0,0,1,1
73,5329,13.0,56.0,2,394500.0,1.0,0,0,0
49,2401,15.0,40.0,4,1052000.0,8.0,1,1,1
22,484,15.0,40.0,4,105200.0,1.0,1,0,1
30,900,15.0,16.0,1,1183500.0,8.0,0,0,1
41,1681,12.0,0.0,4,2498500.0,7.0,0,1,1
51,2601,12.0,48.0,4,0.0,5.0,0,1,0
50,2500,15.0,48.0,4,1183500.0,7.0,1,1,1
64,4096,6.0,36.0,1,526000.0,1.0,0,0,0
25,625,12.0,3.0,6,394500.0,6.0,1,0,0
20,400,9.0,3.0,6,184100.0,3.0,0,0,0
19,361,12.0,6.0,5,1052000.0,6.0,0,0,1
49,2401,9.0,84.0,5,1841000.0,11.0,0,0,1
39,1521,12.0,30.0,1,920500.0,8.0,0,0,1
44,1936,6.0,56.0,1,263000.0,1.0,0,0,1
52,2704,6.0,20.0,2,299820.0,4.0,1,1,1
63,3969,12.0,20.0,2,394500.0,1.0,0,1,1
35,1225,9.0,60.0,4,1183500.0,9.0,0,1,1
28,784,12.0,74.0,8,1104600.0,2.0,0,1,0
53,2809,6.0,35.0,4,460250.0,8.0,0,1,1
33,1089,12.0,45.0,1,1183500.0,11.0,0,0,1
50,2500,12.0,35.0,1,920500.0,9.0,1,0,1
57,3249,6.0,35.0,5,1183500.0,9.0,0,1,1
57,3249,15.0,56.0,3,591750.0,8.0,0,1,1
54,2916,15.0,56.0,3,368200.0,1.0,1,1,1
47,2209,12.0,54.0,7,1446500.0,12.0,0,1,1
48,2304,12.0,40.0,3,789000.0,6.0,1,1,1
20,400,12.0,55.0,8,0.0,5.0,0,1,0
71,5041,15.0,8.0,2,39450.0,1.0,1,1,1
56,3136,10.0,42.0,4,1052000.0,8.0,0,1,1
54,2916,10.0,42.0,4,39450.0,1.0,1,1,1
41,1681,14.0,30.0,5,854750.0,11.0,1,0,1
56,3136,15.0,25.0,2,591750.0,8.0,1,0,1
60,3600,0.0,50.0,6,433950.0,6.0,0,1,1
61,3721,0.0,50.0,6,394500.0,1.0,1,1,1
35,1225,12.0,50.0,6,712730.0,7.0,0,1,1
36,1296,17.0,40.0,3,2104000.0,9.0,0,1,1
33,1089,17.0,40.0,3,1183500.0,10.0,1,1,1
36,1296,14.0,40.0,2,526000.0,8.0,0,1,1
30,900,12.0,63.0,2,394500.0,10.0,0,0,1
53,2809,12.0,30.0,2,789000.0,2.0,0,1,1
49,2401,9.0,30.0,2,789000.0,2.0,1,1,1
42,1764,12.0,50.0,1,1052000.0,8.0,0,0,1
44,1936,9.0,56.0,1,1183500.0,11.0,0,0,1
58,3364,17.0,40.0,4,1315000.0,9.0,0,1,1
51,2601,12.0,30.0,4,526000.0,1.0,0,1,0
61,3721,12.0,36.0,3,526000.0,1.0,0,1,1
34,1156,12.0,56.0,3,252480.0,1.0,1,0,1
63,3969,9.0,48.0,1,1315000.0,11.0,0,0,1
30,900,12.0,30.0,1,1052000.0,1.0,1,0,0
20,400,12.0,30.0,2,236700.0,4.0,1,1,0
26,676,12.0,30.0,2,263000.0,5.0,0,1,0
39,1521,12.0,30.0,2,920500.0,8.0,0,0,1
58,3364,6.0,22.0,4,657500.0,4.0,1,1,1
23,529,16.0,54.0,1,394500.0,4.0,1,0,1
39,1521,17.0,40.0,1,1578000.0,7.0,0,0,1
63,3969,6.0,24.0,2,249850.0,1.0,1,0,0
28,784,12.0,24.0,2,78900.0,6.0,1,0,0
29,841,14.0,20.0,4,263000.0,6.0,0,0,1
37,1369,12.0,84.0,5,920500.0,12.0,1,1,1
31,961,12.0,40.0,3,1578000.0,6.0,0,1,1
28,784,13.0,48.0,4,0.0,5.0,0,0,0
26,676,12.0,48.0,4,0.0,5.0,0,0,0
40,1600,6.0,20.0,4,789000.0,1.0,0,1,0
38,1444,9.0,20.0,4,460250.0,5.0,1,1,0
67,4489,17.0,50.0,1,526000.0,8.0,1,0,1
46,2116,12.0,84.0,4,5260000.0,11.0,0,1,1
46,2116,9.0,44.0,3,789000.0,1.0,0,1,0
45,2025,12.0,44.0,3,368200.0,2.0,1,1,1
46,2116,12.0,30.0,2,789000.0,11.0,1,0,1
27,729,12.0,40.0,1,1249250.0,12.0,0,0,1
45,2025,9.0,84.0,5,1183500.0,2.0,0,1,1
35,1225,9.0,60.0,4,1183500.0,8.0,1,1,1
40,1600,15.0,40.0,2,2235500.0,10.0,1,0,1
43,1849,12.0,35.0,5,1078300.0,9.0,1,1,1
23,529,11.0,35.0,5,986250.0,8.0,0,0,1
30,900,12.0,45.0,1,1578000.0,11.0,0,0,1
31,961,12.0,45.0,1,1578000.0,11.0,0,0,1
32,1024,15.0,40.0,2,1578000.0,9.0,1,1,1
34,1156,12.0,45.0,3,1052000.0,11.0,0,1,1
49,2401,12.0,35.0,4,1052000.0,1.0,1,1,1
35,1225,6.0,11.0,4,131500.0,1.0,0,1,0
26,676,12.0,40.0,5,236700.0,4.0,0,0,0
25,625,12.0,40.0,5,263000.0,1.0,0,0,0
23,529,12.0,40.0,5,131500.0,1.0,1,0,0
49,2401,17.0,40.0,2,1841000.0,9.0,1,0,1
44,1936,12.0,18.0,2,131500.0,1.0,1,1,1
61,3721,12.0,18.0,2,1446500.0,11.0,0,1,1
45,2025,12.0,30.0,5,526000.0,9.0,0,0,1
24,576,11.0,30.0,5,263000.0,1.0,0,0,0
29,841,15.0,45.0,3,1315000.0,8.0,1,1,1
38,1444,12.0,48.0,4,986250.0,7.0,1,1,1
46,2116,9.0,48.0,4,1170350.0,10.0,0,1,1
61,3721,15.0,35.0,3,1315000.0,3.0,0,1,1
59,3481,6.0,45.0,2,1052000.0,10.0,0,1,1
61,3721,14.0,10.0,1,0.0,1.0,1,0,1
68,4624,4.0,24.0,3,157800.0,2.0,0,1,1
22,484,12.0,24.0,3,118350.0,2.0,0,0,0
66,4356,4.0,15.0,1,131500.0,1.0,0,0,0
51,2601,12.0,53.0,3,263000.0,1.0,1,0,0
41,1681,17.0,37.0,3,2367000.0,11.0,0,1,1
40,1600,17.0,37.0,3,2367000.0,11.0,1,1,1
24,576,12.0,21.0,3,394500.0,1.0,1,1,0
31,961,12.0,21.0,3,394500.0,1.0,0,1,0
49,2401,12.0,40.0,2,1052000.0,8.0,0,1,1
49,2401,15.0,40.0,2,1183500.0,10.0,1,1,1
65,4225,12.0,42.0,3,1117750.0,1.0,0,1,1
26,676,15.0,30.0,4,1183500.0,11.0,0,0,1
74,5476,17.0,20.0,2,2630000.0,2.0,0,1,1
29,841,12.0,48.0,4,1183500.0,8.0,0,1,1
35,1225,15.0,44.0,4,1052000.0,10.0,1,1,1
58,3364,10.0,55.0,6,1052000.0,1.0,0,1,1
23,529,10.0,55.0,6,157800.0,9.0,0,0,0
56,3136,7.0,40.0,2,1052000.0,9.0,1,1,1
64,4096,6.0,40.0,2,789000.0,1.0,0,1,0
25,625,14.0,60.0,2,2893000.0,9.0,0,1,1
22,484,10.0,40.0,13,483920.0,6.0,0,1,0
58,3364,12.0,20.0,2,341900.0,1.0,1,0,0
54,2916,6.0,6.0,3,1052000.0,2.0,0,1,1
55,3025,6.0,33.0,1,499700.0,3.0,1,0,1
51,2601,17.0,35.0,3,2630000.0,10.0,1,1,1
54,2916,17.0,35.0,3,2630000.0,3.0,0,1,1
36,1296,17.0,40.0,4,1315000.0,7.0,1,1,1
48,2304,13.0,48.0,3,1972500.0,9.0,0,1,1
44,1936,9.0,48.0,3,1578000.0,1.0,1,1,1
36,1296,15.0,60.0,3,789000.0,2.0,0,1,1
47,2209,12.0,84.0,4,1578000.0,11.0,1,1,1
31,961,10.0,60.0,7,1183500.0,8.0,0,1,1
37,1369,12.0,60.0,7,789000.0,5.0,1,1,1
31,961,6.0,25.0,6,657500.0,6.0,1,1,1
28,784,12.0,40.0,1,210400.0,3.0,0,0,0
21,441,12.0,48.0,1,394500.0,6.0,1,0,0
58,3364,14.0,45.0,2,1315000.0,12.0,1,0,1
30,900,17.0,50.0,1,1183500.0,11.0,0,0,1
43,1849,12.0,42.0,1,946800.0,7.0,0,0,1
33,1089,12.0,40.0,2,1117750.0,7.0,0,1,1
29,841,16.0,40.0,2,828450.0,9.0,1,1,1
47,2209,12.0,30.0,4,565450.0,6.0,1,1,1
49,2401,12.0,30.0,4,1301850.0,5.0,0,1,1
48,2304,12.0,35.0,4,1183500.0,3.0,0,1,1
44,1936,15.0,57.0,3,526000.0,1.0,0,1,1
29,841,13.0,49.0,1,486550.0,7.0,1,0,1
29,841,6.0,36.0,5,178840.0,7.0,1,1,1
38,1444,6.0,36.0,5,1104600.0,6.0,0,1,1
47,2209,12.0,54.0,1,1841000.0,6.0,0,0,1
49,2401,15.0,48.0,3,789000.0,1.0,1,1,1
48,2304,15.0,26.0,4,1183500.0,8.0,0,1,1
51,2601,12.0,26.0,4,657500.0,9.0,1,1,1
43,1849,15.0,72.0,2,1138790.0,7.0,1,0,1
36,1296,6.0,25.0,2,368200.0,1.0,0,1,0
59,3481,15.0,48.0,2,526000.0,1.0,0,1,0
36,1296,15.0,36.0,4,723250.0,4.0,1,0,1
49,2401,12.0,54.0,6,854750.0,9.0,0,1,1
31,961,17.0,55.0,2,1972500.0,9.0,1,1,1
64,4096,12.0,48.0,1,1052000.0,8.0,0,0,1
23,529,12.0,42.0,3,657500.0,1.0,1,0,1
44,1936,14.0,15.0,4,118350.0,1.0,1,0,1
45,2025,12.0,30.0,5,1052000.0,9.0,1,1,1
47,2209,9.0,30.0,5,2235500.0,11.0,0,1,1
29,841,12.0,48.0,4,102570.0,7.0,1,1,1
38,1444,15.0,30.0,4,1117750.0,3.0,0,1,1
35,1225,15.0,30.0,4,1315000.0,10.0,1,1,1
54,2916,17.0,30.0,3,5260000.0,12.0,0,1,1
29,841,17.0,40.0,4,1117750.0,6.0,1,1,1
33,1089,13.0,40.0,4,1183500.0,10.0,0,1,1
31,961,17.0,30.0,4,1183500.0,10.0,0,1,1
53,2809,17.0,30.0,3,789000.0,9.0,1,0,1
68,4624,9.0,54.0,2,789000.0,1.0,0,1,1
70,4900,10.0,54.0,2,2630000.0,2.0,1,1,1
32,1024,10.0,24.0,5,394500.0,8.0,1,1,1
31,961,7.0,24.0,5,526000.0,10.0,0,1,1
57,3249,6.0,40.0,5,762700.0,7.0,1,1,1
57,3249,6.0,40.0,5,775850.0,8.0,0,1,1
21,441,12.0,40.0,5,604900.0,8.0,0,0,1
40,1600,12.0,42.0,1,1052000.0,8.0,0,0,1
35,1225,7.0,30.0,1,394500.0,3.0,0,0,0
59,3481,12.0,40.0,3,1578000.0,2.0,0,1,1
27,729,16.0,50.0,2,3945000.0,11.0,0,0,1
46,2116,8.0,40.0,3,263000.0,1.0,0,1,0
28,784,17.0,30.0,1,197250.0,5.0,0,0,0
47,2209,17.0,46.0,4,1315000.0,3.0,0,1,1
56,3136,17.0,40.0,4,2367000.0,1.0,0,1,1
55,3025,17.0,40.0,4,3287500.0,1.0,1,1,1
51,2601,6.0,18.0,5,263000.0,9.0,1,1,0
25,625,16.0,18.0,5,526000.0,6.0,1,0,1
51,2601,15.0,48.0,1,184100.0,2.0,0,0,0
46,2116,17.0,50.0,4,1315000.0,8.0,0,1,1
59,3481,10.0,30.0,2,65750.0,8.0,1,1,1
58,3364,6.0,30.0,2,854750.0,5.0,0,1,1
35,1225,12.0,45.0,3,1183500.0,7.0,0,1,1
61,3721,12.0,30.0,4,526000.0,9.0,0,1,1
59,3481,9.0,21.0,2,920500.0,3.0,0,1,1
43,1849,10.0,48.0,5,0.0,5.0,0,1,0
58,3364,12.0,50.0,4,657500.0,11.0,0,1,1
31,961,6.0,48.0,2,789000.0,6.0,0,0,1
42,1764,12.0,20.0,3,394500.0,12.0,0,0,1
28,784,17.0,45.0,2,3945000.0,10.0,0,1,1
35,1225,0.0,20.0,4,789000.0,8.0,0,0,1
54,2916,17.0,54.0,4,1315000.0,2.0,0,1,1
52,2704,17.0,54.0,4,1578000.0,6.0,1,1,1
45,2025,15.0,30.0,1,854750.0,10.0,1,0,1
37,1369,17.0,28.0,2,526000.0,7.0,0,0,0
49,2401,17.0,41.0,4,1972500.0,11.0,0,1,1
40,1600,12.0,41.0,4,131500.0,1.0,1,1,1
53,2809,14.0,20.0,6,657500.0,1.0,0,1,1
41,1681,12.0,20.0,6,1052000.0,12.0,1,1,1
52,2704,10.0,48.0,2,263000.0,1.0,1,1,0
49,2401,9.0,54.0,4,263000.0,1.0,0,1,1
50,2500,7.0,54.0,4,263000.0,1.0,1,1,0
36,1296,14.0,48.0,2,920500.0,8.0,0,0,1
75,5625,9.0,21.0,2,920500.0,2.0,0,1,1
22,484,12.0,30.0,5,1052000.0,9.0,0,0,1
45,2025,8.0,55.0,7,736400.0,9.0,0,1,1
40,1600,17.0,40.0,3,920500.0,7.0,1,1,1
50,2500,17.0,40.0,3,920500.0,8.0,0,1,1
27,729,15.0,64.0,4,1209800.0,11.0,0,1,1
26,676,15.0,64.0,4,1203225.0,12.0,1,1,1
19,361,12.0,45.0,4,131500.0,2.0,0,0,0
40,1600,8.0,45.0,4,394500.0,2.0,0,1,0
43,1849,12.0,34.0,5,1183500.0,3.0,0,0,1
40,1600,17.0,34.0,5,1315000.0,7.0,1,0,1
54,2916,6.0,24.0,5,696950.0,5.0,0,1,0
24,576,12.0,56.0,3,263000.0,8.0,1,0,0
36,1296,12.0,15.0,4,157800.0,2.0,0,1,1
34,1156,12.0,15.0,4,1183500.0,8.0,1,1,1
58,3364,14.0,16.0,3,657500.0,7.0,1,1,1
33,1089,17.0,48.0,2,1315000.0,11.0,1,1,1
33,1089,15.0,48.0,2,1315000.0,11.0,0,1,1
48,2304,15.0,30.0,2,1446500.0,12.0,0,1,1
44,1936,17.0,30.0,2,1249250.0,9.0,1,1,1
66,4356,16.0,40.0,2,789000.0,4.0,1,0,1
47,2209,15.0,32.0,3,1117750.0,9.0,1,1,1
29,841,12.0,50.0,4,1052000.0,1.0,0,1,0
25,625,12.0,50.0,4,1052000.0,3.0,1,1,0
67,4489,10.0,56.0,2,0.0,3.0,0,1,1
30,900,17.0,35.0,1,460250.0,12.0,1,0,1
71,5041,12.0,7.0,2,32875.0,1.0,1,0,1
33,1089,12.0,7.0,2,986250.0,8.0,1,0,1
49,2401,17.0,45.0,4,3287500.0,9.0,0,1,1
50,2500,12.0,45.0,4,1709500.0,10.0,1,1,1
49,2401,12.0,50.0,4,1052000.0,7.0,1,1,1
34,1156,12.0,48.0,3,1025700.0,6.0,1,1,1
28,784,14.0,42.0,1,263000.0,2.0,1,0,0
30,900,14.0,36.0,3,394500.0,10.0,1,1,1
48,2304,17.0,96.0,1,789000.0,12.0,0,0,1
44,1936,12.0,56.0,4,789000.0,7.0,0,1,1
42,1764,12.0,56.0,4,394500.0,4.0,1,1,1
20,400,12.0,56.0,4,328750.0,3.0,1,0,1
67,4489,7.0,13.0,3,210400.0,4.0,0,0,1
26,676,9.0,54.0,4,263000.0,1.0,1,1,0
35,1225,9.0,30.0,5,789000.0,11.0,0,1,1
44,1936,17.0,45.0,2,854750.0,7.0,0,1,1
32,1024,6.0,48.0,5,657500.0,6.0,0,0,0
51,2601,6.0,48.0,5,1052000.0,8.0,1,0,1
28,784,12.0,48.0,5,526000.0,1.0,0,1,0
42,1764,12.0,54.0,4,775850.0,10.0,0,1,1
37,1369,15.0,54.0,4,124925.0,7.0,1,1,1
36,1296,17.0,48.0,2,1315000.0,10.0,0,1,1
30,900,17.0,48.0,2,1052000.0,9.0,1,1,1
42,1764,12.0,14.0,4,263000.0,1.0,1,0,0
33,1089,15.0,63.0,8,591750.0,1.0,0,0,0
62,3844,6.0,63.0,8,328750.0,2.0,1,1,0
32,1024,10.0,63.0,8,315600.0,2.0,1,0,0
34,1156,14.0,66.0,5,2630000.0,4.0,1,1,1
24,576,9.0,50.0,8,263000.0,3.0,0,0,0
35,1225,8.0,4.0,4,26300.0,1.0,1,1,1
42,1764,8.0,4.0,4,894200.0,6.0,0,1,1
49,2401,12.0,30.0,3,394500.0,1.0,0,0,0
22,484,14.0,30.0,3,263000.0,1.0,1,0,0
48,2304,17.0,39.0,3,946800.0,4.0,0,1,1
39,1521,19.0,39.0,3,499700.0,7.0,1,1,1
39,1521,12.0,36.0,5,394500.0,8.0,1,1,1
34,1156,15.0,84.0,3,657500.0,1.0,0,1,0
40,1600,15.0,84.0,3,1315000.0,8.0,1,1,1
60,3600,17.0,5.0,3,197250.0,1.0,0,1,1
26,676,17.0,30.0,1,1315000.0,10.0,1,0,1
35,1225,16.0,37.0,2,1315000.0,1.0,1,1,0
36,1296,13.0,37.0,2,920500.0,11.0,0,1,1
56,3136,19.0,40.0,2,8547500.0,7.0,0,0,1
45,2025,17.0,40.0,2,1315000.0,10.0,0,0,1
61,3721,12.0,24.0,2,920500.0,7.0,1,0,1
34,1156,16.0,40.0,1,2498500.0,11.0,1,0,1
37,1369,12.0,15.0,4,394500.0,4.0,0,1,0
47,2209,8.0,34.0,4,789000.0,1.0,0,1,0
25,625,17.0,44.0,4,1315000.0,7.0,1,0,1
26,676,17.0,40.0,2,1204540.0,12.0,0,0,1
27,729,17.0,40.0,2,1204540.0,12.0,0,0,1
44,1936,12.0,48.0,1,986250.0,7.0,0,0,1
47,2209,15.0,40.0,3,1446500.0,6.0,1,1,1
40,1600,9.0,40.0,5,920500.0,3.0,0,1,0
40,1600,10.0,15.0,2,102570.0,7.0,0,1,0
23,529,7.0,15.0,2,157800.0,3.0,1,1,0
33,1089,12.0,8.0,4,2958750.0,9.0,0,1,1
55,3025,17.0,44.0,4,631200.0,7.0,1,1,1
27,729,15.0,44.0,4,657500.0,1.0,1,0,1
20,400,14.0,44.0,4,394500.0,9.0,0,0,1
53,2809,9.0,36.0,1,631200.0,3.0,0,0,0
52,2704,9.0,45.0,4,657500.0,6.0,0,1,0
36,1296,8.0,48.0,3,1052000.0,6.0,0,1,1
37,1369,6.0,20.0,3,526000.0,2.0,0,1,0
40,1600,6.0,48.0,5,526000.0,1.0,0,1,0
42,1764,14.0,30.0,1,920500.0,7.0,0,0,1
26,676,10.0,25.0,9,102570.0,6.0,1,0,1
24,576,6.0,25.0,9,394500.0,5.0,0,0,0
21,441,8.0,25.0,9,394500.0,6.0,0,0,0
66,4356,15.0,60.0,2,2630000.0,8.0,0,0,1
39,1521,12.0,54.0,4,1315000.0,11.0,0,1,1
25,625,12.0,49.0,5,460250.0,5.0,1,0,0
21,441,12.0,49.0,5,236700.0,1.0,0,0,0
72,5184,12.0,40.0,1,0.0,9.0,1,0,1
22,484,10.0,84.0,1,789000.0,2.0,0,0,1
46,2116,12.0,55.0,5,1052000.0,12.0,0,1,1
38,1444,17.0,40.0,3,2367000.0,7.0,1,1,1
39,1521,12.0,40.0,3,1578000.0,10.0,0,1,1
38,1444,19.0,30.0,2,4602500.0,8.0,0,1,1
23,529,12.0,42.0,1,1578000.0,1.0,1,0,1
35,1225,12.0,45.0,4,1052000.0,7.0,0,1,1
33,1089,13.0,45.0,4,789000.0,5.0,1,1,1
24,576,12.0,48.0,2,854750.0,12.0,0,0,1
31,961,12.0,48.0,2,65750.0,1.0,1,0,1
32,1024,12.0,40.0,1,1315000.0,1.0,0,0,0
36,1296,10.0,63.0,8,657500.0,6.0,1,0,0
18,324,10.0,63.0,8,394500.0,8.0,0,0,0
46,2116,12.0,49.0,5,1709500.0,1.0,0,1,0
43,1849,6.0,48.0,4,1052000.0,12.0,0,1,1
37,1369,6.0,56.0,5,657500.0,1.0,0,1,0
63,3969,17.0,42.0,1,1183500.0,11.0,0,0,1
30,900,15.0,30.0,2,789000.0,2.0,0,0,1
29,841,15.0,30.0,2,789000.0,2.0,0,0,1
59,3481,17.0,5.0,3,1052000.0,8.0,1,1,1
38,1444,17.0,30.0,3,789000.0,9.0,0,1,1
39,1521,12.0,30.0,3,0.0,9.0,0,1,1
41,1681,15.0,30.0,4,789000.0,9.0,0,1,1
37,1369,12.0,30.0,4,526000.0,8.0,1,1,1
38,1444,12.0,42.0,4,789000.0,8.0,0,1,1
42,1764,14.0,42.0,4,1052000.0,9.0,1,1,1
66,4356,6.0,30.0,4,657500.0,8.0,0,0,1
30,900,17.0,40.0,1,3287500.0,10.0,1,0,1
49,2401,19.0,40.0,2,1972500.0,9.0,1,1,1
50,2500,15.0,40.0,2,1183500.0,7.0,0,1,1
33,1089,12.0,72.0,3,657500.0,2.0,1,0,1
41,1681,12.0,48.0,4,1052000.0,8.0,0,1,1
51,2601,15.0,40.0,2,1315000.0,8.0,1,1,1
55,3025,12.0,40.0,2,1315000.0,8.0,0,1,1
46,2116,15.0,50.0,3,1919900.0,9.0,1,0,1
36,1296,12.0,49.0,6,1578000.0,11.0,0,1,1
65,4225,6.0,24.0,2,0.0,2.0,1,0,1
33,1089,6.0,24.0,2,236700.0,1.0,0,0,1
38,1444,6.0,32.0,4,526000.0,1.0,0,1,0
50,2500,12.0,48.0,4,1038850.0,11.0,0,1,1
49,2401,10.0,48.0,4,157800.0,1.0,1,1,1
22,484,12.0,48.0,4,657500.0,11.0,0,0,1
33,1089,6.0,48.0,3,815300.0,7.0,0,1,1
41,1681,14.0,30.0,3,368200.0,1.0,1,0,0
22,484,12.0,30.0,3,1275550.0,9.0,0,0,1
56,3136,9.0,9.0,2,65750.0,1.0,1,1,0
62,3844,9.0,9.0,2,1578000.0,10.0,0,1,1
47,2209,6.0,4.0,2,263000.0,1.0,1,0,1
39,1521,12.0,70.0,6,1315000.0,2.0,0,1,1
37,1369,12.0,70.0,6,1052000.0,4.0,1,1,1
17,289,8.0,70.0,6,263000.0,2.0,0,0,1
47,2209,16.0,25.0,4,1315000.0,1.0,0,1,1
64,4096,17.0,29.0,2,920500.0,7.0,0,1,1
35,1225,7.0,40.0,6,263000.0,2.0,0,1,0
37,1369,12.0,40.0,6,263000.0,2.0,1,1,0
20,400,14.0,55.0,5,263000.0,4.0,0,0,1
48,2304,12.0,40.0,3,657500.0,1.0,0,1,0
62,3844,16.0,40.0,1,2630000.0,10.0,1,0,1
24,576,13.0,48.0,2,657500.0,10.0,0,0,1
22,484,13.0,48.0,2,526000.0,6.0,0,0,0
39,1521,12.0,24.0,3,460250.0,9.0,1,1,1
50,2500,6.0,24.0,3,920500.0,8.0,0,1,1
31,961,15.0,54.0,1,657500.0,6.0,0,0,1
50,2500,6.0,40.0,3,1052000.0,9.0,0,1,1
48,2304,12.0,40.0,3,591750.0,6.0,1,1,1
29,841,16.0,40.0,1,2630000.0,11.0,0,0,1
33,1089,17.0,41.0,1,2630000.0,11.0,1,0,1
45,2025,15.0,49.0,5,131500.0,1.0,1,1,0
20,400,10.0,50.0,4,131500.0,1.0,1,0,0
33,1089,12.0,48.0,2,1052000.0,5.0,1,0,1
55,3025,12.0,18.0,2,131500.0,1.0,1,0,0
21,441,9.0,48.0,1,526000.0,2.0,0,0,0
56,3136,14.0,42.0,6,1183500.0,10.0,1,1,1
60,3600,17.0,0.0,3,1052000.0,12.0,0,0,1
41,1681,17.0,70.0,1,2367000.0,9.0,0,0,1
41,1681,17.0,40.0,2,1052000.0,1.0,0,1,0
36,1296,18.0,40.0,2,1052000.0,1.0,1,1,1
64,4096,17.0,40.0,2,2630000.0,2.0,0,1,1
65,4225,17.0,40.0,2,2630000.0,5.0,1,1,1
60,3600,15.0,40.0,1,1315000.0,5.0,0,0,1
54,2916,12.0,40.0,6,789000.0,5.0,0,0,1
27,729,12.0,30.0,4,657500.0,8.0,0,0,1
42,1764,14.0,54.0,1,526000.0,8.0,0,0,1
30,900,12.0,44.0,1,920500.0,7.0,0,0,1
19,361,12.0,32.0,1,1183500.0,11.0,0,0,1
38,1444,12.0,40.0,2,1052000.0,6.0,1,1,1
40,1600,12.0,40.0,2,1183500.0,8.0,0,1,1
36,1296,16.0,30.0,4,1117750.0,11.0,0,1,1
35,1225,15.0,30.0,4,1315000.0,11.0,1,1,1
40,1600,15.0,36.0,2,591750.0,6.0,1,1,1
40,1600,12.0,36.0,2,1972500.0,6.0,0,1,1
40,1600,14.0,25.0,1,604900.0,7.0,1,0,1
62,3844,6.0,30.0,3,460250.0,6.0,0,1,1
33,1089,10.0,30.0,3,315600.0,5.0,0,0,0
35,1225,6.0,60.0,7,526000.0,2.0,0,1,0
33,1089,8.0,60.0,7,526000.0,2.0,1,1,1
23,529,10.0,35.0,4,328750.0,6.0,0,0,1
20,400,12.0,35.0,4,223550.0,5.0,1,0,1
45,2025,15.0,60.0,5,2367000.0,1.0,0,1,1
29,841,12.0,48.0,4,1709500.0,9.0,0,1,1
62,3844,12.0,40.0,7,1052000.0,7.0,0,1,1
24,576,11.0,40.0,7,657500.0,8.0,1,0,1
45,2025,12.0,48.0,4,789000.0,7.0,0,0,1
27,729,17.0,48.0,2,1052000.0,9.0,1,0,1
67,4489,12.0,25.0,1,65750.0,12.0,1,0,1
51,2601,15.0,44.0,3,1972500.0,7.0,0,1,1
51,2601,15.0,44.0,3,920500.0,7.0,1,1,1
60,3600,12.0,30.0,6,789000.0,11.0,0,1,1
20,400,12.0,30.0,6,394500.0,11.0,0,0,1
64,4096,9.0,60.0,2,394500.0,1.0,1,0,1
39,1521,15.0,40.0,1,1972500.0,9.0,0,0,1
27,729,12.0,30.0,4,789000.0,3.0,1,1,0
64,4096,15.0,54.0,2,394500.0,1.0,1,1,1
64,4096,12.0,54.0,2,657500.0,1.0,0,1,1
53,2809,12.0,50.0,4,147280.0,6.0,0,1,0
49,2401,13.0,30.0,3,460250.0,7.0,1,0,1
70,4900,14.0,45.0,3,4602500.0,10.0,0,1,1
37,1369,6.0,45.0,3,657500.0,4.0,0,1,0
49,2401,2.0,40.0,3,920500.0,5.0,0,0,0
60,3600,6.0,45.0,2,999400.0,9.0,0,1,1
42,1764,6.0,48.0,5,460250.0,2.0,0,1,0
38,1444,12.0,42.0,6,710100.0,10.0,1,0,1
36,1296,12.0,42.0,6,710100.0,10.0,0,0,1
63,3969,12.0,56.0,2,263000.0,1.0,0,0,0
28,784,12.0,42.0,1,263000.0,5.0,0,0,1
40,1600,12.0,40.0,4,920500.0,5.0,0,1,1
41,1681,15.0,40.0,4,263000.0,3.0,1,1,1
54,2916,14.0,6.0,3,189360.0,1.0,1,0,0
24,576,12.0,6.0,3,526000.0,1.0,0,0,0
54,2916,13.0,32.0,3,1446500.0,12.0,1,1,1
47,2209,12.0,48.0,3,1315000.0,7.0,0,1,1
51,2601,16.0,48.0,3,2104000.0,12.0,1,1,1
46,2116,6.0,72.0,1,1183500.0,3.0,0,0,0
27,729,15.0,50.0,1,604900.0,7.0,1,0,1
34,1156,9.0,48.0,5,1183500.0,8.0,1,0,1
37,1369,9.0,40.0,4,789000.0,1.0,0,1,1
74,5476,9.0,40.0,2,6575000.0,5.0,0,1,1
52,2704,6.0,63.0,2,1052000.0,2.0,0,1,0
30,900,12.0,63.0,2,102570.0,6.0,1,1,1
64,4096,17.0,57.0,2,1972500.0,12.0,1,1,1
46,2116,17.0,34.0,4,1157200.0,7.0,1,1,1
49,2401,15.0,30.0,3,512850.0,6.0,1,1,1
50,2500,12.0,30.0,3,2104000.0,1.0,0,1,1
57,3249,10.0,30.0,4,920500.0,1.0,1,1,1
49,2401,12.0,42.0,3,657500.0,1.0,0,1,0
50,2500,12.0,42.0,3,131500.0,1.0,1,1,0
30,900,12.0,36.0,5,986250.0,6.0,0,1,1
32,1024,12.0,36.0,5,591750.0,6.0,1,1,1
23,529,15.0,40.0,3,526000.0,12.0,1,0,1
35,1225,8.0,54.0,1,920500.0,7.0,0,0,1
28,784,15.0,56.0,5,1249250.0,11.0,0,1,1
27,729,15.0,56.0,5,1578000.0,11.0,1,1,1
27,729,12.0,45.0,2,3945000.0,8.0,1,0,1
37,1369,12.0,56.0,3,1183500.0,9.0,0,1,1
38,1444,15.0,56.0,3,920500.0,8.0,1,1,1
73,5329,15.0,42.0,1,0.0,2.0,0,0,1
31,961,12.0,45.0,3,789000.0,2.0,0,1,0
31,961,12.0,45.0,3,1052000.0,6.0,1,1,1
20,400,12.0,52.0,2,526000.0,2.0,1,1,0
30,900,10.0,52.0,2,394500.0,1.0,0,1,0
45,2025,17.0,35.0,2,854750.0,10.0,0,1,1
31,961,17.0,33.0,2,1446500.0,10.0,1,1,1
32,1024,17.0,33.0,2,920500.0,5.0,0,1,1
53,2809,9.0,40.0,6,394500.0,3.0,0,1,1
27,729,17.0,40.0,6,263000.0,3.0,0,0,1
22,484,16.0,40.0,6,157800.0,11.0,0,0,1
33,1089,17.0,60.0,2,1052000.0,1.0,0,1,1
43,1849,8.0,50.0,1,789000.0,1.0,0,0,0
40,1600,12.0,72.0,3,789000.0,1.0,0,1,0
49,2401,12.0,72.0,3,0.0,2.0,1,1,0
32,1024,15.0,50.0,1,1052000.0,1.0,0,0,1
46,2116,12.0,60.0,1,1972500.0,10.0,0,0,1
45,2025,9.0,40.0,5,657500.0,3.0,0,1,1
44,1936,12.0,40.0,5,197250.0,1.0,1,1,0
61,3721,7.0,40.0,1,144650.0,9.0,0,0,1
33,1089,12.0,6.0,2,789000.0,1.0,0,0,0
63,3969,6.0,36.0,6,263000.0,5.0,0,0,0
31,961,6.0,36.0,6,920500.0,10.0,1,0,1
41,1681,15.0,56.0,5,1709500.0,9.0,1,1,1
44,1936,12.0,56.0,5,789000.0,9.0,0,1,1
40,1600,9.0,30.0,2,394500.0,7.0,1,1,1
44,1936,8.0,30.0,2,394500.0,7.0,0,1,1
57,3249,12.0,30.0,2,394500.0,1.0,1,0,1
28,784,12.0,48.0,1,1972500.0,6.0,1,0,1
49,2401,12.0,30.0,3,1315000.0,1.0,0,0,1
24,576,10.0,54.0,4,473400.0,4.0,0,1,0
25,625,9.0,54.0,4,26300.0,1.0,1,1,0
58,3364,8.0,40.0,6,657500.0,7.0,0,1,1
49,2401,6.0,60.0,2,1052000.0,12.0,0,0,1
23,529,12.0,60.0,2,526000.0,6.0,0,0,0
48,2304,6.0,3.0,3,92050.0,1.0,0,1,0
51,2601,12.0,60.0,2,526000.0,6.0,1,0,1
36,1296,19.0,40.0,3,2367000.0,8.0,0,1,1
46,2116,17.0,8.0,4,0.0,1.0,1,1,1
46,2116,16.0,8.0,4,789000.0,2.0,0,1,1
30,900,11.0,24.0,2,197250.0,1.0,1,0,0
44,1936,15.0,9.0,3,197250.0,1.0,1,0,1
18,324,12.0,9.0,3,315600.0,2.0,0,0,1
65,4225,6.0,24.0,3,157800.0,1.0,0,1,1
27,729,17.0,30.0,1,565450.0,7.0,0,0,1
38,1444,6.0,60.0,4,1315000.0,6.0,0,1,1
37,1369,12.0,40.0,2,1709500.0,5.0,0,1,1
60,3600,8.0,36.0,1,394500.0,1.0,1,0,1
52,2704,15.0,30.0,3,723250.0,7.0,1,0,1
41,1681,15.0,48.0,3,1183500.0,11.0,1,0,1
33,1089,9.0,84.0,1,657500.0,2.0,0,0,1
25,625,9.0,36.0,6,131500.0,1.0,0,0,0
23,529,13.0,36.0,6,263000.0,3.0,1,0,0
45,2025,17.0,55.0,5,1183500.0,11.0,0,1,1
45,2025,15.0,55.0,5,394500.0,3.0,1,1,1
47,2209,15.0,50.0,1,2235500.0,9.0,0,0,1
42,1764,12.0,36.0,2,1245305.0,6.0,1,0,1
54,2916,13.0,24.0,2,460250.0,2.0,1,0,1
30,900,14.0,48.0,2,789000.0,9.0,1,1,1
28,784,8.0,40.0,6,526000.0,5.0,0,0,0
19,361,8.0,40.0,6,394500.0,1.0,0,0,1
55,3025,15.0,51.0,1,920500.0,9.0,1,0,1
27,729,17.0,40.0,1,1315000.0,12.0,1,0,1
68,4624,9.0,36.0,2,0.0,2.0,0,1,1
65,4225,12.0,36.0,2,1052000.0,2.0,1,1,1
77,5929,17.0,44.0,7,1315000.0,5.0,0,1,1
66,4356,17.0,44.0,7,1183500.0,5.0,1,1,1
38,1444,12.0,44.0,7,1183500.0,1.0,1,0,1
44,1936,15.0,44.0,7,1183500.0,4.0,1,1,1
32,1024,17.0,30.0,4,526000.0,4.0,1,1,1
60,3600,15.0,30.0,4,1183500.0,1.0,0,1,1
27,729,14.0,32.0,1,420800.0,7.0,1,0,1
35,1225,12.0,9.0,6,72325.0,1.0,0,1,0
60,3600,12.0,40.0,4,920500.0,11.0,0,1,1
42,1764,12.0,72.0,5,789000.0,1.0,0,1,0
46,2116,14.0,40.0,1,3419000.0,12.0,0,0,1
58,3364,6.0,45.0,5,1183500.0,6.0,0,1,1
36,1296,17.0,33.0,3,789000.0,7.0,1,1,1
38,1444,17.0,33.0,3,1052000.0,8.0,0,1,1
44,1936,8.0,60.0,4,394500.0,2.0,0,1,1
37,1369,14.0,60.0,4,394500.0,2.0,1,1,0
55,3025,6.0,42.0,2,131500.0,1.0,0,1,1
37,1369,15.0,30.0,4,789000.0,9.0,1,1,1
31,961,17.0,30.0,4,1315000.0,6.0,0,1,1
56,3136,17.0,40.0,2,6575000.0,3.0,1,1,1
55,3025,15.0,40.0,2,3945000.0,12.0,0,1,1
44,1936,12.0,30.0,1,0.0,6.0,0,0,1
48,2304,12.0,20.0,1,460250.0,9.0,0,0,0
43,1849,15.0,25.0,3,591750.0,10.0,1,1,1
26,676,12.0,48.0,2,460250.0,12.0,0,1,1
43,1849,9.0,60.0,3,1183500.0,5.0,0,1,1
42,1764,15.0,60.0,3,657500.0,7.0,1,1,1
47,2209,6.0,53.0,3,723250.0,2.0,0,0,1
22,484,12.0,53.0,3,723250.0,2.0,0,0,1
45,2025,15.0,44.0,7,789000.0,1.0,0,1,1
37,1369,17.0,46.0,4,1972500.0,4.0,0,1,1
41,1681,12.0,54.0,5,263000.0,3.0,0,0,0
45,2025,5.0,30.0,5,920500.0,1.0,0,1,0
39,1521,11.0,30.0,5,591750.0,6.0,1,1,0
36,1296,12.0,54.0,5,920500.0,9.0,0,1,1
25,625,14.0,40.0,2,1249250.0,7.0,0,1,1
25,625,8.0,40.0,4,460250.0,12.0,0,0,0
35,1225,12.0,40.0,4,1183500.0,1.0,0,1,0
37,1369,12.0,30.0,1,762700.0,1.0,0,0,1
22,484,12.0,48.0,4,420800.0,3.0,0,0,0
60,3600,17.0,40.0,1,3945000.0,2.0,1,0,1
61,3721,12.0,23.0,1,236700.0,1.0,0,0,0
26,676,12.0,32.0,3,52600.0,2.0,0,0,0
43,1849,6.0,30.0,7,789000.0,8.0,1,0,1
27,729,12.0,30.0,7,854750.0,9.0,1,0,1
53,2809,7.0,36.0,1,920500.0,2.0,1,0,1
24,576,13.0,59.0,1,657500.0,5.0,0,0,0
70,4900,6.0,9.0,2,26300.0,1.0,1,0,1
46,2116,12.0,9.0,2,26300.0,1.0,1,0,0
45,2025,12.0,25.0,3,683800.0,8.0,0,1,1
55,3025,15.0,35.0,1,499700.0,9.0,1,0,1
69,4761,17.0,15.0,2,0.0,12.0,1,0,1
41,1681,12.0,15.0,3,236700.0,3.0,0,0,0
38,1444,9.0,15.0,3,328750.0,3.0,0,0,0
44,1936,13.0,40.0,4,854750.0,9.0,0,1,1
54,2916,12.0,50.0,2,1315000.0,7.0,0,1,1
52,2704,9.0,48.0,2,657500.0,1.0,1,1,1
47,2209,17.0,40.0,2,0.0,1.0,1,0,1
42,1764,6.0,40.0,2,854750.0,7.0,1,1,1
35,1225,12.0,40.0,2,657500.0,1.0,0,1,1
37,1369,12.0,42.0,5,220920.0,1.0,1,0,0
22,484,12.0,30.0,7,526000.0,6.0,1,0,0
49,2401,12.0,25.0,3,920500.0,6.0,0,1,1
59,3481,6.0,30.0,2,52600.0,1.0,0,1,0
27,729,8.0,48.0,5,157800.0,1.0,1,1,0
38,1444,6.0,48.0,5,526000.0,6.0,0,1,0
37,1369,12.0,48.0,5,1052000.0,9.0,0,1,1
34,1156,2.0,0.0,4,368200.0,8.0,0,1,1
35,1225,12.0,30.0,3,394500.0,4.0,1,0,1
57,3249,12.0,30.0,2,1052000.0,9.0,1,0,1
27,729,12.0,30.0,2,920500.0,7.0,0,0,1
40,1600,14.0,36.0,4,604900.0,3.0,1,1,0
37,1369,12.0,36.0,4,631200.0,3.0,0,1,0
38,1444,14.0,30.0,2,762700.0,7.0,0,0,1
48,2304,6.0,0.0,3,1578000.0,12.0,0,1,1
46,2116,10.0,40.0,1,526000.0,1.0,0,0,0
40,1600,12.0,42.0,4,1052000.0,4.0,0,1,1
40,1600,17.0,42.0,4,1315000.0,5.0,1,1,1
34,1156,12.0,60.0,3,1315000.0,8.0,0,1,1
33,1089,17.0,60.0,3,1052000.0,7.0,1,1,1
74,5476,6.0,40.0,3,131500.0,2.0,0,1,1
63,3969,6.0,40.0,3,131500.0,2.0,1,1,1
52,2704,12.0,40.0,4,657500.0,1.0,0,1,1
62,3844,12.0,58.0,1,394500.0,1.0,1,0,1
49,2401,16.0,64.0,1,986250.0,9.0,0,0,1
40,1600,12.0,0.0,2,1183500.0,9.0,0,1,1
65,4225,19.0,33.0,1,394500.0,1.0,1,0,1
25,625,12.0,30.0,3,328750.0,2.0,1,1,0
27,729,12.0,30.0,3,1315000.0,12.0,0,1,1
28,784,12.0,84.0,5,631200.0,8.0,0,1,1
30,900,12.0,46.0,5,328750.0,5.0,0,1,0
20,400,12.0,46.0,5,252480.0,6.0,0,0,0
60,3600,17.0,35.0,2,3287500.0,10.0,0,1,1
36,1296,9.0,48.0,3,210400.0,3.0,0,1,0
45,2025,15.0,48.0,4,1578000.0,3.0,0,1,1
42,1764,12.0,48.0,4,789000.0,8.0,1,1,1
41,1681,9.0,56.0,7,986250.0,8.0,1,0,1
53,2809,12.0,30.0,6,460250.0,9.0,1,1,1
57,3249,12.0,30.0,6,263000.0,3.0,0,1,0
32,1024,8.0,30.0,4,657500.0,11.0,0,1,1
26,676,12.0,30.0,4,526000.0,9.0,1,1,1
48,2304,12.0,40.0,3,1578000.0,11.0,0,1,1
38,1444,17.0,40.0,1,2367000.0,10.0,1,0,1
45,2025,12.0,48.0,1,1315000.0,8.0,0,0,1
40,1600,12.0,42.0,3,1052000.0,9.0,1,0,1
30,900,12.0,45.0,1,1052000.0,11.0,1,0,1
30,900,12.0,45.0,2,1052000.0,11.0,0,1,1
68,4624,17.0,48.0,4,657500.0,1.0,0,1,1
48,2304,8.0,20.0,2,157800.0,1.0,0,1,1
37,1369,12.0,12.0,4,39450.0,1.0,1,1,1
38,1444,15.0,12.0,4,1446500.0,12.0,0,1,1
53,2809,17.0,35.0,2,1906750.0,8.0,1,1,1
48,2304,15.0,42.0,1,526000.0,3.0,1,0,0
40,1600,17.0,42.0,1,1315131.5,8.0,1,0,1
69,4761,17.0,15.0,2,1052000.0,6.0,0,1,1
71,5041,17.0,15.0,2,1117750.0,6.0,1,1,1
47,2209,12.0,60.0,4,789000.0,6.0,0,1,1
48,2304,12.0,60.0,4,394500.0,1.0,1,1,0
27,729,17.0,20.0,1,657500.0,6.0,1,0,1
60,3600,15.0,25.0,1,52600.0,1.0,1,0,1
46,2116,17.0,29.0,5,1578000.0,10.0,1,1,1
45,2025,17.0,29.0,5,1578000.0,11.0,0,1,1
44,1936,8.0,30.0,3,683800.0,7.0,1,0,1
43,1849,12.0,29.0,3,512850.0,4.0,1,0,1
20,400,9.0,29.0,3,420800.0,7.0,0,0,1
34,1156,12.0,45.0,2,1315000.0,11.0,1,0,1
27,729,12.0,40.0,1,854750.0,8.0,0,0,1
51,2601,16.0,48.0,2,789000.0,11.0,0,1,1
53,2809,17.0,40.0,2,2630000.0,11.0,0,1,1
55,3025,17.0,37.0,3,1315000.0,1.0,1,0,1
22,484,13.0,37.0,3,657500.0,1.0,1,0,1
81,6561,17.0,40.0,2,1578000.0,1.0,0,1,1
80,6400,15.0,40.0,2,1183500.0,9.0,1,1,1
29,841,12.0,36.0,3,1972500.0,11.0,0,1,1
41,1681,12.0,84.0,4,4208000.0,12.0,0,1,1
44,1936,12.0,40.0,1,1446500.0,9.0,0,0,1
53,2809,4.0,60.0,3,920500.0,5.0,0,0,1
17,289,10.0,60.0,3,394500.0,5.0,0,0,0
28,784,17.0,40.0,4,657500.0,8.0,1,1,1
34,1156,12.0,40.0,4,986250.0,4.0,0,1,1
33,1089,12.0,31.0,3,552300.0,9.0,0,1,1
50,2500,6.0,36.0,3,657500.0,2.0,0,1,1
55,3025,17.0,25.0,1,499700.0,8.0,1,0,1
50,2500,7.0,8.0,2,328750.0,1.0,0,0,1
26,676,12.0,8.0,2,591750.0,12.0,0,0,1
46,2116,14.0,0.0,4,526000.0,9.0,1,1,1
46,2116,12.0,0.0,4,526000.0,1.0,0,1,1
49,2401,16.0,48.0,2,1222950.0,9.0,1,1,1
34,1156,12.0,64.0,4,1972500.0,7.0,0,1,1
45,2025,12.0,68.0,5,1972500.0,12.0,0,1,1
21,441,12.0,68.0,5,789000.0,9.0,0,0,1
57,3249,12.0,12.0,4,197250.0,1.0,0,1,0
46,2116,12.0,12.0,4,263000.0,3.0,1,1,1
19,361,11.0,12.0,4,0.0,1.0,0,0,0
49,2401,14.0,40.0,4,2630000.0,6.0,1,1,1
48,2304,14.0,40.0,4,1052000.0,6.0,0,1,1
34,1156,10.0,45.0,4,657500.0,2.0,0,1,0
31,961,10.0,45.0,4,657500.0,2.0,1,1,0
50,2500,15.0,16.0,4,920500.0,4.0,1,1,1
25,625,17.0,16.0,4,263000.0,9.0,1,0,1
42,1764,8.0,60.0,5,1052000.0,10.0,0,1,1
50,2500,17.0,34.0,2,105200.0,1.0,1,1,1
56,3136,1.0,7.0,2,131500.0,2.0,1,1,0
50,2500,6.0,7.0,2,131500.0,2.0,0,1,0
50,2500,12.0,30.0,4,131500.0,1.0,0,0,0
50,2500,17.0,50.0,4,1183500.0,11.0,1,1,1
22,484,12.0,48.0,2,433950.0,7.0,0,0,1
39,1521,17.0,30.0,2,657500.0,4.0,1,0,1
46,2116,19.0,30.0,2,1315000.0,7.0,1,0,1
31,961,12.0,9.0,4,78900.0,6.0,1,0,1
39,1521,12.0,45.0,2,1578000.0,11.0,1,0,1
53,2809,15.0,30.0,1,854750.0,9.0,0,0,1
60,3600,14.0,84.0,1,328750.0,1.0,1,0,0
44,1936,7.0,39.0,4,328750.0,2.0,0,1,0
31,961,9.0,39.0,4,210400.0,1.0,0,1,1
58,3364,9.0,14.0,1,184100.0,1.0,0,0,0
64,4096,17.0,20.0,4,0.0,1.0,0,1,0
30,900,15.0,48.0,2,1315000.0,2.0,0,1,1
22,484,15.0,48.0,2,526000.0,5.0,1,1,1
54,2916,17.0,20.0,4,657500.0,1.0,0,1,1
53,2809,17.0,20.0,4,1315000.0,2.0,1,1,1
58,3364,13.0,24.0,1,1249250.0,10.0,1,0,1
56,3136,12.0,45.0,4,657500.0,7.0,0,1,1
37,1369,15.0,30.0,3,789000.0,12.0,0,0,1
41,1681,12.0,30.0,3,789000.0,8.0,0,0,1
47,2209,7.0,48.0,1,315600.0,3.0,0,0,0
28,784,9.0,49.0,4,131500.0,1.0,1,1,0
59,3481,12.0,70.0,2,789000.0,2.0,0,1,0
63,3969,12.0,40.0,2,1052000.0,7.0,0,1,1
58,3364,17.0,40.0,2,1288700.0,9.0,1,1,1
46,2116,12.0,65.0,2,263000.0,1.0,1,0,0
39,1521,8.0,48.0,3,1052000.0,5.0,0,1,1
43,1849,8.0,48.0,3,131500.0,1.0,1,1,1
59,3481,15.0,40.0,3,486550.0,9.0,0,0,1
32,1024,12.0,40.0,3,526000.0,2.0,0,0,0
54,2916,9.0,40.0,3,263000.0,4.0,1,0,0
30,900,12.0,40.0,3,591750.0,8.0,0,0,1
34,1156,12.0,54.0,3,1420200.0,11.0,0,1,1
35,1225,12.0,54.0,3,657500.0,1.0,1,1,1
24,576,17.0,37.0,2,657500.0,6.0,0,0,0
27,729,12.0,60.0,3,1249250.0,9.0,0,1,1
36,1296,17.0,0.0,2,999400.0,8.0,1,1,1
31,961,17.0,20.0,2,526000.0,4.0,0,1,1
32,1024,15.0,20.0,2,986250.0,9.0,1,1,1
41,1681,19.0,40.0,2,3024500.0,10.0,0,1,1
33,1089,17.0,40.0,2,1183500.0,12.0,1,1,1
37,1369,15.0,25.0,3,789000.0,7.0,1,0,1
18,324,10.0,25.0,3,394500.0,6.0,0,0,0
28,784,8.0,30.0,1,263000.0,2.0,0,0,1
38,1444,12.0,48.0,1,854750.0,6.0,0,0,1
48,2304,9.0,30.0,4,394500.0,6.0,0,1,1
65,4225,17.0,50.0,4,1315000.0,1.0,0,1,1
33,1089,17.0,50.0,4,526000.0,8.0,1,0,1
51,2601,12.0,30.0,5,591750.0,9.0,0,1,1
46,2116,12.0,30.0,5,420800.0,11.0,1,1,1
23,529,16.0,16.0,1,0.0,7.0,1,0,1
32,1024,12.0,60.0,3,263000.0,1.0,0,1,1
30,900,12.0,60.0,3,394500.0,1.0,1,1,1
53,2809,14.0,44.0,3,1446500.0,11.0,1,0,1
25,625,13.0,44.0,3,920500.0,11.0,0,0,1
36,1296,15.0,12.0,3,657500.0,9.0,1,1,1
29,841,17.0,12.0,3,1183500.0,1.0,0,1,1
38,1444,16.0,40.0,3,3945000.0,9.0,0,1,1
47,2209,17.0,40.0,3,5260000.0,9.0,1,1,1
53,2809,9.0,30.0,4,1972500.0,8.0,0,1,1
28,784,14.0,30.0,4,631200.0,7.0,1,1,1
35,1225,12.0,30.0,4,1315000.0,8.0,0,1,1
42,1764,12.0,84.0,4,657500.0,1.0,1,0,0
43,1849,8.0,24.0,2,657500.0,8.0,0,1,1
38,1444,9.0,24.0,2,762700.0,9.0,1,1,1
33,1089,17.0,0.0,2,631200.0,9.0,0,1,1
49,2401,12.0,30.0,4,920500.0,8.0,0,1,1
56,3136,6.0,32.0,12,236700.0,6.0,1,0,0
35,1225,12.0,32.0,12,236700.0,6.0,1,0,0
28,784,13.0,8.0,3,0.0,2.0,1,0,0
49,2401,14.0,55.0,1,1052000.0,1.0,0,0,1
65,4225,6.0,32.0,6,157800.0,8.0,0,1,0
32,1024,6.0,32.0,6,131500.0,9.0,1,1,0
32,1024,6.0,32.0,6,394500.0,6.0,0,1,0
49,2401,17.0,30.0,1,1052000.0,8.0,0,0,1
29,841,9.0,30.0,4,210400.0,1.0,0,0,0
40,1600,17.0,40.0,2,1183500.0,3.0,0,1,1
38,1444,12.0,40.0,2,499700.0,3.0,1,1,1
30,900,9.0,16.0,4,0.0,3.0,1,1,1
52,2704,12.0,28.0,3,263000.0,1.0,0,1,1
51,2601,12.0,28.0,3,131500.0,1.0,1,1,1
46,2116,6.0,50.0,5,526000.0,2.0,0,1,1
40,1600,14.0,45.0,3,1972500.0,2.0,0,1,0
29,841,16.0,45.0,3,1183500.0,10.0,1,1,1
39,1521,12.0,48.0,3,1972500.0,7.0,0,1,1
27,729,12.0,48.0,3,526000.0,1.0,1,1,1
47,2209,6.0,20.0,5,170950.0,1.0,1,1,0
29,841,12.0,20.0,4,131500.0,2.0,1,1,0
42,1764,12.0,20.0,4,526000.0,3.0,0,1,0
30,900,12.0,32.0,12,263000.0,3.0,0,0,0
24,576,12.0,32.0,12,328750.0,3.0,1,0,0
21,441,12.0,32.0,12,368200.0,4.0,0,0,0
23,529,6.0,70.0,6,263000.0,1.0,0,1,0
28,784,12.0,40.0,3,1578000.0,11.0,0,1,1
36,1296,15.0,40.0,1,52600.0,1.0,0,0,0
56,3136,19.0,4.0,4,394500.0,1.0,1,1,1
64,4096,12.0,4.0,4,1972500.0,2.0,0,1,1
58,3364,6.0,45.0,1,526000.0,7.0,0,0,0
22,484,14.0,20.0,1,263000.0,2.0,1,0,0
59,3481,7.0,24.0,1,263000.0,2.0,0,0,1
35,1225,12.0,48.0,2,1052000.0,1.0,1,1,1
42,1764,17.0,48.0,2,1578000.0,2.0,0,1,1
60,3600,17.0,25.0,2,604900.0,8.0,1,0,1
38,1444,17.0,30.0,4,1709500.0,11.0,0,1,1
37,1369,15.0,30.0,4,36820.0,1.0,1,1,1
52,2704,15.0,48.0,1,328750.0,1.0,1,0,1
42,1764,12.0,40.0,4,1091450.0,9.0,0,1,1
52,2704,6.0,20.0,5,460250.0,3.0,0,1,0
37,1369,12.0,0.0,5,789000.0,7.0,0,1,1
29,841,12.0,40.0,2,1578000.0,7.0,0,1,1
27,729,17.0,40.0,2,920500.0,7.0,1,1,1
28,784,6.0,70.0,6,946800.0,2.0,0,1,0
57,3249,6.0,44.0,4,1315000.0,6.0,0,1,1
30,900,12.0,44.0,4,657500.0,6.0,0,0,1
28,784,12.0,35.0,1,526000.0,8.0,0,0,1
55,3025,12.0,24.0,5,789000.0,8.0,0,0,1
30,900,12.0,24.0,5,460250.0,8.0,1,1,1
38,1444,14.0,48.0,2,789000.0,6.0,0,0,1
34,1156,14.0,48.0,2,328750.0,1.0,0,0,0
59,3481,15.0,20.0,2,263000.0,1.0,0,0,0
40,1600,12.0,20.0,2,526000.0,10.0,0,0,1
40,1600,16.0,84.0,3,1052000.0,6.0,1,0,1
33,1089,17.0,42.0,2,1183500.0,4.0,1,1,1
54,2916,6.0,36.0,4,828450.0,12.0,1,0,1
30,900,4.0,36.0,4,473400.0,6.0,0,0,0
46,2116,6.0,8.0,6,1643750.0,7.0,0,1,1
42,1764,12.0,36.0,2,202510.0,8.0,1,1,1
65,4225,8.0,6.0,1,92050.0,3.0,0,0,1
52,2704,15.0,23.0,1,920500.0,7.0,1,0,1
26,676,11.0,17.0,3,157800.0,1.0,1,0,0
24,576,12.0,40.0,2,920500.0,6.0,0,1,1
58,3364,17.0,3.0,1,162402.5,1.0,1,0,1
35,1225,12.0,28.0,1,867900.0,9.0,0,0,1
52,2704,6.0,22.0,1,1183500.0,1.0,0,0,1
48,2304,17.0,34.0,4,1236100.0,8.0,0,1,1
55,3025,12.0,45.0,1,3682000.0,8.0,0,0,1
61,3721,15.0,20.0,2,657500.0,9.0,1,1,1
31,961,12.0,15.0,6,328750.0,1.0,1,0,1
38,1444,12.0,15.0,6,789000.0,1.0,0,0,1
43,1849,17.0,59.0,4,1446500.0,7.0,1,1,1
38,1444,15.0,42.0,2,1183500.0,10.0,0,1,1
53,2809,12.0,30.0,2,1315000.0,2.0,0,1,1
68,4624,10.0,30.0,2,0.0,2.0,1,1,1
61,3721,17.0,30.0,1,1111175.0,11.0,1,0,1
54,2916,8.0,40.0,3,1578000.0,8.0,0,1,1
51,2601,8.0,40.0,3,263000.0,1.0,1,1,1
26,676,12.0,40.0,3,604900.0,6.0,0,0,1
49,2401,12.0,48.0,4,657500.0,1.0,0,1,1
49,2401,12.0,48.0,4,657500.0,1.0,1,1,0
